date,code,open,high,low,close,preclose,volume,amount,adjustflag,turn,tradestatus,pctChg,pbMRQ,peTTM,psTTM,pcfNcfTTM,isST,p_change
2017-04-27,sh.603787,7.3100,8.7700,7.3100,8.7700,6.0900,12800,111672.0000,3,0.025098,1,44.006570,3.263127,22.370826,0.830725,4.479600,0,
2017-04-28,sh.603787,9.6500,9.6500,9.6500,9.6500,8.7700,5600,54040.0000,3,0.010980,1,10.034200,3.590556,24.615561,0.914081,4.929093,0,10.034207525655647
2017-05-02,sh.603787,10.6200,10.6200,10.6200,10.6200,9.6500,8119,86224.0000,3,0.015920,1,10.051820,3.951472,27.089871,1.005963,5.424556,0,10.05181347150257
2017-05-03,sh.603787,11.6800,11.6800,11.6800,11.6800,10.6200,16500,192720.0000,3,0.032353,1,9.981172,4.345875,29.793756,1.106370,5.965990,0,9.981167608286267
2017-05-04,sh.603787,12.8500,12.8500,12.8500,12.8500,11.6800,31002,398376.0000,3,0.060788,1,10.017120,4.781206,32.778234,1.217197,6.563611,0,10.017123287671236
2017-05-05,sh.603787,14.1400,14.1400,14.1400,14.1400,12.8500,46600,658924.0000,3,0.091373,1,10.038910,5.261187,36.068811,1.339390,7.222526,0,10.038910505836585
2017-05-08,sh.603787,15.5500,15.5500,15.5500,15.5500,14.1400,145267,2258902.0000,3,0.284837,1,9.971710,5.785818,39.665489,1.472950,7.942735,0,9.971711456859978
2017-05-09,sh.603787,17.1100,17.1100,17.1100,17.1100,15.5500,329009,5629344.0000,3,0.645116,1,10.032160,6.366260,43.644792,1.620719,8.739563,0,10.032154340835998
2017-05-10,sh.603787,18.8200,18.8200,18.8200,18.8200,17.1100,202001,3801659.0000,3,0.396080,1,9.994150,7.002514,48.006721,1.782696,9.613008,0,9.994155464640574
2017-05-11,sh.603787,20.7000,20.7000,20.7000,20.7000,18.8200,375072,7763990.0000,3,0.735435,1,9.989379,7.702021,52.802291,1.960776,10.573287,0,9.989373007438896
2017-05-12,sh.603787,22.7700,22.7700,22.7700,22.7700,20.7000,295691,6732884.0000,3,0.579786,1,9.999998,8.472223,58.082520,2.156853,11.630616,0,10.000000000000009
2017-05-15,sh.603787,25.0500,25.0500,25.0500,25.0500,22.7700,619711,15523761.0000,3,1.215120,1,10.013170,9.320562,63.898425,2.372823,12.795210,0,10.013175230566551
2017-05-16,sh.603787,27.5500,27.5600,26.7000,27.5600,25.0500,28601350,785773728.0000,3,56.081078,1,10.019960,10.254478,70.301021,2.610579,14.077285,0,10.019960079840317
2017-05-17,sh.603787,28.7700,30.3200,28.0000,30.3200,27.5600,20812984,607686112.0000,3,40.809773,1,10.014510,11.281414,77.341327,2.872016,15.487057,0,10.0145137880987
2017-05-18,sh.603787,30.5000,30.8900,27.2900,27.2900,30.3200,30412567,879334976.0000,3,59.632484,1,-9.993400,10.154017,69.612296,2.585003,13.939372,0,-9.993403693931402
2017-05-19,sh.603787,25.3300,25.9800,24.5600,24.5600,27.2900,21313485,531826800.0000,3,41.791147,1,-10.003670,9.138243,62.648515,2.326408,12.544924,0,-10.003664345914254
2017-05-22,sh.603787,23.9900,24.3800,22.1000,22.1000,24.5600,19286452,443428736.0000,3,37.816573,1,-10.016280,8.222931,56.373460,2.093389,11.288389,0,-10.016286644951133
2017-05-23,sh.603787,21.8500,22.9500,21.1300,22.2500,22.1000,17336848,384521792.0000,3,33.993820,1,0.678731,8.278742,56.756086,2.107597,11.365007,0,0.6787330316742057
2017-05-24,sh.603787,21.2100,22.7700,21.2100,22.3200,22.2500,15354174,338924592.0000,3,30.106224,1,0.314605,8.304788,56.934644,2.114228,11.400762,0,0.31460674157304247
2017-05-25,sh.603787,22.4100,22.4100,20.0900,20.4600,22.3200,19744775,410455504.0000,3,38.715245,1,-8.333336,7.612722,52.190091,1.938042,10.450698,0,-8.333333333333325
2017-05-26,sh.603787,20.3900,22.2900,20.1800,21.3200,20.4600,18626536,392741344.0000,3,36.522620,1,4.203327,7.932709,54.383809,2.019504,10.889975,0,4.203323558162264
2017-05-31,sh.603787,22.3500,23.4500,21.6700,21.7000,21.3200,23595937,535044560.0000,3,46.266543,1,1.782369,8.074099,55.353126,2.055499,11.084074,0,1.7823639774859235
2017-06-01,sh.603787,20.7200,21.1800,19.5300,19.5300,21.7000,15616262,316457744.0000,3,30.620122,1,-10.000000,7.266689,49.817814,1.849949,9.975667,0,-9.999999999999986
2017-06-02,sh.603787,18.6500,19.5900,18.3500,19.0800,19.5300,11346031,214136627.0000,3,22.247120,1,-2.304151,7.099254,48.669938,1.807324,9.745813,0,-2.3041474654378002
2017-06-05,sh.603787,19.6500,19.9700,19.1000,19.1300,19.0800,10189484,199020884.0000,3,19.979380,1,0.262051,7.117858,48.797480,1.812060,9.771352,0,0.2620545073375391
2017-06-06,sh.603787,18.5000,18.9700,18.3800,18.7900,19.1300,6384254,119307381.0000,3,12.518145,1,-1.777304,6.991351,47.930196,1.779854,9.597684,0,-1.7773131207527437
2017-06-07,sh.603787,18.7700,19.5900,18.6600,19.4300,18.7900,8542714,164679242.0000,3,16.750420,1,3.406064,7.229481,49.562730,1.840477,9.924588,0,3.4060670569451945
2017-06-08,sh.603787,19.4200,19.4700,18.6100,18.8500,19.4300,8096482,153963174.0000,3,15.875455,1,-2.985074,7.013676,48.083246,1.785537,9.628332,0,-2.985074626865658
2017-06-09,sh.603787,18.5500,18.9500,18.4200,18.7700,18.8500,5048553,94301736.0000,3,9.899124,1,-0.424403,6.983910,47.879179,1.777959,9.587469,0,-0.42440318302388036
2017-06-12,sh.603787,18.2100,18.3700,17.0300,17.1500,18.7700,8947924,158294400.0000,3,17.544949,1,-8.630798,6.381143,43.746826,1.624507,8.759994,0,-8.630793819925419
2017-06-13,sh.603787,16.9900,17.8600,16.9900,17.5800,17.1500,5764455,101071388.0000,3,11.302853,1,2.507290,6.541137,44.843685,1.665239,8.979632,0,2.507288629737614
2017-06-14,sh.603787,17.4800,17.5800,17.1500,17.3000,17.5800,4180822,72495999.0000,3,8.197690,1,-1.592723,6.436955,44.129451,1.638716,8.836612,0,-1.5927189988623303
2017-06-15,sh.603787,17.3300,18.2000,17.3000,17.9100,17.3000,8157930,145744563.0000,3,15.995941,1,3.526015,6.663922,45.685460,1.696497,9.148192,0,3.5260115606936315
2017-06-16,sh.603787,17.7900,18.0700,17.6700,17.7900,17.9100,5080299,90667033.0000,3,9.961371,1,-0.670011,6.619273,45.379360,1.685130,9.086898,0,-0.6700167504187671
2017-06-19,sh.603787,17.7800,17.9500,17.5100,17.6600,17.7900,3874074,68403432.0000,3,7.596224,1,-0.730754,6.570903,45.047752,1.672816,9.020495,0,-0.7307476110174238
2017-06-20,sh.603787,17.7700,18.7500,17.6900,18.0200,17.6600,9087650,164788113.0000,3,17.818922,1,2.038509,6.704851,45.966052,1.706917,9.204379,0,2.0385050962627327
2017-06-21,sh.603787,17.9000,18.1700,17.6500,18.1500,18.0200,5712272,102293767.0000,3,11.200533,1,0.721416,6.753221,46.297661,1.719231,9.270781,0,0.7214206437291759
2017-06-22,sh.603787,17.9800,18.1200,17.2700,17.3100,18.1500,5927075,105107485.0000,3,11.621716,1,-4.628100,6.440675,44.154959,1.639663,8.841720,0,-4.628099173553723
2017-06-23,sh.603787,17.1300,17.4500,16.5800,16.9900,17.3100,5312328,90241216.0000,3,10.416329,1,-1.848641,6.321610,43.338692,1.609352,8.678268,0,-1.8486424032351234
2017-06-26,sh.603787,16.9900,17.9300,16.7500,17.8400,16.9900,7898651,137356303.0000,3,15.487551,1,5.002945,6.637877,45.506902,1.689867,9.112437,0,5.002942907592711
2017-06-27,sh.603787,17.7900,18.3000,17.6100,18.0800,17.8400,8612392,155113978.0000,3,16.887043,1,1.345290,6.727176,46.119102,1.712600,9.235026,0,1.3452914798206095
2017-06-28,sh.603787,17.9000,18.2900,17.7800,17.9800,18.0800,4883952,88070264.0000,3,9.576376,1,-0.553099,6.689968,45.864019,1.703128,9.183947,0,-0.5530973451327359
2017-06-29,sh.603787,18.0600,19.5700,18.0500,19.1800,17.9800,13428879,251387361.0000,3,26.331135,1,6.674087,7.136462,48.925021,1.816796,9.796891,0,6.674082313681873
2017-06-30,sh.603787,18.9500,19.9500,18.7300,19.5700,19.1800,19603026,380090480.0000,3,38.437306,1,2.033365,7.281572,49.919847,1.853738,9.996098,0,2.0333680917622443
2017-07-03,sh.603787,19.3100,19.7600,18.8900,19.2400,19.5700,11126835,213533630.0000,3,21.817324,1,-1.686254,7.158787,49.078071,1.822480,9.827539,0,-1.6862544711292893
2017-07-04,sh.603787,19.1000,19.1400,18.6600,18.7800,19.2400,7578065,142583763.0000,3,14.858951,1,-2.390848,6.987631,47.904687,1.778907,9.592577,0,-2.3908523908523716
2017-07-05,sh.603787,18.8000,19.2900,18.7500,19.0200,18.7800,7897994,150186318.0000,3,15.486263,1,1.277954,7.076929,48.516888,1.801640,9.715165,0,1.2779552715654896
2017-07-06,sh.603787,19.0200,19.2100,18.7800,18.9800,19.0200,7909912,150172927.0000,3,15.509631,1,-0.210310,7.062046,48.414854,1.797851,9.694734,0,-0.2103049421661396
2017-07-07,sh.603787,18.9200,19.7700,18.8100,19.4000,18.9800,10774115,208368193.0000,3,21.125716,1,2.212856,7.218319,49.486205,1.837635,9.909264,0,2.212855637513167
2017-07-10,sh.603787,19.0700,19.0700,17.8500,17.8800,19.4000,9694327,178997499.0000,3,19.008484,1,-7.835054,6.652760,45.608935,1.693656,9.132868,0,-7.835051546391747
2017-07-11,sh.603787,17.5000,17.8700,17.1800,17.3100,17.8800,5527881,96974657.0000,3,10.838982,1,-3.187918,6.440675,44.154959,1.639663,8.841720,0,-3.187919463087252
2017-07-12,sh.603787,17.3300,17.4400,16.6600,17.3900,17.3100,5040034,86048795.0000,3,9.882420,1,0.462160,6.470442,44.359026,1.647241,8.882583,0,0.46216060080879195
2017-07-13,sh.603787,17.2900,17.2900,17.0000,17.0700,17.3900,3490103,59652790.0000,3,6.843339,1,-1.840136,6.351377,43.542759,1.616930,8.719131,0,-1.840138010350778
2017-07-14,sh.603787,17.0400,17.1600,16.8200,16.8700,17.0700,2435647,41285517.0000,3,4.775778,1,-1.171639,6.276961,43.032592,1.597985,8.616974,0,-1.1716461628588082
2017-07-17,sh.603787,16.6000,16.6100,15.1800,15.1800,16.8700,5652420,88045038.0000,3,11.083176,1,-10.017790,5.648149,38.721680,1.437902,7.753744,0,-10.017783046828699
2017-07-18,sh.603787,14.8500,15.3300,14.8100,15.1900,15.1800,3000154,45210140.0000,3,5.882655,1,0.065871,5.651869,38.747188,1.438849,7.758852,0,0.06587615283266679
2017-07-19,sh.603787,15.1700,15.3700,14.9000,15.2100,15.1900,3626467,54970881.0000,3,7.110720,1,0.131669,5.659311,38.798205,1.440744,7.769068,0,0.13166556945358732
2017-07-20,sh.603787,15.5000,16.0900,15.2700,15.3600,15.2100,5160717,80981111.0000,3,10.119053,1,0.986191,5.715123,39.180830,1.454952,7.845686,0,0.9861932938855844
2017-07-21,sh.603787,15.1000,15.2300,14.8400,15.0200,15.3600,3910450,58857520.0000,3,7.667549,1,-2.213537,5.588616,38.313546,1.422746,7.672018,0,-2.213541666666663
2017-07-24,sh.603787,14.8000,15.2400,14.6100,15.1200,15.0200,3517157,52557025.0000,3,6.896386,1,0.665775,5.625824,38.568630,1.432219,7.723097,0,0.665778961384822
2017-07-25,sh.603787,15.0400,15.2400,15.0100,15.1700,15.1200,3061450,46292115.0000,3,6.002843,1,0.330689,5.644428,38.696172,1.436955,7.748636,0,0.3306878306878369
2017-07-26,sh.603787,15.1500,15.2100,14.7700,14.8900,15.1700,2816406,42285602.0000,3,5.522365,1,-1.845747,5.540246,37.981938,1.410432,7.605616,0,-1.8457481872115933
2017-07-27,sh.603787,14.9100,15.4900,14.8600,15.3400,14.8900,4923809,74993162.0000,3,9.654527,1,3.022161,5.707681,39.129814,1.453058,7.835470,0,3.0221625251846795
2017-07-28,sh.603787,15.3300,15.6200,15.2600,15.3400,15.3400,3435902,52961714.0000,3,6.737063,1,0.000000,5.707681,39.129814,1.453058,7.835470,0,0.0
2017-07-31,sh.603787,15.3500,15.6300,15.3000,15.4200,15.3400,2664945,41152891.0000,3,5.225382,1,0.521512,5.737447,39.333881,1.460636,7.876333,0,0.5215123859191761
2017-08-01,sh.603787,15.5000,15.6500,15.3100,15.5300,15.4200,2715299,41956593.0000,3,5.324116,1,0.713357,5.778376,39.614472,1.471055,7.932519,0,0.7133592736705552
2017-08-02,sh.603787,15.5300,15.7300,15.4000,15.4900,15.5300,3525619,54777815.0000,3,6.912978,1,-0.257566,5.763493,39.512439,1.467267,7.912088,0,-0.25756600128782337
2017-08-03,sh.603787,15.5800,15.8900,15.4900,15.6400,15.4900,3685943,57653082.0000,3,7.227339,1,0.968370,5.819305,39.895064,1.481475,7.988706,0,0.9683666881859176
2017-08-04,sh.603787,15.6000,15.6500,15.0500,15.0700,15.6400,4022749,61271732.0000,3,7.887743,1,-3.644506,5.607220,38.441088,1.427483,7.697557,0,-3.644501278772383
2017-08-07,sh.603787,15.0300,15.2200,15.0100,15.0600,15.0700,2171862,32809750.0000,3,4.258553,1,-0.066352,5.603499,38.415580,1.426535,7.692450,0,-0.06635700066356387
2017-08-08,sh.603787,15.0500,15.0500,14.6800,14.8700,15.0600,2715083,40262545.0000,3,5.323692,1,-1.261624,5.532804,37.930921,1.408538,7.595400,0,-1.2616201859229847
2017-08-09,sh.603787,14.7600,15.0200,14.7200,14.7600,14.8700,2175670,32296696.0000,3,4.266020,1,-0.739742,5.491876,37.650329,1.398118,7.539214,0,-0.7397444519166019
2017-08-10,sh.603787,14.7100,14.8000,14.4000,14.4500,14.7600,3022986,44055742.0000,3,5.927424,1,-2.100274,5.376532,36.859570,1.368754,7.380870,0,-2.10027100271003
2017-08-11,sh.603787,14.3200,14.7000,14.3200,14.5400,14.4500,2283341,33206250.0000,3,4.477139,1,0.622838,5.410019,37.089145,1.377279,7.426840,0,0.6228373702422241
2017-08-14,sh.603787,14.4300,14.6800,14.4300,14.6700,14.5400,2134106,31212256.0000,3,4.184522,1,0.894086,5.458389,37.420754,1.389593,7.493243,0,0.8940852819807388
2017-08-15,sh.603787,14.7000,15.2600,14.6400,15.2100,14.6700,4864071,72677711.0000,3,9.537394,1,3.680981,5.659311,38.798205,1.440744,7.769068,0,3.6809815950920255
2017-08-16,sh.603787,15.2000,15.4800,14.8900,15.2300,15.2100,4413009,66956805.0000,3,8.652959,1,0.131489,5.666753,38.849222,1.442638,7.779283,0,0.13149243918475495
2017-08-17,sh.603787,15.0700,15.2900,15.0100,15.1500,15.2300,2806063,42406343.0000,3,5.502084,1,-0.525279,5.636986,38.645155,1.435061,7.738420,0,-0.5252790544977071
2017-08-18,sh.603787,15.0900,15.5600,15.0000,15.4000,15.1500,4722739,72372185.0000,3,9.260273,1,1.650165,5.730006,39.282864,1.458741,7.866117,0,1.650165016501659
2017-08-21,sh.603787,15.2700,15.5200,15.2100,15.4900,15.4000,3982957,61303478.0000,3,7.809720,1,0.584417,5.763493,39.512439,1.467267,7.912088,0,0.5844155844155763
2017-08-22,sh.603787,15.4300,15.7600,15.3700,15.4200,15.4900,4137589,64316031.0000,3,8.112920,1,-0.451902,5.737447,39.333881,1.460636,7.876333,0,-0.4519044544867623
2017-08-23,sh.603787,15.3500,15.4800,15.0300,15.3400,15.4200,3440293,52485152.0000,3,6.745673,1,-0.518806,5.707681,39.129814,1.453058,7.835470,0,-0.5188067444876765
2017-08-24,sh.603787,15.3400,15.7900,15.2500,15.3700,15.3400,4657697,72167836.0000,3,9.132739,1,0.195565,5.718844,39.206339,1.455900,7.850794,0,0.19556714471968828
2017-08-25,sh.603787,15.2500,16.1900,15.1000,16.0100,15.3700,9181962,145160951.0000,3,18.003847,1,4.163958,3.877243,44.505765,1.396230,19.277611,0,4.163955757970084
2017-08-28,sh.603787,16.1500,16.7300,15.8100,16.6200,16.0100,10041374,163568373.0000,3,19.688969,1,3.810122,4.024971,46.201487,1.449429,20.012111,0,3.8101186758276118
2017-08-29,sh.603787,16.5000,17.8000,16.4000,17.0100,16.6200,13208289,226204962.0000,3,25.898606,1,2.346567,4.119420,47.285638,1.483440,20.481709,0,2.3465703971119245
2017-08-30,sh.603787,16.7800,16.9400,16.4100,16.5500,17.0100,6093487,101274278.0000,3,11.948014,1,-2.704297,4.008018,46.006896,1.443324,19.927824,0,-2.7042915931804856
2017-08-31,sh.603787,16.4400,17.1300,16.3800,17.0300,16.5500,5157527,86800391.0000,3,10.112798,1,2.900311,4.124263,47.341235,1.485185,20.505791,0,2.9003021148036323
2017-09-01,sh.603787,17.0300,17.2200,16.6400,16.8100,17.0300,3934803,66348345.0000,3,7.715300,1,-1.291845,4.070984,46.729663,1.465998,20.240890,0,-1.2918379330593255
2017-09-04,sh.603787,16.7800,16.7900,16.0600,16.1900,16.8100,5112292,83664553.0000,3,10.024102,1,-3.688275,3.920835,45.006142,1.411928,19.494349,0,-3.688280785246867
2017-09-05,sh.603787,16.1100,16.4800,16.0700,16.2400,16.1900,3057567,49820139.0000,3,5.995229,1,0.308828,3.932944,45.145136,1.416289,19.554554,0,0.30883261272387497
2017-09-06,sh.603787,16.0900,16.2500,15.9200,16.1200,16.2400,3316131,53250461.0000,3,6.502218,1,-0.738910,3.903883,44.811551,1.405824,19.410062,0,-0.7389162561576179
2017-09-07,sh.603787,16.2000,16.5800,16.1200,16.3300,16.1200,3832090,62731396.0000,3,7.513902,1,1.302724,3.954740,45.395324,1.424138,19.662923,0,1.302729528535962
2017-09-08,sh.603787,16.2100,16.4000,15.9700,16.1700,16.3300,2978272,48167097.0000,3,5.839749,1,-0.979791,3.915991,44.950544,1.410184,19.470267,0,-0.9797917942437007
2017-09-11,sh.603787,16.1800,17.3400,16.1800,17.2500,16.1700,6882855,115463965.0000,3,13.495794,1,6.679035,4.177542,47.952807,1.504371,20.770693,0,6.679035250463805
2017-09-12,sh.603787,17.2200,17.2200,16.4900,16.5900,17.2500,6491228,109543078.0000,3,12.727898,1,-3.826086,4.017705,46.118091,1.446812,19.975988,0,-3.826086956521735
2017-09-13,sh.603787,16.5100,16.7900,16.4500,16.6400,16.5900,2535369,42101379.0000,3,4.971312,1,0.301382,4.029814,46.257085,1.451173,20.036193,0,0.3013863773357439
2017-09-14,sh.603787,16.6400,16.9500,16.5100,16.8900,16.6400,4343346,72998727.0000,3,8.516365,1,1.502404,4.090358,46.952053,1.472975,20.337218,0,1.5024038461538547
2017-09-15,sh.603787,16.6700,16.8300,16.4000,16.4300,16.8900,2848338,47208208.0000,3,5.584976,1,-2.723500,3.978957,45.673311,1.432859,19.783332,0,-2.7235050325636556
2017-09-18,sh.603787,16.3600,16.4200,15.9300,16.1800,16.4300,3070783,49492731.0000,3,6.021143,1,-1.521607,3.918413,44.978343,1.411056,19.482308,0,-1.5216068167985375
2017-09-19,sh.603787,16.1800,16.4800,16.1000,16.3000,16.1800,2352342,38330980.0000,3,4.612435,1,0.741650,3.947474,45.311928,1.421521,19.626800,0,0.7416563658838138
2017-09-20,sh.603787,16.3100,17.0400,16.1900,16.9300,16.3000,5020732,83747418.0000,3,9.844573,1,3.865037,4.100045,47.063248,1.476464,20.385381,0,3.8650306748466257
2017-09-21,sh.603787,16.8000,17.0900,16.5000,16.5100,16.9300,4489766,75506288.0000,3,8.803463,1,-2.480804,3.998331,45.895701,1.439835,19.879660,0,-2.4808033077377334
2017-09-22,sh.603787,16.5100,16.9000,16.4300,16.8000,16.5100,3435720,57514010.0000,3,6.736706,1,1.756505,4.068563,46.701864,1.465126,20.228849,0,1.7565112053300913
2017-09-25,sh.603787,16.8000,16.8800,16.2600,16.3200,16.8000,3190317,52847890.0000,3,6.255524,1,-2.857140,3.952318,45.367525,1.423266,19.650882,0,-2.857142857142858
2017-09-26,sh.603787,16.2900,16.4300,15.4100,15.6400,16.3200,4346237,68920575.0000,3,8.522033,1,-4.166663,3.787638,43.477212,1.363963,18.832095,0,-4.1666666666666625
2017-09-27,sh.603787,15.7000,15.8500,15.5500,15.7400,15.6400,1384560,21819454.0000,3,2.714824,1,0.639382,3.811856,43.755199,1.372684,18.952505,0,0.6393861892583175
2017-09-28,sh.603787,15.6900,15.8200,15.4800,15.5300,15.7400,1853825,29001745.0000,3,3.634951,1,-1.334181,3.760999,43.171426,1.354370,18.699644,0,-1.3341804320203376
2017-09-29,sh.603787,15.6200,15.8100,15.5300,15.6100,15.5300,1935199,30312571.0000,3,3.794508,1,0.515131,3.780373,43.393816,1.361347,18.795972,0,0.5151320025756689
2017-10-09,sh.603787,15.9400,16.1800,15.8200,16.0400,15.6100,2651466,42453666.0000,3,5.198953,1,2.754653,3.884509,44.589161,1.398847,19.313734,0,2.754644458680322
2017-10-10,sh.603787,15.9900,16.7800,15.8900,16.6500,16.0400,4505570,74287568.0000,3,8.834451,1,3.802984,4.032236,46.284883,1.452045,20.048234,0,3.802992518703241
2017-10-11,sh.603787,16.5200,16.7500,16.3900,16.5500,16.6500,3947390,65157171.0000,3,7.739980,1,-0.600603,4.008018,46.006896,1.443324,19.927824,0,-0.6006006006005871
2017-10-12,sh.603787,16.5600,16.7100,16.3900,16.6100,16.5500,2774878,45959992.0000,3,5.440937,1,0.362546,4.022549,46.173689,1.448556,20.000070,0,0.3625377643504457
2017-10-13,sh.603787,16.5400,17.0800,16.5400,17.0700,16.6100,5257154,88596454.0000,3,10.308145,1,2.769410,4.133950,47.452430,1.488673,20.553955,0,2.769416014449133
2017-10-16,sh.603787,17.0400,17.0400,16.2600,16.2900,17.0700,4154342,68971086.0000,3,8.145769,1,-4.569413,3.945053,45.284129,1.420649,19.614759,0,-4.569420035149396
2017-10-17,sh.603787,16.1400,16.5200,16.1400,16.4400,16.2900,2077455,33968793.0000,3,4.073441,1,0.920808,3.981379,45.701110,1.433731,19.795373,0,0.9208103130755152
2017-10-18,sh.603787,16.4300,17.8800,16.3700,16.8900,16.4400,9787151,167615510.0000,3,19.190492,1,2.737219,4.090358,46.952053,1.472975,20.337218,0,2.737226277372251
2017-10-19,sh.603787,16.7500,17.7800,16.7100,17.3800,16.8900,12149162,210180136.0000,3,23.821886,1,2.901124,4.209025,48.314191,1.515708,20.927226,0,2.901124925991705
2017-10-20,sh.603787,17.1000,17.2700,16.6800,17.2100,17.3800,6564220,111748795.0000,3,12.871020,1,-0.978136,4.167855,47.841612,1.500882,20.722529,0,-0.9781357882623576
2017-10-23,sh.603787,17.2500,17.2700,16.8800,17.2000,17.2100,4397829,74927751.0000,3,8.623194,1,-0.058096,4.165433,47.813814,1.500010,20.710488,0,-0.05810575246950611
2017-10-24,sh.603787,17.1100,17.1800,16.5100,16.8600,17.2000,4562801,76660892.0000,3,8.946669,1,-1.976745,4.083093,46.868657,1.470359,20.301095,0,-1.9767441860465085
2017-10-25,sh.603787,16.7800,18.5000,16.7300,18.1900,16.8600,13990833,248344807.0000,3,27.433006,1,7.888493,4.405188,50.565888,1.586348,21.902545,0,7.888493475682101
2017-10-26,sh.603787,17.9000,18.0800,17.7100,17.9800,18.1900,8357604,149372951.0000,3,16.387459,1,-1.154486,4.354331,49.982114,1.568034,21.649685,0,-1.1544804837823053
2017-10-27,sh.603787,18.0000,18.0000,17.5000,17.5800,17.9800,5991361,106080105.0000,3,11.747767,1,-2.224692,4.257460,48.870165,1.533150,21.168045,0,-2.2246941045606317
2017-10-30,sh.603787,17.5200,17.5300,16.5100,16.7900,17.5800,5525938,93404511.0000,3,10.835173,1,-4.493737,3.902953,49.488000,1.333711,-16.195560,0,-4.493742889647323
2017-10-31,sh.603787,16.6100,17.1700,16.6000,17.0000,16.7900,4202743,70985665.0000,3,8.240673,1,1.250739,3.951769,50.106968,1.350392,-16.398125,0,1.2507444907683185
2017-11-01,sh.603787,16.9000,17.2000,16.7300,16.8300,17.0000,3814123,64917384.0000,3,7.478673,1,-1.000000,3.912251,49.605899,1.336888,-16.234144,0,-1.000000000000012
2017-11-02,sh.603787,16.7400,16.8000,16.2400,16.2700,16.8300,4831052,79508306.0000,3,9.472651,1,-3.327388,3.782075,47.955316,1.292405,-15.693971,0,-3.3273915626856776
2017-11-03,sh.603787,16.2600,16.5000,16.0300,16.1600,16.2700,3288303,53428062.0000,3,6.447653,1,-0.676095,3.756505,47.631094,1.283667,-15.587865,0,-0.6760909649661917
2017-11-06,sh.603787,16.2100,16.6900,16.1800,16.5500,16.1600,2568725,42256479.0000,3,5.036716,1,2.413363,3.847163,48.780607,1.314647,-15.964057,0,2.413366336633671
2017-11-07,sh.603787,16.5000,16.7700,16.4700,16.6400,16.5500,2546471,42310835.0000,3,4.993080,1,0.543808,3.868084,49.045879,1.321796,-16.050871,0,0.5438066465256686
2017-11-08,sh.603787,16.6800,16.8200,16.5000,16.5800,16.6400,3202719,53461967.0000,3,6.279841,1,-0.360574,3.854137,48.869031,1.317030,-15.992995,0,-0.36057692307693845
2017-11-09,sh.603787,16.4700,16.7200,16.4000,16.6700,16.5800,2254182,37415144.0000,3,4.419965,1,0.542824,3.875058,49.134304,1.324179,-16.079809,0,0.5428226779252254
2017-11-10,sh.603787,16.6900,16.9000,16.5700,16.8900,16.6700,3244684,54469709.0000,3,6.362125,1,1.319732,3.926198,49.782747,1.341654,-16.292020,0,1.319736052789433
2017-11-13,sh.603787,16.9500,17.1800,16.6200,16.7100,16.8900,3378219,57129516.0000,3,6.623959,1,-1.065721,3.884356,49.252202,1.327356,-16.118393,0,-1.0657193605683846
2017-11-14,sh.603787,16.6400,16.6400,16.0300,16.2700,16.7100,3896979,63803032.0000,3,7.641135,1,-2.633146,3.782075,47.955316,1.292405,-15.693971,0,-2.633153800119692
2017-11-15,sh.603787,16.1500,16.3900,15.8500,16.2600,16.2700,2673587,43133972.0000,3,5.242327,1,-0.061464,3.779751,47.925841,1.291611,-15.684325,0,-0.061462814996915416
2017-11-16,sh.603787,16.2300,16.2900,15.8100,15.8400,16.2600,1920504,30889369.0000,3,3.765694,1,-2.583026,3.682119,46.687904,1.258248,-15.279195,0,-2.583025830258312
2017-11-17,sh.603787,15.8600,15.8700,14.8500,15.0300,15.8400,4302460,65568349.0000,3,8.436196,1,-5.113639,3.493828,44.300455,1.193906,-14.497872,0,-5.113636363636365
2017-11-20,sh.603787,14.8600,15.0400,14.3000,14.9700,15.0300,2104076,30991894.0000,3,4.125639,1,-0.399198,3.479881,44.123607,1.189140,-14.439996,0,-0.39920159680637557
2017-11-21,sh.603787,14.9000,15.1300,14.6100,14.8100,14.9700,2217687,32913118.0000,3,4.348406,1,-1.068803,3.442688,43.652012,1.176430,-14.285661,0,-1.0688042752171056
2017-11-22,sh.603787,14.8100,15.1400,14.5700,14.8500,14.8100,1603200,23903800.0000,3,3.143529,1,0.270087,3.451986,43.769910,1.179607,-14.324245,0,0.27008777852801646
2017-11-23,sh.603787,14.7400,14.9600,14.4300,14.5400,14.8500,1788719,26338909.0000,3,3.507292,1,-2.087545,3.379925,42.856195,1.154983,-14.025220,0,-2.0875420875420936
2017-11-24,sh.603787,14.5800,14.5800,14.2000,14.2100,14.5400,1808600,25980326.0000,3,3.546275,1,-2.269601,3.303214,41.883530,1.128769,-13.706904,0,-2.2696011004126437
2017-11-27,sh.603787,14.2000,14.2000,13.5000,13.6200,14.2100,1858117,25634614.0000,3,3.643367,1,-4.152007,3.166064,40.144524,1.081903,-13.137792,0,-4.152005629838151
2017-11-28,sh.603787,13.6600,13.9600,13.6500,13.9000,13.6200,884291,12217183.0000,3,1.733904,1,2.055798,3.231152,40.969815,1.104144,-13.407879,0,2.055800293685772
2017-11-29,sh.603787,13.9000,13.9300,13.5600,13.8000,13.9000,1219700,16739589.0000,3,2.391569,1,-0.719420,3.207906,40.675068,1.096201,-13.311419,0,-0.7194244604316502
2017-11-30,sh.603787,13.7400,13.9700,13.7400,13.8000,13.8000,914500,12680787.0000,3,1.793137,1,0.000000,3.207906,40.675068,1.096201,-13.311419,0,0.0
2017-12-01,sh.603787,13.7300,13.9800,13.7300,13.9600,13.8000,963701,13405135.0000,3,1.889610,1,1.159419,3.245099,41.146663,1.108910,-13.465755,0,1.1594202898550732
2017-12-04,sh.603787,13.8900,13.8900,13.3600,13.3800,13.9600,1554796,21135634.0000,3,3.048620,1,-4.154727,3.110274,39.437131,1.062838,-12.906289,0,-4.154727793696278
2017-12-05,sh.603787,13.2300,13.4600,12.7000,12.7500,13.3800,1530900,19962819.0000,3,3.001765,1,-4.708521,2.963827,37.580226,1.012794,-12.298594,0,-4.7085201793722
2017-12-06,sh.603787,12.8000,13.1300,12.7600,13.0900,12.7500,1089775,14077170.0000,3,2.136814,1,2.666668,3.042862,38.582366,1.039802,-12.626557,0,2.6666666666666616
2017-12-07,sh.603787,13.1000,13.2100,13.0400,13.0700,13.0900,761496,9993424.0000,3,1.493129,1,-0.152792,3.038213,38.523416,1.038213,-12.607265,0,-0.15278838808250317
2017-12-08,sh.603787,13.0200,13.4600,13.0200,13.3800,13.0700,1159591,15467999.0000,3,2.273708,1,2.371847,3.110274,39.437131,1.062838,-12.906289,0,2.3718439173680217
2017-12-11,sh.603787,13.3800,13.5800,13.3600,13.5500,13.3800,976849,13133094.0000,3,1.915390,1,1.270554,3.149792,39.938201,1.076342,-13.070271,0,1.2705530642750373
2017-12-12,sh.603787,13.4900,13.5000,13.2300,13.3300,13.5500,1034550,13820799.0000,3,2.028529,1,-1.623618,3.098652,39.289758,1.058866,-12.858060,0,-1.6236162361623618
2017-12-13,sh.603787,13.3300,13.4800,13.1700,13.3700,13.3300,688036,9193721.0000,3,1.349090,1,0.300075,3.107950,39.407657,1.062044,-12.896643,0,0.30007501875468634
2017-12-14,sh.603787,13.3800,13.4800,13.2500,13.4800,13.3700,809617,10821148.0000,3,1.587484,1,0.822735,3.133520,39.731878,1.070782,-13.002749,0,0.8227374719521396
2017-12-15,sh.603787,13.3600,13.4700,13.3200,13.4600,13.4800,1044178,13978834.0000,3,2.047408,1,-0.148364,3.128871,39.672929,1.069193,-12.983457,0,-0.14836795252225476
2017-12-18,sh.603787,13.5100,13.6600,13.3600,13.5600,13.4600,1056124,14241517.0000,3,2.070831,1,0.742945,3.152117,39.967676,1.077136,-13.079917,0,0.7429420505200568
2017-12-19,sh.603787,13.5900,13.8400,13.5400,13.8200,13.5600,1715951,23544367.0000,3,3.364610,1,1.917399,3.212555,40.734018,1.097790,-13.330711,0,1.9174041297935096
2017-12-20,sh.603787,13.7200,13.8300,13.4300,13.5200,13.8200,1098965,14934331.0000,3,2.154833,1,-2.170762,3.142818,39.849777,1.073959,-13.041333,0,-2.170767004341534
2017-12-21,sh.603787,13.5100,13.6300,13.0800,13.6100,13.5200,1388961,18629640.0000,3,2.723453,1,0.665675,3.163740,40.115049,1.081108,-13.128146,0,0.6656804733727872
2017-12-22,sh.603787,13.5200,13.6500,13.4600,13.5400,13.6100,580253,7848134.0000,3,1.137751,1,-0.514325,3.147468,39.908726,1.075548,-13.060625,0,-0.5143277002204294
2017-12-25,sh.603787,13.4200,13.5200,13.1400,13.4800,13.5400,1058824,14087782.0000,3,2.076125,1,-0.443134,3.133520,39.731878,1.070782,-13.002749,0,-0.4431314623338123
2017-12-26,sh.603787,13.4100,14.4600,13.4000,14.2900,13.4800,4544575,63843271.0000,3,8.910931,1,6.008905,3.321810,42.119328,1.135124,-13.784071,0,6.0089020771513235
2017-12-27,sh.603787,14.2600,14.8700,13.9800,14.3000,14.2900,4549908,65428523.0000,3,8.921388,1,0.069981,3.324135,42.148803,1.135918,-13.793717,0,0.06997900629812648
2017-12-28,sh.603787,14.3000,14.4500,14.0000,14.2000,14.3000,2941785,41805829.0000,3,5.768206,1,-0.699303,3.300889,41.854056,1.127975,-13.697258,0,-0.6993006993007089
2017-12-29,sh.603787,14.0500,14.1400,14.0200,14.0900,14.2000,1357520,19098216.0000,3,2.661804,1,-0.774645,3.275319,41.529834,1.119237,-13.591152,0,-0.7746478873239426
2018-01-02,sh.603787,14.1200,14.3000,14.0700,14.2500,14.0900,1517408,21491391.0000,3,2.975310,1,1.135556,3.312512,42.001429,1.131947,-13.745487,0,1.1355571327182457
2018-01-03,sh.603787,14.2700,14.4200,14.0700,14.4100,14.2500,2017050,28667887.0000,3,3.955000,1,1.122806,3.349705,42.473024,1.144656,-13.899823,0,1.1228070175438587
2018-01-04,sh.603787,14.2900,14.4300,14.2400,14.4200,14.4100,1336436,19147789.0000,3,2.620463,1,0.069398,3.352030,42.502499,1.145450,-13.909469,0,0.0693962526023606
2018-01-05,sh.603787,14.4100,14.4100,14.2600,14.3000,14.4200,1032700,14764908.0000,3,2.024902,1,-0.832177,3.324135,42.148803,1.135918,-13.793717,0,-0.832177531206657
2018-01-08,sh.603787,14.2000,14.3400,14.0500,14.1900,14.3000,924500,13065271.0000,3,1.812745,1,-0.769235,3.298565,41.824581,1.127180,-13.687612,0,-0.7692307692307776
2018-01-09,sh.603787,14.3000,14.3700,14.1500,14.3500,14.1900,1227500,17473281.0000,3,2.406863,1,1.127560,3.335758,42.296176,1.139890,-13.841947,0,1.127554615926707
2018-01-10,sh.603787,14.3000,14.3900,14.0700,14.3500,14.3500,1471358,20960807.0000,3,2.885016,1,0.000000,3.335758,42.296176,1.139890,-13.841947,0,0.0
2018-01-11,sh.603787,14.2900,14.6500,14.2100,14.4800,14.3500,1478198,21401514.0000,3,2.898427,1,0.905918,3.365977,42.679347,1.150217,-13.967344,0,0.9059233449477455
2018-01-12,sh.603787,14.4800,14.5500,14.2800,14.3400,14.4800,2098234,30121705.0000,3,4.114184,1,-0.966847,3.333433,42.266701,1.139096,-13.832301,0,-0.9668508287292821
2018-01-15,sh.603787,14.1700,14.3500,14.0300,14.2300,14.3400,1177191,16631303.0000,3,2.308218,1,-0.767089,3.307863,41.942480,1.130358,-13.726196,0,-0.7670850767085069
2018-01-16,sh.603787,14.2000,14.8700,14.1000,14.6200,14.2300,2477191,36186997.0000,3,4.857237,1,2.740691,3.398521,43.091993,1.161337,-14.102388,0,2.7406886858749147
2018-01-17,sh.603787,14.8800,14.9000,14.4000,14.6500,14.6200,3393910,49810539.0000,3,6.654725,1,0.205197,3.405495,43.180417,1.163720,-14.131326,0,0.20519835841315004
2018-01-18,sh.603787,14.5100,14.7800,14.5100,14.5900,14.6500,1840800,27029994.0000,3,3.609412,1,-0.409553,3.391547,43.003569,1.158954,-14.073450,0,-0.4095563139931757
2018-01-19,sh.603787,14.5900,14.7800,14.3000,14.3400,14.5900,1334900,19422033.0000,3,2.617451,1,-1.713502,3.333433,42.266701,1.139096,-13.832301,0,-1.7135023989033549
2018-01-22,sh.603787,14.2900,14.3600,14.0300,14.2500,14.3400,1066073,15125084.0000,3,2.090339,1,-0.627616,3.312512,42.001429,1.131947,-13.745487,0,-0.6276150627615107
2018-01-23,sh.603787,14.2000,14.4000,14.1500,14.3000,14.2500,821700,11723450.0000,3,1.611176,1,0.350878,3.324135,42.148803,1.135918,-13.793717,0,0.35087719298245723
2018-01-24,sh.603787,14.2100,14.3700,14.1500,14.3600,14.3000,928868,13285736.0000,3,1.821310,1,0.419577,3.338082,42.325651,1.140684,-13.851593,0,0.41958041958041203
2018-01-25,sh.603787,14.3000,14.4200,14.2100,14.2500,14.3600,1030906,14798967.0000,3,2.021384,1,-0.766014,3.312512,42.001429,1.131947,-13.745487,0,-0.7660167130919215
2018-01-26,sh.603787,14.1600,14.6700,14.1600,14.5900,14.2500,1869179,27010367.0000,3,3.665057,1,2.385966,3.391547,43.003569,1.158954,-14.073450,0,2.3859649122806914
2018-01-29,sh.603787,14.5800,14.9500,14.4500,14.5300,14.5900,1811857,26575886.0000,3,3.552661,1,-0.411243,3.377600,42.826720,1.154188,-14.015574,0,-0.4112405757368043
2018-01-30,sh.603787,14.3300,14.5200,14.2200,14.4100,14.5300,1123319,16091336.0000,3,2.202586,1,-0.825877,3.349705,42.473024,1.144656,-13.899823,0,-0.8258774948382563
2018-01-31,sh.603787,14.4000,14.4400,14.1000,14.1100,14.4100,1053119,14997898.0000,3,2.064939,1,-2.081889,3.279968,41.588784,1.120826,-13.610444,0,-2.0818875780707846
2018-02-01,sh.603787,14.1000,14.3000,12.7000,13.9700,14.1100,2774097,38801066.0000,3,5.439406,1,-0.992200,3.247424,41.176138,1.109705,-13.475401,0,-0.99220411055988
2018-02-02,sh.603787,13.9500,14.0700,13.4000,13.7000,13.9700,1873219,25935173.0000,3,3.672978,1,-1.932716,3.184661,40.380321,1.088257,-13.214960,0,-1.9327129563350143
2018-02-05,sh.603787,13.2500,13.7400,13.2500,13.6700,13.7000,610700,8301007.0000,3,1.197451,1,-0.218976,3.177687,40.291897,1.085874,-13.186022,0,-0.21897810218978186
2018-02-06,sh.603787,13.6400,13.8500,13.2200,13.8100,13.6700,1593543,21627595.0000,3,3.124594,1,1.024143,3.210231,40.704543,1.096995,-13.321065,0,1.0241404535479282
2018-02-07,sh.603787,13.9500,14.5000,13.7500,14.0000,13.8100,630160,8832727.0000,3,1.235608,1,1.375812,3.254398,41.264562,1.112088,-13.504339,0,1.3758146270818283
2018-02-08,sh.603787,13.7200,14.1800,13.7200,14.0400,14.0000,340959,4777861.0000,3,0.668547,1,0.285714,3.263696,41.382461,1.115265,-13.542922,0,0.28571428571428914
2018-02-09,sh.603787,13.8000,14.0600,13.1000,13.9100,14.0400,806800,11049576.0000,3,1.581961,1,-0.925927,3.233477,40.999290,1.104939,-13.417525,0,-0.9259259259259189
2018-02-12,sh.603787,13.7900,14.3700,13.7600,14.2900,13.9100,526400,7438035.0000,3,1.032157,1,2.731848,3.321810,42.119328,1.135124,-13.784071,0,2.7318475916606744
2018-02-13,sh.603787,14.2900,15.2000,14.2200,14.8600,14.2900,3302619,48336431.0000,3,6.475724,1,3.988801,3.454311,43.799385,1.180402,-14.333891,0,3.988803358992299
2018-02-14,sh.603787,14.7300,14.7300,14.3700,14.6200,14.8600,847149,12333238.0000,3,1.661076,1,-1.615073,3.398521,43.091993,1.161337,-14.102388,0,-1.6150740242261152
2018-02-22,sh.603787,14.6500,14.9500,14.5500,14.8800,14.6200,1208040,17862354.0000,3,2.368706,1,1.778387,3.458960,43.858335,1.181990,-14.353183,0,1.7783857729138264
2018-02-23,sh.603787,14.8800,14.8900,14.5700,14.6700,14.8800,869700,12782238.0000,3,1.705294,1,-1.411291,3.410144,43.239366,1.165309,-14.150618,0,-1.4112903225806495
2018-02-26,sh.603787,14.6500,15.1600,14.4300,15.1200,14.6700,2932579,43366213.0000,3,5.750155,1,3.067483,3.514750,44.565727,1.201055,-14.584686,0,3.0674846625766916
2018-02-27,sh.603787,15.0300,15.0300,14.7000,14.8100,15.1200,1702500,25297499.0000,3,3.338235,1,-2.050261,3.442688,43.652012,1.176430,-14.285661,0,-2.0502645502645467
2018-02-28,sh.603787,14.7000,14.8400,14.5900,14.6800,14.8100,1819019,26792151.0000,3,3.566704,1,-0.877786,3.412468,43.268841,1.166103,-14.160264,0,-0.8777852802160702
2018-03-01,sh.603787,14.4100,14.8600,14.4100,14.7900,14.6800,2099268,30860786.0000,3,4.116212,1,0.749317,3.438039,43.593062,1.174841,-14.266369,0,0.7493188010899043
2018-03-02,sh.603787,14.6900,14.8300,14.4500,14.4500,14.7900,1471350,21531167.0000,3,2.885000,1,-2.298852,3.359003,42.590923,1.147833,-13.938407,0,-2.298850574712641
2018-03-05,sh.603787,14.3100,14.4500,14.1100,14.3100,14.4500,1312941,18670971.0000,3,2.574394,1,-0.968854,3.326459,42.178277,1.136713,-13.803363,0,-0.9688581314878819
2018-03-06,sh.603787,14.3200,15.2000,14.2800,15.0000,14.3100,2064038,30427660.0000,3,4.047133,1,4.821800,3.486855,44.212031,1.191523,-14.468934,0,4.8218029350104885
2018-03-07,sh.603787,15.0000,15.0900,14.7000,14.7300,15.0000,1640561,24381271.0000,3,3.216786,1,-1.800003,3.424091,43.416214,1.170075,-14.208493,0,-1.8000000000000016
2018-03-08,sh.603787,14.7800,14.9500,14.7100,14.9200,14.7300,1548561,22968224.0000,3,3.036394,1,1.289888,3.468258,43.976233,1.185168,-14.391767,0,1.2898845892735933
2018-03-09,sh.603787,14.8500,15.1400,14.7600,15.0600,14.9200,3140400,47090449.0000,3,6.157647,1,0.938340,3.500802,44.388879,1.196289,-14.526810,0,0.9383378016085908
2018-03-12,sh.603787,15.1300,16.1700,15.0000,15.7200,15.0600,5388335,82679890.0000,3,10.565363,1,4.382469,3.654224,46.334208,1.248716,-15.163443,0,4.3824701195219085
2018-03-13,sh.603787,15.6300,15.6500,15.1900,15.2600,15.7200,2582898,39772280.0000,3,5.064506,1,-2.926209,3.547294,44.978373,1.212176,-14.719729,0,-2.926208651399498
2018-03-14,sh.603787,15.2700,15.6600,15.0500,15.4600,15.2600,2744488,42226645.0000,3,5.381349,1,1.310615,3.593785,45.567866,1.228063,-14.912648,0,1.3106159895150737
2018-03-15,sh.603787,15.2500,15.3400,14.7500,14.8900,15.4600,2242100,33561079.0000,3,4.396275,1,-3.686932,3.461284,43.887809,1.182785,-14.362829,0,-3.686934023285904
2018-03-16,sh.603787,14.8900,14.9700,14.6300,14.7300,14.8900,1059800,15681775.0000,3,2.078039,1,-1.074552,3.424091,43.416214,1.170075,-14.208493,0,-1.074546675621224
2018-03-19,sh.603787,14.7800,15.0800,14.6500,14.9700,14.7300,1070149,15898599.0000,3,2.098331,1,1.629333,3.479881,44.123607,1.189140,-14.439996,0,1.6293279022403295
2018-03-20,sh.603787,14.8000,14.9600,14.4200,14.9100,14.9700,1291388,18995413.0000,3,2.532133,1,-0.400804,3.465934,43.946759,1.184373,-14.382121,0,-0.4008016032064132
2018-03-21,sh.603787,14.8300,15.1800,14.1900,14.2600,14.9100,2429100,35559868.0000,3,4.762941,1,-4.359488,3.314837,42.030904,1.132741,-13.755133,0,-4.359490274983235
2018-03-22,sh.603787,14.2000,14.3900,13.9900,14.1200,14.2600,1465600,20754625.0000,3,2.873725,1,-0.981770,3.282293,41.618258,1.121620,-13.620090,0,-0.9817671809256745
2018-03-23,sh.603787,13.7800,13.7800,12.9000,13.7100,14.1200,5301498,70017259.0000,3,10.395094,1,-2.903682,3.186985,40.409796,1.089052,-13.224606,0,-2.9036827195467296
2018-03-26,sh.603787,13.3800,13.7600,13.0100,13.6900,13.7100,2040347,27430166.0000,3,4.000680,1,-0.145882,3.182336,40.350847,1.087463,-13.205314,0,-0.14587892049600093
2018-03-27,sh.603787,13.7700,14.3300,13.5800,14.2600,13.6900,2914306,41027881.0000,3,5.714325,1,4.163628,3.314837,42.030904,1.132741,-13.755133,0,4.163623082542012
2018-03-28,sh.603787,14.0100,14.1500,13.8600,13.8800,14.2600,922949,12928103.0000,3,1.809704,1,-2.664797,3.226503,40.910866,1.102556,-13.388587,0,-2.664796633941091
2018-03-29,sh.603787,13.9000,14.1000,13.9000,14.0100,13.8800,765838,10720718.0000,3,1.501643,1,0.936600,3.256722,41.294037,1.112882,-13.513985,0,0.9365994236311126
2018-03-30,sh.603787,14.1400,14.3000,14.0100,14.2600,14.0100,1782780,25336823.0000,3,3.495647,1,1.784440,3.314837,42.030904,1.132741,-13.755133,0,1.7844396859386213
2018-04-02,sh.603787,14.3300,14.5700,14.1800,14.4300,14.2600,1576782,22727921.0000,3,3.091729,1,1.192146,3.354354,42.531974,1.146245,-13.919115,0,1.192145862552585
2018-04-03,sh.603787,14.1800,14.9500,14.0500,14.7800,14.4300,3758335,54652205.0000,3,7.369284,1,2.425498,3.435714,43.563588,1.174047,-14.256723,0,2.4255024255024127
2018-04-04,sh.603787,14.7600,15.0000,14.6100,14.9900,14.7800,2515300,37338154.0000,3,4.931961,1,1.420839,3.484530,44.182556,1.190728,-14.459288,0,1.420838971583227
2018-04-09,sh.603787,14.8000,15.1700,14.6800,15.1500,14.9900,5644539,83579680.0000,3,11.067724,1,1.067377,3.521723,44.654151,1.203438,-14.613624,0,1.0673782521681163
2018-04-10,sh.603787,15.2800,15.3000,14.8200,15.0500,15.1500,1882506,28252306.0000,3,3.691188,1,-0.660062,3.498478,44.359404,1.195494,-14.517164,0,-0.660066006600657
2018-04-11,sh.603787,15.0700,15.1900,14.4500,15.1500,15.0500,8384347,123324156.0000,3,16.439896,1,0.664448,3.521723,44.654151,1.203438,-14.613624,0,0.6644518272425293
2018-04-12,sh.603787,14.8800,15.3200,14.8200,15.2600,15.1500,4283400,64754299.0000,3,8.398824,1,0.726077,3.547294,44.978373,1.212176,-14.719729,0,0.7260726072607193
2018-04-13,sh.603787,15.2500,15.3600,14.9900,15.2600,15.2600,2272249,34405421.0000,3,4.455390,1,0.000000,3.547294,44.978373,1.212176,-14.719729,0,0.0
2018-04-16,sh.603787,15.2200,15.2700,15.0100,15.2400,15.2600,1464049,22144880.0000,3,2.870684,1,-0.131065,3.542644,44.919423,1.210587,-14.700437,0,-0.1310615989515096
2018-04-17,sh.603787,15.2400,15.5500,14.9900,15.4700,15.2400,2644313,40579099.0000,3,5.184927,1,1.509190,3.596110,45.597341,1.228857,-14.922294,0,1.5091863517060489
2018-04-18,sh.603787,15.4600,15.8500,15.0000,15.7600,15.4700,4284027,66910059.0000,3,8.400053,1,1.874596,3.663522,46.452107,1.251893,-15.202027,0,1.8745959922430444
2018-04-19,sh.603787,15.5500,15.9000,15.5500,15.7900,15.7600,2968568,46570918.0000,3,5.820722,1,0.190354,3.670496,46.540531,1.254276,-15.230965,0,0.1903553299492433
2018-04-20,sh.603787,15.6800,16.0000,15.6600,15.8500,15.7900,3566144,56293589.0000,3,6.992439,1,0.379990,3.684443,46.717379,1.259042,-15.288840,0,0.3799873337555493
2018-04-23,sh.603787,15.8500,15.9500,15.5000,15.8400,15.8500,1208419,19040774.0000,3,2.369449,1,-0.063093,3.682119,46.687904,1.258248,-15.279195,0,-0.06309148264984632
2018-04-24,sh.603787,16.1300,16.7000,15.6100,15.9300,15.8400,3814300,61531516.0000,3,7.479020,1,0.568183,3.703040,46.953177,1.265397,-15.366008,0,0.5681818181818121
2018-04-25,sh.603787,15.5500,15.8400,15.3300,15.7600,15.9300,2424068,37928588.0000,3,4.753075,1,-1.067169,3.592616,43.481406,1.171872,-7.314249,0,-1.0671688637790333
2018-04-26,sh.603787,15.6600,15.7200,15.4800,15.5800,15.7600,1242200,19446901.0000,3,2.435686,1,-1.142134,3.551583,42.984790,1.158488,-7.230711,0,-1.1421319796954266
2018-04-27,sh.603787,15.6900,15.6900,15.4000,15.5700,15.5800,749700,11671557.0000,3,1.057554,1,-0.064186,3.549304,42.957201,1.157744,-7.226070,0,-0.06418485237483784
2018-05-02,sh.603787,15.5500,15.9400,15.5000,15.6800,15.5700,483700,7580298.0000,3,0.682325,1,0.706491,3.574379,43.260688,1.165924,-7.277121,0,0.7064868336544627
2018-05-03,sh.603787,15.5600,15.8900,15.4200,15.8600,15.6800,815519,12815653.0000,3,1.150401,1,1.147955,3.615412,43.757303,1.179308,-7.360659,0,1.1479591836734748
2018-05-04,sh.603787,15.8000,16.3200,15.7200,16.1200,15.8600,2130119,34356162.0000,3,3.004823,1,1.639352,3.674681,44.474636,1.198641,-7.481326,0,1.6393442622950838
2018-05-07,sh.603787,15.9600,16.3000,15.9600,16.2600,16.1200,1013919,16374310.0000,3,1.430271,1,0.868483,3.706595,44.860892,1.209051,-7.546300,0,0.8684863523573227
2018-05-08,sh.603787,16.1400,16.3600,16.1400,16.3000,16.2600,801800,13036184.0000,3,1.131048,1,0.245996,3.715713,44.971251,1.212025,-7.564864,0,0.24600246002459691
2018-05-09,sh.603787,16.2100,16.4900,16.1500,16.3200,16.3000,1480300,24145027.0000,3,2.088165,1,0.122702,3.720272,45.026430,1.213512,-7.574146,0,0.12269938650306678
2018-05-10,sh.603787,16.2300,16.8000,16.1500,16.6100,16.3200,2329384,38524183.0000,3,3.285913,1,1.776966,3.786380,45.826532,1.235076,-7.708736,0,1.7769607843137303
2018-05-11,sh.603787,16.6100,16.8900,16.4600,16.7800,16.6100,1904169,31783362.0000,3,2.686090,1,1.023480,3.825133,46.295557,1.247717,-7.787633,0,1.0234798314268545
2018-05-14,sh.603787,16.7300,16.9000,16.4700,16.7000,16.7800,1475600,24668871.0000,3,2.081535,1,-0.476758,3.806896,46.074840,1.241768,-7.750505,0,-0.47675804529202503
2018-05-15,sh.603787,16.6400,16.9000,16.4700,16.8800,16.7000,1707519,28567325.0000,3,2.408688,1,1.077835,3.847929,46.571455,1.255153,-7.834043,0,1.0778443113772518
2018-05-16,sh.603787,16.7900,16.9400,16.6900,16.7500,16.8800,839700,14102759.0000,3,1.184511,1,-0.770137,3.818294,46.212788,1.245486,-7.773710,0,-0.7701421800947794
2018-05-17,sh.603787,16.6600,16.6600,16.1800,16.5200,16.7500,1195176,19591252.0000,3,1.685959,1,-1.373132,3.765864,45.578225,1.228384,-7.666967,0,-1.3731343283582165
2018-05-18,sh.603787,16.3500,16.9700,16.2000,16.7500,16.5200,1140500,18898287.0000,3,1.608831,1,1.392249,3.818294,46.212788,1.245486,-7.773710,0,1.3922518159806385
2018-05-21,sh.603787,16.6400,17.1500,16.6200,17.0700,16.7500,2005212,33943530.0000,3,2.828625,1,1.910446,3.891241,47.095659,1.269280,-7.922223,0,1.910447761194023
2018-05-22,sh.603787,17.2000,17.2000,16.9000,17.0600,17.0700,594679,10130854.0000,3,0.838876,1,-0.058584,3.888961,47.068070,1.268537,-7.917582,0,-0.05858230814295151
2018-05-23,sh.603787,17.0000,17.0000,16.6000,16.8100,17.0600,819300,13763798.0000,3,1.155734,1,-1.465416,3.831972,46.378327,1.249947,-7.801556,0,-1.4654161781946118
2018-05-24,sh.603787,16.6500,17.1500,16.6500,16.9300,16.8100,960519,16262837.0000,3,1.354943,1,0.713866,3.859327,46.709403,1.258870,-7.857248,0,0.7138607971445721
2018-05-25,sh.603787,16.9500,17.0100,16.7800,16.9000,16.9300,678800,11476659.0000,3,0.957540,1,-0.177204,3.852488,46.626634,1.256640,-7.843325,0,-0.17720023626698334
2018-05-28,sh.603787,16.9200,16.9200,16.5000,16.8700,16.9000,1073639,17973488.0000,3,1.514514,1,-0.177508,3.845649,46.543865,1.254409,-7.829402,0,-0.17751479289939143
2018-05-29,sh.603787,16.8500,16.9100,16.6200,16.7500,16.8700,989191,16562264.0000,3,1.395389,1,-0.711327,3.818294,46.212788,1.245486,-7.773710,0,-0.7113218731476079
2018-05-30,sh.603787,16.7500,16.7500,15.1800,16.4600,16.7500,1364269,22302980.0000,3,1.924487,1,-1.731349,3.752186,45.412686,1.223922,-7.639120,0,-1.7313432835820874
2018-05-31,sh.603787,16.4500,16.8800,16.4100,16.8500,16.4600,1017738,16890156.0000,3,1.435658,1,2.369388,3.841090,46.488685,1.252922,-7.820120,0,2.36938031591738
2018-06-01,sh.603787,16.7500,16.9500,16.4700,16.5000,16.7300,779819,12998595.0000,3,1.100041,1,-1.374773,3.761305,45.523045,1.226897,-7.657685,0,-2.077151335311578
2018-06-04,sh.603787,16.4700,16.5000,16.1200,16.2100,16.5000,564300,9207556.0000,3,0.796022,1,-1.757581,3.695197,44.722943,1.205333,-7.523095,0,-1.7575757575757578
2018-06-05,sh.603787,16.2100,16.7300,16.2100,16.6000,16.2100,736661,12154235.0000,3,1.039161,1,2.405931,3.784100,45.798942,1.234332,-7.704095,0,2.4059222702035754
2018-06-06,sh.603787,16.5900,17.0000,16.5900,16.9800,16.6000,1071437,18044100.0000,3,1.511408,1,2.289152,3.870724,46.847352,1.262588,-7.880454,0,2.289156626506017
2018-06-07,sh.603787,17.0000,17.1300,16.8100,16.9200,16.9800,423000,7161163.0000,3,0.596699,1,-0.353354,3.857047,46.681814,1.258127,-7.852607,0,-0.35335689045935537
2018-06-08,sh.603787,16.8100,16.9700,16.7000,16.8100,16.9200,401400,6736688.0000,3,0.566229,1,-0.650122,3.831972,46.378327,1.249947,-7.801556,0,-0.650118203309713
2018-06-11,sh.603787,16.7100,17.0000,16.7000,16.9500,16.8100,460600,7753934.0000,3,0.649739,1,0.832845,3.863886,46.764583,1.260358,-7.866531,0,0.8328375966686563
2018-06-12,sh.603787,16.9500,17.0800,16.7500,16.8500,16.9500,317900,5372354.0000,3,0.448441,1,-0.589973,3.841090,46.488685,1.252922,-7.820120,0,-0.5899705014749124
2018-06-13,sh.603787,16.8400,16.9500,16.5800,16.8200,16.8500,1244000,20887848.0000,3,1.754831,1,-0.178046,3.834251,46.405916,1.250691,-7.806197,0,-0.17804154302670794
2018-06-14,sh.603787,16.7100,16.8800,16.5800,16.8400,16.8200,539900,9044371.0000,3,0.761602,1,0.118909,3.838810,46.461096,1.252178,-7.815479,0,0.11890606420927874
2018-06-15,sh.603787,16.8300,16.8300,15.1600,15.1600,16.8400,5402119,82538336.0000,3,7.620425,1,-9.976249,3.455841,41.826022,1.127258,-7.035788,0,-9.97624703087886
2018-06-19,sh.603787,13.6400,13.6400,13.6400,13.6400,15.1600,227300,3100372.0000,3,0.320638,1,-10.026380,3.109345,37.632384,1.014235,-6.330353,0,-10.026385224274403
2018-06-20,sh.603787,12.2800,12.2800,12.2800,12.2800,13.6400,391000,4801480.0000,3,0.551559,1,-9.970678,2.799322,33.880181,0.913109,-5.699174,0,-9.970674486803532
2018-06-21,sh.603787,11.0500,11.0500,11.0500,11.0500,12.2800,614700,6792435.0000,3,0.867118,1,-10.016280,2.518934,30.486645,0.821649,-5.128328,0,-10.016286644951133
2018-06-22,sh.603787,9.9500,11.0500,9.9500,10.8200,11.0500,23681937,239851527.0000,3,33.406598,1,-2.081453,2.466504,29.852082,0.804547,-5.021585,0,-2.0814479638009087
2018-06-25,sh.603787,10.0200,10.2600,9.8200,9.8700,10.8200,13647300,137581607.0000,3,19.251375,1,-8.780035,2.249944,27.231058,0.733907,-4.580688,0,-8.78003696857672
2018-06-26,sh.603787,9.5900,10.0400,9.3600,9.9300,9.8700,5234798,51214603.0000,3,7.384396,1,0.607907,2.263622,27.396596,0.738369,-4.608534,0,0.6079027355623046
2018-06-27,sh.603787,9.9200,10.1500,9.8500,9.9200,9.9300,5025000,50247111.0000,3,7.088447,1,-0.100707,2.261342,27.369007,0.737625,-4.603893,0,-0.10070493454179541
2018-06-28,sh.603787,9.8800,9.9800,9.5400,9.5700,9.9200,3648849,35784679.0000,3,5.147198,1,-3.528229,2.181557,26.403366,0.711600,-4.441457,0,-3.5282258064516125
2018-06-29,sh.603787,9.6500,10.0000,9.5300,9.9500,9.5700,4279800,42099867.0000,3,6.037241,1,3.970743,2.268181,27.451776,0.739856,-4.617816,0,3.9707419017763756
2018-07-02,sh.603787,10.0100,10.5100,9.9500,10.1700,9.9500,7476498,76166842.0000,3,10.546619,1,2.211058,2.318331,28.058750,0.756215,-4.719918,0,2.2110552763819236
2018-07-03,sh.603787,10.2400,10.6400,10.1700,10.4400,10.1700,7196400,74943849.0000,3,10.151502,1,2.654862,2.379880,28.803672,0.776291,-4.845226,0,2.6548672566371723
2018-07-04,sh.603787,10.4000,10.4000,9.9600,10.1100,10.4400,4936300,50456349.0000,3,6.963323,1,-3.160919,2.304654,27.893211,0.751753,-4.692072,0,-3.1609195402298895
2018-07-05,sh.603787,10.0700,10.2000,9.8100,9.8700,10.1100,2693100,27076768.0000,3,3.798984,1,-2.373885,2.249944,27.231058,0.733907,-4.580688,0,-2.3738872403560873
2018-07-06,sh.603787,9.9000,10.0900,9.3200,10.0400,9.8700,4748800,46577200.0000,3,6.698829,1,1.722392,2.288697,27.700083,0.746548,-4.659585,0,1.7223910840932222
2018-07-09,sh.603787,9.9400,10.1600,9.8800,10.1300,10.0400,3689898,37180483.0000,3,5.205104,1,0.896416,2.309213,27.948391,0.753240,-4.701354,0,0.8964143426295035
2018-07-10,sh.603787,10.1900,10.3600,10.0700,10.3100,10.1300,3707298,37937160.0000,3,5.229649,1,1.776903,2.350245,28.445006,0.766625,-4.784893,0,1.7769002961500524
2018-07-11,sh.603787,10.2000,10.2000,9.6200,10.1100,10.3100,4427974,44084132.0000,3,6.246260,1,-1.939872,2.304654,27.893211,0.751753,-4.692072,0,-1.9398642095053487
2018-07-12,sh.603787,10.0500,10.3500,10.0400,10.1900,10.1100,5768026,58944432.0000,3,8.136586,1,0.791295,2.322891,28.113929,0.757702,-4.729200,0,0.7912957467853587
2018-07-13,sh.603787,10.2000,10.5400,10.2000,10.2300,10.1900,5120851,52811812.0000,3,7.223658,1,0.392541,2.332009,28.224288,0.760676,-4.747764,0,0.39254170755642637
2018-07-16,sh.603787,10.1200,10.2100,9.9800,10.1800,10.2300,3212463,32411543.0000,3,4.531617,1,-0.488751,2.320611,28.086339,0.756958,-4.724559,0,-0.488758553274693
2018-07-17,sh.603787,10.1700,10.2400,10.0500,10.2000,10.1800,2505200,25401818.0000,3,3.533926,1,0.196459,2.325170,28.141519,0.758445,-4.733841,0,0.19646365422396617
2018-07-18,sh.603787,10.1700,10.4500,10.1600,10.2700,10.2000,3925231,40394682.0000,3,5.537073,1,0.686281,2.341127,28.334647,0.763650,-4.766329,0,0.6862745098039191
2018-07-19,sh.603787,10.2500,10.2500,9.9400,9.9900,10.2700,2807300,28307392.0000,3,3.960079,1,-2.726394,2.277299,27.562135,0.742830,-4.636380,0,-2.7263875365141077
2018-07-20,sh.603787,9.9100,10.1700,9.8700,10.1100,9.9900,2278131,22945079.0000,3,3.213614,1,1.201200,2.304654,27.893211,0.751753,-4.692072,0,1.2012012012011963
2018-07-23,sh.603787,10.0800,10.2600,10.0800,10.1800,10.1100,2866206,29151078.0000,3,4.043174,1,0.692390,2.320611,28.086339,0.756958,-4.724559,0,0.6923837784371889
2018-07-24,sh.603787,10.2700,10.3100,10.1700,10.2600,10.1800,4610533,47298767.0000,3,6.503785,1,0.785854,2.338848,28.307057,0.762907,-4.761687,0,0.7858546168958647
2018-07-25,sh.603787,10.2900,10.6500,10.2600,10.5900,10.2600,7457600,78192772.0000,3,10.519961,1,3.216373,2.414074,29.217518,0.787445,-4.914841,0,3.2163742690058506
2018-07-26,sh.603787,10.5500,10.7200,10.3700,10.5900,10.5900,4630500,48617419.0000,3,6.531951,1,0.000000,2.414074,29.217518,0.787445,-4.914841,0,0.0
2018-07-27,sh.603787,10.7500,10.8900,10.4400,10.4600,10.5900,4167800,44308867.0000,3,5.879250,1,-1.227574,2.363836,25.157044,0.721837,-14.321141,0,-1.227573182247399
2018-07-30,sh.603787,10.4000,10.4600,10.1000,10.2200,10.4600,3143600,32274352.0000,3,4.434476,1,-2.294453,2.309599,24.579827,0.705274,-13.992549,0,-2.294455066921608
2018-07-31,sh.603787,10.1900,10.3000,10.1100,10.2700,10.2200,1647300,16870794.0000,3,2.323741,1,0.489239,2.320898,24.700080,0.708725,-14.061005,0,0.4892367906066397
2018-08-01,sh.603787,10.3700,10.3800,9.9500,9.9800,10.2700,2405200,24406286.0000,3,3.392862,1,-2.823767,2.255362,24.002610,0.688712,-13.663957,0,-2.8237585199610393
2018-08-02,sh.603787,9.9400,9.9400,9.3300,9.6400,9.9800,3496199,33517350.0000,3,4.931865,1,-3.406806,2.178526,23.184885,0.665249,-13.198451,0,-3.4068136272545124
2018-08-03,sh.603787,9.5500,9.6200,9.4300,9.4400,9.6400,1645900,15699754.0000,3,2.321766,1,-2.074697,2.133328,22.703871,0.651447,-12.924624,0,-2.0746887966805128
2018-08-06,sh.603787,9.4000,9.4700,9.0000,9.0900,9.4400,1727430,16080343.0000,3,2.436775,1,-3.707621,2.054232,21.862096,0.627294,-12.445427,0,-3.7076271186440635
2018-08-07,sh.603787,9.1300,9.4600,9.1300,9.4000,9.0900,1918798,17891508.0000,3,2.706726,1,3.410335,2.124289,22.607668,0.648687,-12.869859,0,3.4103410341034257
2018-08-08,sh.603787,9.4300,9.6500,9.3000,9.3500,9.4000,2045119,19384528.0000,3,2.884919,1,-0.531907,2.112989,22.487415,0.645236,-12.801402,0,-0.5319148936170248
2018-08-09,sh.603787,9.2800,9.5700,9.2600,9.5500,9.3500,2679838,25377929.0000,3,3.780276,1,2.139035,2.158187,22.968429,0.659038,-13.075229,0,2.1390374331550888
2018-08-10,sh.603787,9.5500,9.5900,9.3200,9.5200,9.5500,2806119,26537639.0000,3,3.958413,1,-0.314133,2.151407,22.896277,0.656968,-13.034155,0,-0.3141361256544628
2018-08-13,sh.603787,9.3900,9.6100,9.3200,9.5600,9.5200,1922998,18211747.0000,3,2.712651,1,0.420168,2.160447,22.992480,0.659728,-13.088920,0,0.42016806722691147
2018-08-14,sh.603787,9.6200,9.8200,9.5400,9.7100,9.5600,2684853,25988861.0000,3,3.787351,1,1.569034,2.194345,23.353240,0.670080,-13.294290,0,1.5690376569037712
2018-08-15,sh.603787,9.7400,9.8000,9.3700,9.4300,9.7100,2292378,21811682.0000,3,3.233711,1,-2.883622,2.131068,22.679820,0.650757,-12.910933,0,-2.8836251287332804
2018-08-16,sh.603787,9.4000,9.4100,9.1800,9.3000,9.4300,1635600,15220547.0000,3,2.307237,1,-1.378580,2.101690,22.367161,0.641786,-12.732945,0,-1.3785790031813239
2018-08-17,sh.603787,9.4000,9.4200,9.0900,9.1700,9.3000,1701300,15749230.0000,3,2.399915,1,-1.397851,2.072311,22.054502,0.632815,-12.554958,0,-1.3978494623655968
2018-08-20,sh.603787,9.1400,9.5900,8.8500,9.3400,9.1700,2105975,19277853.0000,3,2.970765,1,1.853872,2.110729,22.463364,0.644546,-12.787711,0,1.8538713195201728
2018-08-21,sh.603787,9.2700,9.5500,9.2300,9.3500,9.3400,2129960,20003519.0000,3,3.004599,1,0.107069,2.112989,22.487415,0.645236,-12.801402,0,0.10706638115631772
2018-08-22,sh.603787,9.3600,9.4700,9.1700,9.1900,9.3500,1612711,15023263.0000,3,2.274949,1,-1.711238,2.076831,22.102603,0.634195,-12.582341,0,-1.7112299465240621
2018-08-23,sh.603787,9.1900,9.3500,9.0800,9.3000,9.1900,1427811,13201696.0000,3,2.014122,1,1.196960,2.101690,22.367161,0.641786,-12.732945,0,1.1969532100108982
2018-08-24,sh.603787,9.2700,9.3500,9.2000,9.2200,9.3000,900106,8337118.0000,3,1.269722,1,-0.860214,2.083611,22.174755,0.636265,-12.623415,0,-0.8602150537634468
2018-08-27,sh.603787,9.2300,9.4200,9.2300,9.3800,9.2200,1378715,12902574.0000,3,1.944865,1,1.735356,2.119769,22.559567,0.647307,-12.842476,0,1.7353579175704903
2018-08-28,sh.603787,9.4400,9.4500,9.3500,9.4000,9.3800,1212989,11399181.0000,3,1.711086,1,0.213214,2.124289,22.607668,0.648687,-12.869859,0,0.2132196162046851
2018-08-29,sh.603787,9.4000,9.4100,9.2300,9.2600,9.4000,1281537,11895221.0000,3,1.807782,1,-1.489355,2.092650,22.270958,0.639026,-12.678180,0,-1.4893617021276673
2018-08-30,sh.603787,9.2900,9.3000,9.1200,9.1500,9.2600,943334,8674508.0000,3,1.330701,1,-1.187912,2.067792,22.006401,0.631435,-12.527575,0,-1.1879049676025821
2018-08-31,sh.603787,9.1200,9.1600,9.0200,9.0300,9.1500,911505,8285164.0000,3,1.285802,1,-1.311474,2.040673,21.717792,0.623153,-12.363279,0,-1.3114754098360715
2018-09-03,sh.603787,8.9700,9.0100,8.8300,9.0000,9.0300,1241396,11075938.0000,3,1.751158,1,-0.332223,2.033893,21.645640,0.621083,-12.322205,0,-0.33222591362125353
2018-09-04,sh.603787,9.0000,9.2500,8.9300,9.1800,9.0000,1559597,14283236.0000,3,2.200024,1,2.000003,2.074571,22.078553,0.633505,-12.568649,0,2.0000000000000018
2018-09-05,sh.603787,9.1800,9.4300,9.1300,9.1800,9.1800,2085527,19421989.0000,3,2.941920,1,0.000000,2.074571,22.078553,0.633505,-12.568649,0,0.0
2018-09-06,sh.603787,9.0300,9.3000,9.0200,9.1600,9.1800,1307971,11962142.0000,3,1.845071,1,-0.217870,2.070052,22.030451,0.632125,-12.541267,0,-0.2178649237472685
2018-09-07,sh.603787,9.1700,9.9000,9.1700,9.3300,9.1600,3264063,30857745.0000,3,4.604405,1,1.855896,2.108470,22.439313,0.643856,-12.774020,0,1.8558951965065518
2018-09-10,sh.603787,9.2800,9.6400,9.2800,9.4500,9.3300,4038450,38450802.0000,3,5.696784,1,1.286172,2.135588,22.727922,0.652137,-12.938316,0,1.2861736334405016
2018-09-11,sh.603787,9.3700,9.4600,9.2000,9.4200,9.4500,2271705,21188915.0000,3,3.204549,1,-0.317458,2.128808,22.655770,0.650067,-12.897242,0,-0.31746031746030523
2018-09-12,sh.603787,9.3300,9.8700,9.3100,9.5400,9.4200,3888496,37307430.0000,3,5.485253,1,1.273884,2.155927,22.944378,0.658348,-13.061538,0,1.273885350318471
2018-09-13,sh.603787,9.5500,9.7500,9.4900,9.6600,9.5400,2971059,28496725.0000,3,4.191083,1,1.257860,2.183046,23.232987,0.666629,-13.225834,0,1.2578616352201255
2018-09-14,sh.603787,9.6200,9.7500,9.4000,9.5400,9.6600,2399235,22858901.0000,3,3.384448,1,-1.242235,2.155927,22.944378,0.658348,-13.061538,0,-1.242236024844734
2018-09-17,sh.603787,9.4200,9.4600,9.2100,9.2400,9.5400,1657504,15379579.0000,3,2.338135,1,-3.144656,2.088131,22.222857,0.637645,-12.650797,0,-3.1446540880503027
2018-09-18,sh.603787,9.2600,9.5400,9.2400,9.5100,9.2400,2344846,22080257.0000,3,3.307725,1,2.922083,2.149147,22.872226,0.656278,-13.020464,0,2.922077922077926
2018-09-19,sh.603787,9.4800,9.6000,9.3600,9.4500,9.5100,2624700,24880407.0000,3,3.702497,1,-0.630919,2.135588,22.727922,0.652137,-12.938316,0,-0.6309148264984299
2018-09-20,sh.603787,9.4400,9.4800,9.3300,9.4100,9.4500,1521676,14283929.0000,3,2.146531,1,-0.423280,2.126549,22.631719,0.649377,-12.883550,0,-0.4232804232804144
2018-09-21,sh.603787,9.4500,9.4500,9.3000,9.4300,9.4100,2326895,21852755.0000,3,3.282402,1,0.212545,2.131068,22.679820,0.650757,-12.910933,0,0.2125398512220933
2018-09-25,sh.603787,9.3300,9.3800,9.2700,9.3200,9.4300,1292322,12053623.0000,3,1.822996,1,-1.166496,2.106210,22.415263,0.643166,-12.760328,0,-1.166489925768821
2018-09-26,sh.603787,9.2800,9.3900,9.2500,9.2700,9.3200,1583610,14772659.0000,3,2.233898,1,-0.536473,2.094910,22.295009,0.639716,-12.691871,0,-0.5364806866952843
2018-09-27,sh.603787,9.3000,9.3100,9.0600,9.0800,9.2700,2120880,19480568.0000,3,2.991790,1,-2.049628,2.051972,21.838046,0.626604,-12.431736,0,-2.049622437971943
2018-09-28,sh.603787,9.1200,9.1800,9.0600,9.1600,9.0800,1113057,10174813.0000,3,1.570118,1,0.881056,2.070052,22.030451,0.632125,-12.541267,0,0.8810572687224738
2018-10-08,sh.603787,9.0000,9.0400,8.8000,8.8600,9.1600,1553500,13890544.0000,3,2.191423,1,-3.275111,2.002255,21.308930,0.611422,-12.130527,0,-3.27510917030569
2018-10-09,sh.603787,8.8400,9.0100,8.8400,9.0100,8.8600,1294164,11573325.0000,3,1.825595,1,1.693009,2.036153,21.669691,0.621773,-12.335897,0,1.6930022573363512
2018-10-10,sh.603787,9.0100,9.0900,8.9100,9.0800,9.0100,1099435,9917096.0000,3,1.550903,1,0.776911,2.051972,21.838046,0.626604,-12.431736,0,0.7769145394006749
2018-10-11,sh.603787,8.8100,8.8700,8.1700,8.3300,9.0800,2481100,21075626.0000,3,3.499929,1,-8.259912,1.882481,20.034242,0.574847,-11.404886,0,-8.25991189427313
2018-10-12,sh.603787,8.2400,8.2900,7.7500,8.0700,8.3300,1753600,14090534.0000,3,2.473692,1,-3.121251,1.823724,19.408924,0.556905,-11.048911,0,-3.1212484993997536
2018-10-15,sh.603787,8.0700,8.1900,7.9500,7.9600,8.0700,900600,7260918.0000,3,1.270419,1,-1.363069,1.798866,19.144366,0.549314,-10.898306,0,-1.3630731102850069
2018-10-16,sh.603787,7.9400,8.0500,7.8100,8.0000,7.9600,1150563,9159964.0000,3,1.623026,1,0.502512,1.807905,19.240569,0.552074,-10.953071,0,0.5025125628140614
2018-10-17,sh.603787,8.0300,8.5800,7.9700,8.1400,8.0000,1559193,12721218.0000,3,2.199454,1,1.750004,1.839544,19.577279,0.561735,-11.144750,0,1.750000000000007
2018-10-18,sh.603787,8.1000,8.3800,7.9200,8.1700,8.1400,1990431,16232997.0000,3,2.807774,1,0.368547,1.846323,19.649431,0.563805,-11.185824,0,0.3685503685503688
2018-10-19,sh.603787,7.9400,8.3600,7.9400,8.3400,8.1700,1768318,14571158.0000,3,2.494453,1,2.080784,1.884741,20.058293,0.575537,-11.418577,0,2.080783353733162
2018-10-22,sh.603787,8.4000,8.8000,8.3700,8.6800,8.3400,2764310,23890787.0000,3,3.899436,1,4.076741,1.961577,20.876017,0.599000,-11.884082,0,4.076738609112707
2018-10-23,sh.603787,8.7100,8.8800,8.5700,8.6200,8.6800,2577181,22515960.0000,3,3.635465,1,-0.691249,1.867480,19.862893,0.596176,-23.157985,0,-0.691244239631339
2018-10-24,sh.603787,8.5900,8.6900,8.4700,8.5600,8.6200,2086000,17866536.0000,3,2.942587,1,-0.696049,1.854481,19.724636,0.592026,-22.996792,0,-0.6960556844547439
2018-10-25,sh.603787,8.3500,8.5100,8.2100,8.4200,8.5600,1701246,14245402.0000,3,2.399839,1,-1.635518,1.824151,19.402037,0.582344,-22.620677,0,-1.6355140186915973
2018-10-26,sh.603787,8.4700,8.5900,8.4400,8.4800,8.4200,1035103,8810323.0000,3,1.460154,1,0.712583,1.837150,19.540293,0.586493,-22.781869,0,0.7125890736342066
2018-10-29,sh.603787,8.4700,8.6000,8.4000,8.5000,8.4800,1293894,11062691.0000,3,1.825214,1,0.235854,1.841482,19.586379,0.587877,-22.835600,0,0.2358490566037652
2018-10-30,sh.603787,8.4500,8.8000,8.4500,8.7200,8.5000,1899741,16473922.0000,3,2.679843,1,2.588238,1.889144,20.093321,0.603092,-23.426639,0,2.5882352941176467
2018-10-31,sh.603787,8.9300,8.9700,8.7200,8.8200,8.7200,2158300,19062551.0000,3,3.044576,1,1.146782,1.910809,20.323749,0.610008,-23.695293,0,1.1467889908256756
2018-11-01,sh.603787,8.8000,9.2300,8.7700,8.9600,8.8200,4260893,38306793.0000,3,6.010570,1,1.587306,1.941139,20.646348,0.619691,-24.071409,0,1.5873015873016039
2018-11-02,sh.603787,9.0300,9.4400,8.9700,9.4300,8.9600,5557818,51546537.0000,3,7.840059,1,5.245539,2.042962,21.729359,0.652197,-25.334083,0,5.245535714285698
2018-11-05,sh.603787,9.3300,9.8100,9.3100,9.7800,9.4300,4589257,43873532.0000,3,6.473772,1,3.711553,2.118788,22.535857,0.676404,-26.274373,0,3.711558854718988
2018-11-06,sh.603787,9.6800,10.2800,9.6400,10.2400,9.7800,4494814,44566509.0000,3,6.340547,1,4.703477,2.218445,23.595826,0.708218,-27.510182,0,4.703476482617597
2018-11-07,sh.603787,10.0000,10.1200,9.7900,9.9200,10.2400,4417870,44054549.0000,3,6.232007,1,-3.124997,2.149118,22.858457,0.686087,-26.650488,0,-3.125
2018-11-08,sh.603787,9.9300,9.9500,9.4600,9.5000,9.9200,4677964,45111985.0000,3,6.598905,1,-4.233872,2.058127,21.890659,0.657039,-25.522141,0,-4.233870967741938
2018-11-09,sh.603787,9.4700,9.6400,9.4700,9.5700,9.5000,1918400,18355322.0000,3,2.706164,1,0.736839,2.073293,22.051959,0.661880,-25.710199,0,0.7368421052631691
2018-11-12,sh.603787,9.5000,10.0200,9.4400,10.0000,9.5700,4240046,41723713.0000,3,5.981162,1,4.493211,2.166450,23.042799,0.691620,-26.865412,0,4.493207941483801
2018-11-13,sh.603787,9.8900,10.9500,9.8000,10.4500,10.0000,9187657,94420756.0000,3,12.960442,1,4.499998,2.263940,24.079725,0.722742,-28.074355,0,4.499999999999993
2018-11-14,sh.603787,10.2500,10.3100,10.1000,10.1300,10.4500,1936700,19757832.0000,3,2.731979,1,-3.062198,2.194614,23.342355,0.700611,-27.214662,0,-3.0622009569377884
2018-11-15,sh.603787,10.1200,10.4200,10.0300,10.3000,10.1300,4321205,44087000.0000,3,6.095648,1,1.678184,2.231443,23.734083,0.712368,-27.671374,0,1.6781836130306038
2018-11-16,sh.603787,10.2100,10.3500,10.0100,10.3200,10.3000,5213682,52920355.0000,3,7.354609,1,0.194170,2.235776,23.780168,0.713751,-27.725105,0,0.19417475728154
2018-11-19,sh.603787,10.2400,10.8400,10.2400,10.7100,10.3200,5371693,56626005.0000,3,7.577505,1,3.779073,2.320268,24.678838,0.740725,-28.772856,0,3.779069767441867
2018-11-20,sh.603787,10.9000,11.7800,10.6100,11.7800,10.7100,8743919,98399983.0000,3,12.334489,1,9.990660,2.552078,27.144417,0.814728,-31.647455,0,9.990662931839388
2018-11-21,sh.603787,12.4200,12.9600,12.4200,12.9600,11.7800,2825489,36266555.0000,3,3.985737,1,10.016980,2.807719,29.863467,0.896339,-34.817574,0,10.016977928692716
2018-11-22,sh.603787,14.0000,14.2600,12.1800,12.5800,12.9600,27365704,364102341.0000,3,38.603053,1,-2.932100,2.725394,28.987841,0.870057,-33.796688,0,-2.9320987654321007
2018-11-23,sh.603787,11.3200,11.6500,11.3200,11.3200,12.5800,11533417,131263806.0000,3,16.269455,1,-10.015900,2.452421,26.084448,0.782913,-30.411646,0,-10.015898251192368
2018-11-26,sh.603787,10.4600,10.7600,10.1900,10.1900,11.3200,10305090,107189927.0000,3,14.536733,1,-9.982333,2.207613,23.480612,0.704760,-27.375855,0,-9.982332155477035
2018-11-27,sh.603787,10.2700,10.3500,9.9800,10.1400,10.1900,6872737,69775563.0000,3,9.694932,1,-0.490670,2.196780,23.365398,0.701302,-27.241527,0,-0.4906771344455274
2018-11-28,sh.603787,10.0900,10.1700,9.7500,10.1000,10.1400,5909099,58997815.0000,3,8.335589,1,-0.394477,2.188114,23.273227,0.698536,-27.134066,0,-0.39447731755425375
2018-11-29,sh.603787,10.1700,10.1700,9.6000,9.6000,10.1000,4844454,48027881.0000,3,6.833762,1,-4.950495,2.079792,22.121087,0.663955,-25.790795,0,-4.950495049504955
2018-11-30,sh.603787,9.6100,9.6900,9.3500,9.6300,9.6000,4574730,43718643.0000,3,6.453280,1,0.312497,2.086291,22.190215,0.666030,-25.871391,0,0.31250000000000444
2018-12-03,sh.603787,9.8800,9.9800,9.7400,9.8600,9.6300,4426358,43686324.0000,3,6.243981,1,2.388365,2.136120,22.720200,0.681937,-26.489296,0,2.388369678089286
2018-12-04,sh.603787,9.8200,10.1600,9.8000,10.0800,9.8600,5314543,53388434.0000,3,7.496887,1,2.231240,2.183782,23.227141,0.697153,-27.080335,0,2.2312373225152227
2018-12-05,sh.603787,9.7200,9.9600,9.6600,9.8400,10.0800,3628799,35697128.0000,3,5.118915,1,-2.380950,2.131787,22.674114,0.680554,-26.435565,0,-2.3809523809523836
2018-12-06,sh.603787,9.7700,9.9200,9.6500,9.6700,9.8400,2769746,27091949.0000,3,3.907104,1,-1.727643,2.094957,22.282387,0.668796,-25.978853,0,-1.7276422764227584
2018-12-07,sh.603787,9.8200,10.6400,9.8000,10.6400,9.6700,9470823,97371598.0000,3,13.359886,1,10.031030,2.305103,24.517538,0.735883,-28.584798,0,10.031023784901771
2018-12-10,sh.603787,10.5000,10.8900,10.2500,10.2900,10.6400,10117325,107003809.0000,3,14.271865,1,-3.289477,2.229277,23.711040,0.711677,-27.644509,0,-3.289473684210542
2018-12-11,sh.603787,10.2300,11.3200,10.1700,10.9400,10.2900,10748105,114764115.0000,3,15.161666,1,6.316809,2.370096,25.208822,0.756632,-29.390760,0,6.316812439261432
2018-12-12,sh.603787,10.7100,11.9800,10.6800,11.6400,10.9400,13287518,149795449.0000,3,18.743854,1,6.398544,2.521748,26.821818,0.805045,-31.271339,0,6.398537477148092
2018-12-13,sh.603787,11.4600,11.9000,11.2100,11.4000,11.6400,9959410,114052275.0000,3,14.049104,1,-2.061862,2.469753,26.268791,0.788446,-30.626569,0,-2.0618556701030966
2018-12-14,sh.603787,11.3000,11.4100,10.7800,10.9200,11.4000,7286507,80040054.0000,3,10.278611,1,-4.210522,2.365763,25.162736,0.755249,-29.337030,0,-4.210526315789476
2018-12-17,sh.603787,10.8100,10.9800,10.6200,10.8100,10.9200,4901624,52944391.0000,3,6.914408,1,-1.007323,2.341932,24.909266,0.747641,-29.041510,0,-1.0073260073260037
2018-12-18,sh.603787,10.6600,10.6800,10.0400,10.3700,10.8100,5877375,60796638.0000,3,8.290838,1,-4.070310,2.246609,23.895382,0.717209,-27.859432,0,-4.07030527289548
2018-12-19,sh.603787,10.3700,10.5700,10.2200,10.2800,10.3700,3946675,41013252.0000,3,5.567323,1,-0.867890,2.227111,23.687997,0.710985,-27.617643,0,-0.8678881388621051
2018-12-20,sh.603787,10.3100,10.4000,10.0300,10.3400,10.2800,3620970,37027441.0000,3,5.107871,1,0.583662,2.240109,23.826254,0.715135,-27.778836,0,0.5836575875486361
2018-12-21,sh.603787,10.2800,10.3400,9.9800,10.1100,10.3400,3263100,33087007.0000,3,4.603047,1,-2.224376,2.190281,23.296270,0.699227,-27.160931,0,-2.224371373307543
2018-12-24,sh.603787,10.2000,10.2300,10.0500,10.2000,10.1100,2425600,24584689.0000,3,3.421639,1,0.890209,2.209779,23.503655,0.705452,-27.402720,0,0.8902077151335286
2018-12-25,sh.603787,10.0200,10.0800,9.6000,9.9800,10.2000,3811733,37603634.0000,3,5.376969,1,-2.156865,2.162117,22.996713,0.690236,-26.811681,0,-2.1568627450980316
2018-12-26,sh.603787,10.1000,10.1700,9.9800,10.0700,9.9800,2874977,29049114.0000,3,4.055547,1,0.901805,2.181615,23.204098,0.696461,-27.053470,0,0.9018036072144353
2018-12-27,sh.603787,10.2000,10.3500,9.7800,9.8600,10.0700,3598798,36409320.0000,3,5.076595,1,-2.085402,2.136120,22.720200,0.681937,-26.489296,0,-2.0854021847070636
2018-12-28,sh.603787,9.8700,9.9300,9.6500,9.6600,9.8600,2449978,23907633.0000,3,3.456028,1,-2.028396,2.092791,22.259344,0.668105,-25.951988,0,-2.0283975659229125
2019-01-02,sh.603787,9.6700,9.7400,9.5600,9.6000,9.6600,1713749,16551414.0000,3,2.417476,1,-0.621112,2.079792,22.121087,0.663955,-25.790795,0,-0.6211180124223614
2019-01-03,sh.603787,9.4700,9.6600,9.1200,9.2100,9.6000,4376285,40899260.0000,3,6.173346,1,-4.062504,1.995300,21.222418,0.636982,-24.743044,0,-4.062499999999991
2019-01-04,sh.603787,9.1500,9.4900,9.0300,9.4300,9.2100,3070472,28714547.0000,3,4.331319,1,2.388711,2.042962,21.729359,0.652197,-25.334083,0,2.3887079261671884
2019-01-07,sh.603787,9.5700,9.7400,9.5500,9.6500,9.4300,2769948,26684332.0000,3,3.907389,1,2.332973,2.090624,22.236301,0.667413,-25.925122,0,2.332979851537642
2019-01-08,sh.603787,9.6100,9.6600,9.5300,9.6500,9.6500,2025300,19461215.0000,3,2.856961,1,0.000000,2.090624,22.236301,0.667413,-25.925122,0,0.0
2019-01-09,sh.603787,9.6400,10.1700,9.6200,9.8800,9.6500,4626928,46254326.0000,3,6.526912,1,2.383425,2.140453,22.766285,0.683320,-26.543027,0,2.3834196891191706
2019-01-10,sh.603787,9.7500,10.4500,9.7300,10.3200,9.8800,7350904,75102239.0000,3,10.369451,1,4.453437,2.235776,23.780168,0.713751,-27.725105,0,4.453441295546545
2019-01-11,sh.603787,10.3200,10.3800,10.0800,10.2300,10.3200,4046892,41240473.0000,3,5.708692,1,-0.872095,2.216278,23.572783,0.707527,-27.483316,0,-0.8720930232558155
2019-01-14,sh.603787,10.3300,10.3300,9.9000,9.9000,10.2300,3121478,31247368.0000,3,4.403270,1,-3.225806,2.144785,22.812371,0.684703,-26.596758,0,-3.2258064516129004
2019-01-15,sh.603787,9.9400,10.1800,9.8300,10.0600,9.9000,2551000,25494806.0000,3,3.598533,1,1.616170,2.179449,23.181056,0.695769,-27.026604,0,1.6161616161616266
2019-01-16,sh.603787,10.0500,10.1400,9.9700,9.9800,10.0600,1931185,19390647.0000,3,2.724199,1,-0.795237,2.162117,22.996713,0.690236,-26.811681,0,-0.7952286282306154
2019-01-17,sh.603787,9.9400,10.0800,9.7600,9.7600,9.9800,1846000,18330650.0000,3,2.604034,1,-2.204402,2.114455,22.489772,0.675021,-26.220642,0,-2.2044088176352727
2019-01-18,sh.603787,9.8400,9.9500,9.7600,9.8300,9.7600,1825200,17973107.0000,3,2.574693,1,0.717210,2.129620,22.651071,0.679862,-26.408700,0,0.7172131147541005
2019-01-21,sh.603787,9.8200,10.0400,9.8200,9.9200,9.8300,1827890,18194194.0000,3,2.578488,1,0.915566,2.149118,22.858457,0.686087,-26.650488,0,0.9155645981688609
2019-01-22,sh.603787,9.9300,10.0000,9.8100,9.8200,9.9200,1315200,12973600.0000,3,1.855269,1,-1.008068,2.127454,22.628029,0.679170,-26.381834,0,-1.0080645161290258
2019-01-23,sh.603787,9.8200,9.8600,9.7200,9.8100,9.8200,1271936,12431208.0000,3,1.794239,1,-0.101826,2.125287,22.604986,0.678479,-26.354969,0,-0.10183299389001643
2019-01-24,sh.603787,9.7800,9.8100,9.6000,9.6900,9.8100,2575962,24986764.0000,3,3.633745,1,-1.223250,2.099290,22.328472,0.670179,-26.032584,0,-1.2232415902140747
2019-01-25,sh.603787,9.7100,9.7400,9.6200,9.6500,9.6900,1288285,12492003.0000,3,1.817301,1,-0.412796,2.090624,22.236301,0.667413,-25.925122,0,-0.41279669762640525
2019-01-28,sh.603787,9.7700,9.7700,9.5300,9.5300,9.6500,1209097,11670648.0000,3,1.705596,1,-1.243522,2.064627,21.959787,0.659113,-25.602737,0,-1.2435233160621895
2019-01-29,sh.603787,9.5800,9.5800,8.5800,9.2500,9.5300,2064690,19048414.0000,3,2.912526,1,-2.938087,2.003966,21.314589,0.639748,-24.850506,0,-2.9380902413431165
2019-01-30,sh.603787,9.1600,9.3300,9.0800,9.1000,9.2500,909782,8375130.0000,3,1.283371,1,-1.621618,1.971469,20.968947,0.629374,-24.447525,0,-1.6216216216216273
2019-01-31,sh.603787,9.1700,9.2800,8.9600,9.0800,9.1000,1311589,11964992.0000,3,1.850175,1,-0.219785,1.967137,20.922861,0.627991,-24.393794,0,-0.219780219780219
2019-02-01,sh.603787,9.1200,9.2300,9.0600,9.2100,9.0800,1858990,17005462.0000,3,2.622359,1,1.431719,1.995300,21.222418,0.636982,-24.743044,0,1.4317180616740144
2019-02-11,sh.603787,9.1500,9.3700,9.1200,9.3400,9.2100,1812371,16829800.0000,3,2.556596,1,1.411510,2.023464,21.521974,0.645973,-25.092295,0,1.411509229098784
2019-02-12,sh.603787,9.3500,9.5400,9.3200,9.4400,9.3400,2055100,19347824.0000,3,2.898998,1,1.070658,2.045129,21.752402,0.652889,-25.360949,0,1.070663811563155
2019-02-13,sh.603787,9.4500,9.6600,9.4300,9.6100,9.4400,2459900,23543683.0000,3,3.470024,1,1.800848,2.081958,22.144130,0.664646,-25.817661,0,1.8008474576271194
2019-02-14,sh.603787,9.6100,10.0600,9.5800,9.8900,9.6100,4075345,40240830.0000,3,5.748829,1,2.913639,2.142619,22.789328,0.684012,-26.569892,0,2.913631633714897
2019-02-15,sh.603787,9.8900,10.3600,9.8400,10.1700,9.8900,5610090,56692224.0000,3,7.913796,1,2.831140,2.203280,23.434526,0.703377,-27.322124,0,2.831142568250744
2019-02-18,sh.603787,10.1900,10.9900,10.0500,10.8000,10.1700,8911000,94011919.0000,3,12.570179,1,6.194691,2.339766,24.886223,0.746949,-29.014645,0,6.194690265486735
2019-02-19,sh.603787,10.6600,10.8200,10.4600,10.5400,10.8000,6542927,69505903.0000,3,9.229690,1,-2.407409,2.283438,24.287110,0.728967,-28.316144,0,-2.4074074074074248
2019-02-20,sh.603787,10.5400,10.6000,10.2700,10.4500,10.5400,4464301,46559875.0000,3,6.297505,1,-0.853891,2.263940,24.079725,0.722742,-28.074355,0,-0.8538899430740043
2019-02-21,sh.603787,10.4800,10.7700,10.3700,10.5300,10.4500,7082885,74979602.0000,3,9.991374,1,0.765549,2.281272,24.264067,0.728275,-28.289279,0,0.7655502392344582
2019-02-22,sh.603787,10.5000,10.7500,10.2500,10.6200,10.5300,4967516,52237940.0000,3,7.007358,1,0.854702,2.300770,24.471452,0.734500,-28.531067,0,0.8547008547008517
2019-02-25,sh.603787,10.7000,11.0000,10.5700,10.9500,10.6200,8167533,88069480.0000,3,11.521418,1,3.107344,2.372263,25.231865,0.757323,-29.417626,0,3.1073446327683607
2019-02-26,sh.603787,10.9000,11.1700,10.6200,10.8100,10.9500,6603099,71564338.0000,3,9.314570,1,-1.278533,2.341932,24.909266,0.747641,-29.041510,0,-1.2785388127853792
2019-02-27,sh.603787,10.7000,10.9700,10.7000,10.8300,10.8100,4108057,44440665.0000,3,5.794974,1,0.185009,2.346265,24.955351,0.749024,-29.095241,0,0.18501387604070718
2019-02-28,sh.603787,10.8600,10.9500,10.7300,10.8000,10.8300,3225622,34917242.0000,3,4.550179,1,-0.277006,2.339766,24.886223,0.746949,-29.014645,0,-0.27700831024930483
2019-03-01,sh.603787,10.8400,10.8800,10.7400,10.8000,10.8000,2438600,26342440.0000,3,3.439977,1,0.000000,2.339766,24.886223,0.746949,-29.014645,0,0.0
2019-03-04,sh.603787,10.8500,11.0400,10.8100,10.8600,10.8000,5093316,55710468.0000,3,7.184816,1,0.555551,2.352765,25.024480,0.751099,-29.175837,0,0.5555555555555536
2019-03-05,sh.603787,10.8200,11.0900,10.7600,11.0800,10.8600,4260387,46531282.0000,3,6.009856,1,2.025785,2.400427,25.531421,0.766314,-29.766876,0,2.02578268876612
2019-03-06,sh.603787,11.0500,11.3000,11.0000,11.2000,11.0800,6060153,67493197.0000,3,8.548671,1,1.083032,2.426424,25.807935,0.774614,-30.089261,0,1.0830324909747224
2019-03-07,sh.603787,11.2000,12.3200,11.1400,12.3200,11.2000,11590358,137627349.0000,3,16.349779,1,9.999999,2.669066,28.388728,0.852075,-33.098187,0,10.000000000000009
2019-03-08,sh.603787,11.7600,12.8800,11.4000,11.4600,12.3200,11594294,140594642.0000,3,16.355331,1,-6.980517,2.482752,26.407048,0.792596,-30.787762,0,-6.980519480519476
2019-03-11,sh.603787,11.4800,12.2900,11.4800,12.1600,11.4600,7411737,88373257.0000,3,10.455264,1,6.108201,2.634403,28.020043,0.841009,-32.668341,0,6.108202443280963
2019-03-12,sh.603787,12.1700,12.3900,11.8200,12.0400,12.1600,7267300,87770039.0000,3,10.251516,1,-0.986841,2.608406,27.743530,0.832710,-32.345956,0,-0.9868421052631637
2019-03-13,sh.603787,12.0500,12.1500,11.5200,11.5800,12.0400,5106513,60344723.0000,3,7.203432,1,-3.820599,2.508749,26.683561,0.800895,-31.110147,0,-3.8205980066445155
2019-03-14,sh.603787,11.5000,11.6700,10.8600,11.0400,11.5800,4558242,51083188.0000,3,6.430021,1,-4.663212,2.391761,25.439250,0.763548,-29.659415,0,-4.6632124352331665
2019-03-15,sh.603787,11.1300,11.4700,11.1000,11.2100,11.0400,3537053,39886279.0000,3,4.989495,1,1.539856,2.428590,25.830978,0.775306,-30.116127,0,1.5398550724637916
2019-03-18,sh.603787,11.2900,11.5400,11.2000,11.4400,11.2100,3201750,36376478.0000,3,4.516504,1,2.051735,2.478419,26.360962,0.791213,-30.734031,0,2.0517395182872322
2019-03-19,sh.603787,11.4300,12.0300,11.4300,11.9500,11.4400,4706896,55680106.0000,3,6.639718,1,4.458044,2.588908,27.536145,0.826485,-32.104167,0,4.458041958041958
2019-03-20,sh.603787,12.0000,12.2600,11.5100,11.7000,11.9500,4903900,58018650.0000,3,6.917619,1,-2.092050,2.534746,26.960075,0.809195,-31.432532,0,-2.092050209205021
2019-03-21,sh.603787,11.7500,11.9000,11.6000,11.7700,11.7000,4020512,47360299.0000,3,5.671480,1,0.598296,2.549912,27.121374,0.814036,-31.620590,0,0.5982905982905962
2019-03-22,sh.603787,11.6700,11.9300,11.5500,11.9100,11.7700,3008242,35346998.0000,3,4.243535,1,1.189459,2.580242,27.443973,0.823719,-31.996705,0,1.1894647408666081
2019-03-25,sh.603787,11.7200,11.9900,11.6500,11.9600,11.9100,3207900,38001995.0000,3,4.525180,1,0.419817,2.591074,27.559187,0.827177,-32.131032,0,0.4198152812762368
2019-03-26,sh.603787,11.9100,12.0200,11.4000,11.4700,11.9600,3313100,38623902.0000,3,4.673579,1,-4.096988,2.484918,26.430090,0.793288,-30.814627,0,-4.096989966555187
2019-03-27,sh.603787,11.6000,11.6500,11.3600,11.4900,11.4700,1856700,21350698.0000,3,2.619128,1,0.174364,2.489251,26.476176,0.794671,-30.868358,0,0.17436791630338622
2019-03-28,sh.603787,11.4600,11.6600,11.3200,11.4500,11.4900,2018500,23242683.0000,3,2.847369,1,-0.348129,2.480585,26.384005,0.791904,-30.760896,0,-0.3481288076588429
2019-03-29,sh.603787,11.4400,11.7200,11.3600,11.7000,11.4500,3013119,34850775.0000,3,4.250415,1,2.183406,2.534746,26.960075,0.809195,-31.432532,0,2.183406113537112
2019-04-01,sh.603787,11.7600,12.1100,11.7000,12.0400,11.7000,4447676,53227922.0000,3,6.274053,1,2.905984,2.608406,27.743530,0.832710,-32.345956,0,2.9059829059828957
2019-04-02,sh.603787,12.1200,12.1300,11.8300,11.8700,12.0400,3565000,42610786.0000,3,5.028918,1,-1.411961,2.571576,27.351802,0.820952,-31.889244,0,-1.4119601328903664
2019-04-03,sh.603787,11.8200,12.3500,11.8000,12.2800,11.8700,5165399,62767898.0000,3,7.286499,1,3.454085,2.660401,28.296557,0.849309,-32.990726,0,3.4540859309182936
2019-04-04,sh.603787,12.2700,12.3300,12.0500,12.1600,12.2800,3195319,38855867.0000,3,4.507433,1,-0.977198,2.634403,28.020043,0.841009,-32.668341,0,-0.9771986970683932
2019-04-08,sh.603787,12.2500,12.4200,11.9300,11.9600,12.1600,4189700,50796906.0000,3,5.910142,1,-1.644735,2.591074,27.559187,0.827177,-32.131032,0,-1.6447368421052544
2019-04-09,sh.603787,12.1200,12.8000,12.0100,12.5200,11.9600,5419238,67578951.0000,3,7.644573,1,4.682278,2.712395,28.849584,0.865908,-33.635495,0,4.682274247491636
2019-04-10,sh.603787,12.3300,12.4000,12.1200,12.2400,12.5200,3821657,46860311.0000,3,5.390968,1,-2.236427,2.651735,28.204386,0.846542,-32.883264,0,-2.2364217252396124
2019-04-11,sh.603787,12.2100,12.8500,12.1900,12.6800,12.2400,6847431,86273389.0000,3,9.659234,1,3.594775,2.747059,29.218269,0.876974,-34.065342,0,3.5947712418300526
2019-04-12,sh.603787,12.5500,13.9500,12.4400,13.9400,12.6800,9259974,122318627.0000,3,13.062455,1,9.936903,3.020031,32.121662,0.964118,-37.450384,0,9.936908517350162
2019-04-15,sh.603787,13.5000,13.6500,12.9400,13.0000,13.9400,8000790,106756970.0000,3,11.286204,1,-6.743182,2.816385,29.955639,0.899105,-34.925035,0,-6.743185078909608
2019-04-16,sh.603787,13.0600,13.0800,12.5400,12.8100,13.0000,4438654,56697374.0000,3,6.261326,1,-1.461535,2.775222,29.517825,0.885965,-34.414592,0,-1.4615384615384586
2019-04-17,sh.603787,12.8300,13.4500,12.8300,13.3700,12.8100,4959006,64993813.0000,3,6.995353,1,4.371581,2.896544,30.808222,0.924695,-35.919055,0,4.371584699453535
2019-04-18,sh.603787,13.2200,13.2200,12.7800,12.8200,13.3700,3839600,49767570.0000,3,5.416279,1,-4.113688,2.777389,29.540868,0.886656,-34.441458,0,-4.113687359760654
2019-04-19,sh.603787,12.7700,12.9200,12.7400,12.9000,12.8200,2078454,26671828.0000,3,2.931942,1,0.624024,2.794720,29.725211,0.892189,-34.656381,0,0.6240249609984483
2019-04-22,sh.603787,12.8300,12.8800,12.7000,12.7800,12.9000,2005662,25668896.0000,3,2.829259,1,-0.930232,2.768723,29.448697,0.883890,-34.333996,0,-0.9302325581395432
2019-04-23,sh.603787,12.8200,12.8800,12.5700,12.8300,12.7800,2074814,26406995.0000,3,2.926808,1,0.391238,2.779555,29.563911,0.887348,-34.468323,0,0.391236306729259
2019-04-24,sh.603787,12.8800,13.3500,12.7200,13.1300,12.8300,2747798,35924655.0000,3,3.876143,1,2.338271,2.844549,30.255195,0.908096,-35.274286,0,2.338269680436489
2019-04-25,sh.603787,13.1100,13.8200,12.9300,12.9700,13.1300,4664100,62527810.0000,3,6.579348,1,-1.218582,2.809886,29.886510,0.897031,-34.844439,0,-1.2185833968012205
2019-04-26,sh.603787,12.7000,12.7800,12.1000,12.1200,12.9700,3017600,37667582.0000,3,4.256736,1,-6.553588,2.625737,27.927872,0.838243,-32.560879,0,-6.553585196607569
2019-04-29,sh.603787,12.1900,12.2000,11.1800,11.2300,12.1200,3265519,37400867.0000,3,4.606459,1,-7.343237,2.386151,25.723561,0.741954,7.222409,0,-7.343234323432335
2019-04-30,sh.603787,11.2000,11.5400,11.1500,11.4700,11.2300,1416800,16197557.0000,3,1.998589,1,2.137139,2.437146,26.273308,0.757810,7.376762,0,2.1371326803205637
2019-05-06,sh.603787,11.2800,11.2800,10.4000,10.4100,11.4700,2585362,27902319.0000,3,3.647005,1,-9.241503,2.211917,23.845260,0.687777,6.695038,0,-9.241499564080213
2019-05-07,sh.603787,10.4800,10.9100,10.4000,10.7800,10.4100,1834400,19667879.0000,3,2.587671,1,3.554274,2.290535,24.692786,0.712223,6.932999,0,3.55427473583092
2019-05-08,sh.603787,10.4200,11.3700,10.4200,11.1600,10.7800,1924500,21322465.0000,3,2.714769,1,3.525047,2.371277,25.563218,0.737329,7.177390,0,3.5250463821892453
2019-05-09,sh.603787,11.1700,11.2700,10.8200,11.2100,11.1600,1761676,19539538.0000,3,2.485084,1,0.448030,2.381901,25.677749,0.740632,7.209547,0,0.44802867383513245
2019-05-10,sh.603787,11.3700,11.5200,10.8100,11.3100,11.2100,1755400,19686750.0000,3,2.476231,1,0.892064,2.403149,25.906810,0.747239,7.273860,0,0.8920606601248826
2019-05-13,sh.603787,11.2600,11.2800,11.0400,11.1200,11.3100,908062,10110798.0000,3,1.280945,1,-1.679934,2.362778,25.471594,0.734686,7.151665,0,-1.6799292661361709
2019-05-14,sh.603787,11.0800,11.2500,10.9500,11.1400,11.1200,2271057,25374637.0000,3,3.203635,1,0.179860,2.367028,25.517406,0.736008,7.164527,0,0.17985611510793476
2019-05-15,sh.603787,11.2700,11.3500,11.1500,11.2700,11.1400,1072100,12071942.0000,3,1.512343,1,1.166967,2.394650,25.815185,0.744597,7.248135,0,1.1669658886894085
2019-05-16,sh.603787,11.3600,11.6000,11.2300,11.5600,11.2700,1275000,14597555.0000,3,1.798561,1,2.573203,2.456269,26.479463,0.763757,7.434644,0,2.5732031943212164
2019-05-17,sh.603787,11.5800,11.6100,11.2000,11.2900,11.5600,1174400,13327401.0000,3,1.656651,1,-2.335644,2.398900,25.860998,0.745918,7.260998,0,-2.3356401384083125
2019-05-20,sh.603787,11.2600,11.3800,10.9000,11.3800,11.2900,1093100,12171999.0000,3,1.541966,1,0.797167,2.418023,26.067153,0.751864,7.318880,0,0.7971656333038313
2019-05-21,sh.603787,11.3400,11.7500,11.2100,11.7000,11.3800,2863636,33100399.0000,3,4.039549,1,2.811948,2.486017,26.800148,0.773006,7.524683,0,2.8119507908611396
2019-05-22,sh.603787,11.7800,12.1000,11.5100,11.9000,11.7000,2655100,31545813.0000,3,3.745380,1,1.709400,2.528513,27.258270,0.786220,7.653310,0,1.7094017094017255
2019-05-23,sh.603787,11.9000,11.9200,11.6000,11.8900,11.9000,1017600,12016985.0000,3,1.435463,1,-0.084028,2.526388,27.235364,0.785559,7.646879,0,-0.08403361344537785
2019-05-24,sh.603787,11.8300,12.1800,11.6700,12.1700,11.8900,1636036,19617001.0000,3,2.307852,1,2.354918,2.585882,27.876735,0.804059,7.826957,0,2.354920100925151
2019-05-27,sh.603787,12.2000,12.4100,12.0700,12.2400,12.1700,1421376,17378268.0000,3,2.005044,1,0.575182,2.600756,28.037078,0.808683,7.871976,0,0.5751848808545734
2019-05-28,sh.603787,12.2200,12.7800,12.1600,12.4700,12.2400,2012157,25092176.0000,3,2.838421,1,1.879089,2.649626,28.563919,0.823879,8.019897,0,1.8790849673202548
2019-05-29,sh.603787,12.5000,12.6800,12.2300,12.5400,12.4700,1235638,15465006.0000,3,1.743036,1,0.561345,2.664500,28.724261,0.828504,8.064917,0,0.5613472333600544
2019-05-30,sh.603787,12.5400,12.8800,12.4300,12.8500,12.5400,1337619,16968321.0000,3,1.886894,1,2.472093,2.730369,29.434351,0.848986,8.264289,0,2.472089314194581
2019-05-31,sh.603787,12.8500,12.9300,12.4200,12.5100,12.8500,1345887,17081801.0000,3,1.898557,1,-2.645916,2.658125,28.655543,0.826522,8.045623,0,-2.6459143968871612
2019-06-03,sh.603787,12.5600,12.7500,12.1200,12.6200,12.5100,1602776,20005539.0000,3,2.260934,1,0.879294,2.681498,28.907510,0.833790,8.116367,0,0.8792965627497873
2019-06-04,sh.603787,12.6200,12.6700,12.2000,12.3300,12.6200,1311919,16281578.0000,3,1.850640,1,-2.297940,2.619879,28.243233,0.814630,7.929858,0,-2.2979397781299427
2019-06-05,sh.603787,12.1200,12.3000,11.9300,12.2200,12.0800,1208495,14735438.0000,3,1.704747,1,1.158943,2.596506,27.991266,0.807362,7.859113,0,-0.8921330089213253
2019-06-06,sh.603787,12.0000,12.2800,11.9000,11.9000,12.2200,1220474,14782960.0000,3,1.721645,1,-2.618663,2.528513,27.258270,0.786220,7.653310,0,-2.6186579378068786
2019-06-10,sh.603787,12.0400,13.0900,12.0400,13.0900,11.9000,3713100,47863998.0000,3,5.237833,1,10.000000,2.781364,29.984097,0.864842,8.418641,0,9.999999999999986
2019-06-11,sh.603787,12.8800,13.9300,12.6000,13.6100,13.0900,10094109,135705125.0000,3,14.239116,1,3.972494,2.891853,31.175215,0.899198,8.753071,0,3.972498090145149
2019-06-12,sh.603787,13.6000,14.1600,13.4000,14.0900,13.6100,6114304,84729591.0000,3,8.625059,1,3.526822,2.993844,32.274708,0.930911,9.061776,0,3.5268185157972143
2019-06-13,sh.603787,14.0900,15.5000,14.0900,15.5000,14.0900,20248300,305171129.0000,3,28.562985,1,10.007100,3.293441,35.504470,1.024068,9.968597,0,10.007097232079488
2019-06-14,sh.603787,15.9700,16.0000,14.3300,14.9700,15.5000,6073775,90743978.0000,3,8.567887,1,-3.419353,3.180826,34.290446,0.989052,9.627735,0,-3.419354838709676
2019-06-17,sh.603787,14.9200,16.3600,14.8600,15.6200,14.9700,6579388,100907273.0000,3,9.281123,1,4.342015,3.318938,35.779343,1.031996,10.045773,0,4.342017368069473
2019-06-18,sh.603787,15.5800,15.5800,14.0600,14.2300,15.6200,6507786,94931096.0000,3,9.180118,1,-8.898849,3.023591,32.595394,0.940161,9.151815,0,-8.89884763124199
2019-06-19,sh.603787,14.5500,14.6700,14.2100,14.3800,14.2300,2705800,38964464.0000,3,3.816899,1,1.054115,3.055463,32.938986,0.950071,9.248286,0,1.054111033028815
2019-06-20,sh.603787,14.2400,14.9600,14.0700,14.9200,14.3800,4379037,64245204.0000,3,6.177228,1,3.755215,3.170202,34.175915,0.985748,9.595579,0,3.7552155771905404
2019-06-21,sh.603787,14.9200,16.4100,14.9200,16.4100,14.9200,6287909,99727516.0000,3,8.869952,1,9.986593,3.486798,37.588926,1.084191,10.553850,0,9.986595174262746
2019-06-24,sh.603787,16.6600,18.0500,16.6100,18.0500,16.4100,10324669,180885780.0000,3,14.564352,1,9.993902,3.835265,41.345528,1.192544,11.608592,0,9.993906154783684
2019-06-25,sh.603787,18.7800,18.7800,16.2500,16.4100,18.0500,13410531,226788683.0000,3,18.917380,1,-9.085870,3.486798,37.588926,1.084191,10.553850,0,-9.08587257617729
2019-06-26,sh.603787,14.8400,15.3400,14.7700,14.7700,16.4100,2812400,41807078.0000,3,3.967273,1,-9.993902,3.138330,33.832324,0.975838,9.499108,0,-9.993906154783671
2019-06-27,sh.603787,13.8000,15.3000,13.8000,14.5000,14.7700,6937592,102266255.0000,3,9.786418,1,-1.828033,3.080961,33.213859,0.957999,9.325462,0,-1.8280297901150933
2019-06-28,sh.603787,14.7300,14.9900,14.0500,14.7500,14.5000,11789918,170569404.0000,3,16.631285,1,1.724138,3.134081,33.786512,0.974516,9.486246,0,1.724137931034475
2019-07-01,sh.603787,14.7400,14.9200,14.5800,14.6600,14.7500,3735655,54835950.0000,3,5.269650,1,-0.610170,3.114957,33.580357,0.968570,9.428363,0,-0.6101694915254252
2019-07-02,sh.603787,14.6200,15.1400,14.4000,14.5000,14.6600,3887818,57128858.0000,3,5.484297,1,-1.091404,3.080961,33.213859,0.957999,9.325462,0,-1.0914051841746208
2019-07-03,sh.603787,14.5500,14.8800,14.4000,14.8000,14.5000,5950753,87021968.0000,3,8.394348,1,2.068967,3.144705,33.901042,0.977820,9.518402,0,2.0689655172413834
2019-07-04,sh.603787,14.7900,14.8600,14.4500,14.5300,14.8000,3287300,48142215.0000,3,4.637184,1,-1.824327,3.087335,33.282577,0.959981,9.344756,0,-1.8243243243243334
2019-07-05,sh.603787,14.5000,14.5300,14.1800,14.3200,14.5300,1521800,21828999.0000,3,2.146706,1,-1.445286,3.042714,32.801549,0.946107,9.209697,0,-1.4452856159669625
2019-07-08,sh.603787,14.3200,14.5000,14.0900,14.2600,14.3200,2190105,31186478.0000,3,3.089441,1,-0.418991,3.029965,32.664112,0.942143,9.171109,0,-0.41899441340782495
2019-07-09,sh.603787,14.2800,14.4500,14.1800,14.4300,14.2600,1295986,18615640.0000,3,1.828165,1,1.192146,3.066087,33.053516,0.953374,9.280442,0,1.192145862552585
2019-07-10,sh.603787,14.5000,14.5500,14.3200,14.4500,14.4300,2526832,36478407.0000,3,3.564441,1,0.138597,3.070337,33.099328,0.954696,9.293305,0,0.1386001386001423
2019-07-11,sh.603787,14.4500,14.7400,14.4100,14.4900,14.4500,2013700,29402910.0000,3,2.840598,1,0.276816,3.078836,33.190953,0.957339,9.319030,0,0.27681660899654403
2019-07-12,sh.603787,14.4900,15.9400,14.4900,15.9400,14.4900,9155727,143250857.0000,3,12.915400,1,10.006900,3.386932,36.512339,1.053138,10.251577,0,10.006901311249127
2019-07-15,sh.603787,16.2400,17.5300,15.9300,17.5300,15.9400,9813728,166056564.0000,3,13.843600,1,9.974914,3.724775,40.154410,1.158188,11.274162,0,9.974905897114184
2019-07-16,sh.603787,18.4600,19.2800,17.8000,19.2800,17.5300,16753937,313381436.0000,3,23.633710,1,9.982886,4.096615,44.162979,1.273809,12.399649,0,9.982886480319442
2019-07-17,sh.603787,19.8800,20.2500,18.5000,19.4900,19.2800,10106184,194883075.0000,3,14.256149,1,1.089207,4.141236,44.644008,1.287683,12.534707,0,1.0892116182572575
2019-07-18,sh.603787,19.3300,19.6500,18.7200,19.1800,19.4900,7393654,141540265.0000,3,10.429756,1,-1.590557,4.075367,43.933918,1.267202,12.335335,0,-1.5905592611595631
2019-07-19,sh.603787,19.1000,19.9900,18.9200,19.8500,19.1800,13388928,259701448.0000,3,18.886906,1,3.493223,4.217729,45.468627,1.311468,12.766236,0,3.493222106360805
2019-07-22,sh.603787,20.1500,20.4800,19.5000,19.7600,19.8500,14636700,292650852.0000,3,20.647059,1,-0.453401,4.198606,45.262472,1.305522,12.708354,0,-0.45340050377833396
2019-07-23,sh.603787,19.9600,20.5900,18.9600,19.5700,19.7600,12816239,251528000.0000,3,18.079051,1,-0.961541,4.158234,44.827256,1.292969,12.586158,0,-0.9615384615384692
2019-07-24,sh.603787,19.5500,21.5300,19.2000,21.5300,19.5700,11203026,228330148.0000,3,15.803394,1,10.015340,4.574695,49.316854,1.422464,13.846703,0,10.015329586101185
2019-07-25,sh.603787,21.9000,21.9000,19.6100,20.1100,21.5300,8325770,169347601.0000,3,11.744633,1,-6.595448,4.272974,46.064186,1.328646,12.933451,0,-6.595448211797494
2019-07-26,sh.603787,20.0900,20.1200,19.6600,19.6700,20.1100,4969400,98686038.0000,3,7.010000,1,-2.188000,4.179482,45.056318,1.299575,12.650471,0,-2.1879661859771193
2019-07-29,sh.603787,19.4800,19.4800,18.6900,18.8700,19.6700,3195810,60387136.0000,3,4.508125,1,-4.067103,4.009498,43.223829,1.246720,12.135963,0,-4.067107269954251
2019-07-30,sh.603787,19.0700,20.2800,18.7700,19.5500,18.8700,5879371,114322888.0000,3,8.293700,1,3.603600,4.153985,44.781444,1.291647,12.573295,0,3.603603603603611
2019-07-31,sh.603787,19.7100,19.8300,19.2000,19.5800,19.5500,2216900,43222882.0000,3,3.127200,1,0.153500,4.160359,44.850163,1.293629,12.592589,0,0.1534526854219731
2019-08-01,sh.603787,19.5700,19.7000,19.0800,19.3300,19.5800,3935762,76549101.0000,3,5.551900,1,-1.276800,4.107239,44.277510,1.277112,12.431805,0,-1.2768130745658857
2019-08-02,sh.603787,19.3200,19.5800,18.7200,19.4200,19.3300,2589323,49718893.0000,3,3.652600,1,0.465600,4.126362,44.483665,1.283058,12.489688,0,0.46559751681325423
2019-08-05,sh.603787,19.4800,19.8700,19.3000,19.4200,19.4200,1998100,39196860.0000,3,2.818600,1,0.000000,4.126362,44.483665,1.283058,12.489688,0,0.0
2019-08-06,sh.603787,19.1500,20.2800,18.4800,20.0800,19.4200,3688300,71982467.0000,3,5.202800,1,3.398600,4.266599,45.995468,1.326664,12.914157,0,3.3985581874356185
2019-08-07,sh.603787,19.9700,20.6100,19.7000,19.7200,20.0800,2358714,47434521.0000,3,3.327300,1,-1.792800,4.190106,45.170848,1.302879,12.682628,0,-1.7928286852589626
2019-08-08,sh.603787,19.9400,20.3000,19.7000,19.9700,19.7200,2690500,53727249.0000,3,3.795300,1,1.267700,4.243226,45.743501,1.319396,12.843412,0,1.2677484787018356
2019-08-09,sh.603787,20.2000,20.2100,19.2000,19.4400,19.9700,2139900,42067206.0000,3,3.018600,1,-2.654000,4.130612,44.529477,1.284380,12.502550,0,-2.6539809714571705
2019-08-12,sh.603787,19.3500,19.7900,19.1900,19.5600,19.4400,1560800,30383625.0000,3,2.201700,1,0.617300,4.156110,44.804350,1.292308,12.579726,0,0.6172839506172645
2019-08-13,sh.603787,19.5600,19.8300,19.3600,19.6100,19.5600,1412754,27716427.0000,3,1.992900,1,0.255600,4.166734,44.918881,1.295611,12.611883,0,0.2556237218813928
2019-08-14,sh.603787,19.8100,19.8700,19.3900,19.4300,19.6100,1416320,27895837.0000,3,1.997900,1,-0.917900,4.128487,44.506571,1.283719,12.496119,0,-0.9178990311065727
2019-08-15,sh.603787,19.1000,19.8500,19.0900,19.7200,19.4300,2259154,44385896.0000,3,3.186800,1,1.492500,4.190106,45.170848,1.302879,12.682628,0,1.4925373134328401
2019-08-16,sh.603787,19.9000,20.0000,19.5800,19.6200,19.7200,2160954,42589072.0000,3,3.048300,1,-0.507100,4.168858,44.941787,1.296272,12.618315,0,-0.5070993914807143
2019-08-19,sh.603787,19.8900,21.5300,19.4000,21.1600,19.6200,7078566,146700196.0000,3,9.985300,1,7.849100,4.496078,48.469328,1.398018,13.608743,0,7.8491335372069315
2019-08-20,sh.603787,21.2000,22.3300,20.9100,22.2900,21.1600,6356564,137445512.0000,3,8.966800,1,5.340300,4.736180,51.057718,1.472676,14.335486,0,5.340264650283544
2019-08-21,sh.603787,22.4000,23.3500,21.6700,23.2000,22.2900,5991830,136822160.0000,3,8.452300,1,4.082500,4.929537,53.142174,1.532799,14.920739,0,4.082548227904881
2019-08-22,sh.603787,23.3800,24.0000,22.9100,23.6200,23.2000,6350137,149199088.0000,3,8.957700,1,1.810300,5.018779,54.104231,1.560548,15.190856,0,1.8103448275862188
2019-08-23,sh.603787,23.6600,24.0600,22.6200,23.5100,23.6200,7826917,182903166.0000,3,11.040900,1,-0.465700,4.995406,53.852264,1.553280,15.120111,0,-0.46570702794241914
2019-08-26,sh.603787,22.8000,24.2000,22.5100,24.2000,23.5100,4970858,115288566.0000,3,7.012100,1,2.934900,5.142017,55.432785,1.598868,15.563874,0,2.934921310080796
2019-08-27,sh.603787,24.2300,24.5500,21.8500,22.6200,24.2000,7876188,183562838.0000,3,11.110400,1,-6.528900,4.806299,51.813620,1.494479,14.547720,0,-6.528925619834702
2019-08-28,sh.603787,22.2300,22.2300,21.2900,21.7200,22.6200,4656718,100207409.0000,3,6.568900,1,-3.978800,4.701106,49.638844,1.469680,16.182556,0,-3.9787798408488118
2019-08-29,sh.603787,21.6300,21.8800,21.2900,21.7200,21.7200,2085817,45150609.0000,3,2.942300,1,0.000000,4.701106,49.638844,1.469680,16.182556,0,0.0
2019-08-30,sh.603787,21.7500,22.1000,21.4800,21.4800,21.7200,2972751,65080103.0000,3,4.193500,1,-1.105000,4.649160,49.090348,1.453440,16.003743,0,-1.104972375690605
2019-09-02,sh.603787,21.6800,21.8700,21.2300,21.4400,21.4800,1717899,36917029.0000,3,2.423300,1,-0.186200,4.640502,48.998933,1.450733,15.973941,0,-0.18621973929235924
2019-09-03,sh.603787,21.4400,21.7300,21.1200,21.5000,21.4400,2682700,57801382.0000,3,3.784300,1,0.279800,4.653488,49.136056,1.454793,16.018644,0,0.2798507462686617
2019-09-04,sh.603787,21.6800,21.6900,21.3200,21.6000,21.5000,3643900,78500489.0000,3,5.140200,1,0.465100,4.675133,49.364596,1.461560,16.093150,0,0.46511627906977715
2019-09-05,sh.603787,21.6000,21.7800,21.2600,21.5600,21.6000,3041053,65581578.0000,3,4.289800,1,-0.185200,4.666475,49.273180,1.458853,16.063348,0,-0.18518518518519933
2019-09-06,sh.603787,21.5000,21.6000,21.1600,21.2200,21.5600,2014900,43149330.0000,3,2.842300,1,-1.577000,4.592885,48.496145,1.435847,15.810030,0,-1.576994434137291
2019-09-09,sh.603787,21.3600,21.5500,21.1500,21.3900,21.2200,3030268,64774202.0000,3,4.274600,1,0.801100,4.629680,48.884663,1.447350,15.936689,0,0.8011310084825807
2019-09-10,sh.603787,21.3900,21.4400,21.0200,21.1900,21.3900,1843600,39025924.0000,3,2.600600,1,-0.935000,4.586392,48.427583,1.433817,15.787678,0,-0.935016362786345
2019-09-11,sh.603787,21.1500,21.2200,20.7600,20.8100,21.1900,1723951,36039168.0000,3,2.431900,1,-1.793300,4.504144,47.559132,1.408105,15.504558,0,-1.7932987258140742
2019-09-12,sh.603787,20.9000,21.3700,20.5000,21.1400,20.8100,4391876,91700656.0000,3,6.195300,1,1.585800,4.575570,48.313313,1.430434,15.750425,0,1.5857760691975198
2019-09-16,sh.603787,21.1800,21.4900,20.3600,20.4500,21.1400,4410676,91297466.0000,3,6.221900,1,-3.263900,4.426225,46.736389,1.383745,15.236339,0,-3.263954588457907
2019-09-17,sh.603787,20.6000,20.6300,20.2500,20.3300,20.4500,1775328,36159944.0000,3,2.504300,1,-0.586800,4.400252,46.462141,1.375625,15.146932,0,-0.5867970660146771
2019-09-18,sh.603787,20.3800,20.7500,19.5500,19.7000,20.3300,4768334,96442063.0000,3,6.726400,1,-3.098900,4.263894,45.022340,1.332997,14.677549,0,-3.098868666994581
2019-09-19,sh.603787,19.7700,21.5500,19.6600,21.1900,19.7000,4796215,100022200.0000,3,6.765700,1,7.563500,4.586392,48.427583,1.433817,15.787678,0,7.5634517766497655
2019-09-20,sh.603787,21.0000,21.1500,20.2800,20.6300,21.1900,4380515,90574869.0000,3,6.179300,1,-2.642800,4.465185,47.147760,1.395925,15.370448,0,-2.642756016989156
2019-09-23,sh.603787,20.5000,20.8100,20.2000,20.7200,20.6300,1675567,34433536.0000,3,2.363600,1,0.436300,4.484664,47.353446,1.402015,15.437503,0,0.43625787687833206
2019-09-24,sh.603787,20.5700,20.8400,20.3600,20.6800,20.7200,1763800,36307730.0000,3,2.488100,1,-0.193000,4.476007,47.262030,1.399308,15.407701,0,-0.19305019305019266
2019-09-25,sh.603787,20.6800,22.2500,20.3600,21.6600,20.6800,3900909,83278974.0000,3,5.502800,1,4.738900,4.688119,49.501720,1.465620,16.137853,0,4.738878143133474
2019-09-26,sh.603787,21.7100,22.7700,21.3600,22.5900,21.6600,4647936,103016212.0000,3,6.556500,1,4.293600,4.889409,51.627140,1.528548,16.830752,0,4.293628808864258
2019-09-27,sh.603787,22.4800,22.5400,21.5600,21.9500,22.5900,2640919,58385754.0000,3,3.725400,1,-2.833100,4.750887,50.164485,1.485242,16.353918,0,-2.833111996458615
2019-09-30,sh.603787,21.9700,21.9700,19.9900,21.5800,21.9500,2136319,46052588.0000,3,3.013600,1,-1.685700,4.670804,49.318888,1.460206,16.078249,0,-1.6856492027334857
2019-10-08,sh.603787,21.5000,21.6500,20.0000,21.2800,21.5800,2386764,50584759.0000,3,3.366900,1,-1.390200,4.605871,48.633269,1.439907,15.854733,0,-1.3901760889712511
2019-10-09,sh.603787,21.2700,21.3500,20.8000,21.0400,21.2800,1518500,32002923.0000,3,2.142100,1,-1.127800,4.553925,48.084773,1.423667,15.675920,0,-1.1278195488721887
2019-10-10,sh.603787,21.0700,21.4500,20.7500,20.8300,21.0400,1445200,30255486.0000,3,2.038700,1,-0.998100,4.508473,47.604840,1.409458,15.519459,0,-0.9980988593155882
2019-10-11,sh.603787,20.9000,21.5700,20.6500,21.3200,20.8300,2896300,61531166.0000,3,4.085600,1,2.352400,4.614529,48.724685,1.442614,15.884535,0,2.3523763802208553
2019-10-14,sh.603787,21.4000,21.4300,21.1100,21.1500,21.3200,1048800,22303892.0000,3,1.479500,1,-0.797400,4.577734,48.336167,1.431111,15.757876,0,-0.7973733583489739
2019-10-15,sh.603787,21.1500,22.2200,20.9100,21.9500,21.1500,2888449,62837831.0000,3,4.074600,1,3.782500,4.750887,50.164485,1.485242,16.353918,0,3.78250591016549
2019-10-16,sh.603787,21.9500,21.9800,21.6300,21.9600,21.9500,747319,16307551.0000,3,1.054200,1,0.045600,4.753051,50.187339,1.485919,16.361369,0,0.04555808656037108
2019-10-17,sh.603787,21.9600,22.5500,21.8100,22.0600,21.9600,1551819,34360190.0000,3,2.189100,1,0.455400,4.774696,50.415879,1.492686,16.435874,0,0.4553734061930603
2019-10-18,sh.603787,21.9500,22.0600,21.6100,21.7600,22.0600,881900,19178281.0000,3,1.244000,1,-1.359900,4.709763,49.730260,1.472386,16.212358,0,-1.359927470534894
2019-10-21,sh.603787,21.7000,22.0000,21.2700,21.9800,21.7600,894900,19456434.0000,3,1.262400,1,1.011000,4.757380,50.233047,1.487272,16.376270,0,1.0110294117646967
2019-10-22,sh.603787,21.9100,22.8300,21.7200,22.6400,21.9800,2258900,50672229.0000,3,3.186500,1,3.002700,4.900232,51.741410,1.531931,16.868005,0,3.00272975432212
2019-10-23,sh.603787,22.7500,23.2000,22.3300,22.6900,22.6400,1340819,30374321.0000,3,1.891400,1,0.220900,4.911054,51.855680,1.535314,16.905258,0,0.22084805653710404
2019-10-24,sh.603787,22.6800,23.6800,22.4800,23.5000,22.6900,2140200,49314300.0000,3,3.019000,1,3.569900,5.086371,53.706852,1.590123,17.508751,0,3.569854561480823
2019-10-25,sh.603787,23.4500,24.4900,23.0700,24.1000,23.5000,3060519,72858556.0000,3,4.317300,1,2.553200,4.998752,53.826031,1.572144,33.957575,0,2.553191489361706
2019-10-28,sh.603787,24.0500,24.8800,23.7000,24.5800,24.1000,2411919,58515007.0000,3,3.402300,1,1.991700,5.098312,54.898084,1.603456,34.633909,0,1.991701244813271
2019-10-29,sh.603787,24.5500,25.5200,23.9900,24.3500,24.5800,5808460,141789695.0000,3,8.193600,1,-0.935700,5.050606,54.384392,1.588452,34.309832,0,-0.9357200976403468
2019-10-30,sh.603787,23.9900,23.9900,21.9200,21.9400,24.3500,3187700,71884370.0000,3,4.496700,1,-9.897300,4.550731,49.001789,1.431238,30.914075,0,-9.897330595482545
2019-10-31,sh.603787,19.7500,19.7500,19.7500,19.7500,21.9400,452200,8930950.0000,3,0.637900,1,-9.981800,4.096487,44.110544,1.288375,27.828303,0,-9.981768459434825
2019-11-01,sh.603787,17.7800,17.7800,17.7800,17.7800,19.7500,200100,3557778.0000,3,0.282300,1,-9.974700,3.687876,39.710657,1.159864,25.052518,0,-9.974683544303787
2019-11-04,sh.603787,16.0000,16.8900,16.0000,16.0000,17.7800,19016600,304325919.0000,3,26.825500,1,-10.011300,3.318673,35.735124,1.043747,22.544448,0,-10.011248593925771
2019-11-05,sh.603787,14.4000,15.5000,14.4000,15.1000,16.0000,37812723,551530798.0000,3,53.340000,1,-5.625000,3.131998,33.725023,0.985036,21.276323,0,-5.625000000000002
2019-11-06,sh.603787,14.5000,14.5900,14.0300,14.0800,15.1000,16866104,241586179.0000,3,23.791900,1,-6.755000,2.920433,31.446909,0.918497,19.839114,0,-6.754966887417213
2019-11-07,sh.603787,14.0000,14.3600,13.8500,14.1000,14.0800,10481426,147997245.0000,3,14.785500,1,0.142000,2.924581,31.491578,0.919802,19.867295,0,0.14204545454545858
2019-11-08,sh.603787,14.1200,14.1900,13.6100,13.6900,14.1000,11869411,164411745.0000,3,16.743400,1,-2.907800,2.839540,30.575865,0.893056,19.289594,0,-2.907801418439715
2019-11-11,sh.603787,13.5000,13.5000,12.9100,13.0700,13.6900,9883921,129686734.0000,3,13.942600,1,-4.528900,2.710941,29.191129,0.852611,18.415996,0,-4.528853177501824
2019-11-12,sh.603787,13.0300,13.3600,12.5600,13.2300,13.0700,11811811,152183396.0000,3,16.662200,1,1.224200,2.744128,29.548481,0.863048,18.641441,0,1.224177505738333
2019-11-13,sh.603787,13.1000,13.1200,12.9000,12.9100,13.2300,6414500,83324716.0000,3,9.048500,1,-2.418700,2.677755,28.833778,0.842173,18.190552,0,-2.4187452758881345
2019-11-14,sh.603787,12.9500,13.6300,12.7600,13.4000,12.9100,12619411,168488059.0000,3,17.801400,1,3.795500,2.779389,29.928166,0.874138,18.880975,0,3.7955073586367183
2019-11-15,sh.603787,13.3500,13.3900,13.0100,13.0100,13.4000,6966500,91628495.0000,3,9.827200,1,-2.910400,2.698496,29.057123,0.848697,18.331454,0,-2.910447761194035
2019-11-18,sh.603787,12.9000,13.3300,12.7500,13.1300,13.0100,5790630,75818917.0000,3,8.168500,1,0.922400,2.723386,29.325136,0.856525,18.500538,0,0.9223674096848544
2019-11-19,sh.603787,13.1300,13.7500,13.0300,13.5400,13.1300,9816738,131413720.0000,3,13.847800,1,3.122600,2.808427,30.240849,0.883271,19.078239,0,3.1226199543031186
2019-11-20,sh.603787,13.5500,14.1700,13.4300,13.8700,13.5400,13048819,180706395.0000,3,18.407100,1,2.437200,2.876875,30.977886,0.904798,19.543219,0,2.4372230428360453
2019-11-21,sh.603787,13.7000,14.0700,13.6100,13.9600,13.8700,8751883,121383437.0000,3,12.345700,1,0.648900,2.895542,31.178896,0.910669,19.670031,0,0.648882480173052
2019-11-22,sh.603787,13.8200,14.0900,13.4800,13.5500,13.9600,7759083,106496617.0000,3,10.945200,1,-2.937000,2.810501,30.263183,0.883923,19.092330,0,-2.936962750716332
2019-11-25,sh.603787,13.5100,13.5900,12.7700,12.8500,13.5500,7197000,93567545.0000,3,10.152300,1,-5.166000,2.665310,28.699771,0.838259,18.106010,0,-5.166051660516613
2019-11-26,sh.603787,12.8500,12.9300,12.4800,12.5800,12.8500,6022719,76143396.0000,3,8.495900,1,-2.101200,2.609307,28.096741,0.820646,17.725572,0,-2.10116731517509
2019-11-27,sh.603787,12.6200,12.6700,12.3000,12.5600,12.5800,4908900,61283096.0000,3,6.924700,1,-0.159000,2.605159,28.052072,0.819341,17.697392,0,-0.15898251192368873
2019-11-28,sh.603787,12.5400,12.6400,12.3100,12.3400,12.5600,4169800,51824442.0000,3,5.882100,1,-1.751600,2.559527,27.560714,0.804990,17.387406,0,-1.7515923566879033
2019-11-29,sh.603787,12.2900,12.4300,12.1200,12.2500,12.3400,3440049,42196490.0000,3,4.852700,1,-0.729300,2.540859,27.359704,0.799119,17.260593,0,-0.7293354943273878
2019-12-02,sh.603787,12.2500,12.4700,12.2200,12.3900,12.2500,3606868,44566943.0000,3,5.088000,1,1.142900,2.569898,27.672387,0.808252,17.457857,0,1.1428571428571566
2019-12-03,sh.603787,12.3000,13.2400,12.2000,12.9100,12.3900,9247619,117802193.0000,3,13.045000,1,4.196900,2.677755,28.833778,0.842173,18.190552,0,4.196933010492332
2019-12-04,sh.603787,12.7400,12.8400,12.6100,12.6300,12.9100,5720568,72663889.0000,3,8.069600,1,-2.168900,2.619678,28.208414,0.823908,17.796024,0,-2.1688613477924057
2019-12-05,sh.603787,12.6500,12.8600,12.6200,12.7000,12.6300,4367100,55503920.0000,3,6.160400,1,0.554200,2.634197,28.364755,0.828474,17.894656,0,0.5542359461599311
2019-12-06,sh.603787,12.7400,12.8100,12.4700,12.5500,12.7000,4083500,51293374.0000,3,5.760300,1,-1.181100,2.603084,28.029738,0.818689,17.683302,0,-1.1811023622047112
2019-12-09,sh.603787,12.6300,12.7200,12.5300,12.5800,12.5500,3537890,44587861.0000,3,4.990700,1,0.239000,2.609307,28.096741,0.820646,17.725572,0,0.23904382470119057
2019-12-10,sh.603787,12.6200,13.1700,12.5300,13.1400,12.5800,9764203,126388269.0000,3,13.773700,1,4.451500,2.725460,29.347471,0.857177,18.514628,0,4.451510333863284
2019-12-11,sh.603787,13.1600,13.1600,12.8300,12.8700,13.1400,6275100,81246884.0000,3,8.851900,1,-2.054800,2.669458,28.744440,0.839564,18.134191,0,-2.0547945205479534
2019-12-12,sh.603787,13.0600,13.0800,12.7000,12.7000,12.8700,3875900,49676663.0000,3,5.467500,1,-1.320900,2.634197,28.364755,0.828474,17.894656,0,-1.3209013209013243
2019-12-13,sh.603787,12.7300,12.8600,12.6800,12.7300,12.7000,3255800,41469760.0000,3,4.592700,1,0.236200,2.640419,28.431758,0.830431,17.936927,0,0.23622047244096223
2019-12-16,sh.603787,12.7400,12.9500,12.6100,12.9100,12.7300,4444698,56886779.0000,3,6.269900,1,1.414000,2.677755,28.833778,0.842173,18.190552,0,1.413982717989004
2019-12-17,sh.603787,12.9900,13.2300,12.8900,13.1300,12.9100,7560827,98891461.0000,3,10.665600,1,1.704100,2.723386,29.325136,0.856525,18.500538,0,1.7041053446940513
2019-12-18,sh.603787,13.1800,14.4400,13.1300,14.4400,13.1300,12059318,166894667.0000,3,17.011300,1,9.977100,2.995103,32.250949,0.941982,20.346365,0,9.97715156130996
2019-12-19,sh.603787,14.8500,15.8800,14.0500,14.9800,14.4400,26557475,395095246.0000,3,37.462900,1,3.739600,3.107108,33.457010,0.977208,21.107240,0,3.7396121883656486
2019-12-20,sh.603787,14.6000,14.9600,14.3400,14.3500,14.9800,14876052,217108202.0000,3,20.984700,1,-4.205600,2.976435,32.049939,0.936111,20.219552,0,-4.20560747663552
2019-12-23,sh.603787,14.2100,14.2100,13.7100,13.8100,14.3500,8145893,113399032.0000,3,11.490900,1,-3.763100,2.864430,30.843879,0.900884,19.458677,0,-3.7630662020905814
2019-12-24,sh.603787,13.8300,14.2600,13.7800,14.2000,13.8100,7015143,98716364.0000,3,9.895800,1,2.824000,2.945323,31.714923,0.926325,20.008198,0,2.824040550325835
2019-12-25,sh.603787,14.0700,14.2000,13.9400,14.1100,14.2000,5661552,79451342.0000,3,7.986400,1,-0.633800,2.926655,31.513912,0.920454,19.881385,0,-0.6338028169014076
2019-12-26,sh.603787,14.0200,14.1500,13.8700,14.0300,14.1100,4918617,68876143.0000,3,6.938400,1,-0.567000,2.910062,31.335237,0.915236,19.768663,0,-0.5669737774627981
2019-12-27,sh.603787,14.0500,14.0900,13.6200,13.6600,14.0300,5627919,78111364.0000,3,7.938900,1,-2.637200,2.833317,30.508862,0.891099,19.247323,0,-2.6372059871703435
2019-12-30,sh.603787,13.5600,14.1000,13.1500,13.9400,13.6600,6293495,85766675.0000,3,8.877800,1,2.049800,2.891394,31.134227,0.909364,19.641851,0,2.0497803806734938
2019-12-31,sh.603787,13.8100,13.9300,13.6200,13.8300,13.9400,3782900,52136536.0000,3,5.336300,1,-0.789100,2.868578,30.888548,0.902189,19.486857,0,-0.7890961262553731
2020-01-02,sh.603787,13.9000,14.2700,13.9000,14.0900,13.8300,6911291,97441916.0000,3,9.749300,1,1.880000,2.922507,31.469244,0.919150,19.853205,0,1.8799710773680367
2020-01-03,sh.603787,14.2000,14.2500,13.9400,13.9700,14.0900,5423152,76227282.0000,3,7.650100,1,-0.851700,2.897617,31.201230,0.911322,19.684121,0,-0.8516678495386731
2020-01-06,sh.603787,13.8400,14.1900,13.6900,14.1300,13.9700,5839599,81724396.0000,3,8.237500,1,1.145300,2.930803,31.558581,0.921759,19.909566,0,1.1453113815318439
2020-01-07,sh.603787,14.1400,14.2600,14.0000,14.2500,14.1300,5536200,78280319.0000,3,7.809600,1,0.849300,2.955693,31.826595,0.929587,20.078649,0,0.849256900212314
2020-01-08,sh.603787,14.1400,14.1700,13.7600,13.7800,14.2500,5675463,79284762.0000,3,8.006000,1,-3.298200,2.858207,30.776876,0.898927,19.416406,0,-3.298245614035089
2020-01-09,sh.603787,13.8600,14.0800,13.8600,14.0200,13.7800,4051863,56725328.0000,3,5.715700,1,1.741700,2.907988,31.312902,0.914583,19.754573,0,1.7416545718432541
2020-01-10,sh.603787,14.1500,14.1800,13.9100,13.9500,14.0200,3768320,52846871.0000,3,5.315700,1,-0.499300,2.893468,31.156561,0.910017,19.655941,0,-0.4992867332382356
2020-01-13,sh.603787,13.9600,14.1000,13.7000,14.0800,13.9500,4155520,57954308.0000,3,5.861900,1,0.931900,2.920433,31.446909,0.918497,19.839114,0,0.931899641577072
2020-01-14,sh.603787,14.2200,14.2500,14.0500,14.0500,14.0800,4647001,65707124.0000,3,6.555200,1,-0.213100,2.914210,31.379906,0.916540,19.796844,0,-0.21306818181817677
2020-01-15,sh.603787,14.1400,14.1500,13.8500,13.8600,14.0500,3351943,46674102.0000,3,4.728400,1,-1.352300,2.874801,30.955551,0.904146,19.529128,0,-1.3523131672597999
2020-01-16,sh.603787,13.8800,13.9900,13.7600,13.7800,13.8600,2811577,38910273.0000,3,3.966100,1,-0.577200,2.858207,30.776876,0.898927,19.416406,0,-0.5772005772005762
2020-01-17,sh.603787,13.8300,14.8000,13.7400,14.3300,13.7800,10162875,145942306.0000,3,14.336100,1,3.991300,2.972287,32.005270,0.934806,20.191371,0,3.991291727140789
2020-01-20,sh.603787,14.3900,14.7500,14.2000,14.6000,14.3300,8313415,120704478.0000,3,11.727200,1,1.884200,3.028289,32.608301,0.952419,20.571809,0,1.8841591067690233
2020-01-21,sh.603787,14.4500,14.7400,14.2400,14.3200,14.6000,5467743,78873557.0000,3,7.713000,1,-1.917800,2.970213,31.982936,0.934153,20.177281,0,-1.9178082191780743
2020-01-22,sh.603787,14.2700,14.3100,13.9100,13.9500,14.3200,5189600,72841665.0000,3,7.320600,1,-2.583800,2.893468,31.156561,0.910017,19.655941,0,-2.583798882681576
2020-01-23,sh.603787,13.7900,13.7900,12.6100,12.7100,13.9500,7461165,98126650.0000,3,10.525000,1,-8.888900,2.636271,28.387089,0.829126,17.908746,0,-8.888888888888879
2020-02-03,sh.603787,11.4400,11.4400,11.4400,11.4400,12.7100,430700,4927208.0000,3,0.607600,1,-9.992100,2.372851,25.550614,0.746279,16.119281,0,-9.992132179386315
2020-02-04,sh.603787,10.3000,10.8500,10.3000,10.5300,11.4400,8441660,88620645.0000,3,11.908100,1,-7.954500,2.184102,23.518179,0.686916,14.837065,0,-7.954545454545459
2020-02-05,sh.603787,10.5500,10.9800,10.5300,10.7000,10.5300,5255300,56590364.0000,3,7.413300,1,1.614400,2.219363,23.897864,0.698006,15.076600,0,1.614434947768273
2020-02-06,sh.603787,10.8000,11.1400,10.6100,11.1100,10.7000,5233260,57099756.0000,3,7.382200,1,3.831800,2.304404,24.813577,0.724752,15.654301,0,3.831775700934581
2020-02-07,sh.603787,11.1500,11.3900,10.9300,11.1800,11.1100,4776200,53363596.0000,3,6.737500,1,0.630100,2.318923,24.969918,0.729318,15.752933,0,0.6300630063006407
2020-02-10,sh.603787,11.3800,12.3000,11.3800,12.2100,11.1800,8551917,102800336.0000,3,12.063600,1,9.212900,2.532563,27.270367,0.796509,17.204232,0,9.212880143112724
2020-02-11,sh.603787,12.0700,12.2000,11.8200,11.9300,12.2100,4459900,53466055.0000,3,6.291300,1,-2.293200,2.474486,26.645002,0.778244,16.809704,0,-2.293202293202301
2020-02-12,sh.603787,12.0000,12.5200,12.0000,12.1800,11.9300,4526100,55204619.0000,3,6.384700,1,2.095600,2.526340,27.203363,0.794552,17.161961,0,2.095557418273253
2020-02-13,sh.603787,12.0900,12.2600,11.9000,12.0200,12.1800,3556156,42865166.0000,3,5.016400,1,-1.313600,2.493153,26.846012,0.784115,16.936517,0,-1.3136288998357948
2020-02-14,sh.603787,12.0300,12.1900,11.9700,12.1700,12.0200,2759807,33304948.0000,3,3.893100,1,1.247900,2.524266,27.181029,0.793900,17.147871,0,1.2479201331114798
2020-02-17,sh.603787,12.3600,12.7500,12.1500,12.7000,12.1700,6011609,74693951.0000,3,8.480200,1,4.355000,2.634197,28.364755,0.828474,17.894656,0,4.354971240755945
2020-02-18,sh.603787,12.7000,13.9700,12.6100,13.9700,12.7000,8394718,114611712.0000,3,11.841900,1,10.000000,2.897617,31.201230,0.911322,19.684121,0,10.000000000000009
2020-02-19,sh.603787,14.3000,15.3700,13.9000,15.3700,13.9700,20107447,298746918.0000,3,28.364300,1,10.021500,2.897617,31.201230,0.911322,19.684121,0,10.021474588403724
2020-02-20,sh.603787,15.3700,16.5000,13.9700,15.9600,15.3700,19702617,304672661.0000,3,27.793200,1,3.838600,3.310377,35.645786,1.041138,22.488087,0,3.8386467143786795
2020-02-21,sh.603787,15.6900,16.3900,15.3000,16.0200,15.9600,13568504,214757368.0000,3,19.140200,1,0.375900,3.322822,35.779793,1.045052,22.572629,0,0.3759398496240518
2020-02-24,sh.603787,15.7400,16.0000,15.4000,15.6500,16.0200,9583205,150289450.0000,3,13.518400,1,-2.309600,3.246077,34.953418,1.020915,22.051288,0,-2.3096129837702817
2020-02-25,sh.603787,15.2600,16.7400,15.2400,16.7400,15.6500,13489825,218142280.0000,3,19.029200,1,6.964900,3.472162,37.387874,1.092020,23.587129,0,6.964856230031935
2020-02-26,sh.603787,17.1600,17.6700,15.6800,15.7500,16.7400,14001133,232308288.0000,3,19.750500,1,-5.914000,3.266819,35.176763,1.027438,22.192191,0,-5.913978494623651
2020-02-27,sh.603787,15.9000,15.9200,15.2100,15.3400,15.7500,6764273,104991833.0000,3,9.541900,1,-2.603200,3.181778,34.261050,1.000692,21.614490,0,-2.6031746031746072
2020-02-28,sh.603787,14.4100,14.9800,14.0000,14.0500,15.3400,7660900,110194294.0000,3,10.806700,1,-8.409400,2.914210,31.379906,0.916540,19.796844,0,-8.40938722294654
2020-03-02,sh.603787,14.2600,14.7100,14.2000,14.4600,14.0500,4714900,68298765.0000,3,6.651000,1,2.918100,2.999251,32.295618,0.943286,20.374545,0,2.918149466192177
2020-03-03,sh.603787,14.8000,15.1400,14.5200,14.8800,14.4600,6164800,91006479.0000,3,8.696300,1,2.904600,3.086366,33.233665,0.970685,20.966337,0,2.9045643153526868
2020-03-04,sh.603787,14.9600,14.9600,14.3500,14.5400,14.8800,4593769,66983256.0000,3,6.480100,1,-2.284900,3.015844,32.474294,0.948505,20.487267,0,-2.284946236559149
2020-03-05,sh.603787,14.5100,15.7800,14.5000,15.5000,14.5400,7322142,112144471.0000,3,10.328900,1,6.602500,3.214965,34.618401,1.011130,21.839934,0,6.602475928473184
2020-03-06,sh.603787,15.3900,15.3900,15.0000,15.0600,15.5000,4057300,61438043.0000,3,5.723400,1,-2.838700,3.123701,33.635685,0.982427,21.219962,0,-2.8387096774193488
2020-03-09,sh.603787,15.0300,15.0300,14.0200,14.0800,15.0600,5003000,72094228.0000,3,7.057400,1,-6.507300,2.920433,31.446909,0.918497,19.839114,0,-6.507304116865875
2020-03-10,sh.603787,13.8000,14.6700,13.0800,14.5500,14.0800,4710693,66115759.0000,3,6.645100,1,3.338100,3.017919,32.496628,0.949157,20.501358,0,3.338068181818188
2020-03-11,sh.603787,14.9100,14.9100,14.0800,14.1100,14.5500,3329862,48114791.0000,3,4.697200,1,-3.024100,2.926655,31.513912,0.920454,19.881385,0,-3.024054982817881
2020-03-12,sh.603787,13.8200,13.9700,13.5100,13.6600,14.1100,3241400,44468897.0000,3,4.572400,1,-3.189200,2.833317,30.508862,0.891099,19.247323,0,-3.1892274982281976
2020-03-13,sh.603787,12.8600,13.2100,12.6100,12.9200,13.6600,6182365,79634790.0000,3,8.721100,1,-5.417300,2.679829,28.856113,0.842826,18.204642,0,-5.417276720351394
2020-03-16,sh.603787,13.0400,13.2300,11.9400,12.1100,12.9200,4829400,60687093.0000,3,6.812500,1,-6.269400,2.511821,27.047022,0.789986,17.063329,0,-6.269349845201244
2020-03-17,sh.603787,12.0600,12.3700,11.5500,11.9900,12.1100,3701941,44231928.0000,3,5.222100,1,-0.990900,2.486931,26.779009,0.782158,16.894246,0,-0.9909165978530088
2020-03-18,sh.603787,12.1000,12.4000,11.8100,11.8200,11.9900,3588500,43544441.0000,3,5.062100,1,-1.417800,2.451670,26.399323,0.771068,16.654711,0,-1.4178482068390341
2020-03-19,sh.603787,11.8300,12.0400,11.5600,11.9400,11.8200,3163769,37287199.0000,3,4.462900,1,1.015200,2.476560,26.667336,0.778896,16.823795,0,1.0152284263959421
2020-03-20,sh.603787,12.1200,12.2600,11.7800,12.1000,11.9400,3063802,36718546.0000,3,4.321900,1,1.340000,2.509747,27.024688,0.789334,17.049239,0,1.340033500837512
2020-03-23,sh.603787,11.7500,11.9300,11.2500,11.4700,12.1000,2925302,34171975.0000,3,4.126500,1,-5.206600,2.379074,25.617617,0.748236,16.161551,0,-5.2066115702479205
2020-03-24,sh.603787,11.6900,11.8400,11.2100,11.6400,11.4700,2867660,33159908.0000,3,4.045200,1,1.482100,2.414335,25.997303,0.759326,16.401086,0,1.482127288578905
2020-03-25,sh.603787,11.9000,12.0700,11.8100,11.8900,11.6400,3505500,41742506.0000,3,4.945000,1,2.147800,2.466189,26.555664,0.775634,16.753343,0,2.1477663230240474
2020-03-26,sh.603787,11.9200,11.9900,11.6700,11.7200,11.8900,2838400,33621491.0000,3,4.003900,1,-1.429800,2.430928,26.175978,0.764545,16.513808,0,-1.4297729184188368
2020-03-27,sh.603787,11.8300,11.9600,11.7300,11.7700,11.7200,2795100,33144397.0000,3,3.942900,1,0.426600,2.441299,26.287651,0.767806,16.584260,0,0.426621160409546
2020-03-30,sh.603787,11.6300,11.6300,11.1100,11.3400,11.7700,2769002,31227628.0000,3,3.906100,1,-3.653400,2.352110,25.327269,0.739756,15.978378,0,-3.6533559898045853
2020-03-31,sh.603787,11.5500,11.6000,11.2700,11.3200,11.3400,1767422,20201533.0000,3,2.493200,1,-0.176400,2.347961,25.282600,0.738451,15.950197,0,-0.17636684303350414
2020-04-01,sh.603787,11.2800,11.4700,11.1100,11.2300,11.3200,2264200,25657080.0000,3,3.194000,1,-0.795100,2.329294,25.081590,0.732580,15.823385,0,-0.7950530035335635
2020-04-02,sh.603787,11.1700,11.6500,11.1000,11.6000,11.2300,2512302,28624147.0000,3,3.543900,1,3.294800,2.406038,25.907965,0.756717,16.344725,0,3.2947462154942153
2020-04-03,sh.603787,11.5300,11.8600,11.4500,11.4800,11.6000,2931600,34101050.0000,3,4.135400,1,-1.034500,2.381148,25.639951,0.748888,16.175642,0,-1.0344827586206806
2020-04-07,sh.603787,11.7000,11.9500,11.6000,11.9200,11.4800,3079519,36270892.0000,3,4.344100,1,3.832800,2.472412,26.622667,0.777591,16.795614,0,3.832752613240409
2020-04-08,sh.603787,11.8600,12.4800,11.8100,12.3500,11.9200,4308219,52393499.0000,3,6.077300,1,3.607400,2.561601,27.583049,0.805642,17.401496,0,3.6073825503355694
2020-04-09,sh.603787,12.2500,12.4800,12.2300,12.3600,12.3500,2655400,32743176.0000,3,3.745800,1,0.081000,2.563675,27.605383,0.806294,17.415586,0,0.08097165991902688
2020-04-10,sh.603787,12.4800,12.4800,11.6500,11.9800,12.3600,2847700,34392843.0000,3,4.017100,1,-3.074400,2.484857,26.756674,0.781505,16.880156,0,-3.07443365695792
2020-04-13,sh.603787,11.9000,12.0700,11.5000,11.9000,11.9800,2306973,27257981.0000,3,3.254300,1,-0.667800,2.468263,26.577998,0.776287,16.767433,0,-0.6677796327211993
2020-04-14,sh.603787,11.9200,12.0500,11.8300,12.0300,11.9000,2130600,25443198.0000,3,3.005500,1,1.092400,2.495228,26.868346,0.784767,16.950607,0,1.092436974789912
2020-04-15,sh.603787,12.0800,12.2000,11.8500,11.9200,12.0300,2307200,27791541.0000,3,3.254600,1,-0.914400,2.472412,26.622667,0.777591,16.795614,0,-0.9143807148794592
2020-04-16,sh.603787,11.8300,12.1000,11.7000,12.0200,11.9200,2228269,26562287.0000,3,3.143300,1,0.838900,2.493153,26.846012,0.784115,16.936517,0,0.8389261744966348
2020-04-17,sh.603787,12.0300,12.0800,11.8000,11.8300,12.0200,2408800,28741352.0000,3,3.397900,1,-1.580700,2.453744,26.421657,0.771720,16.668801,0,-1.580698835274541
2020-04-20,sh.603787,11.8200,11.8600,11.6200,11.7800,11.8300,1563142,18389366.0000,3,2.205000,1,-0.422700,2.443373,26.309985,0.768459,16.598350,0,-0.4226542688081203
2020-04-21,sh.603787,11.7300,11.8500,11.4300,11.5200,11.7800,1997000,23125496.0000,3,2.817000,1,-2.207100,2.389445,25.729289,0.751498,16.232003,0,-2.2071307300509324
2020-04-22,sh.603787,11.5200,11.6100,11.4200,11.5700,11.5200,1640700,18906014.0000,3,2.314400,1,0.434000,2.399816,25.840962,0.754759,16.302454,0,0.4340277777777901
2020-04-23,sh.603787,11.5700,11.6800,11.4400,11.4600,11.5700,1593600,18340074.0000,3,2.248000,1,-0.950700,2.377000,25.595283,0.747584,16.147461,0,-0.9507346585998278
2020-04-24,sh.603787,11.4600,11.6700,11.3700,11.3900,11.4600,2687250,30840660.0000,3,3.790700,1,-0.610800,2.362481,25.438941,0.743017,16.048829,0,-0.610820244328103
2020-04-27,sh.603787,11.0700,11.1000,10.3100,10.5000,11.3900,5676453,59774987.0000,3,2.782600,1,-7.813900,2.278419,69.759934,0.759338,13.108301,0,-7.813871817383678
2020-04-28,sh.603787,10.3500,10.6900,9.6200,10.4600,10.5000,5300552,54145853.0000,3,2.598300,1,-0.381000,2.269739,69.494181,0.756446,13.058364,0,-0.3809523809523707
2020-04-29,sh.603787,11.2400,11.2600,10.5400,10.5500,10.4600,3518552,38176146.0000,3,1.724800,1,0.860400,2.289269,70.092124,0.762954,13.170721,0,0.8604206500955947
2020-04-30,sh.603787,10.5000,10.8900,10.4000,10.7900,10.5500,2680010,28669980.0000,3,1.313700,1,2.274900,2.341347,71.686636,0.780311,13.470340,0,2.274881516587657
2020-05-06,sh.603787,10.6900,11.0800,10.6800,10.8800,10.7900,2220410,24040596.0000,3,1.088400,1,0.834100,2.360876,72.284579,0.786819,13.582696,0,0.8341056533827773
2020-05-07,sh.603787,10.8800,10.9400,10.6000,10.6600,10.8800,2169600,23246527.0000,3,1.063500,1,-2.022100,2.313138,70.822942,0.770909,13.308046,0,-2.0220588235294157
2020-05-08,sh.603787,10.6900,11.7300,10.6900,11.7300,10.6600,5204410,58651236.0000,3,2.551200,1,10.037500,2.545320,77.931811,0.848289,14.643845,0,10.037523452157604
2020-05-11,sh.603787,12.0800,12.7600,12.0800,12.3000,11.7300,9052692,111726717.0000,3,4.437600,1,4.859300,2.669005,81.718779,0.889511,15.355438,0,4.859335038363177
2020-05-12,sh.603787,12.3400,12.3400,11.8000,12.2000,12.3000,4174118,50523018.0000,3,2.046100,1,-0.813000,2.647306,81.054399,0.882279,15.230597,0,-0.8130081300813163
2020-05-13,sh.603787,12.0900,12.5000,12.0900,12.1800,12.2000,3206351,39377300.0000,3,1.571700,1,-0.163900,2.642966,80.921523,0.880832,15.205629,0,-0.16393442622950616
2020-05-14,sh.603787,12.1000,12.1200,11.8400,11.8800,12.1800,2648352,31736838.0000,3,1.298200,1,-2.463100,2.577868,78.928382,0.859137,14.831106,0,-2.463054187192104
2020-05-15,sh.603787,12.0100,12.2700,11.8900,12.2300,11.8800,2634510,31903308.0000,3,1.291400,1,2.946100,2.653816,81.253713,0.884448,15.268049,0,2.946127946127941
2020-05-18,sh.603787,12.7300,12.7700,12.2000,12.3500,12.2300,5123852,63691236.0000,3,2.511700,1,0.981200,2.679855,82.050969,0.893126,15.417859,0,0.9811937857726827
2020-05-19,sh.603787,12.9000,12.9000,12.5000,12.7700,12.3500,5280351,67308044.0000,3,2.588400,1,3.400800,2.770992,84.841367,0.923500,15.942191,0,3.4008097165991957
2020-05-20,sh.603787,12.9400,14.0000,12.9000,13.0200,12.7700,10220851,136064663.0000,3,5.010200,1,1.957700,2.825240,86.502318,0.941580,16.254293,0,1.9577133907595856
2020-05-21,sh.603787,12.8500,12.9500,11.9300,11.9700,13.0200,7760800,96442725.0000,3,3.804300,1,-8.064500,2.597398,79.526324,0.865646,14.943463,0,-8.064516129032251
2020-05-22,sh.603787,11.9700,12.1300,11.2700,11.3800,11.9700,4458100,51956284.0000,3,2.185300,1,-4.929000,2.469372,75.606480,0.822978,14.206901,0,-4.9289891395154495
2020-05-25,sh.603787,11.2800,11.5500,11.0300,11.0600,11.3800,2665200,29821159.0000,3,1.306500,1,-2.811900,2.399935,73.480463,0.799836,13.807410,0,-2.811950790861162
2020-05-26,sh.603787,11.0600,11.5200,11.0600,11.4700,11.0600,2656651,30046530.0000,3,1.302300,1,3.707100,2.488902,76.204423,0.829487,14.319258,0,3.7070524412296635
2020-05-27,sh.603787,11.5300,11.6600,11.2600,11.3600,11.4700,2032209,23177504.0000,3,0.996200,1,-0.959000,2.465032,75.473604,0.821532,14.181933,0,-0.959023539668713
2020-05-28,sh.603787,11.4700,11.4700,11.0800,11.2800,11.3600,2234719,25080495.0000,3,1.095500,1,-0.704200,2.447673,74.942100,0.815746,14.082060,0,-0.7042253521126751
2020-05-29,sh.603787,11.2600,11.4300,11.1500,11.2800,11.2800,1831800,20725033.0000,3,0.897900,1,0.000000,2.447673,74.942100,0.815746,14.082060,0,0.0
2020-06-01,sh.603787,11.4200,11.9500,11.4100,11.7700,11.2800,3026852,35384479.0000,3,1.483800,1,4.344000,2.553999,78.197564,0.851182,14.693781,0,4.343971631205679
2020-06-02,sh.603787,11.9500,12.5000,11.8200,12.0400,11.7700,4577270,55472026.0000,3,2.243800,1,2.294000,2.612587,79.991390,0.870708,15.030852,0,2.2939677145284554
2020-06-03,sh.603787,11.9400,12.7800,11.9400,12.5500,12.0400,5368570,66831911.0000,3,2.631700,1,4.235900,2.723253,83.379730,0.907590,15.667540,0,4.23588039867111
2020-06-04,sh.603787,12.7000,13.5900,12.7000,13.4600,12.5500,10573000,138856449.0000,3,5.182800,1,7.251000,2.920716,89.425591,0.973399,16.803593,0,7.250996015936262
2020-06-05,sh.603787,13.8400,13.9700,12.9400,13.2900,13.4600,10370461,137923515.0000,3,5.083600,1,-1.263000,2.883828,88.296144,0.961105,16.591364,0,-1.2630014858841188
2020-06-08,sh.603787,13.2900,13.3000,12.6600,12.6700,13.2900,7367000,95448007.0000,3,3.611300,1,-4.665200,2.749292,84.176986,0.916268,15.817350,0,-4.665161775771254
2020-06-09,sh.603787,12.6400,12.7100,12.3200,12.5000,12.5500,3633561,45321696.0000,3,1.781200,1,-0.398400,2.712404,83.047540,0.903974,15.605120,0,-1.3417521704814472
2020-06-10,sh.603787,12.6200,13.2800,12.6200,13.0200,12.5000,5214500,67505132.0000,3,2.556100,1,4.160000,2.825240,86.502318,0.941580,16.254293,0,4.159999999999986
2020-06-11,sh.603787,13.0300,14.3200,13.0300,14.3200,13.0200,13713266,190976672.0000,3,6.722200,1,9.984600,3.107330,95.139262,1.035593,17.877225,0,9.984639016897079
2020-06-12,sh.603787,13.9600,15.7500,13.8500,15.7500,14.3200,16071323,245465199.0000,3,7.878100,1,9.986000,3.417629,104.639900,1.139007,19.662451,0,9.986033519553072
2020-06-15,sh.603787,15.9000,16.9400,14.8300,15.7200,15.7500,17329323,272632827.0000,3,8.494800,1,-0.190500,3.411119,104.440586,1.136838,19.624999,0,-0.19047619047618536
2020-06-16,sh.603787,15.8000,16.4400,15.4300,15.8300,15.7200,9715818,153963405.0000,3,4.762700,1,0.699700,3.434988,105.171405,1.144793,19.762324,0,0.6997455470737934
2020-06-17,sh.603787,15.8300,16.0900,15.2300,15.4500,15.8300,8081605,125932096.0000,3,3.961600,1,-2.400500,3.352531,102.646759,1.117312,19.287928,0,-2.4005053695514866
2020-06-18,sh.603787,15.5100,16.7000,15.3000,16.3000,15.4500,11179800,179322640.0000,3,5.480300,1,5.501600,3.536974,108.293992,1.178782,20.349076,0,5.501618122977359
2020-06-19,sh.603787,16.9300,17.9300,16.8800,17.9300,16.3000,9808562,173721857.0000,3,4.808100,1,10.000000,3.890672,119.123391,1.296661,22.383984,0,9.999999999999986
2020-06-22,sh.603787,18.5000,19.7200,18.3300,19.7200,17.9300,6958856,134256781.0000,3,3.411200,1,9.983300,4.279088,131.015799,1.426110,24.618637,0,9.983268265476841
2020-06-23,sh.603787,19.6900,20.9900,18.9100,19.6100,19.7200,17676663,346593780.0000,3,8.665000,1,-0.557800,4.255219,130.284981,1.418155,24.481312,0,-0.5578093306288001
2020-06-24,sh.603787,19.4800,19.6800,17.8000,18.0100,19.6100,11360940,210816843.0000,3,5.569100,1,-8.159100,3.908031,119.654896,1.302446,22.483857,0,-8.159102498725135
2020-06-29,sh.603787,18.0100,18.6700,17.6500,17.7000,18.0100,8914434,161044756.0000,3,4.369800,1,-1.721300,3.840764,117.595317,1.280027,22.096850,0,-1.721265963353702
2020-06-30,sh.603787,17.9500,19.4700,17.8000,19.4700,17.7000,10152532,189511756.0000,3,4.976700,1,10.000000,4.224840,129.354848,1.408030,24.306535,0,10.000000000000009
2020-07-01,sh.603787,20.2000,20.8800,19.4700,19.9800,19.4700,10224069,205917373.0000,3,5.011800,1,2.619400,4.335506,132.743188,1.444912,24.943224,0,2.6194144838212807
2020-07-02,sh.603787,20.4700,20.5000,19.0100,19.2800,19.9800,8544653,166692212.0000,3,4.188600,1,-3.503500,4.183611,128.092526,1.394290,24.069337,0,-3.5035035035035023
2020-07-03,sh.603787,19.4100,19.5400,18.7400,19.4000,19.2800,7531872,143901324.0000,3,3.692100,1,0.622400,4.209650,128.889782,1.402968,24.219146,0,0.6224066390041472
2020-07-06,sh.603787,19.3800,20.6800,19.0000,19.4500,19.4000,8175900,160298602.0000,3,4.007800,1,0.257700,4.220500,129.221972,1.406584,24.281567,0,0.2577319587628857
2020-07-07,sh.603787,20.1000,21.4000,19.6100,20.9100,19.4500,11810072,244836285.0000,3,5.789300,1,7.506400,4.537309,138.921925,1.512168,26.104245,0,7.506426735218508
2020-07-08,sh.603787,20.6400,23.0000,20.3800,23.0000,20.9100,8270831,187491207.0000,3,4.054300,1,9.995200,4.990823,152.807474,1.663312,28.713421,0,9.995217599234806
2020-07-09,sh.603787,23.5000,25.0000,22.1000,24.5500,23.0000,13509617,319321694.0000,3,6.622400,1,6.739100,5.327161,163.105368,1.775405,30.648456,0,6.739130434782603
2020-07-10,sh.603787,24.1500,24.3700,23.1100,23.5200,24.5500,8433017,199912813.0000,3,4.133800,1,-4.195500,5.103659,156.262251,1.700918,29.362594,0,-4.195519348268839
2020-07-13,sh.603787,23.7000,24.0000,22.6000,22.8500,23.5200,8748700,202134683.0000,3,4.288600,1,-2.848600,4.958274,151.810903,1.652465,28.526159,0,-2.848639455782309
2020-07-14,sh.603787,23.0200,23.0900,21.8000,22.5100,22.8500,6627981,148133095.0000,3,3.249000,1,-1.488000,4.884496,149.552010,1.627877,28.101700,0,-1.4879649890590763
2020-07-15,sh.603787,22.5500,23.0000,21.8100,22.7500,22.5100,7284517,163426485.0000,3,3.570800,1,1.066200,4.936575,151.146523,1.645233,28.401318,0,1.0661928031985735
2020-07-16,sh.603787,22.3000,22.3900,20.5100,21.3300,22.7500,7778100,164278084.0000,3,3.812800,1,-6.241800,4.628446,141.712322,1.542542,26.628577,0,-6.2417582417582445
2020-07-17,sh.603787,21.0000,22.0000,19.6900,21.0900,21.3300,6191300,130234840.0000,3,3.035000,1,-1.125200,4.576367,140.117809,1.525185,26.328958,0,-1.1251758087201025
2020-07-20,sh.603787,21.3800,22.0800,20.9800,22.0600,21.0900,3530700,76415828.0000,3,1.730700,1,4.599300,4.786850,146.562299,1.595334,27.539916,0,4.599336178283542
2020-07-21,sh.603787,22.0700,22.6200,21.2200,21.4900,22.0600,3957500,86386193.0000,3,1.940000,1,-2.583900,4.663164,142.775331,1.554112,26.828322,0,-2.5838621940163176
