date,code,open,high,low,close,preclose,volume,amount,adjustflag,turn,tradestatus,pctChg,pbMRQ,peTTM,psTTM,pcfNcfTTM,isST,p_change
2001-01-02,sz.000056,12.8700,13.2100,12.6500,13.1100,12.8700,1097330,14101636.0000,3,2.005576,1,1.864800,6.853217,128.146751,8.168090,84.073315,0,
2001-01-03,sz.000056,13.0200,13.3600,13.0100,13.3100,13.1100,846525,11181946.3600,3,1.547183,1,1.525559,6.957766,130.101698,8.292699,85.355898,0,1.525553012967218
2001-01-04,sz.000056,13.4000,13.4000,13.0800,13.1500,13.3100,617580,8140740.2000,3,1.128743,1,-1.202110,6.874126,128.537740,8.193012,84.329832,0,-1.2021036814425234
2001-01-05,sz.000056,13.1500,13.2800,12.9900,13.0300,13.1500,853345,11172561.0800,3,1.559648,1,-0.912547,6.811397,127.364772,8.118247,83.560282,0,-0.9125475285171158
2001-01-08,sz.000056,13.0300,13.0800,12.8100,12.8500,13.0300,839850,10866347.5200,3,1.534983,1,-1.381423,6.717302,125.605321,8.006099,82.405957,0,-1.3814274750575617
2001-01-09,sz.000056,12.8000,13.1500,12.7100,13.1400,12.8500,455399,5883519.8000,3,0.832327,1,2.256809,6.868899,128.439993,8.186782,84.265703,0,2.256809338521415
2001-01-10,sz.000056,13.1600,13.2600,13.0000,13.2200,13.1400,461726,6076642.7100,3,0.843891,1,0.608827,6.910719,129.221972,8.236625,84.778736,0,0.60882800608828
2001-01-11,sz.000056,13.2200,13.3000,13.0000,13.0100,13.2200,452600,5971204.9900,3,0.827211,1,-1.588503,6.800942,127.169278,8.105786,83.432024,0,-1.5885022692889605
2001-01-12,sz.000056,13.0100,13.1100,12.8600,12.8900,13.0100,416815,5384745.5800,3,0.761808,1,-0.922366,6.738212,125.996310,8.031021,82.662474,0,-0.9223674096848544
2001-01-15,sz.000056,12.8500,12.9000,12.4000,12.4300,12.8900,730800,9230286.2600,3,1.335674,1,-3.568658,6.497748,121.499933,7.744421,79.712533,0,-3.5686578743211905
2001-01-16,sz.000056,12.3700,12.6300,12.1900,12.5000,12.4300,458807,5681237.2400,3,0.838556,1,0.563151,6.534341,122.184164,7.788034,80.161437,0,0.5631536604987941
2001-01-17,sz.000056,12.4500,12.6000,12.3000,12.3500,12.5000,289790,3587862.2000,3,0.529646,1,-1.199997,6.455929,120.717954,7.694578,79.199500,0,-1.200000000000001
2001-01-18,sz.000056,12.3000,12.5000,12.3000,12.3500,12.3500,279667,3465610.8500,3,0.511144,1,0.000000,6.455929,120.717954,7.694578,79.199500,0,0.0
2001-01-19,sz.000056,12.5800,12.6800,12.3700,12.6100,12.3500,261121,3285591.7700,3,0.477248,1,2.105257,6.591843,123.259385,7.856569,80.866858,0,2.1052631578947434
2001-02-05,sz.000056,12.5000,12.7000,12.1500,12.2300,12.6100,345691,4256234.3200,3,0.631815,1,-3.013482,6.393199,119.544986,7.619813,78.429950,0,-3.013481363996817
2001-02-06,sz.000056,12.2000,12.2000,11.8500,12.1800,12.2300,339408,4071825.3200,3,0.620332,1,-0.408824,6.367062,119.056249,7.588660,78.109304,0,-0.40883074407196407
2001-02-07,sz.000056,12.1800,12.2000,11.8500,11.8900,12.1800,356550,4259430.0000,3,0.651662,1,-2.380952,6.215465,116.221577,7.407978,76.249559,0,-2.3809523809523725
2001-02-08,sz.000056,11.8900,12.0800,11.7200,11.7300,11.8900,207695,2470156.1500,3,0.379602,1,-1.345675,6.131825,114.657619,7.308291,75.223493,0,-1.345668629100083
2001-02-09,sz.000056,11.6900,11.9400,11.6900,11.8600,11.7300,238413,2814141.7000,3,0.435744,1,1.108270,6.199782,115.928335,7.389287,76.057172,0,1.1082693947144007
2001-02-12,sz.000056,11.8500,11.8500,11.5600,11.7000,11.8600,265451,3089239.6700,3,0.485161,1,-1.349071,6.116143,114.364377,7.289600,75.031105,0,-1.3490725126475533
2001-02-13,sz.000056,11.7000,11.8200,11.6500,11.8000,11.7000,141849,1672045.1500,3,0.259256,1,0.854704,6.168418,115.341851,7.351904,75.672397,0,0.8547008547008739
2001-02-14,sz.000056,12.8000,12.8000,11.9300,12.1000,11.8000,352096,4295731.3800,3,0.643521,1,2.542374,6.325242,118.274271,7.538817,77.596271,0,2.5423728813559254
2001-02-15,sz.000056,12.1500,12.1500,11.8600,11.8800,12.1000,127424,1521218.9400,3,0.232891,1,-1.818184,6.210237,116.123829,7.401748,76.185430,0,-1.8181818181818077
2001-02-16,sz.000056,11.9800,11.9800,11.7000,11.9800,11.8800,151482,1793995.1600,3,0.276862,1,0.841746,6.262512,117.101303,7.464052,76.826721,0,0.8417508417508435
2001-02-19,sz.000056,11.8500,12.4200,11.8000,12.3700,11.9800,329469,4021254.9100,3,0.602166,1,3.255429,6.466384,120.913449,7.707039,79.327758,0,3.2554257095158468
2001-02-20,sz.000056,12.2500,12.3600,12.0000,12.0200,12.3700,329421,3998897.5300,3,0.602079,1,-2.829422,6.283422,117.492292,7.488974,77.083238,0,-2.829426030719484
2001-02-21,sz.000056,11.8100,11.8500,10.8200,10.9800,12.0200,1439870,16158428.0500,3,2.631632,1,-8.652253,5.739765,107.326570,6.841009,70.413806,0,-8.652246256239593
2001-02-22,sz.000056,10.8000,11.1000,10.0000,10.7000,10.9800,781494,8313982.1800,3,1.428327,1,-2.550089,5.593396,104.589644,6.666557,68.618190,0,-2.550091074681249
2001-02-23,sz.000056,10.6900,10.9800,10.5200,10.9800,10.7000,313589,3372608.1600,3,0.573143,1,2.616820,5.739765,107.326570,6.841009,70.413806,0,2.6168224299065512
2001-02-26,sz.000056,11.0000,11.1500,10.7800,10.9100,10.9800,347300,3781991.0000,3,0.634756,1,-0.637520,5.703173,106.642338,6.797396,69.964902,0,-0.6375227686703178
2001-02-27,sz.000056,10.9700,11.3700,10.9000,11.2800,10.9100,461549,5145321.2800,3,0.843567,1,3.391383,5.896589,110.258990,7.027922,72.337681,0,3.3913840513290383
2001-02-28,sz.000056,11.2900,11.4000,11.0000,11.0700,11.2800,234277,2601979.8000,3,0.428185,1,-1.861702,5.786812,108.206296,6.897083,70.990969,0,-1.8617021276595702
2001-03-01,sz.000056,11.0000,11.1500,11.0000,11.1500,11.0700,188702,2087990.7400,3,0.344888,1,0.722673,5.828632,108.988274,6.946926,71.504002,0,0.7226738934056121
2001-03-02,sz.000056,11.1800,11.2500,11.1000,11.1700,11.1500,280208,3129783.7200,3,0.512133,1,0.179376,5.839087,109.183769,6.959387,71.632260,0,0.17937219730941312
2001-03-05,sz.000056,11.1800,11.2000,10.8800,10.9300,11.1700,342100,3765963.6200,3,0.625252,1,-2.148610,5.713627,106.837833,6.809857,70.093161,0,-2.14861235452104
2001-03-06,sz.000056,10.9600,10.9600,10.6800,10.8100,10.9300,413868,4456127.2200,3,0.756421,1,-1.097895,5.650898,105.664865,6.735092,69.323611,0,-1.097895699908502
2001-03-07,sz.000056,10.8200,10.9300,10.7500,10.8900,10.8100,313725,3393821.3000,3,0.573391,1,0.740055,5.692718,106.446844,6.784935,69.836644,0,0.7400555041628065
2001-03-08,sz.000056,10.9600,11.3800,10.9200,11.2400,10.8900,534105,5970534.5000,3,0.976177,1,3.213953,5.875679,109.868000,7.003000,72.081164,0,3.2139577594123114
2001-03-09,sz.000056,11.4000,11.6800,11.3800,11.4500,11.2400,1115022,12856040.9500,3,2.037912,1,1.868328,5.985456,111.920694,7.133839,73.427876,0,1.868327402135228
2001-03-12,sz.000056,11.4000,11.4500,11.0000,11.3000,11.4500,433468,4861768.3200,3,0.792244,1,-1.310040,5.907044,110.454484,7.040383,72.465939,0,-1.3100436681222627
2001-03-13,sz.000056,11.2800,11.2800,11.1100,11.1900,11.3000,273688,3055111.8000,3,0.500216,1,-0.973457,5.849542,109.379264,6.971848,71.760519,0,-0.9734513274336387
2001-03-14,sz.000056,11.1700,11.3000,11.1100,11.2900,11.1900,235613,2644511.0400,3,0.430627,1,0.893659,5.901817,110.356737,7.034152,72.401810,0,0.8936550491510209
2001-03-15,sz.000056,11.3000,11.3200,11.2000,11.2100,11.2900,355453,4000722.8000,3,0.649657,1,-0.708591,5.859997,109.574758,6.984309,71.888777,0,-0.7085916740478204
2001-03-16,sz.000056,11.2100,11.5500,11.2000,11.4000,11.2100,381953,4343494.2400,3,0.698091,1,1.694911,5.959319,111.431958,7.102687,73.107231,0,1.6949152542372836
2001-03-19,sz.000056,11.3900,11.9200,11.3200,11.8800,11.4000,1099147,12893138.9400,3,2.008897,1,4.210531,6.210237,116.123829,7.401748,76.185430,0,4.210526315789487
2001-03-20,sz.000056,11.9000,12.0000,11.7200,11.9200,11.8800,826951,9821590.5300,3,1.511408,1,0.336700,6.231147,116.514819,7.426669,76.441947,0,0.33670033670032407
2001-03-21,sz.000056,12.0000,12.2300,12.0000,12.0400,11.9200,891368,10808655.4100,3,1.629142,1,1.006710,6.293877,117.687787,7.501435,77.211496,0,1.0067114093959662
2001-03-22,sz.000056,12.0400,12.1800,11.9800,12.1300,12.0400,521970,6321721.1700,3,0.953998,1,0.747510,6.340924,118.567513,7.557508,77.788659,0,0.7475083056478482
2001-03-23,sz.000056,12.1500,12.2000,11.6500,11.6500,12.1300,954941,11322190.7600,3,1.745334,1,-3.957135,6.090006,113.875641,7.258448,74.710459,0,-3.9571310799670245
2001-03-26,sz.000056,11.6000,11.9500,11.5000,11.9500,11.6500,405674,4762242.8600,3,0.741445,1,2.575109,6.246830,116.808061,7.445361,76.634334,0,2.5751072961373245
2001-03-27,sz.000056,11.9600,11.9800,11.7800,11.8900,11.9500,352857,4189896.2100,3,0.644912,1,-0.502088,6.215465,116.221577,7.407978,76.249559,0,-0.5020920502091908
2001-03-28,sz.000056,11.9300,11.9500,11.8000,11.9000,11.8900,316642,3757046.4800,3,0.578723,1,0.084098,6.220692,116.319324,7.414209,76.313688,0,0.0841042893187538
2001-03-29,sz.000056,11.8400,11.9500,11.7900,11.8100,11.9000,489403,5796451.5300,3,0.894476,1,-0.756296,6.173645,115.439598,7.358135,75.736526,0,-0.7563025210084007
2001-03-30,sz.000056,11.8200,11.9200,11.7700,11.9000,11.8100,378958,4491131.5000,3,0.692617,1,0.762059,6.220692,116.319324,7.414209,76.313688,0,0.7620660457239525
2001-04-02,sz.000056,12.0000,12.1500,11.8500,12.1300,11.9000,551109,6609697.4600,3,1.007255,1,1.932777,6.340924,118.567513,7.557508,77.788659,0,1.9327731092436906
2001-04-03,sz.000056,12.1100,12.1100,11.9000,11.9900,12.1300,275104,3304784.6800,3,0.502804,1,-1.154166,6.267740,117.199050,7.470282,76.890851,0,-1.1541632316570571
2001-04-04,sz.000056,11.9700,12.2300,11.8100,11.8700,11.9900,671850,8117127.1700,3,1.227932,1,-1.000833,6.205010,116.026082,7.395517,76.121301,0,-1.0008340283569672
2001-04-05,sz.000056,11.7100,12.0300,11.7100,12.0100,11.8700,297307,3540595.2900,3,0.543384,1,1.179447,6.278195,117.394545,7.482743,77.019109,0,1.1794439764111209
2001-04-06,sz.000056,12.1000,12.1000,11.8800,11.9000,12.0100,294114,3522508.0400,3,0.537548,1,-0.915909,6.220692,116.319324,7.414209,76.313688,0,-0.9159034138218058
2001-04-09,sz.000056,11.9100,12.2200,11.8600,12.2000,11.9000,480770,5805527.3700,3,0.878697,1,2.521010,6.377517,119.251744,7.601121,78.237563,0,2.5210084033613356
2001-04-10,sz.000056,12.2000,12.3500,12.1000,12.1800,12.2000,458026,5601445.1400,3,0.837128,1,-0.163930,6.367062,119.056249,7.588660,78.109304,0,-0.16393442622950616
2001-04-11,sz.000056,12.2000,12.4000,12.1200,12.3900,12.1800,680266,8338954.9800,3,1.243314,1,1.724138,6.476838,121.108943,7.719499,79.456017,0,1.7241379310344973
2001-04-12,sz.000056,12.4100,12.5900,12.2500,12.3500,12.3900,846826,10536697.7700,3,1.547733,1,-0.322841,6.455929,120.717954,7.694578,79.199500,0,-0.32284100080710587
2001-04-13,sz.000056,12.3600,12.4400,12.2500,12.3300,12.3500,516281,6364032.0800,3,0.943600,1,-0.161947,6.445474,120.522459,7.682117,79.071242,0,-0.16194331983805377
2001-04-16,sz.000056,12.2800,12.5800,12.2800,12.5100,12.3300,1042528,13008330.8000,3,1.905415,1,1.459857,6.507451,76.501702,5.885202,908.511132,0,1.4598540145985384
2001-04-17,sz.000056,12.5000,12.5500,12.3300,12.4200,12.5100,670931,8316347.1200,3,1.226252,1,-0.719426,6.460635,75.951330,5.842863,901.975081,0,-0.7194244604316502
2001-04-18,sz.000056,12.3800,12.6700,12.2600,12.6500,12.4200,945394,11754712.8200,3,1.727885,1,1.851848,6.580277,77.357836,5.951064,918.678323,0,1.85185185185186
2001-04-19,sz.000056,12.6000,12.7500,12.4100,12.6700,12.6500,661973,8334409.6700,3,1.209880,1,0.158106,6.590680,77.480141,5.960472,920.130779,0,0.15810276679841806
2001-04-20,sz.000056,12.8600,13.2000,12.6600,12.6700,12.6700,3356628,43681686.0200,3,6.134867,1,0.000000,6.590680,77.480141,5.960472,920.130779,0,0.0
2001-04-23,sz.000056,12.6000,13.0500,12.0000,12.9300,12.6700,1501202,19180979.3400,3,2.743728,1,2.052093,6.725927,79.070105,6.082787,939.012705,0,2.052091554853974
2001-04-24,sz.000056,13.0000,13.0000,12.8500,12.9600,12.9300,868290,11230729.7200,3,1.586963,1,0.232016,6.741532,79.253562,6.096900,941.191389,0,0.23201856148493682
2001-04-25,sz.000056,13.0000,13.0500,12.4500,12.4800,12.9600,808166,10247271.0200,3,1.477075,1,-3.703707,6.491846,76.318245,5.871089,906.332448,0,-3.703703703703709
2001-04-26,sz.000056,12.4800,12.5900,12.2500,12.2600,12.4800,671828,8301496.2200,3,1.227892,1,-1.762815,6.377406,74.972891,5.767592,890.355434,0,-1.7628205128205177
2001-04-27,sz.000056,12.2000,12.3800,12.1900,12.2000,12.2600,454831,5570210.7500,3,0.831289,1,-0.489400,6.346196,74.605976,5.739366,885.998067,0,-0.4893964110929905
2001-04-30,sz.000056,12.2500,12.3500,11.9800,12.3000,12.2000,518650,6278486.2000,3,0.947930,1,0.819675,6.398214,75.217501,5.786410,893.260346,0,0.819672131147553
2001-05-08,sz.000056,12.3000,12.4900,12.1500,12.4700,12.3000,275946,3407012.0600,3,0.504343,1,1.382114,6.486644,76.257092,5.866384,905.606221,0,1.38211382113822
2001-05-09,sz.000056,12.6200,13.0600,12.6200,12.8100,12.4700,1505535,19375044.4100,3,2.751647,1,2.726545,6.663505,78.336275,6.026334,930.297970,0,2.7265437048917374
2001-05-10,sz.000056,12.8100,12.9000,12.7000,12.9000,12.8100,654188,8378874.3300,3,1.195651,1,0.702570,6.710322,78.886647,6.068674,936.834021,0,0.7025761124121788
2001-05-11,sz.000056,12.8500,12.9800,12.8000,12.8900,12.9000,467790,6014952.4800,3,0.854974,1,-0.077514,6.705120,78.825495,6.063969,936.107793,0,-0.07751937984495916
2001-05-14,sz.000056,12.8900,12.9500,12.7300,12.8100,12.8900,824502,10569882.5400,3,1.506932,1,-0.620636,6.663505,78.336275,6.026334,930.297970,0,-0.6206361520558534
2001-05-15,sz.000056,12.8100,12.8100,12.8100,12.8100,12.8100,0,0.0000,3,,0,0.000000,6.663505,78.336275,6.026334,930.297970,0,0.0
2001-05-16,sz.000056,12.6800,12.8000,12.5000,12.5600,12.8100,846920,10649624.6400,3,1.547905,1,-1.951600,6.533460,76.807464,5.908724,912.142272,0,-1.9516003122560521
2001-05-17,sz.000056,12.5600,12.5700,12.3000,12.3500,12.5600,1006765,12482827.7700,3,1.840052,1,-1.671975,6.424223,75.523263,5.809932,896.891485,0,-1.671974522292996
2001-05-18,sz.000056,12.3500,12.6300,12.2200,12.6100,12.3500,716479,8869209.8000,3,1.309500,1,2.105257,6.559469,77.113226,5.932246,915.773411,0,2.1052631578947434
2001-05-21,sz.000056,12.6100,13.0000,12.5600,12.9400,12.6100,1283898,16489224.8900,3,2.346564,1,2.616970,6.731129,79.131257,6.087491,939.738933,0,2.6169706582077623
2001-05-22,sz.000056,12.9500,13.0000,12.7700,12.8800,12.9400,562820,7239479.8400,3,1.028659,1,-0.463674,6.699918,78.764342,6.059265,935.381565,0,-0.46367851622873824
2001-05-23,sz.000056,12.8800,13.3200,12.8600,13.3100,12.8800,3973241,52152911.8700,3,7.261842,1,3.338512,6.923595,81.393897,6.261554,966.609366,0,3.3385093167701774
2001-05-24,sz.000056,13.3300,13.5000,13.1500,13.4000,13.3100,2757647,36875942.6800,3,5.040117,1,0.676177,6.970412,81.944269,6.303894,973.145417,0,0.6761833208114298
2001-05-25,sz.000056,13.4000,13.7800,13.3100,13.3600,13.4000,3319982,45006158.7800,3,6.067889,1,-0.298507,6.949604,81.699659,6.285076,970.240506,0,-0.29850746268657025
2001-05-28,sz.000056,13.3900,13.4800,13.1000,13.2900,13.3600,1203184,15954890.6700,3,2.199044,1,-0.523950,6.913192,81.271592,6.252145,965.156910,0,-0.5239520958083888
2001-05-29,sz.000056,13.3500,13.3500,12.9800,13.1400,13.2900,881192,11569927.7400,3,1.610544,1,-1.128665,6.835165,80.354306,6.181579,954.263491,0,-1.1286681715575564
2001-05-30,sz.000056,13.1400,13.5500,13.1000,13.4900,13.1400,893727,11900789.9800,3,1.633454,1,2.663618,7.017228,82.494641,6.346233,979.681469,0,2.6636225266362334
2001-05-31,sz.000056,13.5100,13.6100,13.3300,13.6000,13.4900,1148056,15481618.8800,3,2.098287,1,0.815423,7.074448,83.167318,6.397981,987.669976,0,0.8154188287620379
2001-06-01,sz.000056,13.8000,13.8800,13.2800,13.4200,13.6000,852508,11544912.0000,3,1.558118,1,-1.323532,6.980815,82.066574,6.313302,974.597873,0,-1.3235294117647012
2001-06-04,sz.000056,13.4200,13.8500,13.4000,13.6800,13.4200,1607551,22049100.1700,3,2.938101,1,1.937409,7.116062,83.656538,6.435617,993.479799,0,1.9374068554396384
2001-06-05,sz.000056,13.7300,13.8000,13.6100,13.7100,13.6800,990999,13591873.4800,3,1.811236,1,0.219296,7.131667,83.839995,6.449730,995.658483,0,0.21929824561404132
2001-06-06,sz.000056,13.7900,14.3600,13.7500,14.2600,13.7100,3980661,56078602.2100,3,7.275404,1,4.011672,7.417766,87.203379,6.708472,1035.601019,0,4.01167031363967
2001-06-07,sz.000056,14.3000,14.3800,14.0000,14.0300,14.2600,2396408,34033517.9200,3,4.379885,1,-1.612907,7.298125,85.796873,6.600271,1018.897777,0,-1.6129032258064502
2001-06-08,sz.000056,14.0300,14.1300,13.7100,13.8700,14.0300,1831835,25430579.0700,3,3.348022,1,-1.140412,7.214896,84.818434,6.525000,1007.278130,0,-1.140413399857454
2001-06-11,sz.000056,13.9600,14.3000,13.9600,14.1900,13.8700,1690284,23950377.4700,3,3.089311,1,2.307136,7.381354,86.775312,6.675541,1030.517423,0,2.3071377072819033
2001-06-12,sz.000056,14.2000,14.4800,14.2000,14.3200,14.1900,1603897,23039250.8800,3,2.931422,1,0.916139,7.448977,87.570294,6.736698,1039.958386,0,0.9161381254404466
2001-06-13,sz.000056,14.3400,14.4300,14.1000,14.2400,14.3200,1008521,14311221.7700,3,1.843261,1,-0.558659,7.407363,87.081074,6.699063,1034.148563,0,-0.5586592178770999
2001-06-14,sz.000056,14.1200,14.2600,13.5100,13.5700,14.2400,1591112,22095896.1200,3,2.908055,1,-4.705057,7.058842,82.983861,6.383868,985.491292,0,-4.70505617977528
2001-06-15,sz.000056,13.4700,13.8800,13.4200,13.8400,13.5700,1244572,16922232.0000,3,2.274689,1,1.989686,7.199291,84.634977,6.510887,1005.099446,0,1.9896831245394209
2001-06-18,sz.000056,13.7500,13.8000,13.1000,13.1400,13.8400,1135036,15158609.0200,3,2.074491,1,-5.057802,6.835165,80.354306,6.181579,954.263491,0,-5.057803468208089
2001-06-19,sz.000056,13.0400,13.3200,13.0400,13.1600,13.1400,640010,8428716.7700,3,1.169738,1,0.152203,6.845568,80.476611,6.190988,955.715947,0,0.15220700152207556
2001-06-20,sz.000056,13.1600,13.4500,13.1500,13.1900,13.1600,527001,6992033.9300,3,0.963193,1,0.227962,6.861174,80.660068,6.205101,957.894631,0,0.22796352583585033
2001-06-21,sz.000056,13.2000,13.4500,13.2000,13.4000,13.1900,333407,4439131.4400,3,0.609364,1,1.592116,6.970412,81.944269,6.303894,973.145417,0,1.5921152388172821
2001-06-22,sz.000056,13.3000,13.5300,13.2800,13.3800,13.4000,403254,5395588.7800,3,0.737022,1,-0.149250,6.960008,81.821964,6.294485,971.692962,0,-0.14925373134327957
2001-06-25,sz.000056,13.4000,13.9000,13.3500,13.8200,13.3800,724207,9867350.9200,3,1.323624,1,3.288487,7.188887,84.512672,6.501478,1003.646990,0,3.2884902840059738
2001-06-26,sz.000056,13.8500,13.9500,13.6900,13.8300,13.8200,629498,8706536.8000,3,1.150526,1,0.072361,7.194089,84.573824,6.506183,1004.373218,0,0.07235890014472002
2001-06-27,sz.000056,13.8300,13.8300,13.6000,13.6500,13.8300,564010,7716785.6700,3,1.030834,1,-1.301521,7.100457,83.473080,6.421503,991.301115,0,-1.3015184381778733
2001-06-28,sz.000056,13.6500,13.7200,13.2900,13.3800,13.6500,651747,8768280.4000,3,1.191190,1,-1.978018,6.960008,81.821964,6.294485,971.692962,0,-1.978021978021971
2001-06-29,sz.000056,13.3700,13.7000,13.3500,13.4400,13.3800,334414,4507145.3000,3,0.611204,1,0.448427,6.991219,82.188879,6.322711,976.050329,0,0.4484304932735439
2001-07-02,sz.000056,13.4900,13.6000,13.3000,13.3100,13.4400,307824,4112175.0200,3,0.562606,1,-0.967256,6.923595,81.393897,6.261554,966.609366,0,-0.9672619047618958
2001-07-03,sz.000056,13.3100,13.4300,13.1600,13.3300,13.3100,410328,5426579.3600,3,0.749951,1,0.150259,6.933999,81.516202,6.270963,968.061822,0,0.15026296018030294
2001-07-04,sz.000056,13.3000,13.4000,13.1600,13.1800,13.3300,386379,5109091.6300,3,0.706180,1,-1.125278,6.855972,80.598916,6.200397,957.168403,0,-1.1252813203300849
2001-07-05,sz.000056,13.2000,13.2600,13.0200,13.0600,13.1800,408255,5344702.4300,3,0.746163,1,-0.910470,6.793550,79.865086,6.143944,948.453668,0,-0.9104704097116834
2001-07-06,sz.000056,13.0100,13.1000,12.7800,12.7800,13.0600,507318,6526961.4400,3,0.927219,1,-2.143956,6.647900,78.152818,6.012221,928.119286,0,-2.14395099540583
2001-07-09,sz.000056,12.7500,12.8000,12.5000,12.7000,12.7800,497299,6273770.9600,3,0.908907,1,-0.625977,6.606286,77.663598,5.974586,922.309463,0,-0.6259780907668211
2001-07-10,sz.000056,12.7000,13.1100,12.7000,13.1000,12.7000,309149,3994396.2200,3,0.565028,1,3.149611,6.814358,80.109696,6.162762,951.358580,0,3.149606299212593
2001-07-11,sz.000056,13.1000,13.1500,12.8000,12.8000,13.1000,277907,3580274.3800,3,0.507927,1,-2.290078,6.658304,78.275123,6.021630,929.571742,0,-2.2900763358778553
2001-07-12,sz.000056,12.7900,12.9600,12.6000,12.8900,12.8000,211741,2717826.2200,3,0.386996,1,0.703126,6.705120,78.825495,6.063969,936.107793,0,0.7031250000000044
2001-07-13,sz.000056,12.8100,12.9800,12.7000,12.7400,12.8900,185850,2382265.0000,3,0.339676,1,-1.163697,6.627093,77.908208,5.993403,925.214374,0,-1.1636927851047307
2001-07-16,sz.000056,12.9000,12.9500,12.5200,12.5500,12.7400,327083,4135180.4400,3,0.597805,1,-1.491362,6.528259,76.746312,5.904020,911.416044,0,-1.491365777080056
2001-07-17,sz.000056,12.6000,12.8000,12.5000,12.8000,12.5500,258206,3250121.7700,3,0.471920,1,1.992032,6.658304,78.275123,6.021630,929.571742,0,1.9920318725099584
2001-07-18,sz.000056,12.8000,12.8000,12.6000,12.7200,12.8000,191450,2426044.0000,3,0.349911,1,-0.624999,6.616689,77.785903,5.983994,923.761919,0,-0.6249999999999978
2001-07-19,sz.000056,12.6800,12.7100,12.5500,12.6800,12.7200,145551,1836782.4500,3,0.266022,1,-0.314465,6.595882,77.541294,5.965177,920.857007,0,-0.3144654088050425
2001-07-20,sz.000056,12.7000,12.9900,12.6000,12.8800,12.6800,388979,5003383.7100,3,0.710932,1,1.577286,6.699918,78.764342,6.059265,935.381565,0,1.5772870662460692
2001-07-23,sz.000056,12.8900,13.1000,12.8500,13.0800,12.8800,481029,6239593.3500,3,0.879171,1,1.552794,6.803954,79.987391,6.153353,949.906124,0,1.552795031055898
2001-07-24,sz.000056,12.8500,12.9800,12.5200,12.7500,13.0800,312880,4017410.8500,3,0.571847,1,-2.522935,6.632295,77.969361,5.998108,925.940602,0,-2.5229357798165153
2001-07-25,sz.000056,12.6000,12.8500,12.5800,12.6000,12.7500,354364,4491607.1500,3,0.647667,1,-1.176468,6.554268,77.052074,5.927542,915.047184,0,-1.176470588235301
2001-07-26,sz.000056,12.6500,12.9000,12.6500,12.8500,12.6000,309188,3952761.7900,3,0.565099,1,1.984127,6.684313,78.580885,6.045152,933.202882,0,1.984126984126977
2001-07-27,sz.000056,12.8300,12.9800,12.6100,12.8000,12.8500,337398,4336377.1000,3,0.616658,1,-0.389107,6.658304,78.275123,6.021630,929.571742,0,-0.38910505836574627
2001-07-30,sz.000056,12.8000,12.8000,11.9000,11.9600,12.8000,464800,5692697.0000,3,0.849509,1,-6.562501,6.221352,73.138318,5.626460,868.568596,0,-6.562499999999993
2001-07-31,sz.000056,11.7500,12.1000,11.3700,11.4000,11.9600,507100,5974656.3600,3,0.926820,1,-4.682278,5.930052,69.713781,5.363014,827.899833,0,-4.682274247491646
2001-08-01,sz.000056,11.5000,11.9900,11.5000,11.9400,11.4000,252642,2975932.5800,3,0.461751,1,4.736842,6.210949,73.016013,5.617051,867.116141,0,4.73684210526315
2001-08-02,sz.000056,11.9600,12.0000,11.4800,11.7100,11.9400,281809,3276076.7200,3,0.515059,1,-1.926294,6.091307,71.609507,5.508850,850.412898,0,-1.9262981574539206
2001-08-03,sz.000056,11.9000,11.9000,11.6500,11.7800,11.7100,148770,1747201.9100,3,0.271905,1,0.597777,6.127720,72.037574,5.541781,855.496494,0,0.597779675491017
2001-08-06,sz.000056,11.7000,11.7000,11.1500,11.2500,11.7800,321751,3646376.9000,3,0.588060,1,-4.499149,5.852025,68.796495,5.292448,817.006414,0,-4.4991511035653575
2001-08-07,sz.000056,11.1800,11.6000,11.1500,11.4500,11.2500,152214,1734207.1000,3,0.278200,1,1.777776,5.956061,70.019543,5.386536,831.530972,0,1.777777777777767
2001-08-08,sz.000056,11.4600,11.5000,11.2800,11.3100,11.4500,183398,2081931.3800,3,0.335194,1,-1.222702,5.883235,69.163409,5.320674,821.363781,0,-1.2227074235807711
2001-08-09,sz.000056,11.4000,11.7500,11.3900,11.6900,11.3100,209550,2437094.8700,3,0.382992,1,3.359851,6.080904,71.487202,5.499441,848.960443,0,3.3598585322723196
2001-08-10,sz.000056,11.6900,11.8800,11.6900,11.7900,11.6900,257271,3037247.1200,3,0.470211,1,0.855435,6.132922,72.098726,5.546485,856.222722,0,0.8554319931565413
2001-08-13,sz.000056,11.9000,11.9000,11.6600,11.7400,11.7900,155400,1827463.4000,3,0.284023,1,-0.424090,6.106913,71.792964,5.522963,852.591582,0,-0.42408821034773947
2001-08-14,sz.000056,11.8000,11.8000,11.5000,11.5600,11.7400,197411,2298812.3700,3,0.360806,1,-1.533214,6.013280,70.692220,5.438284,839.519479,0,-1.5332197614991494
2001-08-15,sz.000056,11.5100,11.8400,11.5000,11.7000,11.5600,164468,1924670.8700,3,0.300596,1,1.211067,6.086106,71.548354,5.504146,849.686670,0,1.2110726643598468
2001-08-16,sz.000056,11.6300,11.7900,11.6300,11.6500,11.7000,131800,1539837.8500,3,0.240889,1,-0.427352,6.060097,71.242592,5.480624,846.055531,0,-0.42735042735041473
2001-08-17,sz.000056,11.5200,11.7000,11.4700,11.5100,11.6500,137000,1581581.0000,3,0.250393,1,-1.201712,5.987271,70.386458,5.414762,835.888340,0,-1.2017167381974336
2001-08-20,sz.000056,11.5100,11.6900,11.4100,11.5800,11.5100,93483,1080401.4000,3,0.170858,1,0.608164,6.023684,70.814525,5.447693,840.971935,0,0.6081668114682914
2001-08-21,sz.000056,11.6900,11.7300,11.6000,11.6100,11.5800,139738,1627478.9300,3,0.255397,1,0.259065,6.039289,70.997983,5.461806,843.150619,0,0.2590673575129543
2001-08-22,sz.000056,11.5000,11.7800,11.3500,11.3800,11.6100,243950,2791561.0000,3,0.445864,1,-1.981047,5.919648,69.591476,5.353605,826.447377,0,-1.9810508182601105
2001-08-23,sz.000056,11.3800,11.3800,11.3800,11.3800,11.3800,0,0.0000,3,,0,0.000000,5.919648,69.591476,5.353605,826.447377,0,0.0
2001-08-24,sz.000056,11.5000,11.7000,11.3800,11.4100,11.3800,220263,2532967.5100,3,0.402572,1,0.263618,5.935253,69.774934,5.367718,828.626061,0,0.2636203866432263
2001-08-27,sz.000056,11.4000,11.4000,10.9100,10.9400,11.4100,344404,3816287.4900,3,0.629463,1,-4.119196,5.690769,66.900769,5.146612,794.493348,0,-4.1191936897458366
2001-08-28,sz.000056,10.8000,11.0000,10.5200,10.9600,10.9400,214643,2294500.1100,3,0.392300,1,0.182819,5.701172,67.023074,5.156020,795.945804,0,0.1828153564899626
2001-08-29,sz.000056,11.1000,11.1800,10.9000,10.9700,10.9600,166505,1834034.8600,3,0.304319,1,0.091243,6.353795,66.289062,9.374819,-297.226641,0,0.09124087591241281
2001-08-30,sz.000056,10.9700,10.9800,10.7500,10.7500,10.9700,73800,797464.0000,3,0.134883,1,-2.005472,6.226372,64.959655,9.186810,-291.265851,0,-2.0054694621695623
2001-08-31,sz.000056,10.7100,10.8000,10.6000,10.6500,10.7500,99679,1063711.2700,3,0.182182,1,-0.930236,6.168452,64.355379,9.101351,-288.556402,0,-0.9302325581395321
2001-09-03,sz.000056,10.6000,10.6000,10.5100,10.5500,10.6500,125455,1325187.1000,3,0.229293,1,-0.938962,6.110532,63.751104,9.015893,-285.846952,0,-0.9389671361502261
2001-09-04,sz.000056,10.5500,10.9000,10.5500,10.8700,10.5500,114546,1230488.8000,3,0.209354,1,3.033172,6.295875,65.684786,9.289361,-294.517191,0,3.033175355450224
2001-09-05,sz.000056,10.9100,11.1100,10.8400,10.9100,10.8700,191300,2103836.1800,3,0.349637,1,0.367985,6.319043,65.926497,9.323544,-295.600971,0,0.36798528058878954
2001-09-06,sz.000056,10.9100,11.0500,10.6000,11.0500,10.9100,136093,1491438.5900,3,0.248735,1,1.283230,6.400131,66.772483,9.443186,-299.394201,0,1.2832263978001857
2001-09-07,sz.000056,11.0000,11.0000,10.6900,10.7100,11.0500,177900,1919906.0500,3,0.325146,1,-3.076924,6.203204,64.717945,9.152627,-290.182071,0,-3.076923076923077
2001-09-10,sz.000056,10.4000,10.9000,10.1100,10.8900,10.7100,167720,1800485.1300,3,0.306540,1,1.680675,6.307459,65.805641,9.306452,-295.059081,0,1.680672268907557
2001-09-11,sz.000056,10.8500,11.0900,10.8200,10.9600,10.8900,180436,1980130.2400,3,0.329781,1,0.642789,6.348003,66.228635,9.366273,-296.955696,0,0.6427915518824712
2001-09-12,sz.000056,10.6000,10.8900,10.4800,10.7300,10.9600,212647,2269773.7900,3,0.388652,1,-2.098545,6.214788,64.838800,9.169718,-290.723961,0,-2.098540145985406
2001-09-13,sz.000056,10.7500,10.8800,10.7100,10.7200,10.7300,83100,898358.8800,3,0.151881,1,-0.093190,6.208996,64.778372,9.161173,-290.453016,0,-0.09319664492077884
2001-09-14,sz.000056,10.7000,10.8500,10.5400,10.5500,10.7200,125000,1326704.8000,3,0.228461,1,-1.585822,6.110532,63.751104,9.015893,-285.846952,0,-1.585820895522383
2001-09-17,sz.000056,10.3000,10.7900,10.2800,10.3100,10.5500,140800,1459851.5800,3,0.257338,1,-2.274879,5.971525,62.300841,8.810792,-279.344272,0,-2.274881516587679
2001-09-18,sz.000056,10.3000,10.5900,10.2000,10.4000,10.3100,93126,967432.8000,3,0.170205,1,0.872931,6.023653,62.844690,8.887705,-281.782777,0,0.8729388942773975
2001-09-19,sz.000056,10.4100,10.5200,10.3000,10.5000,10.4000,113244,1174864.0300,3,0.206975,1,0.961542,6.081572,63.448966,8.973163,-284.492227,0,0.9615384615384581
2001-09-20,sz.000056,10.5200,10.9100,10.5100,10.6500,10.5000,170612,1836461.2500,3,0.311825,1,1.428568,6.168452,64.355379,9.101351,-288.556402,0,1.4285714285714235
2001-09-21,sz.000056,10.6500,10.7500,10.5200,10.5500,10.6500,114100,1212203.1400,3,0.208539,1,-0.938962,6.110532,63.751104,9.015893,-285.846952,0,-0.9389671361502261
2001-09-24,sz.000056,10.5000,10.5800,10.5000,10.5000,10.5500,39973,420639.5000,3,0.073058,1,-0.473935,6.081572,63.448966,8.973163,-284.492227,0,-0.4739336492891044
2001-09-25,sz.000056,10.6800,10.9800,10.4900,10.5300,10.5000,114800,1214002.9000,3,0.209819,1,0.285712,6.098948,63.630248,8.998801,-285.305062,0,0.28571428571428914
2001-09-26,sz.000056,10.6000,10.6000,10.3500,10.3600,10.5300,82600,861162.0000,3,0.150967,1,-1.614436,6.000485,62.602979,8.853521,-280.698997,0,-1.614434947768284
2001-09-27,sz.000056,10.3100,10.5700,10.3000,10.3500,10.3600,98307,1021233.6700,3,0.179674,1,-0.096518,5.994693,62.542552,8.844975,-280.428052,0,-0.09652509652509078
2001-09-28,sz.000056,10.3000,10.5500,10.3000,10.3500,10.3500,67725,700157.1500,3,0.123780,1,0.000000,5.994693,62.542552,8.844975,-280.428052,0,0.0
2001-10-08,sz.000056,10.4900,10.4900,10.0000,10.1100,10.3500,112741,1147974.0800,3,0.206055,1,-2.318848,5.855685,61.092290,8.639874,-273.925373,0,-2.3188405797101463
2001-10-09,sz.000056,10.0500,10.3000,10.0500,10.2600,10.1100,71377,729400.1400,3,0.130455,1,1.483685,5.942565,61.998704,8.768062,-277.989547,0,1.4836795252225476
2001-10-10,sz.000056,10.1800,10.1800,9.7000,9.7100,10.2600,178808,1766831.3900,3,0.326805,1,-5.360626,5.624006,58.675186,8.298040,-263.087574,0,-5.360623781676399
2001-10-11,sz.000056,9.6000,9.7500,9.2000,9.2100,9.7100,193310,1827120.5200,3,0.353310,1,-5.149331,5.334408,55.653807,7.870746,-249.540325,0,-5.149330587023682
2001-10-12,sz.000056,9.2000,9.6500,8.8800,9.5100,9.2100,218056,2005671.4900,3,0.398538,1,3.257331,5.508167,57.466635,8.127122,-257.668674,0,3.2573289902279923
2001-10-15,sz.000056,9.4500,9.6000,9.2600,9.5000,9.5100,101643,962065.0800,3,0.185772,1,-0.105155,5.502375,57.406207,8.118576,-257.397729,0,-0.1051524710830698
2001-10-16,sz.000056,9.4500,9.4500,9.1000,9.1500,9.5000,84807,781957.7000,3,0.155001,1,-3.684215,5.299656,55.291241,7.819471,-247.914655,0,-3.68421052631579
2001-10-17,sz.000056,9.1300,9.4000,9.1200,9.2200,9.1500,83440,771956.4000,3,0.152502,1,0.765034,5.340200,55.714235,7.879292,-249.811270,0,0.7650273224043769
2001-10-18,sz.000056,9.2200,9.2500,8.9700,8.9700,9.2200,66026,600428.5100,3,0.120675,1,-2.711497,5.195400,54.203545,7.665645,-243.037645,0,-2.711496746203901
2001-10-19,sz.000056,8.9100,8.9900,8.6000,8.7000,8.9700,176707,1549393.2500,3,0.322965,1,-3.010038,5.039017,52.572000,7.434907,-235.722131,0,-3.0100334448160737
2001-10-22,sz.000056,8.5000,8.6700,8.2600,8.2600,8.7000,112020,948345.6400,3,0.204738,1,-5.057467,4.784170,49.913186,7.058889,-223.800552,0,-5.057471264367807
2001-10-23,sz.000056,9.0800,9.0900,8.8000,9.0900,8.2600,363364,3285697.5400,3,0.664116,1,10.048430,5.264904,54.928676,7.768196,-246.288985,0,10.04842615012107
2001-10-24,sz.000056,9.5900,9.7500,9.2500,9.6000,9.0900,907605,8647336.9000,3,1.658818,1,5.610564,5.560295,58.010483,8.204035,-260.107179,0,5.610561056105601
2001-10-25,sz.000056,9.5500,9.5500,9.2000,9.2200,9.6000,217324,2024234.6500,3,0.397200,1,-3.958334,5.340200,55.714235,7.879292,-249.811270,0,-3.9583333333333193
2001-10-26,sz.000056,9.1900,9.2600,9.0900,9.2000,9.2200,142383,1303247.3900,3,0.260232,1,-0.216925,5.328616,55.593379,7.862200,-249.269380,0,-0.21691973969633072
2001-10-29,sz.000056,9.3000,9.4200,9.1500,9.3100,9.2000,186300,1736589.3800,3,0.340498,1,1.195659,5.392328,56.258083,7.956205,-252.249775,0,1.1956521739130643
2001-10-30,sz.000056,9.2800,9.3800,9.1800,9.1900,9.3100,131900,1226849.0000,3,0.241072,1,-1.288946,5.322824,55.532952,7.853654,-248.998435,0,-1.2889366272824998
2001-10-31,sz.000056,9.2000,9.2000,8.8300,9.1900,9.1900,226502,2027356.9300,3,0.413975,1,0.000000,5.322824,55.532952,7.853654,-248.998435,0,0.0
2001-11-01,sz.000056,9.2000,9.3600,9.1800,9.2900,9.1900,191851,1783535.2500,3,0.350644,1,1.088143,5.380744,56.137228,7.939113,-251.707885,0,1.088139281828071
2001-11-02,sz.000056,9.3000,9.3500,9.2500,9.2700,9.2900,153620,1428221.0000,3,0.280769,1,-0.215280,5.369160,56.016372,7.922021,-251.165995,0,-0.21528525296016232
2001-11-05,sz.000056,9.2500,9.3000,9.0800,9.2700,9.2700,113600,1042909.6000,3,0.207625,1,0.000000,5.369160,56.016372,7.922021,-251.165995,0,0.0
2001-11-06,sz.000056,9.3100,9.3900,9.3000,9.3100,9.2700,164279,1535677.4900,3,0.300251,1,0.431499,5.392328,56.258083,7.956205,-252.249775,0,0.4314994606256839
2001-11-07,sz.000056,9.3100,9.3100,8.8000,8.8600,9.3100,277948,2497548.5800,3,0.508002,1,-4.833520,5.131689,53.538841,7.571641,-240.057251,0,-4.833512352309355
2001-11-08,sz.000056,8.7500,9.1600,8.7500,9.0100,8.8600,359581,3232465.6100,3,0.657202,1,1.693009,5.218568,54.445255,7.699829,-244.121425,0,1.6930022573363512
2001-11-09,sz.000056,9.4000,9.7000,9.2100,9.6300,9.0100,1937494,18504008.1100,3,3.541133,1,6.881241,5.577671,58.191766,8.229673,-260.920014,0,6.881243063263054
2001-11-12,sz.000056,9.5900,9.9600,9.4800,9.6700,9.6300,868493,8514058.8300,3,1.587334,1,0.415368,5.600839,58.433476,8.263856,-262.003794,0,0.41536863966769033
2001-11-13,sz.000056,9.5800,9.7600,9.3000,9.6200,9.6700,375300,3614348.5600,3,0.685931,1,-0.517065,5.571879,58.131338,8.221127,-260.649069,0,-0.5170630816959787
2001-11-14,sz.000056,9.7600,9.8800,9.6500,9.7100,9.6200,370522,3620208.0100,3,0.677198,1,0.935553,5.624006,58.675186,8.298040,-263.087574,0,0.935550935550955
2001-11-15,sz.000056,9.7400,9.8000,9.6500,9.8000,9.7100,278034,2705782.8500,3,0.508159,1,0.926881,5.676134,59.219035,8.374952,-265.526078,0,0.9268795056642576
2001-11-16,sz.000056,10.6300,10.7800,9.9000,9.9100,9.8000,992512,10138088.1700,3,1.814002,1,1.122445,5.739846,59.883738,8.468957,-268.506473,0,1.122448979591839
2001-11-19,sz.000056,10.0000,10.1500,9.9000,10.1300,9.9100,426818,4290819.0900,3,0.780090,1,2.219983,5.867269,61.213145,8.656966,-274.467263,0,2.219979818365303
2001-11-20,sz.000056,10.1500,10.2500,10.1100,10.2000,10.1300,587556,5981624.3500,3,1.073869,1,0.691014,5.907813,61.636138,8.716787,-276.363878,0,0.6910167818361179
2001-11-21,sz.000056,10.2000,10.2000,10.0100,10.1400,10.2000,420103,4237565.7300,3,0.767817,1,-0.588230,5.873061,61.273572,8.665512,-274.738208,0,-0.5882352941176339
2001-11-22,sz.000056,10.1500,10.2400,10.1000,10.1900,10.1400,359290,3648606.2000,3,0.656670,1,0.493089,5.902021,61.575710,8.708241,-276.092933,0,0.4930966469427922
2001-11-23,sz.000056,10.1800,10.1800,10.0000,10.0800,10.1900,327694,3296348.1800,3,0.598922,1,-1.079486,5.838309,60.911007,8.614237,-273.112538,0,-1.079489695780167
2001-11-26,sz.000056,10.0000,10.1400,10.0000,10.1100,10.0800,199075,1998837.0000,3,0.363847,1,0.297616,5.855685,61.092290,8.639874,-273.925373,0,0.29761904761904656
2001-11-27,sz.000056,10.1100,10.3500,10.0400,10.3400,10.1100,310474,3171597.0100,3,0.567449,1,2.274980,5.988901,62.482124,8.836429,-280.157107,0,2.2749752720079064
2001-11-28,sz.000056,10.3500,10.4400,10.2800,10.3500,10.3400,356809,3693047.5800,3,0.652135,1,0.096714,5.994693,62.542552,8.844975,-280.428052,0,0.09671179883945502
2001-11-29,sz.000056,10.3800,10.4400,10.2800,10.3100,10.3500,300988,3115528.7600,3,0.550112,1,-0.386473,5.971525,62.300841,8.810792,-279.344272,0,-0.38647342995168366
2001-11-30,sz.000056,10.2400,10.4500,10.1800,10.4000,10.3100,233136,2419734.2300,3,0.426100,1,0.872931,6.023653,62.844690,8.887705,-281.782777,0,0.8729388942773975
2001-12-03,sz.000056,10.4200,10.5400,10.4000,10.4900,10.4000,352761,3697608.1700,3,0.644737,1,0.865386,6.075780,63.388538,8.964618,-284.221282,0,0.8653846153846123
2001-12-04,sz.000056,10.5400,10.5500,10.3800,10.4700,10.4900,210295,2195345.9500,3,0.384354,1,-0.190653,6.064196,63.267683,8.947526,-283.679392,0,-0.19065776930409228
2001-12-05,sz.000056,10.4600,10.4600,10.1300,10.1300,10.4700,421682,4333078.3800,3,0.770703,1,-3.247375,5.867269,61.213145,8.656966,-274.467263,0,-3.247373447946511
2001-12-06,sz.000056,10.1200,10.2500,10.1000,10.2100,10.1300,262245,2664684.2400,3,0.479302,1,0.789733,5.913605,61.696566,8.725333,-276.634823,0,0.7897334649555887
2001-12-07,sz.000056,10.3100,10.3100,10.2000,10.2300,10.2100,165237,1692049.9000,3,0.302002,1,0.195881,5.925189,61.817421,8.742425,-277.176713,0,0.19588638589618235
2001-12-10,sz.000056,10.2000,10.2000,10.0000,10.2000,10.2300,220142,2216839.3800,3,0.402351,1,-0.293253,5.907813,61.636138,8.716787,-276.363878,0,-0.2932551319648202
2001-12-11,sz.000056,10.1300,10.1500,10.0500,10.0800,10.2000,147800,1490487.7200,3,0.270132,1,-1.176469,5.838309,60.911007,8.614237,-273.112538,0,-1.17647058823529
2001-12-12,sz.000056,10.0600,10.0600,9.9700,9.9900,10.0800,134300,1345024.0000,3,0.245458,1,-0.892859,5.786182,60.367159,8.537324,-270.674033,0,-0.8928571428571397
2001-12-13,sz.000056,9.9800,10.0300,9.6400,9.6400,9.9900,212400,2086755.5000,3,0.388201,1,-3.503498,5.583463,58.252193,8.238219,-261.190959,0,-3.5035035035035023
2001-12-14,sz.000056,9.5900,9.7700,9.5900,9.6000,9.6400,136267,1318213.7500,3,0.249053,1,-0.414937,5.560295,58.010483,8.204035,-260.107179,0,-0.4149377593361092
2001-12-17,sz.000056,9.5400,9.6500,9.5200,9.6100,9.6000,108745,1043681.6000,3,0.198752,1,0.104159,5.566087,58.070910,8.212581,-260.378124,0,0.10416666666666075
2001-12-18,sz.000056,9.6500,9.8800,9.6500,9.8800,9.6100,80302,781619.6800,3,0.146767,1,2.809578,5.722470,59.702455,8.443319,-267.693638,0,2.8095733610822293
2001-12-19,sz.000056,9.8800,9.8800,9.6500,9.6500,9.8800,73698,720601.4800,3,0.134697,1,-2.327940,5.589255,58.312621,8.246764,-261.461904,0,-2.327935222672073
2001-12-20,sz.000056,9.5600,9.5600,9.3000,9.3800,9.6500,146820,1377962.2000,3,0.268341,1,-2.797923,5.432871,56.681076,8.016026,-254.146389,0,-2.797927461139893
2001-12-21,sz.000056,9.4100,9.4500,9.3300,9.4200,9.3800,86343,810468.6000,3,0.157808,1,0.426439,5.456039,56.922786,8.050209,-255.230169,0,0.4264392324093702
2001-12-24,sz.000056,9.4100,9.4200,9.1200,9.1500,9.4200,64600,599807.8800,3,0.118069,1,-2.866247,5.299656,55.291241,7.819471,-247.914655,0,-2.86624203821656
2001-12-25,sz.000056,9.1500,9.2600,9.1000,9.2500,9.1500,57352,527585.8400,3,0.104822,1,1.092900,5.357576,55.895517,7.904930,-250.624105,0,1.0928961748633892
2001-12-26,sz.000056,9.2000,9.3500,9.1700,9.3500,9.2500,73330,677715.6000,3,0.134024,1,1.081085,5.415495,56.499793,7.990388,-253.333554,0,1.08108108108107
2001-12-27,sz.000056,9.3000,9.3500,9.2000,9.2000,9.3500,81750,758119.0000,3,0.149413,1,-1.604284,5.328616,55.593379,7.862200,-249.269380,0,-1.6042780748663166
2001-12-28,sz.000056,9.2000,9.2000,9.2000,9.2000,9.2000,0,0.0000,3,,0,0.000000,5.328616,55.593379,7.862200,-249.269380,0,0.0
2001-12-31,sz.000056,9.2600,9.3000,9.1100,9.1200,9.2000,121600,1120942.5000,3,0.222247,1,-0.869564,5.282280,55.109959,7.793833,-247.101820,0,-0.8695652173913104
2002-01-04,sz.000056,9.1200,9.1200,8.8800,8.9200,9.1200,102510,914816.4000,3,0.187356,1,-2.192981,5.166441,53.901407,7.622916,-241.682920,0,-2.1929824561403466
2002-01-07,sz.000056,8.8900,8.9000,8.7200,8.7800,8.9200,63866,561048.3200,3,0.116727,1,-1.569511,5.085353,53.055421,7.503274,-237.889691,0,-1.5695067264574036
2002-01-08,sz.000056,8.7600,8.9700,8.7600,8.8000,8.7800,82200,724583.0000,3,0.150236,1,0.227796,5.096937,53.176276,7.520365,-238.431581,0,0.2277904328018332
2002-01-09,sz.000056,8.7100,8.7900,8.5000,8.5600,8.8000,101414,875470.8400,3,0.185353,1,-2.727270,4.957929,51.726014,7.315265,-231.928901,0,-2.7272727272727337
2002-01-10,sz.000056,8.4600,8.7300,8.3400,8.6300,8.5600,144146,1218354.0200,3,0.263454,1,0.817753,4.998473,52.149007,7.375086,-233.825516,0,0.8177570093457875
2002-01-11,sz.000056,8.5300,8.7000,8.3600,8.3900,8.6300,119600,1014443.2800,3,0.218591,1,-2.780994,4.859466,50.698745,7.169985,-227.322837,0,-2.780996523754342
2002-01-14,sz.000056,8.3800,8.3800,7.8000,7.8000,8.3900,230505,1849050.8000,3,0.421291,1,-7.032183,4.517739,47.133517,6.665779,-211.337083,0,-7.032181168057217
2002-01-15,sz.000056,7.7000,7.8800,7.5000,7.5000,7.8000,160178,1230758.0500,3,0.292755,1,-3.846156,4.343980,45.320690,6.409402,-203.208734,0,-3.8461538461538436
2002-01-16,sz.000056,7.6900,7.7600,7.4200,7.6500,7.5000,119697,906890.3400,3,0.218769,1,2.000001,4.430860,46.227103,6.537590,-207.272908,0,2.0000000000000018
2002-01-17,sz.000056,7.6500,7.6900,6.8900,6.9900,7.6500,204201,1459329.1400,3,0.373216,1,-8.627455,4.048590,42.238883,5.973563,-189.390540,0,-8.62745098039216
2002-01-18,sz.000056,6.8700,7.1300,6.5100,6.9300,6.9900,254573,1760707.4500,3,0.465280,1,-0.858368,4.013838,41.876317,5.922288,-187.764870,0,-0.8583690987124526
2002-01-21,sz.000056,6.8800,6.8800,6.2600,6.2900,6.9300,265700,1755724.5500,3,0.485617,1,-9.235208,3.643151,38.008952,5.375352,-170.424391,0,-9.23520923520923
2002-01-22,sz.000056,6.1500,6.6800,5.8500,6.0200,6.2900,247176,1534019.6000,3,0.451760,1,-4.292528,3.486768,36.377407,5.144614,-163.108877,0,-4.292527821939595
2002-01-23,sz.000056,6.0000,6.6200,5.8800,6.5900,6.0200,357758,2243229.4500,3,0.653870,1,9.468441,3.816911,39.821779,5.631728,-178.552741,0,9.46843853820598
2002-01-24,sz.000056,6.5900,7.0500,6.3000,6.8500,6.5900,615260,4192780.9400,3,1.124503,1,3.945368,3.967502,41.392897,5.853921,-185.597310,0,3.9453717754172946
2002-01-25,sz.000056,6.8500,7.0200,6.7300,7.0000,6.8500,322625,2224079.5400,3,0.589658,1,2.189782,4.054382,42.299310,5.982109,-189.661485,0,2.1897810218978186
2002-01-28,sz.000056,7.1000,7.1000,6.4200,6.4400,7.0000,340335,2296232.2000,3,0.622026,1,-7.999999,3.730031,38.915366,5.503540,-174.488566,0,-7.9999999999999964
2002-01-29,sz.000056,6.3300,6.8500,6.2600,6.7100,6.4400,266332,1762708.7500,3,0.486772,1,4.192546,3.886414,40.546910,5.734279,-181.804080,0,4.192546583850931
2002-01-30,sz.000056,6.6300,6.9100,6.6300,6.8200,6.7100,217632,1486258.7000,3,0.397763,1,1.639346,3.950126,41.211614,5.828283,-184.784475,0,1.6393442622950838
2002-01-31,sz.000056,7.0000,7.4000,6.9800,7.3600,6.8200,679054,4909374.4900,3,1.241098,1,7.917888,4.262893,44.474703,6.289760,-199.415504,0,7.917888563049846
2002-02-01,sz.000056,7.3600,7.5000,7.1900,7.3600,7.3600,456701,3367411.3700,3,0.834707,1,0.000000,4.262893,44.474703,6.289760,-199.415504,0,0.0
2002-02-04,sz.000056,7.4000,7.6300,7.2100,7.5900,7.3600,541807,4055335.7200,3,0.990254,1,3.125000,4.396108,45.864538,6.486315,-205.647238,0,3.125
2002-02-05,sz.000056,7.6500,7.7200,7.4800,7.6000,7.5900,488802,3711850.5800,3,0.893377,1,0.131749,4.401900,45.924966,6.494861,-205.918183,0,0.13175230566535578
2002-02-06,sz.000056,7.5000,7.6800,7.2500,7.2800,7.6000,584236,4321751.6300,3,1.067801,1,-4.210522,4.216557,43.991283,6.221393,-197.247944,0,-4.210526315789465
2002-02-07,sz.000056,7.2800,7.6000,7.2600,7.6000,7.2800,529452,3958630.9400,3,0.967673,1,4.395600,4.401900,45.924966,6.494861,-205.918183,0,4.39560439560438
2002-02-08,sz.000056,7.6000,7.7000,7.4500,7.4900,7.6000,463250,3534920.9400,3,0.846676,1,-1.447370,4.338188,45.260262,6.400857,-202.937789,0,-1.4473684210526194
2002-02-25,sz.000056,7.7900,7.8000,7.6000,7.6900,7.4900,348891,2684538.7600,3,0.637664,1,2.670231,4.454028,46.468814,6.571774,-208.356688,0,2.6702269692923997
2002-02-26,sz.000056,7.7500,7.7600,7.5000,7.7600,7.6900,301487,2304004.0700,3,0.551024,1,0.910275,4.494572,46.891807,6.631595,-210.253303,0,0.910273081924573
2002-02-27,sz.000056,7.7900,7.8300,7.7000,7.7700,7.7600,348568,2712241.1200,3,0.637073,1,0.128863,4.500364,46.952235,6.640141,-210.524248,0,0.12886597938144284
2002-02-28,sz.000056,7.7100,7.7800,7.6000,7.6300,7.7700,223972,1723875.5000,3,0.409351,1,-1.801800,4.419276,46.106248,6.520499,-206.731018,0,-1.8018018018017945
2002-03-01,sz.000056,7.6300,7.6400,7.4000,7.4400,7.6300,256736,1923267.8100,3,0.469233,1,-2.490171,4.309228,44.958124,6.358127,-201.583064,0,-2.490170380078627
2002-03-04,sz.000056,7.4000,7.9200,7.3300,7.9100,7.4400,864244,6672180.6700,3,1.579568,1,6.317201,4.581451,47.798221,6.759783,-214.317478,0,6.317204301075274
2002-03-05,sz.000056,7.9200,8.7000,7.9200,8.7000,7.9100,1998741,16816896.4100,3,3.653074,1,9.987357,5.039017,52.572000,7.434907,-235.722131,0,9.987357774968375
2002-03-06,sz.000056,8.9600,9.5700,8.9600,9.1800,8.7000,5151394,47809221.6600,3,9.415138,1,5.517247,5.317032,55.472524,7.845109,-248.727490,0,5.517241379310356
2002-03-07,sz.000056,9.0800,9.8000,9.0100,9.5600,9.1800,2946603,27733689.4500,3,5.385469,1,4.139434,5.537127,57.768772,8.169852,-259.023399,0,4.139433551198257
2002-03-08,sz.000056,9.6000,10.3500,9.1900,10.1200,9.5600,3359835,32180443.2300,3,6.140728,1,5.857735,5.861477,61.152717,8.648420,-274.196318,0,5.8577405857740406
2002-03-11,sz.000056,10.0500,10.6500,9.7500,10.2700,10.1200,3233680,33065545.1800,3,5.910156,1,1.482219,5.948357,62.059131,8.776608,-278.260492,0,1.4822134387351804
2002-03-12,sz.000056,10.1500,10.4000,9.8000,9.8100,10.2700,2133545,21472991.8400,3,3.899453,1,-4.479065,5.681926,59.279462,8.383498,-265.797023,0,-4.479065238558899
2002-03-13,sz.000056,9.8000,9.9600,9.3500,9.4200,9.8100,1564690,14957986.7500,3,2.859764,1,-3.975538,5.456039,56.922786,8.050209,-255.230169,0,-3.9755351681957207
2002-03-14,sz.000056,9.3100,10.2000,9.3100,9.9100,9.4200,1614507,15815396.4000,3,2.950814,1,5.201696,5.739846,59.883738,8.468957,-268.506473,0,5.201698513800435
2002-03-15,sz.000056,10.1000,10.1200,9.4500,9.4800,9.9100,1052674,10253574.6000,3,1.923959,1,-4.339055,5.490791,57.285352,8.101485,-256.855839,0,-4.339051463168508
2002-03-18,sz.000056,9.5500,9.8900,9.5300,9.7800,9.4800,919477,8913056.1900,3,1.680517,1,3.164559,5.664550,59.098179,8.357861,-264.984189,0,3.164556962025311
2002-03-19,sz.000056,9.7800,10.1000,9.6500,9.8600,9.7800,1143267,11307532.0700,3,2.089535,1,0.817995,5.710886,59.581600,8.426228,-267.151748,0,0.8179959100204526
2002-03-20,sz.000056,9.8500,9.9600,9.6000,9.8000,9.8600,969060,9452201.6400,3,1.771139,1,-0.608514,5.676134,59.219035,8.374952,-265.526078,0,-0.6085192697768638
2002-03-21,sz.000056,9.7800,10.1000,9.7800,9.9200,9.8000,884250,8811592.3600,3,1.616133,1,1.224489,5.745638,59.944166,8.477503,-268.777418,0,1.2244897959183598
2002-03-22,sz.000056,9.9600,10.3800,9.9600,10.1500,9.9200,1695250,17213667.5400,3,3.098387,1,2.318544,5.878853,61.334000,8.674058,-275.009153,0,2.318548387096775
2002-03-25,sz.000056,10.2800,10.2800,9.9300,10.0200,10.1500,578568,5811986.4800,3,1.057441,1,-1.280780,5.803558,60.548441,8.562962,-271.486868,0,-1.2807881773399088
2002-03-26,sz.000056,10.0000,10.0000,9.6200,9.7800,10.0200,645138,6288981.6000,3,1.179111,1,-2.395217,5.664550,59.098179,8.357861,-264.984189,0,-2.395209580838331
2002-03-27,sz.000056,9.7000,9.9600,9.6000,9.8700,9.7800,391924,3827052.7600,3,0.716315,1,0.920247,5.716678,59.642028,8.434774,-267.422693,0,0.9202453987730008
2002-03-28,sz.000056,9.8600,10.2000,9.8300,10.0300,9.8700,1025457,10321529.9400,3,1.874215,1,1.621072,5.809350,60.608869,8.571507,-271.757813,0,1.6210739614994862
2002-03-29,sz.000056,9.9900,9.9900,9.4500,9.5400,10.0300,623367,6043967.8600,3,1.139320,1,-4.885342,5.525543,57.647917,8.152760,-258.481509,0,-4.885343968095713
2002-04-01,sz.000056,9.4000,9.7500,9.3500,9.6600,9.5400,336202,3227194.8300,3,0.614472,1,1.257860,5.595047,58.373048,8.255310,-261.732849,0,1.2578616352201255
2002-04-02,sz.000056,9.5900,9.7000,9.3900,9.4500,9.6600,361419,3434463.5500,3,0.660561,1,-2.173913,5.473415,57.104069,8.075847,-256.043004,0,-2.1739130434782705
2002-04-03,sz.000056,9.6500,9.8000,9.3200,9.5000,9.4500,476600,4572193.5000,3,0.871076,1,0.529103,5.502375,57.406207,8.118576,-257.397729,0,0.5291005291005346
2002-04-04,sz.000056,9.5000,10.0300,9.3600,9.9300,9.5000,578892,5630312.1600,3,1.058034,1,4.526319,5.751430,60.004593,8.486049,-269.048363,0,4.526315789473689
2002-04-05,sz.000056,10.0000,10.1500,9.8000,9.9400,9.9300,888879,8873933.0600,3,1.624593,1,0.100698,5.757222,60.065021,8.494595,-269.319308,0,0.10070493454179541
2002-04-08,sz.000056,9.9800,10.3000,9.8600,10.1600,9.9400,942676,9547806.9800,3,1.722917,1,2.213283,5.884645,61.394428,8.682604,-275.280098,0,2.213279678068414
2002-04-09,sz.000056,10.1600,11.1800,10.1600,11.1800,10.1600,4668744,50982367.5300,3,8.533005,1,10.039380,6.475427,67.558041,9.554283,-302.916485,0,10.039370078740163
2002-04-10,sz.000056,11.3700,11.5000,10.9000,10.9800,11.1800,4777684,53545829.0200,3,8.732113,1,-1.788916,6.359587,66.349490,9.383365,-297.497586,0,-1.7889087656529412
2002-04-11,sz.000056,10.9800,11.0100,10.6200,10.7900,10.9800,1378596,14897181.4100,3,2.519643,1,-1.730415,6.249540,65.201366,9.220994,-292.349631,0,-1.730418943533707
2002-04-12,sz.000056,10.6800,10.8600,10.6200,10.6900,10.7900,783773,8394820.0200,3,1.432492,1,-0.926788,6.191620,64.597090,9.135535,-289.640182,0,-0.9267840593141785
2002-04-15,sz.000056,10.6200,11.0000,10.5900,10.8300,10.6900,707466,7651870.9300,3,1.293027,1,1.309639,6.417910,121.403868,7.936181,-108.295991,0,1.3096351730589317
2002-04-16,sz.000056,10.8300,10.9200,10.3600,10.5300,10.8300,785731,8298893.3200,3,1.436071,1,-2.770085,6.240129,118.040880,7.716342,-105.296102,0,-2.7700831024930817
2002-04-17,sz.000056,10.6000,10.6000,10.3700,10.4200,10.5300,450590,4715815.3000,3,0.823538,1,-1.044631,6.174943,116.807784,7.635734,-104.196142,0,-1.0446343779677014
2002-04-18,sz.000056,10.4200,10.4200,10.1500,10.1700,10.4200,673438,6910838.9800,3,1.230834,1,-2.399232,6.026791,114.005294,7.452535,-101.696235,0,-2.399232245681382
2002-04-19,sz.000056,10.1500,10.2200,9.3000,10.1100,10.1700,1166511,11477681.4900,3,2.132017,1,-0.589975,5.991235,113.332697,7.408568,-101.096257,0,-0.5899705014749346
2002-04-22,sz.000056,9.7000,10.0800,9.7000,9.9000,10.1100,345480,3432391.0000,3,0.631429,1,-2.077152,5.866788,110.978605,7.254680,-98.996335,0,-2.0771513353115667
2002-04-23,sz.000056,9.9000,10.1400,9.8000,10.0000,9.9000,361993,3636823.7600,3,0.661610,1,1.010105,5.926048,112.099601,7.327960,-99.996298,0,1.0101010101010166
2002-04-24,sz.000056,9.9800,10.0900,9.8100,9.9000,10.0000,241910,2400500.6000,3,0.442136,1,-1.000004,5.866788,110.978605,7.254680,-98.996335,0,-1.0000000000000009
2002-04-25,sz.000056,9.8500,10.0500,9.7500,9.9200,9.9000,317837,3148625.8400,3,0.580907,1,0.202025,5.878640,111.202804,7.269336,-99.196328,0,0.20202020202020332
2002-04-26,sz.000056,9.9500,10.7500,9.9500,10.4500,9.9200,1080320,11293594.4800,3,1.974487,1,5.342739,6.192721,117.144083,7.657718,-104.496131,0,5.3427419354838745
2002-04-29,sz.000056,10.4100,10.8500,10.4100,10.8300,10.4500,1164747,12477275.0500,3,2.128793,1,3.636365,6.402566,121.403868,7.936181,-108.295991,0,3.6363636363636376
2002-04-30,sz.000056,10.9000,10.9400,10.5100,10.6200,10.8300,884268,9459295.5600,3,1.616165,1,-1.939059,6.278417,119.049776,7.782294,-106.196068,0,-1.939058171745156
2002-05-08,sz.000056,10.6200,10.6500,10.4100,10.4200,10.6200,320551,3372216.0000,3,0.585867,1,-1.883237,6.160179,116.807784,7.635734,-104.196142,0,-1.883239171374762
2002-05-09,sz.000056,10.3500,10.9000,10.2000,10.6400,10.4200,597527,6380154.2700,3,1.092093,1,2.111327,6.290240,119.273975,7.796949,-106.396061,0,2.1113243761996303
2002-05-10,sz.000056,10.6800,10.6800,10.2800,10.3500,10.6400,472385,4920033.3400,3,0.863372,1,-2.725563,6.118796,116.023087,7.584439,-103.496168,0,-2.725563909774442
2002-05-13,sz.000056,10.2800,10.5000,10.2400,10.4600,10.3500,791808,8228209.7800,3,1.447177,1,1.062799,6.183827,117.256183,7.665046,-104.596128,0,1.0628019323671634
2002-05-14,sz.000056,10.4500,10.6900,10.4000,10.4100,10.4600,462750,4885373.0700,3,0.845762,1,-0.478013,6.154267,116.695685,7.628406,-104.096146,0,-0.47801147227534146
2002-05-15,sz.000056,10.3800,10.7600,10.3200,10.5900,10.4100,864765,9144383.0100,3,1.580520,1,1.729110,6.260681,118.713477,7.760310,-105.896080,0,1.729106628242083
2002-05-16,sz.000056,10.4800,10.5500,10.0000,10.1500,10.5900,1093104,11117660.9400,3,1.997852,1,-4.154868,6.000558,113.781095,7.437879,-101.496242,0,-4.154863078375826
2002-05-17,sz.000056,10.1500,10.1500,10.1500,10.1500,10.1500,0,0.0000,3,,0,0.000000,6.000558,113.781095,7.437879,-101.496242,0,0.0
2002-05-20,sz.000056,10.3500,10.3500,9.8500,10.0300,10.1500,518677,5166228.0700,3,0.947979,1,-1.182265,5.929616,112.435900,7.349944,-100.296287,0,-1.1822660098522286
2002-05-21,sz.000056,10.3500,10.5500,10.2000,10.4100,10.0300,874296,9103667.1700,3,1.597940,1,3.788635,6.154267,116.695685,7.628406,-104.096146,0,3.788634097706889
2002-05-22,sz.000056,10.4800,10.9500,10.4300,10.8200,10.4100,2469540,26609147.2100,3,4.513547,1,3.938519,6.396654,121.291768,7.928853,-108.195994,0,3.9385206532180694
2002-05-23,sz.000056,10.9500,10.9500,10.7000,10.7800,10.8200,1161806,12569398.4000,3,2.123418,1,-0.369685,6.373007,120.843370,7.899541,-107.796009,0,-0.3696857670979714
2002-05-24,sz.000056,10.8000,10.9100,10.5000,10.8100,10.7800,1305282,14081391.7700,3,2.385647,1,0.278299,6.390742,121.179669,7.921525,-108.095998,0,0.2782931354360141
2002-05-27,sz.000056,10.8200,11.2000,10.8200,11.1800,10.8100,2206637,24476795.0000,3,4.033043,1,3.422755,6.609482,125.327354,8.192659,-111.795861,0,3.422756706753005
2002-05-28,sz.000056,11.2500,11.3000,10.8600,10.8800,11.1800,1519736,16774069.2100,3,2.777602,1,-2.683365,6.432126,121.964366,7.972821,-108.795972,0,-2.683363148479423
2002-05-29,sz.000056,10.8800,10.9500,10.2800,10.3800,10.8800,1604517,16802063.7000,3,2.932555,1,-4.595588,6.136532,116.359386,7.606423,-103.796157,0,-4.595588235294112
2002-05-30,sz.000056,10.2000,10.4900,10.1000,10.4200,10.3800,868882,8962800.3300,3,1.588045,1,0.385356,6.160179,116.807784,7.635734,-104.196142,0,0.3853564547205979
2002-05-31,sz.000056,10.4500,10.4900,10.1900,10.2200,10.4200,458469,4708250.5900,3,0.837938,1,-1.919384,6.041941,114.565792,7.489175,-102.196216,0,-1.9193857965451033
2002-06-03,sz.000056,10.0100,10.1000,9.8200,9.8300,10.2200,787171,7853177.2700,3,1.438703,1,-3.816050,5.811378,110.193908,7.203385,-98.296361,0,-3.816046966731901
2002-06-04,sz.000056,9.7000,10.0000,9.7000,9.8900,9.8300,500483,4943556.8400,3,0.914726,1,0.610381,5.846849,110.866505,7.247352,-98.896339,0,0.6103763987792554
2002-06-05,sz.000056,9.9300,9.9300,9.4100,9.5200,9.8900,574759,5548719.9300,3,1.050480,1,-3.741152,5.628110,106.718820,6.976218,-95.196476,0,-3.7411526794742245
2002-06-06,sz.000056,9.5000,10.4000,9.4100,10.2400,9.5200,886408,8749036.1400,3,1.620077,1,7.563017,6.053765,114.789991,7.503831,-102.396209,0,7.563025210084051
2002-06-07,sz.000056,10.2200,10.5100,10.0100,10.3800,10.2400,994512,10287642.7500,3,1.817657,1,1.367191,6.136532,116.359386,7.606423,-103.796157,0,1.3671875
2002-06-10,sz.000056,10.2900,10.5100,10.0800,10.2700,10.3800,464828,4781419.0000,3,0.849560,1,-1.059727,6.071501,115.126290,7.525815,-102.696198,0,-1.0597302504817052
2002-06-11,sz.000056,10.2100,10.5000,10.1700,10.3600,10.2700,383007,3976757.0900,3,0.700017,1,0.876331,6.124708,116.135187,7.591767,-103.596165,0,0.8763388510223846
2002-06-12,sz.000056,10.3500,10.3500,10.1000,10.1900,10.3600,482888,4909927.8400,3,0.882568,1,-1.640927,6.024206,114.229493,7.467191,-101.896228,0,-1.6409266409266432
2002-06-13,sz.000056,10.4000,10.4000,10.1000,10.1100,10.1900,393691,4043242.6600,3,0.719544,1,-0.785083,5.976911,113.332697,7.408568,-101.096257,0,-0.7850834151128527
2002-06-14,sz.000056,9.9900,10.3000,9.9200,10.0200,10.1100,792110,8019799.3600,3,1.447729,1,-0.890200,5.923704,112.323800,7.342616,-100.196291,0,-0.8902077151335286
2002-06-17,sz.000056,9.9800,10.1300,9.8500,10.0600,10.0200,204337,2043767.2300,3,0.373464,1,0.399201,5.947351,112.772199,7.371928,-100.596276,0,0.3992015968063978
2002-06-18,sz.000056,10.2000,11.0700,10.1000,10.6000,10.0600,2178619,23277968.2200,3,3.981834,1,5.367793,6.266593,118.825577,7.767638,-105.996076,0,5.367793240556651
2002-06-19,sz.000056,10.6000,10.6000,10.3900,10.4100,10.6000,617814,6471177.3700,3,1.129171,1,-1.792458,6.154267,116.695685,7.628406,-104.096146,0,-1.7924528301886733
2002-06-20,sz.000056,10.4000,10.8500,10.3600,10.6700,10.4100,1438544,15412384.4400,3,2.629209,1,2.497601,6.307976,119.610274,7.818933,-106.696050,0,2.4975984630163373
2002-06-21,sz.000056,10.8000,11.7400,10.7700,11.7400,10.6700,8483574,97763810.0200,3,15.505321,1,10.028110,6.940547,131.604932,8.603025,-117.395654,0,10.028116213683225
2002-06-24,sz.000056,12.9100,12.9100,12.9100,12.9100,11.7400,1973590,25479046.9000,3,3.607106,1,9.965929,7.632237,144.720585,9.460396,-129.095221,0,9.965928449744466
2002-06-25,sz.000056,13.8800,14.2000,13.0000,13.2500,12.9100,12620718,173022893.2500,3,23.066727,1,2.633619,7.833241,148.531971,9.709547,-132.495095,0,2.6336173508907823
2002-06-26,sz.000056,13.0000,13.1900,12.5800,13.0000,13.2500,3663542,47158950.0200,3,6.695810,1,-1.886792,7.685444,145.729481,9.526348,-129.995187,0,-1.8867924528301883
2002-06-27,sz.000056,13.0100,13.2500,12.7900,12.8700,13.0000,2207916,28660910.7200,3,4.035380,1,-1.000001,7.608590,144.272186,9.431085,-128.695235,0,-1.0000000000000009
2002-06-28,sz.000056,12.8800,12.8800,12.2900,12.4700,12.8700,2808918,35180656.3500,3,5.133824,1,-3.108000,7.372115,139.788202,9.137966,-124.695384,0,-3.108003108003099
2002-07-01,sz.000056,12.4700,12.8000,12.1000,12.4900,12.4700,1590265,19887998.7000,3,2.906507,1,0.160000,7.383938,140.012402,9.152622,-124.895376,0,0.1603849238171584
2002-07-02,sz.000056,12.4800,12.9500,12.4000,12.8900,12.4900,1337223,17054006.0000,3,2.444026,1,3.200000,7.620413,144.496386,9.445740,-128.895228,0,3.2025620496397122
2002-07-03,sz.000056,12.8500,12.8800,12.6000,12.7100,12.8900,656422,8364365.5700,3,1.199734,1,-1.400000,7.514000,142.478593,9.313837,-127.095295,0,-1.3964313421256813
2002-07-04,sz.000056,12.6000,12.8500,12.5000,12.5300,12.7100,703044,8854435.7500,3,1.284945,1,-1.420000,7.407586,140.460800,9.181934,-125.295361,0,-1.4162077104642123
2002-07-05,sz.000056,12.5000,12.7500,12.4100,12.7400,12.5300,303513,3822991.0000,3,0.554727,1,1.680000,7.531735,142.814892,9.335821,-127.395284,0,1.6759776536312998
2002-07-08,sz.000056,12.4200,12.9800,12.4200,12.9500,12.7400,831803,10641798.8000,3,1.520276,1,1.650000,7.655885,145.168983,9.489708,-129.495206,0,1.6483516483516425
2002-07-09,sz.000056,12.9200,13.1200,12.6800,12.7200,12.9500,790220,10196975.1700,3,1.444275,1,-1.780000,7.519912,142.590692,9.321165,-127.195291,0,-1.7760617760617659
2002-07-10,sz.000056,12.6000,12.7000,12.4500,12.4500,12.7200,768321,9623626.0700,3,1.404251,1,-2.120000,7.360291,139.564003,9.123310,-124.495391,0,-2.1226415094339757
2002-07-11,sz.000056,12.4500,12.5900,12.3200,12.4000,12.4500,356215,4434997.2000,3,0.651050,1,-0.400000,7.330731,139.003505,9.086670,-123.995409,0,-0.40160642570280514
2002-07-12,sz.000056,12.4700,12.6800,12.4000,12.4200,12.4000,386510,4836654.1100,3,0.706419,1,0.160000,7.342555,139.227704,9.101326,-124.195402,0,0.1612903225806317
2002-07-15,sz.000056,12.3500,12.3800,12.0300,12.1000,12.4200,595240,7252677.2500,3,1.087913,1,-2.580000,7.153375,135.640517,8.866832,-120.995521,0,-2.5764895330112725
2002-07-16,sz.000056,12.1200,12.4000,12.1100,12.1800,12.1000,355376,4349923.9800,3,0.649516,1,0.660000,7.200670,136.537314,8.925455,-121.795491,0,0.6611570247933907
2002-07-17,sz.000056,12.2800,12.4500,12.2200,12.4100,12.1800,395321,4869322.9700,3,0.722523,1,1.890000,7.336643,139.115605,9.093998,-124.095406,0,1.8883415435139606
2002-07-18,sz.000056,12.4500,12.5000,12.2200,12.3500,12.4100,413740,5109821.4000,3,0.756187,1,-0.480000,7.301172,138.443007,9.050031,-123.495428,0,-0.483481063658342
2002-07-19,sz.000056,12.4500,12.5000,12.3500,12.4700,12.3500,326879,4060240.0000,3,0.597433,1,0.970000,7.372115,139.788202,9.137966,-124.695384,0,0.9716599190283448
2002-07-22,sz.000056,12.4700,12.4800,12.1700,12.2100,12.4700,403300,4945834.0000,3,0.737106,1,-2.090000,7.218406,136.873613,8.947439,-122.095480,0,-2.0850040096230926
2002-07-23,sz.000056,12.1000,12.2900,12.1000,12.1400,12.2100,259807,3161892.1200,3,0.474846,1,-0.570000,7.177022,136.088916,8.896143,-121.395506,0,-0.5733005733005725
2002-07-24,sz.000056,12.2000,12.2000,12.0100,12.0300,12.1400,309150,3737473.4400,3,0.565030,1,-0.910000,7.111992,134.855820,8.815536,-120.295546,0,-0.9060955518945701
2002-07-25,sz.000056,12.0300,12.1500,11.5200,11.6000,12.0300,899628,10529033.4900,3,1.644239,1,-3.570000,6.857781,130.035537,8.500434,-115.995706,0,-3.5743973399833706
2002-07-26,sz.000056,11.5900,11.6200,11.3800,11.3900,11.6000,578133,6615827.5100,3,1.056646,1,-1.810345,6.733631,127.681446,8.346546,-113.895783,0,-1.8103448275861966
2002-07-29,sz.000056,11.3000,11.6800,11.3000,11.6500,11.3900,275030,3152533.7100,3,0.502669,1,2.280000,6.887340,130.596035,8.537073,-116.495687,0,2.2827041264266823
2002-07-30,sz.000056,11.6500,11.6500,11.4300,11.5400,11.6500,208610,2403484.1000,3,0.381274,1,-0.940000,6.822310,129.362940,8.456466,-115.395728,0,-0.9442060085837034
2002-07-31,sz.000056,11.5500,11.6500,10.9800,11.1000,11.5400,919025,10275443.4500,3,1.679690,1,-3.810000,6.562187,124.430557,8.134036,-110.995891,0,-3.812824956672445
2002-08-01,sz.000056,11.0100,11.3500,10.8500,11.2400,11.1000,584987,6493603.9300,3,1.069173,1,1.260000,6.644953,125.999952,8.236627,-112.395839,0,1.2612612612612706
2002-08-02,sz.000056,11.2400,11.2500,11.0800,11.1800,11.2400,236697,2642447.1100,3,0.432608,1,-0.530000,6.609482,125.327354,8.192659,-111.795861,0,-0.5338078291814985
2002-08-05,sz.000056,11.1800,11.1800,11.0000,11.0900,11.1800,170500,1888586.0000,3,0.311621,1,-0.810000,6.556275,124.318458,8.126708,-110.895894,0,-0.805008944543828
2002-08-06,sz.000056,11.0600,11.9000,11.0600,11.5000,11.0900,1092131,12697486.7500,3,1.996074,1,3.700000,6.798662,128.914541,8.427154,-114.995743,0,3.6970243462578933
2002-08-07,sz.000056,11.5000,11.5400,11.4000,11.4500,11.5000,233142,2668932.6400,3,0.426111,1,-0.430000,6.769103,128.354043,8.390514,-114.495761,0,-0.43478260869566077
2002-08-08,sz.000056,11.4200,11.7000,11.4200,11.4600,11.4500,280816,3240147.3800,3,0.513244,1,0.090000,6.775015,128.466143,8.397842,-114.595757,0,0.08733624454149158
2002-08-09,sz.000056,11.4500,11.6000,11.1500,11.2400,11.4600,436136,4955431.6400,3,0.797120,1,-1.920000,6.644953,125.999952,8.236627,-112.395839,0,-1.919720767888311
2002-08-12,sz.000056,11.0600,11.2400,11.0500,11.1200,11.2400,228110,2541068.8000,3,0.416914,1,-1.070000,6.574011,124.654756,8.148692,-111.195883,0,-1.067615658362997
2002-08-13,sz.000056,11.1800,11.2600,11.1600,11.2300,11.1200,166300,1864559.2200,3,0.303944,1,0.990000,6.639041,125.887852,8.229299,-112.295843,0,0.9892086330935301
2002-08-14,sz.000056,11.1900,11.3500,11.1900,11.3300,11.2300,118709,1336888.2600,3,0.216963,1,0.890000,6.698160,127.008848,8.302579,-113.295806,0,0.8904719501335645
2002-08-15,sz.000056,11.3000,11.3000,11.1500,11.2000,11.3300,217230,2430817.2000,3,0.397029,1,-1.150000,6.621306,125.551553,8.207315,-111.995854,0,-1.1473962930273696
2002-08-16,sz.000056,11.2000,11.3000,11.0800,11.2300,11.2000,167915,1883083.9000,3,0.306896,1,0.270000,6.639041,125.887852,8.229299,-112.295843,0,0.267857142857153
2002-08-19,sz.000056,11.2000,11.2800,11.1200,11.2000,11.2300,129872,1452238.5500,3,0.237365,1,-0.270000,6.621306,125.551553,8.207315,-111.995854,0,-0.267141585040076
2002-08-20,sz.000056,11.2800,11.5000,11.2800,11.4400,11.2000,335067,3826194.0100,3,0.612398,1,2.140000,6.706174,133.061539,10.527031,-112.875959,0,2.1428571428571352
2002-08-21,sz.000056,11.4400,11.6500,11.3800,11.5100,11.4400,468077,5397238.7600,3,0.855498,1,0.610000,6.747208,133.875727,10.591444,-113.566634,0,0.6118881118881037
2002-08-22,sz.000056,11.5600,11.7200,11.4500,11.6300,11.5100,459615,5314669.2500,3,0.840033,1,1.040000,6.817553,135.271477,10.701868,-114.750647,0,1.0425716768027948
2002-08-23,sz.000056,11.5900,11.6500,11.4600,11.5400,11.6300,282011,3255439.5300,3,0.515428,1,-0.770000,6.764794,134.224664,10.619050,-113.862637,0,-0.7738607050731039
2002-08-26,sz.000056,11.5400,11.5400,11.3400,11.3500,11.5400,245503,2796644.6100,3,0.448703,1,-1.650000,6.653416,132.014726,10.444213,-111.987949,0,-1.6464471403812797
2002-08-27,sz.000056,11.3500,11.5800,11.2800,11.5300,11.3500,350648,4031665.8500,3,0.640875,1,1.590000,6.758932,134.108352,10.609848,-113.763969,0,1.585903083700435
2002-08-28,sz.000056,11.5300,11.5800,11.4800,11.5200,11.5300,225145,2594695.6200,3,0.411495,1,-0.090000,6.753070,133.992039,10.600646,-113.665301,0,-0.08673026886383273
2002-08-29,sz.000056,11.5900,11.6500,11.4500,11.6300,11.5200,498762,5768760.1400,3,0.911581,1,0.950000,6.817553,135.271477,10.701868,-114.750647,0,0.954861111111116
2002-08-30,sz.000056,11.6700,12.2500,11.6700,11.9100,11.6300,2611252,31260760.9700,3,4.772552,1,2.410000,6.981690,138.528228,10.959522,-117.513345,0,2.407566638005143
2002-09-02,sz.000056,11.9000,12.2200,11.7200,12.1600,11.9100,1557599,18851521.9700,3,2.846804,1,2.100000,7.128241,141.436041,11.189571,-119.980040,0,2.099076406381184
2002-09-03,sz.000056,12.1900,12.3500,12.0600,12.1000,12.1600,1014870,12363606.7200,3,1.854865,1,-0.490000,7.093069,140.738166,11.134359,-119.388034,0,-0.49342105263158187
2002-09-04,sz.000056,12.1300,12.1500,12.0000,12.0200,12.1000,522045,6287382.9700,3,0.954135,1,-0.660000,7.046172,139.807666,11.060744,-118.598691,0,-0.6611570247933907
2002-09-05,sz.000056,12.0000,12.1000,11.7000,11.7100,12.0200,878422,10370943.1100,3,1.605481,1,-2.580000,6.864449,136.201977,10.775483,-115.539989,0,-2.5790349417637137
2002-09-06,sz.000056,11.7000,11.7600,11.4500,11.4900,11.7100,703926,8157774.8400,3,1.286557,1,-1.880000,6.735484,133.643102,10.573040,-113.369298,0,-1.8787361229718247
2002-09-09,sz.000056,11.5000,11.5800,11.1500,11.2200,11.4900,772716,8780553.9800,3,1.412283,1,-2.350000,6.577209,130.502663,10.324588,-110.705267,0,-2.3498694516971286
2002-09-10,sz.000056,11.2000,11.4000,11.2000,11.2500,11.2200,282920,3185995.5000,3,0.517089,1,0.270000,6.594795,130.851601,10.352194,-111.001271,0,0.2673796791443861
2002-09-11,sz.000056,11.2900,11.3100,11.0000,11.2300,11.2500,440854,4895047.7200,3,0.805743,1,-0.180000,6.583071,130.618976,10.333790,-110.803935,0,-0.1777777777777767
2002-09-12,sz.000056,11.2300,11.3500,11.1200,11.2500,11.2300,185623,2082756.6600,3,0.339261,1,0.180000,6.594795,130.851601,10.352194,-111.001271,0,0.17809439002671734
2002-09-13,sz.000056,11.2000,11.2600,11.1300,11.2000,11.2500,116030,1299046.0400,3,0.212067,1,-0.440000,6.565485,130.270038,10.306184,-110.507932,0,-0.4444444444444473
2002-09-16,sz.000056,11.2000,11.2000,10.8600,10.9000,11.2000,506240,5545742.4000,3,0.925248,1,-2.680000,6.389624,126.780662,10.030125,-107.547898,0,-2.678571428571419
2002-09-17,sz.000056,10.9000,11.0000,10.8000,10.9500,10.9000,255142,2778316.4600,3,0.466320,1,0.460000,6.418934,127.362225,10.076135,-108.041237,0,0.4587155963302614
2002-09-18,sz.000056,10.9500,11.0100,10.8600,11.0000,10.9500,207841,2273952.9800,3,0.379868,1,0.460000,6.448244,127.943787,10.122145,-108.534576,0,0.4566210045662267
2002-09-19,sz.000056,11.1200,12.1000,11.1200,12.1000,11.0000,3955932,46992670.0800,3,7.230207,1,10.000000,7.093069,140.738166,11.134359,-119.388034,0,9.999999999999986
2002-09-20,sz.000056,12.3000,13.1000,12.0000,12.2900,12.1000,8715997,108854821.7500,3,15.930118,1,1.570000,7.204447,142.948104,11.309196,-121.262722,0,1.5702479338842945
2002-09-23,sz.000056,12.2200,13.3900,12.1300,13.0900,12.2900,7859805,100621651.8300,3,14.365266,1,6.510000,7.673411,152.253107,12.045352,-129.156145,0,6.509357200976407
2002-09-24,sz.000056,13.0000,13.0500,12.7500,12.8600,13.0900,4201849,54136716.5700,3,7.679666,1,-1.760000,7.538584,149.577919,11.833707,-126.886786,0,-1.7570664629488197
2002-09-25,sz.000056,12.7700,13.1800,12.4100,12.4700,12.8600,5464484,70245704.7400,3,9.987368,1,-3.030000,7.309964,145.041730,11.474831,-123.038742,0,-3.032659409020211
2002-09-26,sz.000056,12.3400,12.4800,12.1700,12.2000,12.4700,3034597,37351253.3200,3,5.546295,1,-2.170000,7.151689,141.901291,11.226379,-120.374711,0,-2.165196471531683
2002-09-27,sz.000056,12.2100,12.4400,12.0500,12.2100,12.2000,2021986,24771542.2000,3,3.695558,1,0.080000,7.157551,142.017604,11.235581,-120.473379,0,0.08196721311477528
2002-10-08,sz.000056,12.2400,12.6000,12.1000,12.3500,12.2100,1694365,21037734.0800,3,3.096770,1,1.150000,7.239620,143.645979,11.364408,-121.854728,0,1.146601146601145
2002-10-09,sz.000056,12.3000,12.3600,11.1200,11.2100,12.3500,3623696,41351025.6900,3,6.622983,1,-9.230000,6.571347,130.386351,10.315386,-110.606600,0,-9.23076923076922
2002-10-10,sz.000056,11.0200,11.3300,11.0000,11.1300,11.2100,1163097,12974354.6200,3,2.125778,1,-0.710000,6.524451,129.455850,10.241770,-109.817257,0,-0.7136485280999083
2002-10-11,sz.000056,11.1400,11.3600,11.0800,11.1400,11.1300,1002726,11246661.4800,3,1.832670,1,0.090000,6.530313,129.572163,10.250972,-109.915925,0,0.08984725965857088
2002-10-14,sz.000056,11.1000,11.8300,10.8000,11.4000,11.1400,2101747,23635850.8800,3,3.841336,1,2.330000,6.682726,132.596289,10.490223,-112.481288,0,2.333931777378817
2002-10-15,sz.000056,11.2900,11.4900,11.2500,11.2900,11.4000,973923,11055350.1800,3,1.780027,1,-0.960000,6.618243,131.316851,10.389001,-111.395942,0,-0.9649122807017685
2002-10-16,sz.000056,11.3000,12.0000,11.3000,11.6300,11.2900,2115295,24723861.4400,3,3.866098,1,3.010000,6.817553,135.271477,10.701868,-114.750647,0,3.011514614703281
2002-10-17,sz.000056,11.6400,11.6800,11.2500,11.3000,11.6300,1142868,13081305.4900,3,2.088805,1,-2.840000,6.624105,131.433163,10.398203,-111.494610,0,-2.837489251934655
2002-10-18,sz.000056,11.2800,11.6700,11.1500,11.5000,11.3000,1169972,13410410.4500,3,2.138343,1,1.770000,6.741346,133.759414,10.582242,-113.467966,0,1.7699115044247815
2002-10-21,sz.000056,11.4500,11.8500,11.3900,11.8000,11.5000,1270996,14833210.7100,3,2.322983,1,2.610000,6.917207,137.248790,10.858301,-116.428000,0,2.60869565217392
2002-10-22,sz.000056,11.8000,11.9800,11.6600,11.8900,11.8000,1849703,21938346.0300,3,3.380679,1,0.760000,6.969966,138.295603,10.941118,-117.316010,0,0.7627118644067732
2002-10-23,sz.000056,11.8500,12.0000,11.6800,11.9300,11.8900,1276946,15129180.3200,3,2.333858,1,0.340000,6.993414,138.760853,10.977926,-117.710681,0,0.3364171572750152
2002-10-24,sz.000056,11.9500,12.0900,11.7700,11.8200,11.9300,1454968,17355163.6500,3,2.659227,1,-0.920000,6.928932,137.481415,10.876705,-116.625335,0,-0.9220452640402277
2002-10-25,sz.000056,11.7800,11.8800,11.4000,11.4500,11.8200,1145715,13306199.7500,3,2.094009,1,-3.130000,6.712036,133.177851,10.536233,-112.974627,0,-3.130287648054153
2002-10-28,sz.000056,11.4500,11.4500,11.4500,11.4500,11.4500,0,0.0000,3,,0,0.000000,6.712036,133.177851,10.536233,-112.974627,0,0.0
2002-10-29,sz.000056,11.3900,11.3900,11.0000,11.2700,11.4500,1256985,14000696.1300,3,2.297376,1,-1.570000,6.548846,300.570365,11.857481,-111.198606,0,-1.5720524017467263
2002-10-30,sz.000056,11.3400,11.3400,11.0500,11.1400,11.2700,535410,5987066.9700,3,0.978562,1,-1.150000,6.473304,297.103271,11.720704,-109.915925,0,-1.153504880212941
2002-10-31,sz.000056,11.1400,11.3300,11.0800,11.1300,11.1400,474267,5316527.1600,3,0.866812,1,-0.090000,6.467493,296.836572,11.710183,-109.817257,0,-0.08976660682226134
2002-11-01,sz.000056,11.1300,11.2700,11.0700,11.2700,11.1300,463912,5176747.6600,3,0.847886,1,1.260000,6.548846,300.570365,11.857481,-111.198606,0,1.2578616352201255
2002-11-04,sz.000056,11.5700,11.7800,11.4000,11.4600,11.2700,872495,10060654.4300,3,1.594648,1,1.690000,6.659252,305.637656,12.057385,-113.073295,0,1.685891748003554
2002-11-05,sz.000056,11.4600,11.9000,11.4400,11.8400,11.4600,1356891,15892642.9200,3,2.479973,1,3.320000,6.880065,315.772238,12.457194,-116.822671,0,3.315881326352521
2002-11-06,sz.000056,11.8500,12.5800,11.7400,12.1700,11.8400,3942338,48271042.3500,3,7.205361,1,2.790000,7.071823,324.573323,12.804396,-120.078708,0,2.787162162162171
2002-11-07,sz.000056,12.2100,12.3000,12.0500,12.2500,12.1700,1665539,20287932.6500,3,3.044085,1,0.660000,7.118310,326.706919,12.888566,-120.868050,0,0.6573541495480617
2002-11-08,sz.000056,12.5000,12.5500,11.7300,11.7400,12.2500,1708812,20502517.2400,3,3.123174,1,-4.160000,6.821956,313.105243,12.351981,-115.835993,0,-4.163265306122444
2002-11-11,sz.000056,11.8200,11.9000,11.5000,11.6100,11.7400,761323,8894331.7300,3,1.391460,1,-1.110000,6.746415,309.638149,12.215204,-114.553312,0,-1.1073253833049468
2002-11-12,sz.000056,11.5500,11.7200,11.1000,11.2000,11.6100,1367915,15489171.7500,3,2.500121,1,-3.530000,6.508170,298.703469,11.783832,-110.507932,0,-3.531438415159349
2002-11-13,sz.000056,11.2000,11.5000,11.0000,11.4700,11.2000,1037994,11694315.8600,3,1.897129,1,2.410000,6.665063,305.904356,12.067906,-113.171962,0,2.4107142857142883
2002-11-14,sz.000056,11.4500,11.4600,11.0700,11.0900,11.4700,1029916,11532933.4800,3,1.882364,1,-3.310000,6.444250,295.769774,11.668098,-109.422586,0,-3.3129904097646046
2002-11-15,sz.000056,11.0200,11.3700,11.0100,11.2000,11.0900,703038,7873649.7900,3,1.284934,1,0.990000,6.508170,298.703469,11.783832,-110.507932,0,0.9918845807033394
2002-11-18,sz.000056,11.2000,11.2600,10.8200,10.8700,11.2000,937960,10299398.5000,3,1.714298,1,-2.950000,6.316411,289.902384,11.436630,-107.251895,0,-2.946428571428572
2002-11-19,sz.000056,10.8200,10.9500,10.4000,10.8400,10.8700,1322266,14071658.0000,3,2.416689,1,-0.280000,6.298978,289.102286,11.405066,-106.955891,0,-0.2759889604415755
2002-11-20,sz.000056,10.8300,10.8300,10.3500,10.3600,10.8400,709519,7444351.4500,3,1.296779,1,-4.430000,6.020057,276.300708,10.900044,-102.219837,0,-4.428044280442811
2002-11-21,sz.000056,10.3300,10.3300,9.3200,9.3200,10.3600,2230540,21283339.1900,3,4.076730,1,-10.040000,5.415727,248.563958,9.805832,-91.958386,0,-10.03861003861003
2002-11-22,sz.000056,9.1800,9.4900,8.4200,8.9900,9.3200,2178757,19601269.5600,3,3.982087,1,-3.540000,5.223968,239.762873,9.458629,-88.702349,0,-3.5407725321888406
2002-11-25,sz.000056,8.8000,8.9900,8.4700,8.9000,8.9900,792370,7009320.9900,3,1.448205,1,-1.000000,5.171670,237.362578,9.363938,-87.814339,0,-1.0011123470522798
2002-11-26,sz.000056,8.9000,9.0800,8.6800,8.6900,8.9000,807450,7198475.6000,3,1.475766,1,-2.360000,5.049642,231.761888,9.142991,-85.742315,0,-2.359550561797763
2002-11-27,sz.000056,8.5100,8.8900,8.4800,8.8500,8.6900,607479,5297319.6800,3,1.110282,1,1.840000,5.142616,236.029080,9.311331,-87.321000,0,1.8411967779056404
2002-11-28,sz.000056,8.8000,9.3000,8.8000,9.2400,8.8500,1055973,9605667.0300,3,1.929989,1,4.410000,5.369240,246.430362,9.721661,-91.169044,0,4.406779661016946
2002-11-29,sz.000056,9.2500,10.0000,9.1500,9.7000,9.2400,2973254,28564366.3000,3,5.434179,1,4.980000,5.636540,258.698540,10.205640,-95.707762,0,4.978354978354971
2002-12-02,sz.000056,9.6300,9.6300,9.1700,9.1700,9.7000,1313739,12368828.0700,3,2.401104,1,-5.460000,5.328564,244.563465,9.648012,-90.478369,0,-5.463917525773187
2002-12-03,sz.000056,9.0700,9.3800,9.0200,9.3500,9.1700,667805,6183142.1500,3,1.220539,1,1.960000,5.433159,249.364056,9.837395,-92.254390,0,1.9629225736095934
2002-12-04,sz.000056,9.3500,9.5900,9.2100,9.3800,9.3500,665941,6289625.2300,3,1.217132,1,0.320000,5.450592,250.164155,9.868959,-92.550393,0,0.3208556149732811
2002-12-05,sz.000056,9.3500,9.3500,9.0500,9.2300,9.3800,527521,4852160.1100,3,0.964143,1,-1.600000,5.363429,246.163662,9.711140,-91.070376,0,-1.5991471215351827
2002-12-06,sz.000056,9.2400,9.5800,9.2400,9.3200,9.2300,893289,8439117.9300,3,1.632653,1,0.980000,5.415727,248.563958,9.805832,-91.958386,0,0.9750812567713929
2002-12-09,sz.000056,9.3000,9.4000,9.2200,9.2800,9.3200,299379,2783004.9600,3,0.547171,1,-0.430000,5.392483,247.497160,9.763746,-91.563715,0,-0.42918454935623185
2002-12-10,sz.000056,9.2800,9.3500,9.0800,9.1000,9.2800,516004,4726192.0000,3,0.943094,1,-1.940000,5.287888,242.696568,9.574363,-89.787695,0,-1.93965517241379
2002-12-11,sz.000056,9.0600,9.1300,8.8200,9.0000,9.1000,617498,5524466.5600,3,1.128593,1,-1.100000,5.229779,240.029573,9.469151,-88.801017,0,-1.098901098901095
2002-12-12,sz.000056,8.9800,9.3900,8.9800,9.1200,9.0000,589708,5428443.3400,3,1.077802,1,1.330000,5.299509,243.229967,9.595406,-89.985030,0,1.3333333333333197
2002-12-13,sz.000056,9.0800,9.3600,8.9400,9.2800,9.1200,717633,6605712.2100,3,1.311609,1,1.750000,5.392483,247.497160,9.763746,-91.563715,0,1.7543859649122862
2002-12-16,sz.000056,9.3000,9.4600,9.3000,9.3400,9.2800,600979,5635547.2200,3,1.098402,1,0.650000,5.427348,249.097357,9.826874,-92.155722,0,0.6465517241379448
2002-12-17,sz.000056,9.3400,9.7200,9.3100,9.6000,9.3400,1215890,11611790.8900,3,2.222267,1,2.780000,5.578431,256.031545,10.100427,-94.721084,0,2.7837259100642386
2002-12-18,sz.000056,9.6000,9.9900,9.5000,9.5200,9.6000,1477996,14414415.2800,3,2.701315,1,-0.830000,5.531944,253.897948,10.016257,-93.931742,0,-0.8333333333333304
2002-12-19,sz.000056,9.4600,9.6000,9.3900,9.5200,9.5200,583162,5522551.9100,3,1.065838,1,0.000000,5.531944,253.897948,10.016257,-93.931742,0,0.0
2002-12-20,sz.000056,9.5200,9.7200,9.4600,9.6300,9.5200,573470,5499349.4800,3,1.048124,1,1.160000,5.595864,256.831643,10.131991,-95.017088,0,1.1554621848739677
2002-12-23,sz.000056,9.6300,9.8400,9.6000,9.6900,9.6300,736214,7141714.8200,3,1.345569,1,0.620000,5.630729,258.431840,10.195119,-95.609095,0,0.6230529595015355
2002-12-24,sz.000056,9.6000,9.7500,9.5800,9.7100,9.6900,393065,3791692.6700,3,0.718400,1,0.210000,5.642351,258.965239,10.216161,-95.806430,0,0.20639834881321928
2002-12-25,sz.000056,9.8800,9.8900,9.5000,9.5400,9.7100,404375,3907858.3400,3,0.739071,1,-1.750000,5.543566,254.431347,10.037300,-94.129078,0,-1.7507723995880742
2002-12-26,sz.000056,9.5000,9.5000,9.1000,9.1400,9.5400,795600,7373690.7300,3,1.454108,1,-4.190000,5.311131,243.763366,9.616448,-90.182366,0,-4.1928721174004036
2002-12-27,sz.000056,9.1000,9.2600,9.0000,9.1500,9.1400,591531,5402190.0500,3,1.081134,1,0.110000,5.316942,244.030066,9.626970,-90.281034,0,0.1094091903719896
2002-12-30,sz.000056,9.1700,9.2000,9.0500,9.0800,9.1500,307719,2798374.9400,3,0.562414,1,-0.770000,5.276266,242.163169,9.553321,-89.590359,0,-0.7650273224043769
2002-12-31,sz.000056,9.0800,9.2000,8.8800,8.8900,9.0800,342800,3094009.0300,3,0.626531,1,-2.090000,5.165860,237.095878,9.353417,-87.715671,0,-2.0925110132158586
2003-01-02,sz.000056,8.8400,9.0500,8.7000,8.7500,8.8900,384520,3394684.7000,3,0.702782,1,-1.570000,5.084507,233.362085,9.206119,-86.334322,0,-1.5748031496063075
2003-01-03,sz.000056,8.7500,9.0200,8.7500,8.8600,8.7500,348735,3092748.8200,3,0.637379,1,1.260000,5.148427,236.295780,9.321853,-87.419668,0,1.2571428571428456
2003-01-06,sz.000056,8.8600,9.0800,8.7600,9.0300,8.8600,274620,2463090.5000,3,0.501920,1,1.920000,5.247212,240.829672,9.500714,-89.097020,0,1.9187358916478603
2003-01-07,sz.000056,9.0100,9.1800,8.9400,9.1200,9.0300,406458,3685943.0500,3,0.742878,1,1.000000,5.299509,243.229967,9.595406,-89.985030,0,0.9966777408637828
2003-01-08,sz.000056,9.0800,9.4500,9.0800,9.4200,9.1200,919995,8531686.3000,3,1.681463,1,3.290000,5.473835,251.230953,9.911044,-92.945064,0,3.289473684210531
2003-01-09,sz.000056,9.6500,10.2500,9.6500,9.7900,9.4200,3696824,36428377.4100,3,6.756639,1,3.930000,5.688837,261.098836,10.300332,-96.595773,0,3.9278131634819413
2003-01-10,sz.000056,9.7500,9.7800,9.5000,9.5100,9.7900,1405186,13567934.5400,3,2.568241,1,-2.860000,5.526133,253.631249,10.005736,-93.833074,0,-2.860061287027571
2003-01-13,sz.000056,9.4700,9.6500,9.4500,9.5900,9.5100,511238,4887816.1000,3,0.934383,1,0.840000,5.572620,255.764845,10.089906,-94.622417,0,0.8412197686645584
2003-01-14,sz.000056,9.6100,10.1500,9.6000,9.9800,9.5900,2017750,20002753.1400,3,3.687816,1,4.070000,5.799244,266.166126,10.500236,-98.470461,0,4.066736183524511
2003-01-15,sz.000056,9.9800,10.2500,9.8100,9.9700,9.9800,2098965,21099125.5800,3,3.836252,1,-0.100000,5.793433,265.899427,10.489715,-98.371793,0,-0.10020040080159776
2003-01-16,sz.000056,9.9800,10.2900,9.9700,10.1700,9.9700,1490842,15091036.8600,3,2.724793,1,2.010000,5.909650,271.233417,10.700140,-100.345149,0,2.006018054162473
2003-01-17,sz.000056,10.2000,10.2500,9.9800,10.0000,10.1700,1260498,12686089.7900,3,2.303796,1,-1.670000,5.810866,266.699526,10.521278,-98.667796,0,-1.671583087512285
2003-01-20,sz.000056,10.0000,10.6000,10.0000,10.4900,10.0000,2648438,27376812.2300,3,4.840517,1,4.900000,6.095598,279.767802,11.036821,-103.502518,0,4.899999999999993
2003-01-21,sz.000056,10.4900,10.5100,10.0200,10.0400,10.4900,1342000,13730500.3000,3,2.452756,1,-4.290000,5.834109,267.766324,10.563364,-99.062467,0,-4.289799809342243
2003-01-22,sz.000056,10.0000,10.0900,9.8000,10.0700,10.0400,943985,9391158.5300,3,1.725309,1,0.300000,5.851542,268.566422,10.594927,-99.358471,0,0.29880478087651596
2003-01-23,sz.000056,10.0500,10.0700,9.8000,9.8000,10.0700,641417,6355053.6000,3,1.172310,1,-2.680000,5.694648,261.365535,10.310853,-96.694440,0,-2.681231380337634
2003-01-24,sz.000056,9.8000,9.9800,9.8000,9.9800,9.8000,443368,4388479.5100,3,0.810338,1,1.840000,5.799244,266.166126,10.500236,-98.470461,0,1.8367346938775508
2003-01-27,sz.000056,10.1000,10.2000,10.0000,10.1100,9.9800,620238,6277566.5300,3,1.133601,1,1.300000,5.874785,269.633220,10.637013,-99.753142,0,1.3026052104208263
2003-01-28,sz.000056,10.1700,10.2400,10.0600,10.1400,10.1100,444640,4507169.6000,3,0.812663,1,0.300000,5.892218,270.433319,10.668576,-100.049145,0,0.29673590504453173
2003-01-29,sz.000056,10.1100,10.2600,10.1000,10.1200,10.1400,537464,5468887.5000,3,0.982316,1,-0.200000,5.880596,269.899920,10.647534,-99.851810,0,-0.19723865877713243
2003-02-10,sz.000056,10.1000,10.3200,10.0800,10.1400,10.1200,742310,7588650.9100,3,1.356711,1,0.200000,5.892218,270.433319,10.668576,-100.049145,0,0.19762845849804478
2003-02-11,sz.000056,10.1400,10.4100,10.1000,10.4000,10.1400,1002489,10346366.2100,3,1.832237,1,2.560000,6.043300,277.367507,10.942130,-102.614508,0,2.564102564102555
2003-02-12,sz.000056,10.4000,10.5800,10.2800,10.5400,10.4000,1124780,11755643.0800,3,2.055746,1,1.350000,6.124652,281.101300,11.089427,-103.995857,0,1.3461538461538414
2003-02-13,sz.000056,10.5400,10.6300,10.4000,10.4300,10.5400,1368674,14418294.2300,3,2.501508,1,-1.040000,6.060733,278.167605,10.973693,-102.910512,0,-1.0436432637571103
2003-02-14,sz.000056,10.5000,11.0000,10.4100,10.6900,10.4300,3284475,35469759.2500,3,6.002994,1,2.490000,6.211815,285.101793,11.247247,-105.475874,0,2.4928092042185934
2003-02-17,sz.000056,10.6500,10.7400,10.3800,10.4400,10.6900,1207124,12725662.8600,3,2.206245,1,-2.340000,6.066544,278.434305,10.984215,-103.009179,0,-2.3386342376052416
2003-02-18,sz.000056,10.4400,10.4900,10.3200,10.4000,10.4400,505270,5255104.3100,3,0.923476,1,-0.380000,6.043300,277.367507,10.942130,-102.614508,0,-0.3831417624520994
2003-02-19,sz.000056,10.4100,10.5400,10.3200,10.5200,10.4000,439554,4585518.3600,3,0.803367,1,1.150000,6.113031,280.567901,11.068385,-103.798522,0,1.1538461538461497
2003-02-20,sz.000056,10.5000,10.6000,10.4500,10.4500,10.5200,492823,5191387.0900,3,0.900726,1,-0.670000,6.072355,278.701004,10.994736,-103.107847,0,-0.6653992395437291
2003-02-21,sz.000056,10.4400,10.5000,10.1500,10.2200,10.4500,956119,9855570.1800,3,1.747487,1,-2.200000,5.938705,272.566915,10.752747,-100.838488,0,-2.2009569377990257
2003-02-24,sz.000056,10.2200,10.3900,10.2000,10.2300,10.2200,480926,4953022.2000,3,0.878982,1,0.100000,5.944516,272.833615,10.763268,-100.937156,0,0.09784735812132794
2003-02-25,sz.000056,10.2300,10.7000,10.2300,10.6800,10.2300,1492018,15801227.1900,3,2.726942,1,4.400000,6.206004,284.835093,11.236725,-105.377206,0,4.398826979472137
2003-02-26,sz.000056,10.6700,10.6700,10.4800,10.6400,10.6800,420987,4457674.1800,3,0.769433,1,-0.370000,6.182761,283.768295,11.194640,-104.982535,0,-0.3745318352059823
2003-02-27,sz.000056,10.5100,10.7500,10.5100,10.6000,10.6400,419502,4451869.8000,3,0.766719,1,-0.380000,6.159518,282.701497,11.152555,-104.587864,0,-0.375939849624074
2003-02-28,sz.000056,10.6000,10.6000,10.4000,10.4700,10.6000,414813,4348955.5000,3,0.758148,1,-1.230000,6.083976,279.234403,11.015779,-103.305183,0,-1.2264150943396168
2003-03-03,sz.000056,10.4800,10.7000,10.4100,10.6500,10.4700,360186,3785337.1100,3,0.658307,1,1.720000,6.188572,284.034995,11.205162,-105.081203,0,1.7191977077363862
2003-03-04,sz.000056,10.7000,10.7100,10.5200,10.5700,10.6500,324270,3441292.1200,3,0.592664,1,-0.750000,6.142085,281.901399,11.120991,-104.291861,0,-0.7511737089201831
2003-03-05,sz.000056,10.5500,10.6900,10.4500,10.5100,10.5700,341810,3598279.5000,3,0.624722,1,-0.570000,6.107220,280.301201,11.057864,-103.699854,0,-0.5676442762535538
2003-03-06,sz.000056,10.4700,10.5600,10.2500,10.2800,10.5100,587840,6080085.1900,3,1.074388,1,-2.190000,5.973570,274.167112,10.815874,-101.430495,0,-2.1883920076118057
2003-03-07,sz.000056,10.2500,10.3800,10.2000,10.2400,10.2800,363809,3734753.4200,3,0.664929,1,-0.390000,5.950326,273.100314,10.773789,-101.035823,0,-0.38910505836574627
2003-03-10,sz.000056,10.2400,10.2500,9.9900,10.0000,10.2400,602126,6063470.6200,3,1.100498,1,-2.340000,5.810866,266.699526,10.521278,-98.667796,0,-2.34375
2003-03-11,sz.000056,10.0100,10.1500,10.0000,10.1200,10.0000,285559,2876633.7900,3,0.521913,1,1.200000,5.880596,269.899920,10.647534,-99.851810,0,1.200000000000001
2003-03-12,sz.000056,10.1600,10.1600,9.9500,10.1200,10.1200,319236,3200505.1900,3,0.583464,1,0.000000,5.880596,269.899920,10.647534,-99.851810,0,0.0
2003-03-13,sz.000056,10.1200,10.1200,9.8600,9.8900,10.1200,327800,3275912.0000,3,0.599116,1,-2.270000,5.746946,263.765831,10.405544,-97.582451,0,-2.2727272727272596
2003-03-14,sz.000056,9.9000,10.0800,9.8600,9.9300,9.8900,260476,2593626.4700,3,0.476069,1,0.400000,5.770190,264.832629,10.447629,-97.977122,0,0.4044489383215222
2003-03-17,sz.000056,9.9300,9.9600,9.6700,9.7800,9.9300,305169,2981545.5400,3,0.557754,1,-1.510000,5.683027,260.832136,10.289810,-96.497105,0,-1.5105740181268867
2003-03-18,sz.000056,9.8800,9.9900,9.7500,9.7500,9.7800,238249,2353331.7800,3,0.435445,1,-0.310000,5.665594,260.032037,10.258246,-96.201101,0,-0.30674846625766694
2003-03-19,sz.000056,9.7500,9.8400,9.6700,9.7800,9.7500,221094,2156326.4600,3,0.404091,1,0.310000,5.683027,260.832136,10.289810,-96.497105,0,0.3076923076922977
2003-03-20,sz.000056,9.8800,9.8800,9.7600,9.8100,9.7800,298095,2918644.5200,3,0.544824,1,0.310000,5.700459,261.632235,10.321374,-96.793108,0,0.30674846625768915
2003-03-21,sz.000056,9.9200,9.9700,9.8000,9.8800,9.8100,405483,4015054.5200,3,0.741096,1,0.710000,5.741135,263.499131,10.395023,-97.483783,0,0.7135575942915473
2003-03-24,sz.000056,9.9900,9.9900,9.9100,9.9600,9.8800,168798,1679816.6200,3,0.308510,1,0.810000,5.787622,265.632727,10.479193,-98.273125,0,0.809716599190291
2003-03-25,sz.000056,9.9600,9.9600,9.7500,9.9400,9.9600,337664,3322210.7600,3,0.617144,1,-0.200000,5.776000,265.099328,10.458151,-98.075790,0,-0.20080321285141922
2003-03-26,sz.000056,10.0500,10.1600,9.9700,10.0900,9.9400,998773,10064897.2100,3,1.825445,1,1.510000,5.863163,269.099821,10.615970,-99.555806,0,1.5090543259557387
2003-03-27,sz.000056,10.0600,10.3200,9.8000,10.2900,10.0900,983827,9926592.8200,3,1.798128,1,1.980000,5.979381,274.433812,10.826396,-101.529162,0,1.9821605550049526
2003-03-28,sz.000056,10.3200,10.3300,10.1200,10.1400,10.2900,528894,5396234.5200,3,0.966653,1,-1.460000,5.892218,270.433319,10.668576,-100.049145,0,-1.4577259475218485
2003-03-31,sz.000056,10.1300,10.1900,10.0200,10.1400,10.1400,340886,3444383.6000,3,0.623033,1,0.000000,5.892218,270.433319,10.668576,-100.049145,0,0.0
2003-04-01,sz.000056,10.1700,10.7100,10.0600,10.3500,10.1400,1459273,15178919.6900,3,2.667095,1,2.070000,6.014246,276.034009,10.889523,-102.121169,0,2.071005917159763
2003-04-02,sz.000056,10.3800,10.3800,10.2000,10.2400,10.3500,468427,4806021.8400,3,0.856138,1,-1.060000,5.950326,273.100314,10.773789,-101.035823,0,-1.0628019323671412
2003-04-03,sz.000056,10.2000,10.2700,10.1300,10.1400,10.2400,240550,2452361.6000,3,0.439650,1,-0.980000,5.892218,270.433319,10.668576,-100.049145,0,-0.9765625
2003-04-04,sz.000056,10.1000,10.1600,10.0700,10.1300,10.1400,456992,4620589.8900,3,0.835239,1,-0.100000,5.886407,270.166619,10.658055,-99.950478,0,-0.09861932938856066
2003-04-07,sz.000056,9.9000,9.9700,9.2500,9.4000,10.1300,2613589,24981613.6200,3,4.776824,1,-7.210000,5.462214,250.697554,9.890002,-92.747729,0,-7.2063178677196476
2003-04-08,sz.000056,9.4000,9.4000,8.8100,8.8900,9.4000,2406325,21703582.5000,3,4.398010,1,-5.430000,5.165860,237.095878,9.353417,-87.715671,0,-5.425531914893611
2003-04-09,sz.000056,8.8100,9.0000,8.7000,9.0000,8.8900,1169912,10357210.4000,3,2.138233,1,1.240000,5.229779,240.029573,9.469151,-88.801017,0,1.237345331833506
2003-04-10,sz.000056,9.0000,9.0000,8.5200,8.7700,9.0000,1847744,16166549.1000,3,3.377098,1,-2.560000,5.096129,233.895484,9.227161,-86.531657,0,-2.5555555555555554
2003-04-11,sz.000056,8.7700,8.7700,8.5000,8.5800,8.7700,1778734,15275997.0800,3,3.250970,1,-2.170000,4.985723,228.828193,9.027257,-84.656969,0,-2.1664766248574607
2003-04-14,sz.000056,8.5800,8.9800,8.4800,8.9700,8.5800,1858144,16322380.8000,3,3.396106,1,4.550000,5.212346,239.229474,9.437587,-88.505013,0,4.545454545454541
2003-04-15,sz.000056,8.9500,9.2500,8.9300,9.0900,8.9700,1596790,14515290.8600,3,2.918433,1,1.340000,5.282077,242.429869,9.563842,-89.689027,0,1.3377926421404673
2003-04-16,sz.000056,9.0000,9.1500,8.6900,8.7200,9.0900,1907309,16823404.6800,3,3.485965,1,-4.070000,5.067075,232.561986,9.174555,-86.038318,0,-4.07040704070406
2003-04-17,sz.000056,8.7200,8.9000,8.5100,8.8900,8.7200,1224107,10631335.9900,3,2.237285,1,1.950000,5.165860,237.095878,9.353417,-87.715671,0,1.9495412844036775
2003-04-18,sz.000056,8.8900,8.8900,8.8900,8.8900,8.8900,0,0.0000,3,,0,0.000000,5.165860,237.095878,9.353417,-87.715671,0,0.0
2003-04-21,sz.000056,8.8000,9.0000,8.7500,8.8700,8.8900,1155223,10289491.8400,3,2.111387,1,-0.220000,5.154238,236.562479,9.332374,-87.518335,0,-0.22497187851520106
2003-04-22,sz.000056,8.8400,8.8400,8.6000,8.7900,8.8700,489567,4275693.7300,3,0.894775,1,-0.900000,5.832397,-75.533747,10.337511,2634.110960,0,-0.9019165727170209
2003-04-23,sz.000056,8.8200,9.0900,8.7600,8.8900,8.7900,1179944,10541935.5900,3,2.156569,1,1.140000,5.898750,-76.393061,10.455116,2664.078092,0,1.1376564277588264
2003-04-24,sz.000056,8.8700,8.9100,8.4000,8.4400,8.8900,866204,7431864.5200,3,1.583150,1,-5.060000,5.600163,-72.526146,9.925892,2529.225996,0,-5.06186726659169
2003-04-25,sz.000056,8.4500,8.5000,7.6000,7.6000,8.4400,1830931,14350029.0100,3,3.346369,1,-9.950000,5.042801,-65.307904,8.938007,2277.502081,0,-9.952606635071092
2003-04-28,sz.000056,7.3100,7.5900,7.1200,7.5600,7.6000,953940,7033150.6100,3,1.743504,1,-0.530000,5.016260,-64.964178,8.890965,2265.515228,0,-0.5263157894736858
2003-04-29,sz.000056,7.5600,7.5600,7.1000,7.2700,7.5600,735864,5374377.1300,3,1.344929,1,-3.840000,4.823837,-62.472166,8.549909,2178.610544,0,-3.835978835978837
2003-04-30,sz.000056,7.3000,7.9000,7.3000,7.6200,7.2700,1401481,10765037.6700,3,2.561469,1,4.810000,5.038016,-66.252459,9.913115,2283.495508,0,4.814305364511706
2003-05-12,sz.000056,7.5200,7.7000,7.2000,7.2500,7.6200,848726,6246163.9400,3,1.551206,1,-4.860000,4.793388,-63.035476,9.431770,2172.617117,0,-4.855643044619429
2003-05-13,sz.000056,7.2000,7.2200,6.6100,6.7600,7.2500,1191373,8047405.6800,3,2.177457,1,-6.760000,4.469421,-58.775147,8.794312,2025.778167,0,-6.758620689655171
2003-05-14,sz.000056,6.7600,7.3500,6.7000,7.1800,6.7600,1282005,9112493.5700,3,2.343104,1,6.210000,4.747107,-62.426858,9.340704,2151.640124,0,6.213017751479288
2003-05-15,sz.000056,7.1800,7.4700,7.0000,7.4200,7.1800,1024783,7450729.5700,3,1.872983,1,3.340000,4.905785,-64.513549,9.652929,2223.561243,0,3.342618384401108
2003-05-16,sz.000056,7.3800,7.6000,7.2600,7.5800,7.4200,1011837,7560936.7300,3,1.849322,1,2.160000,5.011570,-65.904677,9.861078,2271.508655,0,2.156334231805923
2003-05-19,sz.000056,7.5500,7.9000,7.5000,7.7500,7.5800,867136,6685732.9300,3,1.584854,1,2.240000,5.123967,-67.382750,10.082237,2322.452780,0,2.242744063324542
2003-05-20,sz.000056,7.7400,7.7400,7.5000,7.5700,7.7500,681338,5152786.3000,3,1.245273,1,-2.320000,5.004958,-65.817732,9.848069,2268.511941,0,-2.3225806451612874
2003-05-21,sz.000056,7.5500,7.6700,7.4700,7.5200,7.5700,296140,2242208.7000,3,0.541251,1,-0.660000,4.971900,-65.383004,9.783022,2253.528375,0,-0.6605019815059565
2003-05-22,sz.000056,7.5000,7.5500,7.4000,7.4800,7.5200,311981,2325220.2100,3,0.570204,1,-0.530000,4.945454,-65.035222,9.730985,2241.541522,0,-0.5319148936170137
2003-05-23,sz.000056,7.4600,7.7600,7.4500,7.7100,7.4800,986494,7501541.6100,3,1.803003,1,3.070000,5.097520,-67.034968,10.030199,2310.465927,0,3.074866310160429
2003-05-26,sz.000056,7.7100,8.1000,7.6500,8.0600,7.7100,1847065,14607173.5100,3,3.375857,1,4.540000,5.328925,-70.078060,10.485526,2415.350891,0,4.5395590142671916
2003-05-27,sz.000056,8.1200,8.6100,8.1200,8.4200,8.0600,3707852,30838144.9400,3,6.776794,1,4.470000,5.566942,-73.208098,10.953862,2523.232569,0,4.466501240694787
2003-05-28,sz.000056,8.3900,8.3900,8.2000,8.2200,8.4200,1130890,9345583.5000,3,2.066913,1,-2.380000,5.434710,-71.469188,10.693676,2463.298304,0,-2.375296912114011
2003-05-29,sz.000056,8.2000,8.3500,8.0700,8.3500,8.2200,902146,7394922.4700,3,1.648841,1,1.580000,5.520661,-72.599479,10.862797,2502.255576,0,1.5815085158150666
2003-05-30,sz.000056,8.3500,8.5300,8.2000,8.3000,8.3500,976887,8153542.0600,3,1.785444,1,-0.600000,5.487603,-72.164752,10.797750,2487.272010,0,-0.5988023952095634
2003-06-02,sz.000056,8.2500,8.3600,8.1000,8.2200,8.3000,477246,3913612.4700,3,0.872256,1,-0.960000,5.434710,-71.469188,10.693676,2463.298304,0,-0.9638554216867434
2003-06-03,sz.000056,8.2000,8.3900,8.2000,8.3000,8.2200,740932,6159608.7100,3,1.354192,1,0.970000,5.487603,-72.164752,10.797750,2487.272010,0,0.9732360097323589
2003-06-04,sz.000056,8.3000,8.3000,8.3000,8.3000,8.3000,0,0.0000,3,,0,0.000000,5.487603,-72.164752,10.797750,2487.272010,0,0.0
2003-06-05,sz.000056,8.3000,8.4200,8.1300,8.1600,8.3000,636850,5300991.9500,3,1.163963,1,-1.690000,5.395041,-70.947515,10.615619,2445.318024,0,-1.6867469879518149
2003-06-06,sz.000056,8.1400,8.1400,7.8200,7.8300,8.1600,620954,4943086.8400,3,1.134910,1,-4.040000,5.176859,-68.078314,10.186311,2346.426486,0,-4.044117647058821
2003-06-09,sz.000056,7.8000,7.8000,7.6000,7.7300,7.8300,423517,3258395.4200,3,0.774057,1,-1.280000,5.110743,-67.208859,10.056218,2316.459354,0,-1.2771392081736832
2003-06-10,sz.000056,7.7300,7.9600,7.7300,7.8200,7.7300,312687,2450169.7200,3,0.571494,1,1.160000,5.170247,-67.991369,10.173302,2343.429773,0,1.1642949547218562
2003-06-11,sz.000056,7.8200,8.0800,7.8200,7.9900,7.8200,588093,4689786.1000,3,1.074850,1,2.170000,5.282644,-69.469442,10.394461,2394.373899,0,2.1739130434782705
2003-06-12,sz.000056,8.0000,8.1400,7.9100,8.1100,7.9900,362115,2896688.4700,3,0.661833,1,1.500000,5.361983,-70.512788,10.550573,2430.334458,0,1.5018773466833446
2003-06-13,sz.000056,8.2100,8.2200,8.0300,8.0800,8.1100,372633,3015920.7400,3,0.681057,1,-0.370000,5.342148,-70.251951,10.511545,2421.344318,0,-0.36991368680640013
2003-06-16,sz.000056,8.0500,8.0500,7.8200,7.8900,8.0800,366154,2903948.6300,3,0.669215,1,-2.350000,5.216528,-68.599987,10.264367,2364.406766,0,-2.3514851485148536
2003-06-17,sz.000056,7.8900,8.0600,7.8000,7.9900,7.8900,259490,2059841.7000,3,0.474267,1,1.270000,5.282644,-69.469442,10.394461,2394.373899,0,1.2674271229404344
2003-06-18,sz.000056,8.0500,8.1800,7.9100,8.1500,7.9900,514516,4156002.8500,3,0.940374,1,2.000000,5.388429,-70.860570,10.602610,2442.321311,0,2.0025031289111483
2003-06-19,sz.000056,8.1400,8.1400,7.8500,7.9600,8.1500,379073,3023039.2200,3,0.692827,1,-2.330000,5.262809,-69.208606,10.355433,2385.383759,0,-2.331288343558291
2003-06-20,sz.000056,8.0500,8.1000,7.8500,8.0200,7.9600,349360,2791620.0800,3,0.638521,1,0.750000,5.302479,-69.730279,10.433489,2403.364038,0,0.7537688442210921
2003-06-23,sz.000056,7.9100,8.0000,7.8000,7.9200,8.0200,306740,2417060.9200,3,0.560625,1,-1.250000,5.236363,-68.860824,10.303395,2373.396906,0,-1.2468827930174564
2003-06-24,sz.000056,7.9900,8.0900,7.8600,8.0700,7.9200,445989,3570784.2200,3,0.815128,1,1.890000,5.335537,-70.165006,10.498535,2418.347605,0,1.8939393939394034
2003-06-25,sz.000056,8.0900,8.4500,8.0300,8.2000,8.0700,2211068,18261169.4700,3,4.041141,1,1.610000,5.421487,-71.295297,10.667657,2457.304877,0,1.6109045848822667
2003-06-26,sz.000056,8.1800,8.1800,7.3900,7.7900,8.2000,1367665,10676997.3900,3,2.499664,1,-5.000000,5.150413,-67.730532,10.134274,2334.439633,0,-4.999999999999993
2003-06-27,sz.000056,7.7500,7.8000,7.5400,7.5600,7.7900,559159,4277393.1600,3,1.021968,1,-2.950000,4.998347,-65.730786,9.835059,2265.515228,0,-2.9525032092426295
2003-06-30,sz.000056,7.5300,7.5300,7.3000,7.3700,7.5600,295030,2180019.5800,3,0.539223,1,-2.510000,4.872727,-64.078822,9.587882,2208.577676,0,-2.5132275132275117
2003-07-01,sz.000056,7.3700,7.4800,7.3000,7.3000,7.3700,228200,1689099.7000,3,0.417078,1,-0.950000,4.826446,-63.470204,9.496816,2187.600683,0,-0.9497964721845387
2003-07-02,sz.000056,7.3200,7.3300,7.0000,7.2300,7.3000,295470,2125686.4000,3,0.540027,1,-0.960000,4.780165,-62.861585,9.405751,2166.623690,0,-0.9589041095890316
2003-07-03,sz.000056,7.2900,7.3900,7.2700,7.3400,7.2300,180701,1327705.5900,3,0.330265,1,1.520000,4.852892,-63.817986,9.548854,2199.587536,0,1.5214384508990264
2003-07-04,sz.000056,7.4000,7.4000,7.2300,7.2800,7.3400,154040,1126118.6900,3,0.281537,1,-0.820000,4.813223,-63.296313,9.470798,2181.607257,0,-0.8174386920980825
2003-07-07,sz.000056,7.2700,7.2800,7.1200,7.1900,7.2800,207760,1489356.9700,3,0.379720,1,-1.240000,4.753719,-62.513803,9.353714,2154.636837,0,-1.2362637362637319
2003-07-08,sz.000056,7.1500,7.4400,7.1500,7.3300,7.1900,231171,1687455.1800,3,0.422508,1,1.950000,4.846281,-63.731040,9.535844,2196.590823,0,1.947148817802491
2003-07-09,sz.000056,7.3100,7.3700,7.2200,7.3500,7.3300,147715,1076169.4400,3,0.269977,1,0.270000,4.859504,-63.904931,9.561863,2202.584250,0,0.27285129604364133
2003-07-10,sz.000056,7.3000,7.4400,7.2500,7.4000,7.3500,203640,1503093.0000,3,0.372190,1,0.680000,4.892562,-64.339658,9.626910,2217.567816,0,0.6802721088435382
2003-07-11,sz.000056,7.4400,7.5000,7.3800,7.4400,7.4000,209995,1563272.5200,3,0.383805,1,0.540000,4.919008,-64.687440,9.678947,2229.554669,0,0.540540540540535
2003-07-14,sz.000056,7.4000,7.4000,7.2800,7.3000,7.4400,250309,1829935.1900,3,0.457487,1,-1.880000,4.826446,-63.470204,9.496816,2187.600683,0,-1.8817204301075363
2003-07-15,sz.000056,7.2600,7.4300,7.2600,7.4100,7.3000,229836,1682370.5600,3,0.420068,1,1.510000,4.899173,-64.426604,9.639919,2220.564529,0,1.5068493150685036
2003-07-16,sz.000056,7.4400,7.4900,7.3300,7.4600,7.4100,145400,1080685.0800,3,0.265746,1,0.670000,4.932231,-64.861331,9.704966,2235.548096,0,0.6747638326585648
2003-07-17,sz.000056,7.4000,7.5600,7.3600,7.5400,7.4600,452826,3393029.0900,3,0.827624,1,1.070000,4.985124,-65.556895,9.809041,2259.521802,0,1.072386058981234
2003-07-18,sz.000056,7.5500,7.5500,7.4300,7.5400,7.5400,475391,3548997.1100,3,0.868866,1,0.000000,4.985124,-65.556895,9.809041,2259.521802,0,0.0
2003-07-21,sz.000056,7.5800,7.6100,7.2500,7.3600,7.5400,578833,4293562.4800,3,1.057926,1,-2.390000,4.866115,-63.991877,9.574872,2205.580963,0,-2.3872679045092826
2003-07-22,sz.000056,7.5000,7.5000,7.2600,7.4500,7.3600,278088,2047617.7200,3,0.508258,1,1.220000,4.925619,-64.774386,9.691957,2232.551382,0,1.2228260869565188
2003-07-23,sz.000056,7.5100,7.5100,7.3400,7.4600,7.4500,166817,1243982.3500,3,0.304889,1,0.130000,4.932231,-64.861331,9.704966,2235.548096,0,0.13422818791946067
2003-07-24,sz.000056,7.5100,7.5100,7.3900,7.4400,7.4600,154170,1150495.3500,3,0.281775,1,-0.270000,4.919008,-64.687440,9.678947,2229.554669,0,-0.2680965147452974
2003-07-25,sz.000056,7.5100,7.5100,7.2800,7.3000,7.4400,207319,1532420.6600,3,0.378914,1,-1.880000,4.826446,-63.470204,9.496816,2187.600683,0,-1.8817204301075363
2003-07-28,sz.000056,7.2200,7.2200,7.0100,7.0700,7.3000,270205,1911927.4000,3,0.493850,1,-3.150000,4.674380,-61.470457,9.197602,2118.676278,0,-3.150684931506842
2003-07-29,sz.000056,7.1900,7.2500,7.0700,7.2300,7.0700,161472,1154242.5200,3,0.295120,1,2.260000,4.780165,-62.861585,9.405751,2166.623690,0,2.2630834512022746
2003-07-30,sz.000056,7.3300,7.3300,7.2000,7.2800,7.2300,232603,1690900.6800,3,0.425126,1,0.690000,4.813223,-63.296313,9.470798,2181.607257,0,0.6915629322268302
2003-07-31,sz.000056,7.2300,7.2800,7.0000,7.1600,7.2800,113600,817433.0400,3,0.207625,1,-1.650000,4.733884,-62.252967,9.314686,2145.646698,0,-1.6483516483516536
2003-08-01,sz.000056,7.2000,7.2200,7.0800,7.1900,7.1600,218218,1556740.4400,3,0.398834,1,0.420000,4.753719,-62.513803,9.353714,2154.636837,0,0.41899441340782495
2003-08-04,sz.000056,7.3000,7.4800,7.2000,7.3500,7.1900,1447528,10642180.5800,3,2.645629,1,2.230000,4.859504,-63.904931,9.561863,2202.584250,0,2.225312934631418
2003-08-05,sz.000056,7.3200,7.3200,7.0500,7.2500,7.3500,506080,3650978.7000,3,0.924956,1,-1.360000,4.793388,-63.035476,9.431770,2172.617117,0,-1.3605442176870652
2003-08-06,sz.000056,7.2500,7.4800,7.1300,7.3900,7.2500,624345,4598523.0600,3,1.141107,1,1.930000,4.885950,-64.252713,9.613900,2214.571103,0,1.93103448275862
2003-08-07,sz.000056,7.4000,7.5300,7.3600,7.4300,7.3900,651880,4867184.1000,3,1.191433,1,0.540000,4.912396,-64.600495,9.665938,2226.557956,0,0.5412719891745521
2003-08-08,sz.000056,7.4000,7.4200,7.2300,7.2400,7.4300,268501,1956190.3300,3,0.490736,1,-2.560000,4.786776,-62.948531,9.418760,2169.620404,0,-2.5572005383580065
2003-08-11,sz.000056,7.2400,7.3300,7.1900,7.3000,7.2400,180563,1310066.4000,3,0.330013,1,0.830000,4.826446,-63.470204,9.496816,2187.600683,0,0.8287292817679592
2003-08-12,sz.000056,7.3000,7.3400,7.1800,7.3000,7.3000,162800,1183572.9500,3,0.297548,1,0.000000,4.826446,-63.470204,9.496816,2187.600683,0,0.0
2003-08-13,sz.000056,7.3000,7.3000,7.1500,7.1500,7.3000,200800,1444362.0000,3,0.367000,1,-2.050000,4.727272,-62.166021,9.301676,2142.649984,0,-2.0547945205479423
2003-08-14,sz.000056,7.1800,7.2300,7.0600,7.1100,7.1500,192230,1374364.0100,3,0.351336,1,-0.560000,4.700826,-61.818239,9.249639,2130.663131,0,-0.5594405594405605
2003-08-15,sz.000056,7.0600,7.1400,7.0500,7.1000,7.1100,195341,1384690.9600,3,0.357022,1,-0.140000,4.694214,-61.731294,9.236630,2127.666418,0,-0.14064697609001975
2003-08-18,sz.000056,7.0500,7.1500,7.0200,7.0700,7.1000,77800,551486.0000,3,0.142194,1,-0.420000,4.674380,-61.470457,9.197602,2118.676278,0,-0.42253521126759397
2003-08-19,sz.000056,7.1800,7.2000,7.0600,7.1000,7.0700,99049,705951.9400,3,0.181031,1,0.420000,4.694214,-61.731294,9.236630,2127.666418,0,0.4243281471004057
2003-08-20,sz.000056,7.0800,7.1300,7.0200,7.0800,7.1000,134251,948039.5300,3,0.245369,1,-0.280000,4.680991,-61.557403,9.210611,2121.672992,0,-0.28169014084505895
2003-08-21,sz.000056,7.0800,7.1500,7.0500,7.1000,7.0800,83200,589958.8000,3,0.152064,1,0.280000,4.694214,-61.731294,9.236630,2127.666418,0,0.28248587570620654
2003-08-22,sz.000056,7.1200,7.3000,7.1200,7.1600,7.1000,292109,2110424.0400,3,0.533884,1,0.850000,4.733884,-62.252967,9.314686,2145.646698,0,0.8450704225352101
2003-08-25,sz.000056,7.1100,7.1300,6.9000,6.9400,7.1600,334821,2344423.4800,3,0.611948,1,-3.070000,4.588429,-60.340166,9.028480,2079.719006,0,-3.0726256983240163
2003-08-26,sz.000056,6.9400,7.0700,6.9400,7.0400,6.9400,172710,1211538.6000,3,0.315660,1,1.440000,4.656607,-54.126373,10.390238,-120.192541,0,1.4409221902017322
2003-08-27,sz.000056,7.1100,7.1700,7.0200,7.1200,7.0400,178493,1266149.3800,3,0.326229,1,1.140000,4.709523,-54.741445,10.508309,-121.558366,0,1.1363636363636465
2003-08-28,sz.000056,7.1300,7.3000,7.1000,7.1700,7.1200,455177,3289130.8700,3,0.831921,1,0.700000,4.742595,-55.125866,10.582103,-122.412006,0,0.7022471910112404
2003-08-29,sz.000056,7.2000,7.2600,7.1400,7.2500,7.1700,251215,1807299.8000,3,0.459142,1,1.120000,4.795511,-55.740938,10.700174,-123.777830,0,1.115760111576014
2003-09-01,sz.000056,7.2800,7.4500,7.1800,7.3900,7.2500,482544,3554118.5900,3,0.881940,1,1.930000,4.888114,-56.817315,10.906798,-126.168023,0,1.93103448275862
2003-09-02,sz.000056,7.4300,7.4800,7.2500,7.4500,7.3900,695859,5144899.2000,3,1.271813,1,0.810000,4.927801,-57.278619,10.995351,-127.192391,0,0.8119079837618504
2003-09-03,sz.000056,7.4000,7.5500,7.3000,7.4900,7.4500,499475,3714726.7000,3,0.912884,1,0.540000,4.954259,-57.586155,11.054386,-127.875303,0,0.5369127516778427
2003-09-04,sz.000056,7.4600,7.5300,7.3300,7.3500,7.4900,353340,2624740.5500,3,0.645795,1,-1.870000,4.861656,-56.509779,10.847762,-125.485111,0,-1.8691588785046842
2003-09-05,sz.000056,7.3100,7.5600,7.2200,7.3900,7.3500,482439,3561921.8300,3,0.881748,1,0.540000,4.888114,-56.817315,10.906798,-126.168023,0,0.5442176870748217
2003-09-08,sz.000056,7.3900,7.6200,7.2700,7.6100,7.3900,924001,6931150.3100,3,1.688785,1,2.980000,5.033633,-58.508764,11.231493,-129.924040,0,2.976995940460081
2003-09-09,sz.000056,7.6500,7.8000,7.5000,7.5500,7.6100,1313121,10085256.4000,3,2.399975,1,-0.790000,4.993946,-58.047460,11.142940,-128.899671,0,-0.7884362680683377
2003-09-10,sz.000056,7.5000,7.5000,7.3500,7.3900,7.5500,360598,2671464.5900,3,0.659060,1,-2.120000,4.888114,-56.817315,10.906798,-126.168023,0,-2.119205298013249
2003-09-11,sz.000056,7.4200,7.4700,7.2700,7.2700,7.3900,301401,2214783.4900,3,0.550867,1,-1.620000,4.808740,-55.894706,10.729692,-124.119286,0,-1.6238159675236785
2003-09-12,sz.000056,7.2700,7.3700,7.1400,7.1600,7.2700,260600,1884091.1200,3,0.476295,1,-1.510000,4.735981,-55.048982,10.567344,-122.241278,0,-1.5130674002750921
2003-09-15,sz.000056,7.1100,7.2100,7.0500,7.0600,7.1600,202741,1441948.8500,3,0.370547,1,-1.400000,4.669836,-54.280141,10.419755,-120.533997,0,-1.3966480446927498
2003-09-16,sz.000056,7.0400,7.1800,7.0200,7.1700,7.0600,168235,1193235.4500,3,0.307481,1,1.560000,4.742595,-55.125866,10.582103,-122.412006,0,1.5580736543909346
2003-09-17,sz.000056,7.1300,7.1300,7.0100,7.0300,7.1700,268459,1890593.6100,3,0.490659,1,-1.950000,4.649992,-54.049489,10.375479,-120.021813,0,-1.9525801952580135
2003-09-18,sz.000056,7.0300,7.1200,7.0100,7.0600,7.0300,181215,1280809.2300,3,0.331204,1,0.430000,4.669836,-54.280141,10.419755,-120.533997,0,0.426742532005675
2003-09-19,sz.000056,7.0700,7.1800,7.0400,7.1100,7.0600,115198,815753.9200,3,0.210546,1,0.710000,4.702908,-54.664561,10.493550,-121.387638,0,0.708215297450443
2003-09-22,sz.000056,7.1500,7.1700,7.0500,7.1400,7.1100,105200,746705.6300,3,0.192273,1,0.420000,4.722752,-54.895214,10.537826,-121.899822,0,0.42194092827003704
2003-09-23,sz.000056,7.1300,7.1600,7.0500,7.1500,7.1400,130460,925332.0000,3,0.238440,1,0.140000,4.729366,-54.972098,10.552585,-122.070550,0,0.1400560224089631
2003-09-24,sz.000056,7.1800,7.3000,7.0800,7.2900,7.1500,259769,1863640.9100,3,0.474777,1,1.960000,4.821969,-56.048474,10.759209,-124.460742,0,1.958041958041945
2003-09-25,sz.000056,7.1000,7.2500,7.1000,7.1000,7.2900,124080,884277.8000,3,0.226779,1,-2.610000,4.696294,-54.587677,10.478791,-121.216909,0,-2.6063100137174278
2003-09-26,sz.000056,7.0200,7.1400,7.0200,7.0300,7.1000,103340,728794.3400,3,0.188873,1,-0.990000,4.649992,-54.049489,10.375479,-120.021813,0,-0.9859154929577341
2003-09-29,sz.000056,7.0300,7.0300,6.7500,6.7500,7.0300,249001,1697830.5900,3,0.455096,1,-3.980000,4.464786,-51.896736,9.962231,-115.241428,0,-3.982930298719778
2003-09-30,sz.000056,6.7500,6.8200,6.6000,6.7400,6.7500,185130,1239554.3000,3,0.338360,1,-0.150000,4.458172,-51.819851,9.947472,-115.070700,0,-0.1481481481481417
2003-10-08,sz.000056,6.8200,6.8200,6.7000,6.7500,6.7400,66502,450483.4900,3,0.121545,1,0.150000,4.464786,-51.896736,9.962231,-115.241428,0,0.14836795252224366
2003-10-09,sz.000056,6.7500,6.8400,6.7500,6.7800,6.7500,87273,591074.0300,3,0.159508,1,0.440000,4.484630,-52.127388,10.006507,-115.753612,0,0.4444444444444473
2003-10-10,sz.000056,6.7500,7.0100,6.6600,6.9600,6.7800,249923,1726148.2400,3,0.456781,1,2.650000,4.603691,-53.511301,10.272167,-118.826717,0,2.6548672566371723
2003-10-13,sz.000056,6.9400,7.0000,6.8500,6.8800,6.9600,139300,966696.0000,3,0.254597,1,-1.150000,4.550775,-52.896228,10.154096,-117.460893,0,-1.1494252873563204
2003-10-14,sz.000056,6.8500,7.0800,6.8400,6.8800,6.8800,131399,911193.1500,3,0.240156,1,0.000000,4.550775,-52.896228,10.154096,-117.460893,0,0.0
2003-10-15,sz.000056,6.8500,7.4900,6.8500,6.9900,6.8800,499101,3575022.3200,3,0.912201,1,1.600000,4.623534,-53.741953,10.316443,-119.338901,0,1.5988372093023395
2003-10-16,sz.000056,6.9500,6.9900,6.7600,6.7700,6.9900,201917,1384951.1100,3,0.369041,1,-3.150000,4.478015,-52.050504,9.991749,-115.582884,0,-3.1473533619456484
2003-10-17,sz.000056,6.7800,6.9300,6.7000,6.7900,6.7700,81850,557761.3000,3,0.149596,1,0.300000,4.491244,-52.204272,10.021266,-115.924340,0,0.2954209748892156
2003-10-20,sz.000056,6.7100,6.8500,6.7100,6.7700,6.7900,46590,314788.5000,3,0.085152,1,-0.290000,4.478015,-52.050504,9.991749,-115.582884,0,-0.2945508100147376
2003-10-21,sz.000056,6.7400,6.9600,6.7300,6.8800,6.7700,72510,496216.5000,3,0.132526,1,1.620000,4.550775,-52.896228,10.154096,-117.460893,0,1.6248153618906969
2003-10-22,sz.000056,6.9000,7.0800,6.8200,7.0000,6.8800,248247,1731262.7600,3,0.453718,1,1.740000,4.630149,-53.818837,10.331202,-119.509629,0,1.744186046511631
2003-10-23,sz.000056,7.0400,7.0800,6.8800,6.9000,7.0000,138700,967646.1700,3,0.253500,1,-1.430000,4.564004,-53.049996,10.183614,-117.802349,0,-1.4285714285714235
2003-10-24,sz.000056,6.8200,6.9000,6.7600,6.7700,6.9000,160600,1095733.0000,3,0.293527,1,-1.880000,4.478015,-52.050504,9.991749,-115.582884,0,-1.8840579710145078
2003-10-27,sz.000056,6.7500,6.7700,6.3500,6.3800,6.7700,371266,2425895.5300,3,0.678558,1,-5.760000,4.220050,-49.052026,9.416153,-108.924490,0,-5.760709010339726
2003-10-28,sz.000056,6.3500,6.4900,6.1600,6.2300,6.3800,213391,1341816.3800,3,0.390012,1,-2.350000,4.120832,-47.898765,9.194770,-106.363570,0,-2.351097178683381
2003-10-29,sz.000056,6.2300,6.2300,5.9500,6.0500,6.2300,217980,1318416.8500,3,0.398399,1,-2.890000,3.998079,-42.103684,8.982600,-103.290465,0,-2.889245585874811
2003-10-30,sz.000056,6.0900,6.1000,5.9700,5.9900,6.0500,160370,965364.1000,3,0.293106,1,-0.990000,3.958428,-41.686127,8.893516,-102.266097,0,-0.9917355371900749
2003-10-31,sz.000056,6.0500,6.1500,5.9900,6.0500,5.9900,148322,901733.8600,3,0.271086,1,1.000000,3.998079,-42.103684,8.982600,-103.290465,0,1.001669449081799
2003-11-03,sz.000056,6.0400,6.1000,5.9900,6.0700,6.0500,118219,715360.2600,3,0.216067,1,0.330000,4.011295,-42.242870,9.012294,-103.631921,0,0.33057851239670644
2003-11-04,sz.000056,6.1100,6.2500,6.0900,6.1600,6.0700,233600,1444006.5700,3,0.426948,1,1.480000,4.070771,-42.869206,9.145920,-105.168474,0,1.4827018121911006
2003-11-05,sz.000056,6.1700,6.2700,6.0000,6.0000,6.1600,223712,1362179.3000,3,0.408876,1,-2.600000,3.965037,-41.755720,8.908364,-102.436825,0,-2.5974025974025983
2003-11-06,sz.000056,6.0000,6.0100,5.5000,5.5100,6.0000,480799,2704975.6400,3,0.878750,1,-8.170000,3.641225,-38.345670,8.180847,-94.071151,0,-8.166666666666666
2003-11-07,sz.000056,5.5000,5.5000,5.0600,5.3200,5.5100,458129,2380485.4900,3,0.837317,1,-3.450000,3.515666,-37.023405,7.898749,-90.827318,0,-3.4482758620689613
2003-11-10,sz.000056,5.1900,5.2900,5.0100,5.2100,5.3200,131410,682168.2400,3,0.240176,1,-2.070000,3.442974,-36.257884,7.735429,-88.949310,0,-2.0676691729323404
2003-11-11,sz.000056,5.2500,5.3200,5.1200,5.2200,5.2100,159930,834979.0500,3,0.292302,1,0.190000,3.449582,-36.327476,7.750276,-89.120038,0,0.19193857965451588
2003-11-12,sz.000056,5.2200,5.2200,5.0800,5.0800,5.2200,167800,859024.0000,3,0.306686,1,-2.680000,3.357064,-35.353176,7.542414,-86.729845,0,-2.6819923371647403
2003-11-13,sz.000056,5.0100,5.1600,5.0000,5.1200,5.0800,154736,789727.0600,3,0.282809,1,0.790000,3.383498,-35.631548,7.601804,-87.412757,0,0.7874015748031482
2003-11-14,sz.000056,5.1200,5.2100,5.0600,5.2000,5.1200,163206,840209.5500,3,0.298290,1,1.560000,3.436365,-36.188291,7.720582,-88.778582,0,1.5625
2003-11-17,sz.000056,5.2400,5.2400,5.1500,5.1800,5.2000,99401,514594.1500,3,0.181674,1,-0.384615,3.423148,-36.049105,7.690887,-88.437126,0,-0.38461538461539435
2003-11-18,sz.000056,5.1800,5.2100,5.1200,5.1800,5.1800,116649,604414.5700,3,0.213198,1,0.000000,3.423148,-36.049105,7.690887,-88.437126,0,0.0
2003-11-19,sz.000056,5.1800,5.4500,5.1800,5.3800,5.1800,360789,1922222.4500,3,0.659410,1,3.860000,3.555316,-37.440962,7.987833,-91.851686,0,3.8610038610038755
2003-11-20,sz.000056,5.4000,5.7500,5.3000,5.6800,5.3800,672993,3752551.8200,3,1.230021,1,5.580000,3.753568,-39.528748,8.433251,-96.973528,0,5.576208178438669
2003-11-21,sz.000056,5.6700,5.6800,5.4200,5.4300,5.6800,421715,2342522.7100,3,0.770763,1,-4.400000,3.588358,-37.788927,8.062069,-92.705327,0,-4.401408450704225
2003-11-24,sz.000056,5.4300,5.7100,5.3500,5.6800,5.4300,553890,3116076.8200,3,1.012338,1,4.600000,3.753568,-39.528748,8.433251,-96.973528,0,4.604051565377532
2003-11-25,sz.000056,5.7600,6.2500,5.7600,6.1100,5.6800,1991213,12016919.5400,3,3.639315,1,7.570000,4.037729,-42.521242,9.071684,-104.314833,0,7.570422535211274
2003-11-26,sz.000056,6.0000,6.1400,5.9100,6.0000,6.1100,1041645,6252158.0800,3,1.903801,1,-1.800000,3.965037,-41.755720,8.908364,-102.436825,0,-1.8003273322422353
2003-11-27,sz.000056,6.0100,6.0100,5.7300,5.7300,6.0000,439888,2562307.3400,3,0.803978,1,-4.500000,3.786610,-39.876713,8.507487,-97.827168,0,-4.499999999999993
2003-11-28,sz.000056,5.7500,5.9800,5.7500,5.8200,5.7300,385472,2266917.4800,3,0.704522,1,1.570000,3.846086,-40.503048,8.641113,-99.363720,0,1.5706806282722585
2003-12-01,sz.000056,5.8600,6.0800,5.8600,6.0000,5.8200,390254,2320885.1700,3,0.713262,1,3.090000,3.965037,-41.755720,8.908364,-102.436825,0,3.092783505154628
2003-12-02,sz.000056,6.0000,6.2300,6.0000,6.0400,6.0000,594407,3637394.0800,3,1.086390,1,0.670000,3.991470,-42.034092,8.967753,-103.119737,0,0.6666666666666599
2003-12-03,sz.000056,6.0400,6.2200,6.0400,6.1000,6.0400,470572,2884272.9000,3,0.860059,1,0.990000,4.031121,-42.451649,9.056836,-104.144105,0,0.9933774834437026
2003-12-04,sz.000056,6.1000,6.1300,5.9500,6.0600,6.1000,420648,2528987.9400,3,0.768813,1,-0.660000,4.004687,-42.173277,8.997447,-103.461193,0,-0.6557377049180357
2003-12-05,sz.000056,6.2100,6.2100,6.0500,6.1700,6.0600,487531,2991927.9100,3,0.891054,1,1.820000,4.077379,-42.938799,9.160767,-105.339202,0,1.8151815181518316
2003-12-08,sz.000056,6.1700,6.1700,6.0000,6.0400,6.1700,270330,1635637.1000,3,0.494079,1,-2.110000,3.991470,-42.034092,8.967753,-103.119737,0,-2.1069692058346856
2003-12-09,sz.000056,6.0400,6.1600,5.9400,6.1000,6.0400,344379,2085816.1900,3,0.629417,1,0.990000,4.031121,-42.451649,9.056836,-104.144105,0,0.9933774834437026
2003-12-10,sz.000056,6.1200,6.1500,6.0500,6.1500,6.1000,390580,2383922.4000,3,0.713858,1,0.820000,4.064163,-42.799613,9.131073,-104.997746,0,0.819672131147553
2003-12-11,sz.000056,6.1400,6.3100,6.1300,6.3000,6.1500,964561,6019160.8100,3,1.762916,1,2.440000,4.163289,-43.843506,9.353782,-107.558666,0,2.4390243902439046
2003-12-12,sz.000056,6.3100,6.3300,6.1500,6.1900,6.3000,383840,2383794.8100,3,0.701540,1,-1.750000,4.090596,-43.077985,9.190462,-105.680658,0,-1.7460317460317398
2003-12-15,sz.000056,6.1900,6.2600,6.1100,6.1500,6.1900,227253,1400858.0000,3,0.415347,1,-0.650000,4.064163,-42.799613,9.131073,-104.997746,0,-0.646203554119551
2003-12-16,sz.000056,6.0800,6.2500,5.9300,6.1200,6.1500,461589,2796864.5700,3,0.843640,1,-0.490000,4.044337,-42.590834,9.086531,-104.485561,0,-0.4878048780487809
2003-12-17,sz.000056,6.1200,6.2800,6.0600,6.0800,6.1200,474820,2932512.2400,3,0.867823,1,-0.650000,4.017904,-42.312463,9.027142,-103.802649,0,-0.6535947712418277
2003-12-18,sz.000056,6.0000,6.0700,5.8800,5.9100,6.0800,454439,2699146.0200,3,0.830572,1,-2.800000,3.905561,-41.129384,8.774738,-100.900273,0,-2.796052631578949
2003-12-19,sz.000056,5.9200,5.9500,5.3500,5.4000,5.9100,696398,3887039.7000,3,1.272798,1,-8.630000,3.568533,-37.580148,8.017527,-92.193142,0,-8.629441624365475
2003-12-22,sz.000056,5.3800,5.6300,5.1000,5.4900,5.4000,570349,3016276.0200,3,1.042420,1,1.670000,3.628009,-38.206484,8.151153,-93.729695,0,1.6666666666666607
2003-12-23,sz.000056,5.5200,5.7400,5.4000,5.6100,5.4900,498390,2772548.4200,3,0.910901,1,2.190000,3.707309,-39.041598,8.329320,-95.778431,0,2.1857923497267784
2003-12-24,sz.000056,5.6300,5.7700,5.5600,5.6800,5.6100,293357,1659988.2700,3,0.536165,1,1.250000,3.753568,-39.528748,8.433251,-96.973528,0,1.2477718360071277
2003-12-25,sz.000056,5.6600,5.9100,5.6000,5.7300,5.6800,259124,1483593.6900,3,0.473598,1,0.880000,3.786610,-39.876713,8.507487,-97.827168,0,0.8802816901408494
2003-12-26,sz.000056,5.6600,5.7000,5.6000,5.6300,5.7300,186730,1051505.0000,3,0.341284,1,-1.750000,3.720526,-39.180784,8.359014,-96.119887,0,-1.7452006980802848
2003-12-29,sz.000056,5.5500,5.5500,5.3600,5.3900,5.6300,277307,1515905.3100,3,0.506831,1,-4.260000,3.561925,-37.510555,8.002680,-92.022414,0,-4.262877442273538
2003-12-30,sz.000056,5.4000,5.4600,5.2900,5.3500,5.3900,280702,1505631.9400,3,0.513036,1,-0.740000,3.535491,-37.232184,7.943291,-91.339502,0,-0.7421150278293154
2003-12-31,sz.000056,5.3500,5.4000,5.3000,5.3500,5.3500,224510,1200880.4000,3,0.410334,1,0.000000,3.535491,-37.232184,7.943291,-91.339502,0,0.0
2004-01-02,sz.000056,5.6200,5.6200,5.3000,5.3800,5.3500,339170,1825026.8000,3,0.619897,1,0.560000,3.555316,-37.440962,7.987833,-91.851686,0,0.5607476635514086
2004-01-05,sz.000056,5.3700,5.4100,5.2800,5.3400,5.3800,358129,1908481.7000,3,0.654548,1,-0.740000,3.528883,-37.162591,7.928444,-91.168774,0,-0.743494423791824
2004-01-06,sz.000056,5.3400,5.5400,5.3000,5.4000,5.3400,418136,2265088.8600,3,0.764222,1,1.120000,3.568533,-37.580148,8.017527,-92.193142,0,1.1235955056179803
2004-01-07,sz.000056,5.5000,5.5000,5.3200,5.4000,5.4000,371526,2005382.7600,3,0.679033,1,0.000000,3.568533,-37.580148,8.017527,-92.193142,0,0.0
2004-01-08,sz.000056,5.5000,5.5300,5.3500,5.5100,5.4000,544176,2965934.5700,3,0.994584,1,2.040000,3.641225,-38.345670,8.180847,-94.071151,0,2.037037037037037
2004-01-09,sz.000056,5.5200,5.7000,5.4300,5.5800,5.5100,830318,4609080.9200,3,1.517562,1,1.270000,3.687484,-38.832820,8.284778,-95.266247,0,1.2704174228675091
2004-01-12,sz.000056,5.5800,5.7200,5.5200,5.6600,5.5800,495544,2790636.5500,3,0.905700,1,1.430000,3.740351,-39.389563,8.403556,-96.632071,0,1.4336917562723928
2004-01-13,sz.000056,5.6600,5.9300,5.5200,5.7600,5.6600,832693,4750490.8000,3,1.521902,1,1.770000,3.806435,-40.085491,8.552029,-98.339352,0,1.7667844522968101
2004-01-14,sz.000056,5.7900,5.9300,5.6900,5.7300,5.7600,643514,3724518.6000,3,1.176142,1,-0.520000,3.786610,-39.876713,8.507487,-97.827168,0,-0.5208333333333259
2004-01-15,sz.000056,5.7700,5.8700,5.6400,5.6500,5.7300,445695,2559846.1900,3,0.814591,1,-1.400000,3.733743,-39.319970,8.388709,-96.461343,0,-1.3961605584642212
2004-01-16,sz.000056,5.6500,5.7000,5.6000,5.6600,5.6500,435843,2456049.7400,3,0.796585,1,0.180000,3.740351,-39.389563,8.403556,-96.632071,0,0.1769911504424737
2004-01-29,sz.000056,5.7000,5.9900,5.6600,5.9700,5.6600,619453,3624976.3400,3,1.132166,1,5.480000,3.945212,-41.546941,8.863822,-101.924641,0,5.477031802120136
2004-01-30,sz.000056,6.0000,6.2800,5.8700,6.0900,5.9700,1615312,9895439.8200,3,2.952285,1,2.010000,4.024512,-42.382056,9.041989,-103.973377,0,2.01005025125629
2004-02-02,sz.000056,6.3000,6.5800,6.1600,6.4000,6.0900,1731575,10965140.2300,3,3.164778,1,5.090000,4.229372,-44.539435,9.502254,-109.265947,0,5.090311986863716
2004-02-03,sz.000056,6.4000,6.4800,6.2500,6.4500,6.4000,1020328,6475594.8700,3,1.864841,1,0.780000,4.262414,-44.887399,9.576491,-110.119587,0,0.78125
2004-02-04,sz.000056,7.0900,7.1000,6.8100,7.1000,6.4500,3844206,27205248.1900,3,7.026007,1,10.080000,4.691960,-49.410935,10.541564,-121.216909,0,10.077519379844958
2004-02-05,sz.000056,7.4000,7.7500,7.2000,7.5000,7.1000,5366556,40184326.4700,3,9.808387,1,5.630000,4.956296,-52.194650,11.135454,-128.046031,0,5.633802816901423
2004-02-06,sz.000056,7.5000,7.6500,7.2800,7.3200,7.5000,2676699,19908562.3800,3,4.892169,1,-2.400000,4.837345,-50.941978,10.868204,-124.972926,0,-2.399999999999991
2004-02-09,sz.000056,7.2800,7.9800,7.2500,7.6900,7.3200,2232617,17014594.3300,3,4.080526,1,5.050000,5.081855,-53.516915,11.417553,-131.289864,0,5.054644808743181
2004-02-10,sz.000056,7.7000,8.4400,7.6500,8.3100,7.6900,4410881,35742195.2000,3,8.061712,1,8.060000,5.491576,-57.831672,12.338084,-141.875002,0,8.062418725617682
2004-02-11,sz.000056,8.2800,8.3000,7.8800,8.1500,8.3100,2655860,21310112.8400,3,4.854082,1,-1.930000,5.385842,-56.718186,12.100527,-139.143354,0,-1.9253910950661868
2004-02-12,sz.000056,8.1500,8.1500,7.7700,7.7800,8.1500,1630647,12835669.9500,3,2.980313,1,-4.540000,5.141331,-54.143250,11.551178,-132.826416,0,-4.539877300613493
2004-02-13,sz.000056,7.7200,7.8800,7.5000,7.5100,7.7800,1372660,10460991.9300,3,2.508793,1,-3.470000,4.962904,-52.264243,11.150302,-128.216759,0,-3.470437017994865
2004-02-16,sz.000056,7.5000,7.9500,7.4200,7.7800,7.5100,1134279,8747639.9200,3,2.073107,1,3.600000,5.141331,-54.143250,11.551178,-132.826416,0,3.595206391478034
2004-02-17,sz.000056,7.8500,7.9400,7.7100,7.7700,7.7800,1351522,10552835.7600,3,2.470160,1,-0.130000,5.134723,-54.073657,11.536331,-132.655688,0,-0.12853470437018677
2004-02-18,sz.000056,7.5900,8.0500,7.5700,7.9500,7.7700,1911263,14978287.0800,3,3.493191,1,2.320000,5.253674,-55.326329,11.803582,-135.728793,0,2.316602316602334
2004-02-19,sz.000056,7.9300,7.9300,7.7500,7.8000,7.9500,902511,7057253.8200,3,1.649508,1,-1.890000,5.154548,-54.282436,11.580873,-133.167872,0,-1.8867924528301883
2004-02-20,sz.000056,7.7600,8.1100,7.7600,8.0400,7.8000,1816343,14494129.5700,3,3.319707,1,3.080000,5.313149,-55.952665,11.937207,-137.265345,0,3.076923076923066
2004-02-23,sz.000056,8.2000,8.8400,8.0600,8.3800,8.0400,5553460,47249289.5500,3,10.149989,1,4.230000,5.537835,-58.318822,12.442014,-143.070099,0,4.2288557213930655
2004-02-24,sz.000056,8.3400,8.8400,8.1500,8.5300,8.3800,4428548,37858668.5700,3,8.094001,1,1.790000,5.636961,-59.362715,12.664723,-145.631019,0,1.7899761336515274
2004-02-25,sz.000056,8.5000,8.6700,7.9000,8.0200,8.5300,2662064,22286370.0000,3,4.865421,1,-5.980000,5.299932,-55.813479,11.907513,-136.923889,0,-5.978898007033995
2004-02-26,sz.000056,7.9500,8.0200,7.6100,7.8400,8.0200,1630811,12724997.5300,3,2.980613,1,-2.240000,5.180981,-54.560808,11.640262,-133.850785,0,-2.244389027431415
2004-02-27,sz.000056,7.8400,8.0500,7.7600,8.0200,7.8400,815440,6443865.1100,3,1.490369,1,2.300000,5.299932,-55.813479,11.907513,-136.923889,0,2.2959183673469274
2004-03-01,sz.000056,8.0500,8.5000,7.7700,8.3900,8.0200,1795280,14706797.6200,3,3.281211,1,4.610000,5.544443,-58.388415,12.456862,-143.240827,0,4.613466334164595
2004-03-02,sz.000056,8.3800,8.4000,8.1000,8.1500,8.3900,1212442,9952941.6600,3,2.215965,1,-2.860000,5.385842,-56.718186,12.100527,-139.143354,0,-2.8605482717520836
2004-03-03,sz.000056,8.1300,8.3700,8.0000,8.0500,8.1500,1051550,8586515.9700,3,1.921905,1,-1.230000,5.319758,-56.022258,11.952054,-137.436073,0,-1.2269938650306678
2004-03-04,sz.000056,8.1000,8.1200,7.7000,8.0700,8.0500,900559,7128089.5100,3,1.645940,1,0.250000,5.332974,-56.161443,11.981749,-137.777530,0,0.248447204968949
2004-03-05,sz.000056,8.0000,8.0700,7.8000,7.8100,8.0700,723251,5708831.6500,3,1.321877,1,-3.220000,5.161156,-54.352029,11.595720,-133.338600,0,-3.2218091697645668
2004-03-08,sz.000056,7.7000,7.8600,7.6100,7.6500,7.8100,516382,3975985.8200,3,0.943785,1,-2.050000,5.055422,-53.238543,11.358164,-130.606952,0,-2.0486555697823206
2004-03-09,sz.000056,7.5500,7.7400,7.4500,7.4700,7.6500,524500,3996063.5000,3,0.958622,1,-2.350000,4.936471,-51.985871,11.090913,-127.533847,0,-2.352941176470591
2004-03-10,sz.000056,7.5000,7.6900,7.3100,7.6900,7.4700,654371,4909443.0600,3,1.195986,1,2.950000,5.081855,-53.516915,11.417553,-131.289864,0,2.945113788487297
2004-03-11,sz.000056,7.6900,8.1000,7.6000,8.0100,7.6900,1462318,11543094.5400,3,2.672660,1,4.160000,5.293324,-55.743886,11.892665,-136.753161,0,4.16124837451235
2004-03-12,sz.000056,7.9700,7.9700,7.7600,7.8100,8.0100,573576,4489312.0800,3,1.048318,1,-2.500000,5.161156,-54.352029,11.595720,-133.338600,0,-2.4968789013732895
2004-03-15,sz.000056,7.7200,7.9600,7.7100,7.9300,7.8100,559831,4430520.6200,3,1.023196,1,1.540000,5.240457,-55.187143,11.773887,-135.387337,0,1.5364916773367598
2004-03-16,sz.000056,8.0200,8.1000,7.9300,8.0600,7.9300,976966,7832801.0700,3,1.785588,1,1.640000,5.326366,-56.091851,11.966902,-137.606801,0,1.6393442622950838
2004-03-17,sz.000056,8.1000,8.2600,8.0600,8.1200,8.0600,981578,7995950.2100,3,1.794018,1,0.740000,5.366016,-56.509408,12.055985,-138.631170,0,0.7444168734491052
2004-03-18,sz.000056,8.2500,8.3200,7.9000,7.9100,8.1200,1534502,12550862.9100,3,2.804590,1,-2.590000,5.227240,-55.047958,11.744193,-135.045881,0,-2.5862068965517127
2004-03-19,sz.000056,7.8800,8.2000,7.8100,8.1600,7.9100,991614,7989156.4100,3,1.812360,1,3.160000,5.392450,-56.787779,12.115374,-139.314082,0,3.1605562579013924
2004-03-22,sz.000056,8.2300,8.3500,8.1300,8.3400,8.1600,1346731,11116766.6800,3,2.461403,1,2.210000,5.511401,-58.040451,12.382625,-142.387187,0,2.2058823529411686
2004-03-23,sz.000056,8.3500,8.3700,8.1100,8.1300,8.3400,597619,4873910.0700,3,1.092261,1,-2.520000,5.372625,-56.579001,12.070833,-138.801898,0,-2.5179856115107757
2004-03-24,sz.000056,8.1800,8.2200,7.9900,8.0200,8.1300,674500,5451400.1100,3,1.232775,1,-1.350000,5.299932,-55.813479,11.907513,-136.923889,0,-1.3530135301353163
2004-03-25,sz.000056,8.0200,8.2800,8.0200,8.1800,8.0200,567820,4638742.3000,3,1.037797,1,2.000000,5.405667,-56.926965,12.145069,-139.655538,0,1.9950124688279391
2004-03-26,sz.000056,8.2000,8.2500,8.0900,8.1500,8.1800,339026,2758078.9700,3,0.619634,1,-0.370000,5.385842,-56.718186,12.100527,-139.143354,0,-0.3667481662591565
2004-03-29,sz.000056,8.1100,8.1700,7.9500,7.9800,8.1500,482045,3879002.7100,3,0.881028,1,-2.090000,5.273499,-55.535108,11.848124,-136.240977,0,-2.0858895705521463
2004-03-30,sz.000056,7.9800,8.2200,7.9800,8.2200,7.9800,584166,4743121.7200,3,1.067673,1,3.010000,5.432100,-57.205336,12.204458,-140.338450,0,3.007518796992481
2004-03-31,sz.000056,8.2500,8.4800,8.1600,8.4300,8.2200,1736848,14556344.5600,3,3.174415,1,2.550000,5.570877,-58.666787,12.516251,-143.923739,0,2.5547445255474255
2004-04-01,sz.000056,8.4100,8.5500,8.3000,8.3400,8.4300,1010851,8488635.6200,3,1.847520,1,-1.070000,5.511401,-58.040451,12.382625,-142.387187,0,-1.0676156583629859
2004-04-02,sz.000056,8.5000,8.6200,8.3300,8.5800,8.3400,2078825,17694392.9500,3,3.799442,1,2.880000,5.670003,-59.710680,12.738960,-146.484660,0,2.877697841726623
2004-04-05,sz.000056,8.6000,8.6500,8.3700,8.4900,8.5800,1045623,8861317.2800,3,1.911072,1,-1.050000,5.610527,-59.084344,12.605334,-144.948107,0,-1.0489510489510523
2004-04-06,sz.000056,8.5000,8.5000,8.2100,8.3100,8.4900,970590,8067028.2000,3,1.773935,1,-2.120000,5.491576,-57.831672,12.338084,-141.875002,0,-2.1201413427561766
2004-04-07,sz.000056,8.3100,8.4600,8.2500,8.3300,8.3100,699151,5827833.6900,3,1.277829,1,0.240000,5.504793,-57.970858,12.367778,-142.216459,0,0.24067388688326918
2004-04-08,sz.000056,8.4500,8.9200,8.4300,8.7500,8.3300,4307907,37798087.8600,3,7.873507,1,5.040000,5.782345,-60.893758,12.991363,-149.387036,0,5.042016806722693
2004-04-09,sz.000056,8.7900,8.8200,8.2200,8.2800,8.7500,1962239,16625350.8600,3,3.586359,1,-5.370000,5.471751,-57.622894,12.293542,-141.362818,0,-5.3714285714285825
2004-04-12,sz.000056,8.2500,8.3000,8.0100,8.1700,8.2800,984205,8012590.3000,3,1.798819,1,-1.330000,5.399058,-56.857372,12.130222,-139.484810,0,-1.328502415458932
2004-04-13,sz.000056,8.1400,8.2800,8.1200,8.2000,8.1700,511124,4181647.8800,3,0.934175,1,0.370000,5.418884,-57.066151,12.174764,-139.996994,0,0.3671970624234966
2004-04-14,sz.000056,8.1800,8.2200,7.7800,7.9500,8.2000,875399,6929978.5700,3,1.599956,1,-3.050000,5.253674,-55.326329,11.803582,-135.728793,0,-3.0487804878048697
2004-04-15,sz.000056,7.9000,7.9500,7.6100,7.6300,7.9500,557500,4343586.0000,3,1.018936,1,-4.030000,5.042205,-53.099357,11.328469,-130.265496,0,-4.025157232704402
2004-04-16,sz.000056,7.6100,7.7800,7.3500,7.6800,7.6300,536903,4074609.7500,3,0.981291,1,0.660000,5.075247,-53.447322,11.402705,-131.119136,0,0.6553079947575258
2004-04-19,sz.000056,7.6900,7.7400,7.5500,7.5900,7.6800,311639,2384831.1800,3,0.569579,1,-1.170000,5.015771,-52.820986,11.269080,-129.582584,0,-1.171875
2004-04-20,sz.000056,7.5700,7.7000,7.4500,7.5500,7.5900,216951,1637764.5900,3,0.396519,1,-0.530000,4.989338,-52.542614,11.209691,-128.899671,0,-0.5270092226614009
2004-04-21,sz.000056,7.5300,7.6900,7.4500,7.4900,7.5500,311050,2354989.5000,3,0.568502,1,-0.790000,4.949688,-52.125057,11.120607,-127.875303,0,-0.7947019867549643
2004-04-22,sz.000056,7.4500,7.5400,7.3400,7.5200,7.4900,346903,2581909.3000,3,0.634030,1,0.400000,4.969513,-52.333836,11.165149,-128.387487,0,0.4005340453938411
2004-04-23,sz.000056,7.4800,7.5000,7.2700,7.2700,7.5200,298000,2189215.0000,3,0.544651,1,-3.320000,4.838735,1280.104257,14.009941,-713.299625,0,-3.32446808510638
2004-04-26,sz.000056,7.2700,7.3000,6.9800,7.0600,7.2700,326636,2318349.4800,3,0.596988,1,-2.890000,4.691274,2575.735715,12.214081,-46.956852,0,-2.8885832187070193
2004-04-27,sz.000056,7.1500,7.1500,6.7000,6.7100,7.0600,546236,3732355.4400,3,0.998349,1,-4.960000,4.458703,2448.043434,11.608567,-44.628963,0,-4.957507082152968
2004-04-28,sz.000056,6.6500,6.9100,6.5500,6.8600,6.7100,430535,2890754.9500,3,0.786883,1,2.240000,4.558376,2502.768697,11.868073,-45.626629,0,2.2354694485842153
2004-04-29,sz.000056,6.8600,6.9400,6.8100,6.8100,6.8600,275293,1891189.6000,3,0.503150,1,-0.730000,4.525152,2484.526943,11.781571,-45.294074,0,-0.7288629737609464
2004-04-30,sz.000056,6.8000,6.9900,6.8000,6.9000,6.8100,183122,1260684.5000,3,0.334690,1,1.320000,4.584956,2517.362101,11.937274,-45.892674,0,1.3215859030837107
2004-05-10,sz.000056,6.9500,7.1100,6.7000,6.7000,6.9000,152700,1050807.0000,3,0.279088,1,-2.900000,4.452059,2444.395083,11.591266,-44.562452,0,-2.898550724637683
2004-05-11,sz.000056,6.9800,6.9800,6.7000,6.8700,6.7000,89600,612098.0000,3,0.163761,1,2.540000,4.565021,2506.417048,11.885373,-45.693141,0,2.5373134328358304
2004-05-12,sz.000056,6.8800,7.1800,6.8800,7.1800,6.8700,272573,1935419.0500,3,0.498178,1,4.510000,4.771012,2619.515925,12.421685,-47.754985,0,4.512372634643369
2004-05-13,sz.000056,7.1600,7.1600,7.0500,7.1000,7.1800,156700,1109571.0000,3,0.286399,1,-1.110000,4.717853,2590.329118,12.283282,-47.222896,0,-1.1142061281337101
2004-05-14,sz.000056,7.1000,7.1000,6.8800,6.9100,7.1000,154799,1073343.1100,3,0.282924,1,-2.680000,4.591601,2521.010452,11.954575,-45.959185,0,-2.6760563380281654
2004-05-17,sz.000056,6.9100,6.9800,6.7800,6.9400,6.9100,77414,533903.6700,3,0.141489,1,0.430000,4.611535,2531.955504,12.006476,-46.158718,0,0.4341534008683201
2004-05-18,sz.000056,6.9500,7.2600,6.9500,7.1600,6.9400,137063,973451.4100,3,0.250508,1,3.170000,4.757722,2612.219224,12.387085,-47.621963,0,3.170028818443793
2004-05-19,sz.000056,7.1800,7.3500,7.1200,7.1800,7.1600,274660,1993368.4000,3,0.501993,1,0.280000,4.771012,2619.515925,12.421685,-47.754985,0,0.27932960893854997
2004-05-20,sz.000056,7.0900,7.3000,7.0600,7.1000,7.1800,207999,1485376.5200,3,0.380157,1,-1.110000,4.717853,2590.329118,12.283282,-47.222896,0,-1.1142061281337101
2004-05-21,sz.000056,7.1000,7.2500,7.0700,7.1900,7.1000,137161,979843.7100,3,0.250687,1,1.270000,4.777657,2623.164276,12.438986,-47.821497,0,1.2676056338028374
2004-05-24,sz.000056,7.3000,7.3000,7.1100,7.1300,7.1900,106400,760881.0000,3,0.194466,1,-0.830000,4.737788,2601.274171,12.335184,-47.422430,0,-0.8344923504867929
2004-05-25,sz.000056,7.1000,7.1000,6.8800,6.9200,7.1300,168100,1174983.0000,3,0.307234,1,-2.950000,4.598246,2524.658803,11.971875,-46.025696,0,-2.9453015427770013
2004-05-26,sz.000056,6.8800,7.0200,6.8800,6.9400,6.9200,103310,716232.3200,3,0.188818,1,0.290000,4.611535,2531.955504,12.006476,-46.158718,0,0.28901734104047616
2004-05-27,sz.000056,6.9600,7.3100,6.9000,7.2400,6.9400,578760,4171091.6900,3,1.057792,1,4.320000,4.810881,2641.406030,12.525488,-48.154052,0,4.322766570605174
2004-05-28,sz.000056,7.2400,7.2400,7.2400,7.2400,7.2400,0,0.0000,3,,0,0.000000,4.810881,2641.406030,12.525488,-48.154052,0,0.0
2004-05-31,sz.000056,7.0200,7.2100,7.0100,7.1800,7.2400,185501,1323646.2300,3,0.339038,1,-0.830000,4.771012,2619.515925,12.421685,-47.754985,0,-0.8287292817679592
2004-06-01,sz.000056,7.2500,7.3600,7.1600,7.3300,7.1800,327668,2383863.2400,3,0.598875,1,2.090000,4.870685,2674.241188,12.681191,-48.752652,0,2.0891364902507092
2004-06-02,sz.000056,7.3400,7.6000,7.2200,7.4700,7.3300,829162,6181925.3100,3,1.515449,1,1.910000,4.963713,2725.318101,12.923397,-49.683808,0,1.9099590723055782
2004-06-03,sz.000056,7.3800,7.5000,7.2300,7.2600,7.4700,334003,2436800.7500,3,0.610453,1,-2.810000,4.824171,2648.702732,12.560089,-48.287074,0,-2.8112449799196804
2004-06-04,sz.000056,7.4800,7.4800,7.2500,7.3000,7.2600,277350,2027928.0300,3,0.506909,1,0.550000,4.850750,2663.296136,12.629290,-48.553119,0,0.5509641873278293
2004-06-07,sz.000056,7.3800,7.3800,7.1000,7.1500,7.3000,143700,1032995.3400,3,0.262639,1,-2.050000,4.751077,2608.570873,12.369784,-47.555452,0,-2.0547945205479423
2004-06-08,sz.000056,7.1000,7.2500,7.0500,7.1200,7.1500,232900,1664345.1000,3,0.425668,1,-0.420000,4.731143,2597.625820,12.317883,-47.355919,0,-0.41958041958042314
2004-06-09,sz.000056,7.0800,7.0800,6.5000,6.6800,7.1200,452979,3087042.5200,3,0.827904,1,-6.180000,4.438769,2437.098382,11.556666,-44.429429,0,-6.17977528089888
2004-06-10,sz.000056,6.6800,6.8200,6.6600,6.7200,6.6800,240663,1619871.4600,3,0.439857,1,0.600000,4.465348,2451.691785,11.625867,-44.695474,0,0.5988023952095745
2004-06-11,sz.000056,6.7500,7.0000,6.7400,6.9200,6.7200,258065,1767345.2000,3,0.471662,1,2.980000,4.598246,2524.658803,11.971875,-46.025696,0,2.976190476190488
2004-06-14,sz.000056,6.9200,6.9200,6.6600,6.7400,6.9200,240914,1623645.8200,3,0.440315,1,-2.600000,4.478638,2458.988487,11.660468,-44.828496,0,-2.6011560693641522
2004-06-15,sz.000056,6.8100,6.8500,6.6800,6.8400,6.7400,173794,1176516.7300,3,0.317641,1,1.480000,4.545087,2495.471996,11.833472,-45.493607,0,1.4836795252225476
2004-06-16,sz.000056,6.8000,6.9000,6.7700,6.8500,6.8400,221931,1518962.5700,3,0.405620,1,0.150000,4.551732,2499.120347,11.850772,-45.560118,0,0.14619883040936088
2004-06-17,sz.000056,6.8600,6.9000,6.7000,6.7100,6.8500,129978,883040.3000,3,0.237559,1,-2.040000,4.458703,2448.043434,11.608567,-44.628963,0,-2.0437956204379493
2004-06-18,sz.000056,6.7200,6.7500,6.5900,6.6100,6.7100,136450,905779.4500,3,0.249388,1,-1.490000,4.392255,2411.559926,11.435563,-43.963851,0,-1.4903129657227954
2004-06-21,sz.000056,6.6500,6.8000,6.6000,6.7300,6.6100,93150,623356.0000,3,0.170249,1,1.820000,4.471993,2455.340136,11.643168,-44.761985,0,1.8154311649016597
2004-06-22,sz.000056,6.7500,6.9200,6.7000,6.8800,6.7300,265049,1819629.7700,3,0.484427,1,2.230000,4.571666,2510.065399,11.902674,-45.759652,0,2.2288261515601704
2004-06-23,sz.000056,6.8800,6.8800,6.7000,6.8300,6.8800,133200,900235.0000,3,0.243448,1,-0.730000,4.538442,2491.823645,11.816172,-45.427096,0,-0.7267441860465129
2004-06-24,sz.000056,6.8500,6.9800,6.8500,6.8700,6.8300,165453,1140766.3800,3,0.302396,1,0.590000,4.565021,2506.417048,11.885373,-45.693141,0,0.5856515373352966
2004-06-25,sz.000056,6.7100,6.8500,6.5800,6.5900,6.8700,140618,939609.9000,3,0.257006,1,-4.080000,4.378965,2404.263224,11.400962,-43.830829,0,-4.0756914119359555
2004-06-28,sz.000056,6.5900,6.7600,6.2000,6.2600,6.5900,215900,1362401.0000,3,0.394598,1,-5.010000,4.159685,2283.867645,10.830049,-41.635962,0,-5.00758725341427
2004-06-29,sz.000056,6.4500,6.5000,6.1200,6.2600,6.2600,159910,996114.0000,3,0.292265,1,0.000000,4.159685,2283.867645,10.830049,-41.635962,0,0.0
2004-06-30,sz.000056,6.2600,6.3500,6.1500,6.1900,6.2600,68400,424526.8000,3,0.125014,1,-1.120000,4.113171,2258.329189,10.708946,-41.170384,0,-1.118210862619795
2004-07-01,sz.000056,6.2100,6.3600,6.1900,6.3600,6.1900,134170,844592.3600,3,0.245221,1,2.750000,4.226133,2320.351154,11.003053,-42.301073,0,2.746365105008075
2004-07-02,sz.000056,6.3600,6.3600,6.3600,6.3600,6.3600,0,0.0000,3,,0,0.000000,4.226133,2320.351154,11.003053,-42.301073,0,0.0
2004-07-05,sz.000056,6.3000,6.3500,6.1100,6.1900,6.3600,142228,877954.7000,3,0.259948,1,-2.670000,4.113171,2258.329189,10.708946,-41.170384,0,-2.672955974842761
2004-07-06,sz.000056,6.2600,6.3300,6.1900,6.2900,6.1900,281090,1757488.2600,3,0.513745,1,1.620000,4.179619,2294.812698,10.881950,-41.835496,0,1.6155088852988664
2004-07-07,sz.000056,5.8800,6.3300,5.8800,6.0800,6.2900,231600,1410450.5000,3,0.423292,1,-3.340000,4.040077,2218.197329,10.518642,-40.438762,0,-3.338632750397452
2004-07-08,sz.000056,6.0000,6.1200,6.0000,6.0400,6.0800,108300,656997.1900,3,0.197939,1,-0.660000,4.013498,2203.603926,10.449440,-40.172718,0,-0.6578947368421018
2004-07-09,sz.000056,6.0600,6.1000,6.0000,6.0100,6.0400,200431,1207317.0000,3,0.366325,1,-0.500000,3.993563,2192.658873,10.397539,-39.973184,0,-0.4966887417218624
2004-07-12,sz.000056,5.9500,5.9500,5.7000,5.7100,6.0100,156381,908492.0000,3,0.285816,1,-4.990000,3.794217,2083.208347,9.878527,-37.977850,0,-4.991680532445919
2004-07-13,sz.000056,5.7600,5.8000,5.5500,5.5800,5.7100,185900,1044510.0000,3,0.339767,1,-2.280000,3.707834,2035.779786,9.653622,-37.113206,0,-2.276707530647981
2004-07-14,sz.000056,5.7000,5.7700,5.3000,5.3900,5.5800,217895,1178404.4500,3,0.398244,1,-3.410000,3.581581,1966.461119,9.324914,-35.849495,0,-3.405017921146958
2004-07-15,sz.000056,5.3900,5.5800,5.3500,5.5100,5.3900,175609,960615.7000,3,0.320958,1,2.230000,3.661320,2010.241330,9.532519,-36.647628,0,2.226345083487935
2004-07-16,sz.000056,5.5000,5.8200,5.5000,5.7600,5.5100,412279,2367063.2900,3,0.753517,1,4.540000,3.827441,2101.450102,9.965029,-38.310406,0,4.537205081669682
2004-07-19,sz.000056,5.7700,5.8400,5.6800,5.6900,5.7600,178170,1022320.2000,3,0.325639,1,-1.220000,3.780927,2075.911646,9.843926,-37.844828,0,-1.215277777777768
2004-07-20,sz.000056,5.6100,5.6800,5.5500,5.5700,5.6900,168100,938308.0000,3,0.307234,1,-2.110000,3.701189,2032.131435,9.636321,-37.046695,0,-2.108963093145877
2004-07-21,sz.000056,5.5500,5.7500,5.5500,5.7000,5.5700,197515,1121987.5900,3,0.360996,1,2.330000,3.787572,2079.559996,9.861227,-37.911339,0,2.333931777378817
2004-07-22,sz.000056,5.7000,5.7300,5.4800,5.5200,5.7000,122500,687402.0000,3,0.223892,1,-3.160000,3.667965,2013.889681,9.549819,-36.714139,0,-3.157894736842115
2004-07-23,sz.000056,5.5500,5.5600,5.4500,5.4900,5.5200,142950,784538.5000,3,0.261268,1,-0.540000,3.648030,2002.944628,9.497918,-36.514606,0,-0.5434782608695565
2004-07-26,sz.000056,5.5000,5.5000,5.3200,5.4200,5.4900,107515,584255.0000,3,0.196504,1,-1.280000,3.601516,1977.406172,9.376816,-36.049028,0,-1.2750455373406244
2004-07-27,sz.000056,5.3800,5.4500,5.3500,5.4000,5.4200,153299,826321.6200,3,0.280183,1,-0.370000,3.588226,1970.109470,9.342215,-35.916006,0,-0.36900369003689537
2004-07-28,sz.000056,5.4300,5.6000,5.4000,5.5200,5.4000,82459,450619.4700,3,0.150709,1,2.220000,3.667965,2013.889681,9.549819,-36.714139,0,2.2222222222222143
2004-07-29,sz.000056,5.5200,5.6500,5.4900,5.6500,5.5200,111649,619224.7200,3,0.204059,1,2.360000,3.754348,2061.318242,9.774725,-37.578784,0,2.3550724637681375
2004-07-30,sz.000056,5.6300,5.6300,5.5100,5.5400,5.6500,113390,629450.8000,3,0.207241,1,-1.950000,3.681254,2021.186382,9.584420,-36.847161,0,-1.9469026548672663
2004-08-02,sz.000056,5.4500,5.4700,5.3700,5.3800,5.5400,74400,402916.0000,3,0.135980,1,-2.890000,3.574937,1962.812769,9.307614,-35.782983,0,-2.8880866425992857
2004-08-03,sz.000056,5.4000,5.4600,5.3800,5.3900,5.3800,78985,426558.1500,3,0.144360,1,0.190000,3.581581,1966.461119,9.324914,-35.849495,0,0.18587360594795044
2004-08-04,sz.000056,5.3900,5.6700,5.3900,5.5800,5.3900,276700,1553761.0000,3,0.505721,1,3.530000,3.707834,2035.779786,9.653622,-37.113206,0,3.5250463821892453
2004-08-05,sz.000056,5.6200,6.1400,5.5800,6.1400,5.5800,1786302,10790178.9100,3,3.264802,1,10.040000,4.079946,2240.087435,10.622444,-40.837829,0,10.035842293906793
2004-08-06,sz.000056,6.1200,6.2400,5.9100,6.0100,6.1400,1576744,9614585.7800,3,2.881795,1,-2.120000,3.993563,2192.658873,10.397539,-39.973184,0,-2.1172638436482094
2004-08-09,sz.000056,6.0000,6.0700,5.8300,6.0600,6.0100,670506,3990584.1600,3,1.225475,1,0.830000,4.026787,2210.900628,10.484041,-40.305740,0,0.8319467554076532
2004-08-10,sz.000056,6.0000,6.2000,5.9700,6.0800,6.0600,637603,3895891.3900,3,1.165339,1,0.330000,4.040077,2218.197329,10.518642,-40.438762,0,0.33003300330034513
2004-08-11,sz.000056,6.1200,6.2100,6.0200,6.2000,6.0800,1103701,6788253.4200,3,2.017220,1,1.970000,4.119815,2261.977540,10.726247,-41.236895,0,1.9736842105263275
2004-08-12,sz.000056,6.1800,6.1800,5.9000,6.0900,6.2000,559392,3365859.4300,3,1.022394,1,-1.770000,4.046722,2221.845680,10.535942,-40.505273,0,-1.774193548387104
2004-08-13,sz.000056,5.9600,6.0800,5.8500,5.9900,6.0900,393053,2346171.9300,3,0.718378,1,-1.640000,3.980273,2185.362172,10.362938,-39.840162,0,-1.6420361247947435
2004-08-16,sz.000056,6.0000,6.0500,5.8000,5.8400,5.9900,344908,2031895.2700,3,0.630384,1,-2.500000,3.880600,2130.636909,10.103432,-38.842495,0,-2.5041736227045086
2004-08-17,sz.000056,5.8400,6.0300,5.7000,6.0100,5.8400,522200,3047868.3000,3,0.954418,1,2.910000,3.993563,2192.658873,10.397539,-39.973184,0,2.910958904109595
2004-08-18,sz.000056,5.9300,6.0200,5.8000,5.8100,6.0100,237713,1412345.5400,3,0.434465,1,-3.330000,3.860666,2119.691856,10.051531,-38.642962,0,-3.327787021630624
2004-08-19,sz.000056,5.7600,5.8800,5.3500,5.4900,5.8100,402650,2238141.0000,3,0.735918,1,-5.510000,3.648030,2002.944628,9.497918,-36.514606,0,-5.507745266781406
2004-08-20,sz.000056,5.4000,5.5500,5.0500,5.3600,5.4900,415094,2205853.3200,3,0.758662,1,-2.370000,3.561647,1955.516067,9.273013,-35.649961,0,-2.3679417122040025
2004-08-23,sz.000056,5.2100,5.3900,5.2100,5.3800,5.3600,135211,716051.7500,3,0.247123,1,0.370000,3.568474,876.811300,10.075361,-105.315542,0,0.3731343283581934
2004-08-24,sz.000056,5.3500,5.6500,5.3500,5.6000,5.3800,304798,1695020.7200,3,0.557075,1,4.090000,3.714397,912.666037,10.487365,-109.622125,0,4.089219330855021
2004-08-25,sz.000056,5.5800,5.7600,5.5300,5.6400,5.6000,492310,2791399.5800,3,0.899789,1,0.710000,3.740929,919.185080,10.562274,-110.405141,0,0.7142857142857117
2004-08-26,sz.000056,5.6400,5.6400,5.3700,5.3800,5.6400,170600,937538.0000,3,0.311803,1,-4.610000,3.568474,876.811300,10.075361,-105.315542,0,-4.6099290780141855
2004-08-27,sz.000056,5.3400,5.4400,5.3300,5.3500,5.3800,192809,1033991.9700,3,0.352395,1,-0.560000,3.548576,871.922017,10.019179,-104.728280,0,-0.5576208178438735
2004-08-30,sz.000056,5.3500,5.4500,5.2900,5.4500,5.3500,211148,1135929.7200,3,0.385913,1,1.870000,3.614904,888.219625,10.206453,-106.685818,0,1.869158878504673
2004-08-31,sz.000056,5.5200,5.7500,5.5200,5.5900,5.4500,462020,2596375.8000,3,0.844428,1,2.570000,3.707764,911.036276,10.468637,-109.426372,0,2.5688073394495303
2004-09-01,sz.000056,5.5900,5.5900,5.4500,5.5000,5.5900,165500,911247.0000,3,0.302482,1,-1.610000,3.648069,896.368429,10.300090,-107.664587,0,-1.610017889087656
2004-09-02,sz.000056,5.4500,5.7500,5.3800,5.7000,5.5000,782943,4372389.4600,3,1.430975,1,3.640000,3.780726,928.963645,10.674639,-111.579663,0,3.6363636363636376
2004-09-03,sz.000056,5.6800,5.7200,5.5000,5.6600,5.7000,522980,2947855.7000,3,0.955844,1,-0.700000,3.754194,922.444602,10.599729,-110.796648,0,-0.7017543859649145
2004-09-06,sz.000056,5.7500,5.9700,5.6700,5.7100,5.6600,1998552,11626600.8700,3,3.652728,1,0.880000,3.787359,930.593406,10.693366,-111.775417,0,0.8833922261484162
2004-09-07,sz.000056,5.7100,6.0300,5.7000,6.0000,5.7100,2240859,13105608.7000,3,4.095590,1,5.080000,3.979711,977.856468,11.236462,-117.452277,0,5.078809106830118
2004-09-08,sz.000056,5.9700,5.9700,5.8000,5.9100,6.0000,1398024,8220474.8800,3,2.555151,1,-1.500000,3.920016,963.188621,11.067915,-115.690493,0,-1.5000000000000013
2004-09-09,sz.000056,5.9000,5.9200,5.7300,5.8000,5.9100,610200,3537155.9700,3,1.115255,1,-1.860000,3.847054,945.261253,10.861913,-113.537201,0,-1.861252115059231
2004-09-10,sz.000056,5.8200,5.9800,5.8000,5.8700,5.8000,1214543,7163535.5600,3,2.219805,1,1.210000,3.893484,956.669578,10.993005,-114.907478,0,1.206896551724146
2004-09-13,sz.000056,5.8300,5.8500,5.2800,5.3500,5.8700,1134804,6224929.1300,3,2.074067,1,-8.860000,3.548576,871.922017,10.019179,-104.728280,0,-8.85860306643953
2004-09-14,sz.000056,5.3000,5.6000,5.3000,5.5800,5.3500,1051260,5783652.5300,3,1.921375,1,4.300000,3.701132,909.406515,10.449910,-109.230618,0,4.299065420560755
2004-09-15,sz.000056,5.5000,6.1000,5.5000,5.8800,5.5800,2133624,12532987.1500,3,3.899598,1,5.380000,3.900117,958.299339,11.011733,-115.103232,0,5.376344086021501
2004-09-16,sz.000056,5.8900,6.4000,5.8200,6.2300,5.8800,2890434,17753844.5600,3,5.282810,1,5.950000,4.132267,1015.340966,11.667193,-121.954614,0,5.952380952380953
2004-09-17,sz.000056,6.2000,6.3800,6.0600,6.3700,6.2300,2266529,14132922.2800,3,4.142506,1,2.250000,4.225127,1038.157617,11.929377,-124.695168,0,2.2471910112359605
2004-09-20,sz.000056,6.2800,6.6000,6.2700,6.5500,6.3700,2524193,16251388.1900,3,4.613436,1,2.830000,4.344518,1067.493311,12.266471,-128.218736,0,2.8257456828885363
2004-09-21,sz.000056,6.5300,7.0000,6.1500,6.7600,6.5500,3126417,21129452.2900,3,5.714113,1,3.210000,4.483808,1101.718288,12.659747,-132.329566,0,3.2061068702289974
2004-09-22,sz.000056,6.7000,6.8000,6.4000,6.4600,6.7600,1705765,11194431.5600,3,3.117605,1,-4.440000,4.284822,1052.825464,12.097924,-126.456952,0,-4.437869822485208
2004-09-23,sz.000056,6.4000,6.6600,6.2500,6.6500,6.4600,908798,5895367.5700,3,1.660999,1,2.940000,4.410847,1083.790919,12.453746,-130.176274,0,2.941176470588247
2004-09-24,sz.000056,6.6700,6.9800,6.5400,6.7200,6.6500,3516843,23774970.8200,3,6.427690,1,1.050000,4.457277,1095.199244,12.584838,-131.546550,0,1.0526315789473495
2004-09-27,sz.000056,6.8000,6.8400,6.5100,6.6600,6.7200,1473000,9805335.1000,3,2.692184,1,-0.890000,4.417480,1085.420680,12.472473,-130.372028,0,-0.8928571428571397
2004-09-28,sz.000056,6.6800,6.7600,6.3900,6.5700,6.6600,804763,5283971.1100,3,1.470855,1,-1.350000,4.357784,1070.752833,12.303926,-128.610243,0,-1.3513513513513487
2004-09-29,sz.000056,6.5700,6.5800,6.2800,6.2900,6.5700,792200,5042625.3000,3,1.447894,1,-4.260000,4.172064,1025.119531,11.779558,-123.129137,0,-4.26179604261796
2004-09-30,sz.000056,6.2100,6.3500,5.9500,5.9900,6.2900,699241,4259952.5500,3,1.277994,1,-4.770000,3.973078,976.226707,11.217735,-117.256523,0,-4.76947535771065
2004-10-08,sz.000056,5.9800,6.1800,5.8200,6.1700,5.9900,459476,2742063.7800,3,0.839778,1,3.010000,4.092470,1005.562401,11.554829,-120.780092,0,3.005008347245397
2004-10-11,sz.000056,6.1800,6.3700,6.0600,6.1600,6.1700,900015,5579029.9900,3,1.644946,1,-0.160000,4.085837,1003.932641,11.536101,-120.584338,0,-0.16207455429497752
2004-10-12,sz.000056,6.1000,6.1700,5.9800,6.0200,6.1600,456359,2765827.8200,3,0.834082,1,-2.270000,3.992977,981.115990,11.273917,-117.843785,0,-2.272727272727282
2004-10-13,sz.000056,5.9700,6.1000,5.8600,5.9300,6.0200,504894,3009496.0800,3,0.922788,1,-1.500000,3.933281,966.448143,11.105370,-116.082001,0,-1.4950166112956742
2004-10-14,sz.000056,5.9400,6.0500,5.5500,5.5600,5.9300,651869,3726664.3400,3,1.191413,1,-6.240000,3.687866,906.146994,10.412455,-108.839110,0,-6.2394603709949426
2004-10-15,sz.000056,5.5400,5.6800,5.4400,5.5800,5.5600,469392,2591975.8300,3,0.857902,1,0.360000,3.701132,909.406515,10.449910,-109.230618,0,0.3597122302158251
2004-10-18,sz.000056,5.5800,5.6500,5.4500,5.6000,5.5800,252450,1409339.0000,3,0.461400,1,0.360000,3.714397,912.666037,10.487365,-109.622125,0,0.35842293906809264
2004-10-19,sz.000056,5.6200,5.8000,5.5800,5.7000,5.6000,421664,2410109.6100,3,0.770670,1,1.790000,3.780726,928.963645,10.674639,-111.579663,0,1.7857142857143016
2004-10-20,sz.000056,5.6300,5.6300,5.4100,5.5100,5.7000,330942,1827519.3100,3,0.604859,1,-3.330000,3.654702,897.998190,10.318818,-107.860341,0,-3.3333333333333437
2004-10-21,sz.000056,5.5200,5.6000,5.3000,5.3100,5.5100,425098,2304909.3000,3,0.776946,1,-3.630000,3.522044,865.402974,9.944269,-103.945265,0,-3.629764065335761
2004-10-22,sz.000056,5.3200,5.4000,5.1000,5.3400,5.3100,430527,2258886.7700,3,0.786869,1,0.560000,3.541943,870.292257,10.000451,-104.532527,0,0.5649717514124353
2004-10-25,sz.000056,5.3600,5.4800,5.3000,5.3300,5.3400,304129,1637327.3700,3,0.555853,1,-0.190000,3.535310,868.662496,9.981724,-104.336773,0,-0.1872659176029967
2004-10-26,sz.000056,5.3000,5.5000,5.2200,5.4900,5.3300,302580,1624416.8000,3,0.553022,1,3.000000,3.641436,894.738668,10.281363,-107.468834,0,3.0018761726078758
2004-10-27,sz.000056,5.4900,5.7000,5.4000,5.6700,5.4900,364256,2027097.2000,3,0.665746,1,3.280000,3.747226,555.241503,10.499082,-61.691672,0,3.2786885245901676
2004-10-28,sz.000056,5.6800,5.8400,5.5500,5.6500,5.6700,604597,3454718.3400,3,1.105014,1,-0.350000,3.734008,553.282980,10.462048,-61.474065,0,-0.3527336860670083
2004-10-29,sz.000056,5.5000,5.6500,5.3800,5.4600,5.6500,517627,2832451.0600,3,0.946060,1,-3.360000,3.608440,534.677003,10.110227,-59.406795,0,-3.3628318584070893
2004-11-01,sz.000056,5.4600,5.5800,5.3500,5.5000,5.4600,399340,2196893.2500,3,0.729869,1,0.730000,3.634875,538.594051,10.184294,-59.842010,0,0.73260073260073
2004-11-02,sz.000056,5.5000,5.6400,5.4600,5.5900,5.5000,360800,2013428.3300,3,0.659430,1,1.640000,3.694355,547.407408,10.350947,-60.821243,0,1.6363636363636358
2004-11-03,sz.000056,5.5800,5.7700,5.5100,5.6500,5.5900,259590,1458509.9100,3,0.474449,1,1.070000,3.734008,553.282980,10.462048,-61.474065,0,1.073345259391778
2004-11-04,sz.000056,5.8000,6.1800,5.6500,5.7000,5.6500,1280148,7525237.8200,3,2.339710,1,0.880000,3.767053,558.179289,10.554632,-62.018083,0,0.8849557522123908
2004-11-05,sz.000056,5.7200,5.8800,5.6000,5.6800,5.7000,825399,4741740.2800,3,1.508571,1,-0.350000,3.753835,556.220765,10.517599,-61.800476,0,-0.35087719298246833
2004-11-08,sz.000056,5.7800,5.7800,5.6300,5.7500,5.6800,305228,1741287.8800,3,0.557861,1,1.230000,3.800097,563.075599,10.647217,-62.562101,0,1.232394366197198
2004-11-09,sz.000056,5.7500,5.9000,5.6100,5.9000,5.7500,945275,5509373.1300,3,1.727667,1,2.610000,3.899230,577.764527,10.924970,-64.194156,0,2.60869565217392
2004-11-10,sz.000056,5.9000,6.0800,5.7500,6.0200,5.9000,1507485,8984623.1400,3,2.755211,1,2.030000,3.978536,589.515670,11.147173,-65.499800,0,2.033898305084736
2004-11-11,sz.000056,6.0200,6.1400,5.8800,5.8900,6.0200,1418476,8534886.7900,3,2.592531,1,-2.160000,3.892621,576.785265,10.906453,-64.085352,0,-2.1594684385382035
2004-11-12,sz.000056,5.8900,6.0800,5.7800,5.9000,5.8900,996836,5893709.8800,3,1.821905,1,0.170000,3.899230,577.764527,10.924970,-64.194156,0,0.1697792869270076
2004-11-15,sz.000056,5.8000,6.0100,5.8000,6.0000,5.9000,720695,4293283.6000,3,1.317205,1,1.690000,3.965318,587.557146,11.110139,-65.282193,0,1.6949152542372836
2004-11-16,sz.000056,6.0800,6.0800,5.9100,5.9400,6.0000,403400,2405163.8100,3,0.737289,1,-1.000000,3.925665,581.681575,10.999038,-64.629371,0,-0.9999999999999898
2004-11-17,sz.000056,5.9500,6.0700,5.8800,5.9400,5.9400,549896,3283239.8700,3,1.005038,1,0.000000,3.925665,581.681575,10.999038,-64.629371,0,0.0
2004-11-18,sz.000056,5.9200,6.0800,5.9000,6.0600,5.9400,692366,4164326.0100,3,1.265429,1,2.020000,4.004972,593.432718,11.221241,-65.935015,0,2.020202020202011
2004-11-19,sz.000056,6.0200,6.1800,6.0200,6.1700,6.0600,1341580,8231441.3500,3,2.451989,1,1.820000,4.077669,604.204599,11.424927,-67.131855,0,1.8151815181518316
2004-11-22,sz.000056,6.1700,6.2500,6.1000,6.1900,6.1700,824138,5076736.7300,3,1.506267,1,0.320000,4.090887,606.163123,11.461960,-67.349462,0,0.32414910858995505
2004-11-23,sz.000056,6.1900,6.1900,6.0500,6.1100,6.1900,766712,4665348.9600,3,1.401310,1,-1.290000,4.038016,598.329027,11.313825,-66.479033,0,-1.2924071082390909
2004-11-24,sz.000056,6.1500,6.1500,5.9000,5.9100,6.1100,706853,4231708.5700,3,1.291906,1,-3.270000,3.905839,578.743789,10.943487,-64.302960,0,-3.2733224222585955
2004-11-25,sz.000056,5.9000,5.9400,5.7600,5.8800,5.9100,533900,3113691.5600,3,0.975802,1,-0.510000,3.886012,575.806003,10.887937,-63.976549,0,-0.5076142131979711
2004-11-26,sz.000056,5.9000,6.1100,5.8500,5.9800,5.8800,701752,4219255.3100,3,1.282583,1,1.700000,3.952101,585.598623,11.073106,-65.064585,0,1.7006802721088565
2004-11-29,sz.000056,5.9700,5.9700,5.8200,5.8400,5.9800,291400,1711699.0000,3,0.532588,1,-2.340000,3.859577,571.888956,10.813869,-63.541334,0,-2.341137123745829
2004-11-30,sz.000056,5.8400,6.1500,5.7400,6.0800,5.8400,1297192,7787493.4300,3,2.370861,1,4.110000,4.018189,595.391242,11.258275,-66.152622,0,4.109589041095885
2004-12-01,sz.000056,6.0800,6.1100,5.9100,6.0700,6.0800,762549,4596168.1800,3,1.393701,1,-0.160000,4.011581,594.411980,11.239758,-66.043818,0,-0.1644736842105199
2004-12-02,sz.000056,6.0500,6.3200,6.0300,6.2400,6.0700,1652104,10233415.6800,3,3.019530,1,2.800000,4.123931,611.059432,11.554545,-67.893480,0,2.8006589785831926
2004-12-03,sz.000056,6.2200,6.3500,6.1400,6.3000,6.2400,1517103,9495491.5700,3,2.772790,1,0.960000,4.163584,616.935004,11.665646,-68.546302,0,0.9615384615384581
2004-12-06,sz.000056,6.3500,6.3800,6.1400,6.1800,6.3000,684354,4240956.7200,3,1.250785,1,-1.900000,4.084278,605.183861,11.443444,-67.240658,0,-1.904761904761909
2004-12-07,sz.000056,6.1800,6.2700,6.0200,6.0400,6.1800,449800,2754505.4900,3,0.822094,1,-2.270000,3.991754,591.474194,11.184207,-65.717407,0,-2.265372168284785
2004-12-08,sz.000056,6.1200,6.1500,5.9600,6.0100,6.0400,379414,2288876.3800,3,0.693450,1,-0.500000,3.971927,588.536408,11.128656,-65.390996,0,-0.4966887417218624
2004-12-09,sz.000056,6.0100,6.1200,5.9800,6.0300,6.0100,255302,1543887.2200,3,0.466612,1,0.330000,3.985145,590.494932,11.165690,-65.608604,0,0.33277870216306127
2004-12-10,sz.000056,6.0000,6.1200,5.6500,5.6700,6.0300,785450,4547126.6600,3,1.435557,1,-5.970000,3.747226,555.241503,10.499082,-61.691672,0,-5.97014925373135
2004-12-13,sz.000056,5.5200,5.6800,5.5000,5.5800,5.6700,331839,1855111.9100,3,0.606498,1,-1.590000,3.687746,546.428146,10.332430,-60.712439,0,-1.5873015873015817
2004-12-14,sz.000056,5.6000,5.7400,5.6000,5.6200,5.5800,196000,1111591.7600,3,0.358227,1,0.720000,3.714182,550.345194,10.406497,-61.147654,0,0.7168458781362075
2004-12-15,sz.000056,5.6400,5.7500,5.4800,5.6100,5.6200,348263,1937826.8200,3,0.636516,1,-0.180000,3.707573,549.365932,10.387980,-61.038850,0,-0.1779359430604921
2004-12-16,sz.000056,5.6100,5.6900,5.5200,5.5700,5.6100,116200,648875.6000,3,0.212377,1,-0.710000,3.681137,545.448884,10.313913,-60.603635,0,-0.7130124777183555
2004-12-17,sz.000056,5.5500,5.6400,5.5000,5.5000,5.5700,162639,899074.5000,3,0.297253,1,-1.260000,3.634875,538.594051,10.184294,-59.842010,0,-1.2567324955116699
2004-12-20,sz.000056,5.4700,5.5000,5.3600,5.4700,5.5000,173146,940267.3900,3,0.316457,1,-0.550000,3.615049,535.656265,10.128744,-59.515599,0,-0.545454545454549
2004-12-21,sz.000056,5.4000,5.5800,5.4000,5.4900,5.4700,76400,420605.0000,3,0.139635,1,0.370000,3.628266,537.614789,10.165778,-59.733206,0,0.365630712979903
2004-12-22,sz.000056,5.5300,5.7000,5.5100,5.6800,5.4900,279308,1574874.6000,3,0.510488,1,3.460000,3.753835,556.220765,10.517599,-61.800476,0,3.4608378870673917
2004-12-23,sz.000056,5.7200,5.7500,5.5300,5.5800,5.6800,148801,836390.5100,3,0.271962,1,-1.760000,3.687746,546.428146,10.332430,-60.712439,0,-1.7605633802816878
2004-12-24,sz.000056,5.6700,5.6700,5.5600,5.6200,5.5800,125395,703616.7500,3,0.229183,1,0.720000,3.714182,550.345194,10.406497,-61.147654,0,0.7168458781362075
2004-12-27,sz.000056,5.5600,5.6500,5.5500,5.5500,5.6200,67600,376740.0000,3,0.123552,1,-1.250000,3.667920,543.490360,10.276879,-60.386028,0,-1.245551601423489
2004-12-28,sz.000056,5.5800,5.6300,5.4800,5.5000,5.5500,90600,500568.0000,3,0.165588,1,-0.900000,3.634875,538.594051,10.184294,-59.842010,0,-0.9009009009009028
2004-12-29,sz.000056,5.5000,5.5600,5.3800,5.4500,5.5000,169200,931895.7200,3,0.309245,1,-0.910000,3.601831,533.697741,10.091710,-59.297992,0,-0.9090909090909038
2004-12-30,sz.000056,5.5000,5.5900,5.4000,5.5000,5.4500,216300,1190614.2700,3,0.395329,1,0.920000,3.634875,538.594051,10.184294,-59.842010,0,0.917431192660545
2004-12-31,sz.000056,5.5900,5.5900,5.3500,5.3600,5.5000,263254,1421494.2800,3,0.481146,1,-2.550000,3.542351,524.884384,9.925058,-58.318759,0,-2.5454545454545396
2005-01-04,sz.000056,5.3400,5.3400,5.2300,5.3200,5.3600,129200,683448.0000,3,0.236137,1,-0.750000,3.515916,520.967336,9.850990,-57.883544,0,-0.7462686567164201
2005-01-05,sz.000056,5.3100,5.4800,5.3100,5.4200,5.3200,119991,648548.7800,3,0.219306,1,1.880000,3.582004,530.759956,10.036159,-58.971581,0,1.8796992481203034
2005-01-06,sz.000056,5.4500,5.5800,5.4000,5.4200,5.4200,127500,695442.0000,3,0.233030,1,0.000000,3.582004,530.759956,10.036159,-58.971581,0,0.0
2005-01-07,sz.000056,5.3600,5.5500,5.3500,5.4700,5.4200,175201,959319.4100,3,0.320213,1,0.920000,3.615049,535.656265,10.128744,-59.515599,0,0.9225092250922495
2005-01-10,sz.000056,5.5100,5.5700,5.4800,5.5400,5.4700,116151,640737.4800,3,0.212288,1,1.280000,3.661311,542.511098,10.258362,-60.277225,0,1.2797074954296273
2005-01-11,sz.000056,5.5400,5.5800,5.5000,5.5500,5.5400,158056,873955.2400,3,0.288877,1,0.180000,3.667920,543.490360,10.276879,-60.386028,0,0.18050541516245744
2005-01-12,sz.000056,5.5800,5.5800,5.4700,5.4900,5.5500,89495,491859.0500,3,0.163569,1,-1.080000,3.628266,537.614789,10.165778,-59.733206,0,-1.08108108108107
2005-01-13,sz.000056,5.5400,5.6600,5.4300,5.6300,5.4900,333423,1857423.6600,3,0.609393,1,2.550000,3.720790,551.324456,10.425014,-61.256457,0,2.5500910746812266
2005-01-14,sz.000056,5.5500,5.6300,5.4500,5.4600,5.6300,181600,1005593.0000,3,0.331908,1,-3.020000,3.608440,534.677003,10.110227,-59.406795,0,-3.019538188277082
2005-01-17,sz.000056,5.3600,5.4600,5.2900,5.3200,5.4600,244617,1304095.0200,3,0.447083,1,-2.560000,3.515916,520.967336,9.850990,-57.883544,0,-2.564102564102555
2005-01-18,sz.000056,5.2700,5.4000,5.2700,5.4000,5.3200,181166,962099.2800,3,0.331115,1,1.500000,3.568787,528.801432,9.999125,-58.753973,0,1.5037593984962516
2005-01-19,sz.000056,5.4200,5.5400,5.4000,5.4700,5.4000,273300,1492931.4000,3,0.499507,1,1.300000,3.615049,535.656265,10.128744,-59.515599,0,1.2962962962962843
2005-01-20,sz.000056,5.4000,5.4600,5.0200,5.1800,5.4700,524498,2714866.7800,3,0.958618,1,-5.300000,3.423392,507.257670,9.591754,-56.360293,0,-5.301645338208405
2005-01-21,sz.000056,5.1700,5.3000,5.0800,5.2500,5.1800,305755,1582218.0000,3,0.558825,1,1.350000,3.469654,514.112503,9.721372,-57.121919,0,1.3513513513513598
2005-01-24,sz.000056,5.5000,5.5000,5.3200,5.3900,5.2500,321644,1733669.2800,3,0.587865,1,2.670000,3.562178,527.822170,9.980609,-58.645170,0,2.6666666666666616
2005-01-25,sz.000056,5.3300,5.3300,5.2200,5.3200,5.3900,156800,827093.0000,3,0.286581,1,-1.300000,3.515916,520.967336,9.850990,-57.883544,0,-1.298701298701288
2005-01-26,sz.000056,5.2900,5.3700,5.2200,5.2400,5.3200,145400,765444.0000,3,0.265746,1,-1.500000,3.463045,513.133241,9.702855,-57.013115,0,-1.5037593984962405
2005-01-27,sz.000056,5.1800,5.2700,5.1600,5.2100,5.2400,150930,784871.1600,3,0.275853,1,-0.570000,3.443218,510.195455,9.647304,-56.686704,0,-0.5725190839694694
2005-01-28,sz.000056,5.2600,5.2600,5.0100,5.0200,5.2100,292400,1504304.0000,3,0.534416,1,-3.650000,3.317650,491.589479,9.295483,-54.619434,0,-3.646833013435713
2005-01-31,sz.000056,4.5200,4.6300,4.5200,4.5200,5.0200,513300,2333089.7300,3,0.938152,1,-9.960000,2.987207,442.626384,8.369638,-49.179252,0,-9.960159362549803
2005-02-01,sz.000056,4.2600,4.2600,4.0700,4.0700,4.5200,1111225,4559612.3600,3,2.030972,1,-9.960000,2.689808,398.559598,7.536378,-44.283087,0,-9.955752212389369
2005-02-02,sz.000056,3.9500,4.3500,3.9000,4.3000,4.0700,1262700,5203369.4100,3,2.307821,1,5.650000,2.841812,421.082622,7.962267,-46.785571,0,5.651105651105648
2005-02-03,sz.000056,4.2700,4.2700,4.0100,4.0300,4.3000,958800,3934459.8900,3,1.752387,1,-6.280000,2.663372,394.642550,7.462310,-43.847873,0,-6.279069767441847
2005-02-04,sz.000056,4.0300,4.0900,4.0000,4.0200,4.0300,500980,2028350.9000,3,0.915635,1,-0.250000,2.656763,393.663288,7.443793,-43.739069,0,-0.24813895781639062
2005-02-16,sz.000056,4.1000,4.2200,4.0600,4.1500,4.0200,464079,1922558.3100,3,0.848191,1,3.230000,2.742679,406.393693,7.684513,-45.153517,0,3.2338308457711573
2005-02-17,sz.000056,4.2500,4.2500,4.1400,4.2200,4.1500,523519,2194222.5200,3,0.956829,1,1.690000,2.788941,413.248526,7.814131,-45.915142,0,1.6867469879517927
2005-02-18,sz.000056,4.2500,4.3200,4.2000,4.2500,4.2200,646979,2757614.0200,3,1.182475,1,0.710000,2.808767,416.186312,7.869682,-46.241553,0,0.7109004739336511
2005-02-21,sz.000056,4.1700,4.3400,4.1700,4.3400,4.2500,609123,2610013.3200,3,1.113286,1,2.120000,2.868247,424.999669,8.036334,-47.220786,0,2.117647058823535
2005-02-22,sz.000056,4.3500,4.4900,4.3100,4.4800,4.3400,783664,3465416.7700,3,1.432293,1,3.230000,2.960771,438.709336,8.295571,-48.744037,0,3.2258064516129226
2005-02-23,sz.000056,4.4500,4.6500,4.4300,4.5200,4.4800,1232096,5611831.5200,3,2.251886,1,0.890000,2.987207,442.626384,8.369638,-49.179252,0,0.8928571428571175
2005-02-24,sz.000056,4.4800,4.5800,4.4200,4.5300,4.5200,595394,2671074.0800,3,1.088194,1,0.220000,2.993815,443.605646,8.388155,-49.288055,0,0.22123893805310324
2005-02-25,sz.000056,4.4800,4.6000,4.4400,4.4500,4.5300,611022,2759421.8200,3,1.116757,1,-1.770000,2.940945,435.771550,8.240020,-48.417626,0,-1.7660044150110354
2005-02-28,sz.000056,4.4300,4.6400,4.3500,4.6300,4.4500,1306854,5850206.6100,3,2.388521,1,4.040000,3.059904,453.398265,8.573324,-50.376092,0,4.044943820224711
2005-03-01,sz.000056,4.6300,4.6300,4.4900,4.5400,4.6300,590290,2679247.4000,3,1.078866,1,-1.940000,3.000424,444.584907,8.406672,-49.396859,0,-1.943844492440605
2005-03-02,sz.000056,4.5400,4.6400,4.4400,4.4800,4.5400,618087,2805456.1900,3,1.129670,1,-1.320000,2.960771,438.709336,8.295571,-48.744037,0,-1.3215859030836885
2005-03-03,sz.000056,4.4600,4.5000,4.3000,4.4700,4.4800,626900,2745745.0000,3,1.145777,1,-0.220000,2.954162,437.730074,8.277054,-48.635234,0,-0.22321428571430157
2005-03-04,sz.000056,4.5100,4.7100,4.4500,4.4700,4.4700,740000,3389773.6400,3,1.352489,1,0.000000,2.954162,437.730074,8.277054,-48.635234,0,0.0
2005-03-07,sz.000056,4.4000,4.4700,4.3500,4.4000,4.4700,412793,1814134.5800,3,0.754457,1,-1.570000,2.907900,430.875241,8.147436,-47.873608,0,-1.5659955257270597
2005-03-08,sz.000056,4.3900,4.4700,4.3700,4.4400,4.4000,571747,2521344.9000,3,1.044975,1,0.910000,2.934336,434.792288,8.221503,-48.308823,0,0.9090909090909038
2005-03-09,sz.000056,4.4500,4.4900,4.3900,4.4200,4.4400,421000,1865578.2000,3,0.769456,1,-0.450000,2.921118,432.833764,8.184469,-48.091215,0,-0.45045045045045695
2005-03-10,sz.000056,4.4200,4.4700,4.2200,4.2300,4.4200,513062,2230220.0800,3,0.937717,1,-4.300000,2.795550,414.227788,7.832648,-46.023946,0,-4.298642533936636
2005-03-11,sz.000056,4.2100,4.2600,4.1500,4.2300,4.2300,453288,1909544.7900,3,0.828469,1,0.000000,2.795550,414.227788,7.832648,-46.023946,0,0.0
2005-03-14,sz.000056,4.1900,4.2000,4.0500,4.1100,4.2300,352522,1451771.6900,3,0.644300,1,-2.840000,2.716243,402.476645,7.610445,-44.718302,0,-2.8368794326241176
2005-03-15,sz.000056,4.1200,4.1500,4.0500,4.1400,4.1100,381800,1561705.3600,3,0.697811,1,0.730000,2.736070,405.414431,7.665996,-45.044713,0,0.7299270072992581
2005-03-16,sz.000056,4.1100,4.3900,4.1000,4.2400,4.1400,946670,4034352.0200,3,1.730217,1,2.420000,2.802158,415.207050,7.851165,-46.132749,0,2.4154589371980784
2005-03-17,sz.000056,4.1800,4.2000,4.0500,4.0800,4.2400,459785,1882400.1100,3,0.840343,1,-3.770000,2.696417,399.538860,7.554895,-44.391891,0,-3.7735849056603765
2005-03-18,sz.000056,4.0800,4.0800,3.7300,3.7700,4.0800,649141,2500770.7500,3,1.186427,1,-7.600000,2.491542,369.181740,6.980871,-41.018978,0,-7.598039215686281
2005-03-21,sz.000056,3.8000,3.8600,3.7600,3.7900,3.7700,221800,841627.9400,3,0.405381,1,0.530000,2.504759,371.140264,7.017905,-41.236585,0,0.5305039787798504
2005-03-22,sz.000056,3.8500,3.9800,3.8000,3.8600,3.7900,1208830,4691605.0000,3,2.209363,1,1.850000,2.551022,377.995098,7.147523,-41.998211,0,1.846965699208436
2005-03-23,sz.000056,3.8700,3.8900,3.4800,3.6600,3.8600,1076771,3988719.6300,3,1.968001,1,-5.180000,2.418844,358.409859,6.777185,-39.822137,0,-5.181347150259064
2005-03-24,sz.000056,3.6000,3.7400,3.5600,3.7000,3.6600,644924,2348134.4600,3,1.178719,1,1.090000,2.445280,362.326907,6.851253,-40.257352,0,1.0928961748633892
2005-03-25,sz.000056,3.6800,3.6900,3.5600,3.6000,3.7000,400824,1453703.1200,3,0.732581,1,-2.700000,2.379191,352.534288,6.666084,-39.169316,0,-2.7027027027027084
2005-03-28,sz.000056,3.5500,3.5600,3.3200,3.4500,3.6000,721176,2456431.4000,3,1.318084,1,-4.170000,2.280058,337.845359,6.388330,-37.537261,0,-4.1666666666666625
2005-03-29,sz.000056,3.4200,3.5100,3.4000,3.4200,3.4500,352101,1215113.1700,3,0.643531,1,-0.870000,2.260232,334.907573,6.332779,-37.210850,0,-0.8695652173913104
2005-03-30,sz.000056,3.3500,3.6400,3.3000,3.4600,3.4200,1158138,4034959.6500,3,2.116714,1,1.170000,2.286667,338.824621,6.406847,-37.646064,0,1.1695906432748648
2005-03-31,sz.000056,3.3500,3.7900,3.3200,3.7800,3.4600,1470458,5317699.0100,3,2.687538,1,9.250000,2.498151,370.161002,6.999388,-41.127781,0,9.248554913294793
2005-04-01,sz.000056,3.7500,3.9000,3.6100,3.8900,3.7800,1912957,7229725.4100,3,3.496287,1,2.910000,2.570848,380.932883,7.203074,-42.324622,0,2.9100529100529293
2005-04-04,sz.000056,3.8700,3.9800,3.7200,3.7400,3.8900,1199244,4586936.3700,3,2.191843,1,-3.860000,2.471715,366.243955,6.925320,-40.692567,0,-3.856041131105392
2005-04-05,sz.000056,3.6800,3.9800,3.6800,3.8600,3.7400,1890610,7330698.2200,3,3.455444,1,3.210000,2.551022,377.995098,7.147523,-41.998211,0,3.208556149732611
2005-04-06,sz.000056,3.9200,4.1300,3.9100,3.9600,3.8600,2224950,8891962.7400,3,4.066513,1,2.590000,2.617110,387.787717,7.332692,-43.086247,0,2.590673575129543
2005-04-07,sz.000056,3.9300,4.3600,3.8700,4.2300,3.9600,3366956,14050660.1300,3,6.153743,1,6.820000,2.795550,414.227788,7.832648,-46.023946,0,6.818181818181834
2005-04-08,sz.000056,4.1900,4.3400,4.0900,4.2100,4.2300,2148735,9055267.8800,3,3.927216,1,-0.470000,2.782332,412.269264,7.795614,-45.806338,0,-0.47281323877069736
2005-04-11,sz.000056,4.2500,4.2700,4.0300,4.0400,4.2100,1188435,4893583.5600,3,2.172088,1,-4.040000,2.669981,395.621812,7.480827,-43.956676,0,-4.038004750593826
2005-04-12,sz.000056,4.0200,4.1300,4.0000,4.0100,4.0400,785867,3190903.4500,3,1.436319,1,-0.740000,2.650154,392.684026,7.425276,-43.630265,0,-0.7425742574257432
2005-04-13,sz.000056,4.0000,4.1200,4.0000,4.0500,4.0100,881898,3577689.5600,3,1.611834,1,1.000000,2.676590,396.601074,7.499344,-44.065480,0,0.9975062344139696
2005-04-14,sz.000056,3.9100,3.9300,3.6500,3.6600,4.0500,2362979,8847893.4400,3,4.318787,1,-9.630000,2.418844,358.409859,6.777185,-39.822137,0,-9.62962962962962
2005-04-15,sz.000056,3.5600,3.5800,3.4700,3.5000,3.6600,1342496,4736575.7700,3,2.453663,1,-4.370000,2.313102,342.741669,6.480915,-38.081279,0,-4.371584699453557
2005-04-18,sz.000056,3.4900,3.5400,3.4000,3.5200,3.5000,638767,2206788.1500,3,1.167466,1,0.570000,2.326320,344.700193,6.517948,-38.298886,0,0.5714285714285783
2005-04-19,sz.000056,3.5000,3.5400,3.4000,3.4400,3.5200,468772,1621242.7100,3,0.856769,1,-2.270000,2.273449,336.866097,6.369813,-37.428457,0,-2.2727272727272707
2005-04-20,sz.000056,3.4200,3.4400,3.2000,3.2000,3.4400,794425,2623949.7700,3,1.451961,1,-6.980000,2.114837,313.363811,5.925408,-34.817169,0,-6.976744186046502
2005-04-21,sz.000056,3.1000,3.2100,2.9500,2.9500,3.2000,958966,2956751.5400,3,1.752690,1,-7.810000,1.949615,288.882264,5.462485,-32.097078,0,-7.8125
2005-04-22,sz.000056,2.9600,3.0700,2.9300,2.9600,2.9500,815618,2454654.7000,3,1.490695,1,0.340000,1.956224,289.861526,5.481002,-32.205882,0,0.3389830508474523
2005-04-25,sz.000056,2.9100,3.0300,2.8900,3.0000,2.9600,693638,2035490.2300,3,1.267753,1,1.350000,3.734853,-8.993538,7.646174,-26.751538,0,1.3513513513513598
2005-04-26,sz.000056,3.0000,3.1200,2.9400,3.1000,3.0000,700921,2139460.1900,3,1.281064,1,3.330000,3.859348,-9.293323,7.901046,-27.643256,0,3.3333333333333437
2005-04-27,sz.000056,3.1300,3.1500,2.9900,3.0000,3.1000,462100,1400957.4900,3,0.844574,1,-3.230000,3.734853,-8.993538,7.646174,-26.751538,0,-3.2258064516129115
2005-04-28,sz.000056,2.9500,3.1500,2.9000,3.1400,3.0000,745556,2292091.1800,3,1.362643,1,4.670000,3.909146,-9.413237,8.002995,-27.999943,0,4.666666666666663
2005-04-29,sz.000056,3.0200,3.1300,3.0200,3.0400,3.1400,551546,1697231.2800,3,1.008054,1,-3.180000,3.784651,-9.113452,7.748123,-27.108226,0,-3.1847133757961776
2005-05-09,sz.000056,2.9700,3.3400,2.9700,3.2000,3.0400,1075373,3419243.8800,3,1.965446,1,5.260000,3.615379,-9.656495,3.885640,25.773560,0,5.263157894736836
2005-05-10,sz.000056,3.1300,3.5100,3.0200,3.5100,3.2000,2643205,8898711.4400,3,4.830952,1,9.690000,3.965619,-10.591968,4.262061,28.270374,0,9.687499999999982
2005-05-11,sz.000056,3.4000,3.7800,3.3200,3.4500,3.5100,2492252,8769605.1200,3,4.555058,1,-1.710000,3.897830,-10.410909,4.189205,27.787119,0,-1.7094017094017033
2005-05-12,sz.000056,3.4500,3.5700,3.3200,3.4900,3.4500,1344051,4603478.1700,3,2.456505,1,1.160000,3.943023,-10.531615,4.237776,28.109289,0,1.1594202898550732
2005-05-13,sz.000056,3.4500,3.5600,3.3100,3.4000,3.4900,1133305,3895046.6000,3,2.071327,1,-2.580000,3.841340,-10.260026,4.128492,27.384407,0,-2.5787965616045905
2005-05-16,sz.000056,3.3600,3.5200,3.2800,3.5000,3.4000,1123312,3861614.5800,3,2.053063,1,2.940000,3.954321,-10.561792,4.249919,28.189831,0,2.941176470588247
2005-05-17,sz.000056,3.4100,3.6400,3.4000,3.5800,3.5000,1669666,5920442.4400,3,3.051627,1,2.290000,4.044705,-10.803204,4.347060,28.834170,0,2.285714285714291
2005-05-18,sz.000056,3.5800,3.5800,3.3900,3.5500,3.5800,1215619,4251003.9800,3,2.221772,1,-0.840000,4.010811,-10.712674,4.310632,28.592543,0,-0.8379888268156499
2005-05-19,sz.000056,3.5500,3.5700,3.4200,3.4800,3.5500,736250,2553894.5000,3,1.345635,1,-1.970000,3.931725,-10.501439,4.225633,28.028746,0,-1.9718309859154903
2005-05-20,sz.000056,3.4200,3.4900,3.3300,3.4500,3.4800,942097,3226739.8300,3,1.721859,1,-0.860000,3.897830,-10.410909,4.189205,27.787119,0,-0.8620689655172376
2005-05-23,sz.000056,3.4500,3.4900,3.2900,3.4700,3.4500,925497,3133484.3400,3,1.691519,1,0.580000,3.920426,-10.471262,4.213491,27.948204,0,0.5797101449275477
2005-05-24,sz.000056,3.5000,3.7000,3.5000,3.6300,3.4700,2545526,9218878.2700,3,4.652426,1,4.610000,4.101195,-10.954087,4.407773,29.236882,0,4.610951008645525
2005-05-25,sz.000056,3.6300,3.6900,3.5300,3.6000,3.6300,1234115,4474793.7600,3,2.255576,1,-0.830000,4.067301,-10.863557,4.371345,28.995255,0,-0.8264462809917328
2005-05-26,sz.000056,3.6200,3.6400,3.5300,3.5500,3.6000,690310,2466130.8100,3,1.261671,1,-1.390000,4.010811,-10.712674,4.310632,28.592543,0,-1.388888888888895
2005-05-27,sz.000056,3.5600,3.6400,3.3900,3.4200,3.5500,629620,2219161.7100,3,1.150749,1,-3.660000,3.863936,-10.320379,4.152778,27.545492,0,-3.6619718309859106
2005-05-30,sz.000056,3.4200,3.5000,3.3400,3.4600,3.4200,613700,2091337.0000,3,1.121652,1,1.170000,3.909128,-10.441086,4.201348,27.867662,0,1.1695906432748648
2005-05-31,sz.000056,3.4600,3.4600,3.4600,3.4600,3.4600,0,0.0000,3,,0,0.000000,3.909128,-10.441086,4.201348,27.867662,0,0.0
2005-06-01,sz.000056,3.4300,3.4500,3.2600,3.2800,3.4600,761789,2540485.2600,3,1.392312,1,-5.200000,3.705763,-9.897908,3.982781,26.417899,0,-5.202312138728327
2005-06-02,sz.000056,3.2700,3.3500,3.2400,3.2700,3.2800,478609,1572319.1800,3,0.874748,1,-0.300000,3.694465,-9.867731,3.970638,26.337357,0,-0.304878048780477
2005-06-03,sz.000056,3.2700,3.3400,3.2100,3.2400,3.2700,383100,1256684.0000,3,0.700187,1,-0.920000,3.660571,-9.777201,3.934210,26.095729,0,-0.917431192660545
2005-06-06,sz.000056,3.2800,3.4600,3.1500,3.4600,3.2400,1141642,3828168.8200,3,2.086565,1,6.790000,3.909128,-10.441086,4.201348,27.867662,0,6.790123456790109
2005-06-07,sz.000056,3.4600,3.6200,3.3800,3.4500,3.4600,1265240,4433537.0000,3,2.312463,1,-0.290000,3.897830,-10.410909,4.189205,27.787119,0,-0.28901734104045396
2005-06-08,sz.000056,3.3800,3.7600,3.3800,3.7300,3.4500,2067837,7491107.5500,3,3.779360,1,8.120000,4.214176,-11.255852,4.529199,30.042306,0,8.115942028985511
2005-06-09,sz.000056,3.6800,4.1000,3.6400,4.1000,3.7300,2951498,11635117.9100,3,5.394416,1,9.920000,4.632204,-12.372385,4.978476,33.022374,0,9.919571045576392
2005-06-10,sz.000056,4.2400,4.2500,3.9700,4.0900,4.1000,6143436,25151945.8000,3,11.228280,1,-0.240000,4.620906,-12.342208,4.966333,32.941831,0,-0.24390243902439046
2005-06-13,sz.000056,4.0000,4.5000,3.9500,4.1900,4.0900,6959064,28987117.8000,3,12.718994,1,2.440000,4.733887,-12.643974,5.087760,33.747255,0,2.444987775061147
2005-06-14,sz.000056,3.9500,4.0500,3.7700,3.7700,4.1900,4569298,17751994.4600,3,8.351248,1,-10.020000,4.259368,-11.376559,4.577769,30.364475,0,-10.023866348448696
2005-06-15,sz.000056,3.6200,3.6900,3.5100,3.6000,3.7700,1900835,6818185.9300,3,3.474132,1,-4.510000,4.067301,-10.863557,4.371345,28.995255,0,-4.50928381962864
2005-06-16,sz.000056,3.6000,3.7700,3.5700,3.7000,3.6000,1412482,5188363.3700,3,2.581576,1,2.780000,4.180282,-11.165323,4.492771,29.800679,0,2.77777777777779
2005-06-17,sz.000056,3.7000,3.7400,3.4100,3.5300,3.7000,1484165,5237175.0500,3,2.712590,1,-4.590000,3.988215,-10.652321,4.286346,28.431458,0,-4.594594594594604
2005-06-20,sz.000056,3.5200,3.6700,3.3500,3.6300,3.5300,1384876,4907824.2100,3,2.531120,1,2.830000,4.101195,-10.954087,4.407773,29.236882,0,2.8328611898017053
2005-06-21,sz.000056,3.6000,3.6200,3.5000,3.5400,3.6300,695331,2468576.3600,3,1.270848,1,-2.480000,3.999513,-10.682498,4.298489,28.512001,0,-2.4793388429751984
2005-06-22,sz.000056,3.5500,3.6000,3.4700,3.5800,3.5400,630984,2220695.6100,3,1.153241,1,1.130000,4.044705,-10.803204,4.347060,28.834170,0,1.1299435028248705
2005-06-23,sz.000056,3.5700,3.7200,3.5600,3.6000,3.5800,1597296,5854442.8900,3,2.919358,1,0.560000,4.067301,-10.863557,4.371345,28.995255,0,0.5586592178770999
2005-06-24,sz.000056,3.6000,3.7500,3.6000,3.7200,3.6000,1653819,6121724.9000,3,3.022664,1,3.330000,4.202878,-11.225676,4.517056,29.961763,0,3.3333333333333437
2005-06-27,sz.000056,3.7800,3.8500,3.7000,3.8200,3.7200,1710097,6487021.6800,3,3.125523,1,2.690000,4.315859,-11.527441,4.638483,30.767187,0,2.6881720430107503
2005-06-28,sz.000056,3.8000,3.8000,3.6300,3.6400,3.8200,795591,2919064.6800,3,1.454092,1,-4.710000,4.112493,-10.984263,4.419915,29.317424,0,-4.712041884816742
2005-06-29,sz.000056,3.6200,3.6900,3.5600,3.5600,3.6400,409200,1488757.0000,3,0.747890,1,-2.200000,4.022109,-10.742851,4.322774,28.673085,0,-2.197802197802201
2005-06-30,sz.000056,3.5600,3.6000,3.3900,3.4100,3.5600,1018334,3510139.6000,3,1.861196,1,-4.210000,3.852638,-10.290203,4.140635,27.464950,0,-4.213483146067409
2005-07-01,sz.000056,3.4300,3.4500,3.1600,3.1900,3.4100,1071035,3470936.3500,3,1.957517,1,-6.450000,3.604081,-9.626319,3.873497,25.693018,0,-6.451612903225811
2005-07-04,sz.000056,3.1600,3.3100,2.9400,3.2900,3.1900,648277,2017644.0500,3,1.184848,1,3.130000,3.717061,-9.928084,3.994923,26.498441,0,3.1347962382445083
2005-07-05,sz.000056,3.2000,3.2800,3.1800,3.2100,3.2900,349573,1130617.2900,3,0.638910,1,-2.430000,3.626677,-9.686672,3.897782,25.854102,0,-2.4316109422492405
2005-07-06,sz.000056,3.2100,3.2900,3.1700,3.2000,3.2100,209569,675805.9300,3,0.383027,1,-0.310000,3.615379,-9.656495,3.885640,25.773560,0,-0.31152647975076775
2005-07-07,sz.000056,3.2000,3.3300,3.1800,3.2800,3.2000,418572,1375673.1000,3,0.765019,1,2.500000,3.705763,-9.897908,3.982781,26.417899,0,2.499999999999991
2005-07-08,sz.000056,3.2900,3.2900,3.1000,3.1600,3.2800,298173,947849.9200,3,0.544967,1,-3.660000,3.570187,-9.535789,3.837069,25.451390,0,-3.658536585365846
2005-07-11,sz.000056,3.0500,3.2000,2.8400,2.8400,3.1600,1178607,3551550.8500,3,2.154125,1,-10.130000,3.208649,-8.570140,3.448505,22.874034,0,-10.126582278481022
2005-07-12,sz.000056,2.7000,2.9100,2.6100,2.8600,2.8400,1270852,3504145.4300,3,2.322720,1,0.700000,3.231245,-8.630493,3.472791,23.035119,0,0.7042253521126751
2005-07-13,sz.000056,2.7600,2.9600,2.7300,2.8700,2.8600,963605,2712286.4300,3,1.761169,1,0.350000,3.242543,-8.660669,3.484933,23.115662,0,0.34965034965035446
2005-07-14,sz.000056,2.8300,2.8800,2.7700,2.7800,2.8700,520736,1472813.5200,3,0.951743,1,-3.140000,3.140860,-8.389080,3.375650,22.390780,0,-3.135888501742168
2005-07-15,sz.000056,2.8000,2.8800,2.6800,2.6900,2.7800,465740,1285615.3000,3,0.851227,1,-3.240000,3.039178,-8.117491,3.266366,21.665899,0,-3.237410071942437
2005-07-18,sz.000056,2.6500,2.7000,2.4300,2.4600,2.6900,805050,2050510.5000,3,1.471380,1,-8.550000,2.779323,-7.423431,2.987086,19.813424,0,-8.550185873605942
2005-07-19,sz.000056,2.4600,2.6000,2.4600,2.5900,2.4600,902050,2301479.5300,3,1.648665,1,5.280000,2.926197,-7.815726,3.144940,20.860475,0,5.284552845528445
2005-07-20,sz.000056,2.5700,2.7000,2.5300,2.6100,2.5900,738160,1935408.5800,3,1.349126,1,0.770000,2.948793,-7.876079,3.169225,21.021560,0,0.7722007722007707
2005-07-21,sz.000056,2.6100,2.6900,2.5700,2.6700,2.6100,739536,1954633.5100,3,1.351641,1,2.300000,3.016582,-8.057138,3.242081,21.504814,0,2.298850574712641
2005-07-22,sz.000056,2.6700,2.7900,2.6600,2.7100,2.6700,824799,2250665.3200,3,1.507475,1,1.500000,3.061774,-8.177844,3.290651,21.826984,0,1.4981273408239737
2005-07-25,sz.000056,2.6500,2.7300,2.6500,2.7000,2.7100,375842,1013286.7500,3,0.686922,1,-0.370000,3.050476,-8.147668,3.278509,21.746441,0,-0.36900369003689537
2005-07-26,sz.000056,2.6900,2.8400,2.6700,2.7800,2.7000,928228,2573596.3200,3,1.696511,1,2.960000,3.140860,-8.389080,3.375650,22.390780,0,2.962962962962945
2005-07-27,sz.000056,2.8100,2.8300,2.7500,2.8300,2.7800,823978,2306167.3800,3,1.505974,1,1.800000,3.197351,-8.539963,3.436363,22.793492,0,1.7985611510791477
2005-07-28,sz.000056,2.8300,2.9200,2.7900,2.8100,2.8300,1206149,3430976.2300,3,2.204463,1,-0.710000,3.174755,-8.479610,3.412078,22.632407,0,-0.7067137809187329
2005-07-29,sz.000056,2.8000,2.8000,2.7100,2.7700,2.8100,842010,2318082.3400,3,1.538931,1,-1.420000,3.292857,-7.806817,3.351793,-30.768977,0,-1.4234875444839923
2005-08-01,sz.000056,2.7500,2.8300,2.7300,2.8200,2.7700,577271,1604071.1100,3,1.055071,1,1.805053,3.352295,-7.947734,3.412295,-31.324374,0,1.8050541516245522
2005-08-02,sz.000056,2.8400,2.9400,2.7800,2.9200,2.8200,1615150,4675346.7600,3,2.951989,1,3.546105,3.471170,-8.229569,3.533298,-32.435167,0,3.546099290780136
2005-08-03,sz.000056,2.9300,3.1300,2.9300,3.0200,2.9200,2140267,6509329.5400,3,3.911739,1,3.424654,3.590046,-8.511404,3.654301,-33.545961,0,3.424657534246589
2005-08-04,sz.000056,3.0200,3.0200,2.9000,2.9400,3.0200,900799,2658545.7700,3,1.646379,1,-2.649004,3.494946,-8.285936,3.557499,-32.657326,0,-2.6490066225165587
2005-08-05,sz.000056,2.9000,3.1000,2.9000,3.0400,2.9400,1235720,3751884.2300,3,2.258510,1,3.401357,3.613821,-8.567770,3.678502,-33.768119,0,3.401360544217691
2005-08-08,sz.000056,3.0800,3.2500,3.0200,3.1900,3.0400,2220389,6997541.4300,3,4.058177,1,4.934214,3.792135,-8.990522,3.860007,-35.434309,0,4.9342105263157965
2005-08-09,sz.000056,3.2000,3.3300,3.1100,3.3200,3.1900,1889348,6152500.2200,3,3.453138,1,4.075231,3.946673,-9.356907,4.017311,-36.878341,0,4.075235109717856
2005-08-10,sz.000056,3.4800,3.6100,3.3700,3.4600,3.3200,3925646,13674042.1100,3,7.174854,1,4.216871,4.113099,-9.751476,4.186716,-38.433451,0,4.216867469879526
2005-08-11,sz.000056,3.4900,3.6400,3.4900,3.5800,3.4600,2456743,8733507.2400,3,4.490158,1,3.468205,4.255750,-10.089677,4.331920,-39.766404,0,3.4682080924855585
2005-08-12,sz.000056,3.6300,3.9400,3.5600,3.9400,3.5800,5411340,21089486.3200,3,9.890238,1,10.055870,4.683702,-11.104281,4.767532,-43.765260,0,10.05586592178771
2005-08-15,sz.000056,4.0400,4.2900,3.9000,3.9900,3.9400,6788982,27473209.3300,3,12.408137,1,1.269034,4.743140,-11.245199,4.828034,-44.320656,0,1.2690355329949332
2005-08-16,sz.000056,3.9300,4.2400,3.9000,4.0800,3.9900,4834437,19642983.2900,3,8.835840,1,2.255637,4.850128,-11.498850,4.936937,-45.320370,0,2.2556390977443552
2005-08-17,sz.000056,4.0500,4.4100,3.9200,4.3300,4.0800,5525555,23592795.4700,3,10.098987,1,6.127451,5.147318,-12.203436,5.239445,-48.097354,0,6.127450980392157
2005-08-18,sz.000056,4.3300,4.7300,3.9000,3.9300,4.3300,6419585,28916682.1700,3,11.732995,1,-9.237872,4.671815,-11.076098,4.755432,-43.654180,0,-9.237875288683606
2005-08-19,sz.000056,3.9000,4.1200,3.5500,3.7500,3.9300,4389147,16693570.1600,3,8.021989,1,-4.580154,4.457839,-10.568796,4.537626,-41.654752,0,-4.580152671755733
2005-08-22,sz.000056,3.6900,3.7600,3.5300,3.6900,3.7500,2467984,8973026.0600,3,4.510703,1,-1.599998,4.386513,-10.399695,4.465024,-40.988276,0,-1.6000000000000014
2005-08-23,sz.000056,3.6600,3.7600,3.5700,3.7300,3.6900,2402020,8770360.6000,3,4.390142,1,1.084010,4.434064,-10.512429,4.513425,-41.432594,0,1.084010840108407
2005-08-24,sz.000056,3.6800,3.9800,3.6500,3.8900,3.7300,3139764,12072244.5300,3,5.738507,1,4.289546,4.624265,-10.963364,4.707031,-43.209863,0,4.289544235924936
2005-08-25,sz.000056,3.8500,4.0900,3.8000,3.9500,3.8900,3064149,12069414.5800,3,5.600306,1,1.542415,4.695590,-11.132465,4.779633,-43.876339,0,1.5424164524421524
2005-08-26,sz.000056,3.9500,4.0800,3.8300,3.8600,3.9500,2483431,9762793.9200,3,4.538936,1,-2.278485,4.588602,-10.878814,4.670730,-42.876625,0,-2.27848101265824
2005-08-29,sz.000056,3.8600,3.9900,3.7600,3.8600,3.8600,1528441,5917023.5500,3,2.793512,1,0.000000,4.588602,-10.878814,4.670730,-42.876625,0,0.0
2005-08-30,sz.000056,3.8800,3.9800,3.7100,3.7700,3.8600,1327600,5091724.5800,3,2.426438,1,-2.331604,4.481614,-10.625163,4.561827,-41.876911,0,-2.3316062176165775
2005-08-31,sz.000056,3.7600,3.9200,3.7000,3.9000,3.7700,1874652,7167711.0200,3,3.426278,1,3.448279,4.636152,-10.991548,4.719131,-43.320942,0,3.4482758620689724
2005-09-01,sz.000056,3.8800,4.0000,3.8400,3.9800,3.9000,2260961,8926227.9200,3,4.132330,1,2.051280,4.731253,-11.217015,4.815934,-44.209577,0,2.051282051282044
2005-09-02,sz.000056,4.0200,4.0500,3.9500,3.9900,3.9800,1835043,7345887.2600,3,3.353885,1,0.251256,4.743140,-11.245199,4.828034,-44.320656,0,0.2512562814070307
2005-09-05,sz.000056,4.0000,4.1600,3.9700,4.1600,3.9900,2078575,8487095.1300,3,3.798985,1,4.260648,4.945229,-11.724317,5.033740,-46.209005,0,4.260651629072676
2005-09-06,sz.000056,4.1600,4.3000,3.9300,3.9600,4.1600,2666215,11025144.4000,3,4.873008,1,-4.807688,4.707478,-11.160648,4.791733,-43.987418,0,-4.807692307692313
2005-09-07,sz.000056,3.8800,4.0800,3.8100,4.0700,3.9600,1894529,7609104.0500,3,3.462607,1,2.777781,4.838241,-11.470666,4.924837,-45.209291,0,2.77777777777779
2005-09-08,sz.000056,4.1000,4.2400,4.0600,4.1200,4.0700,2140938,8870136.3200,3,3.912965,1,1.228494,4.897679,-11.611584,4.985338,-45.764688,0,1.228501228501222
2005-09-09,sz.000056,4.1200,4.1600,4.0100,4.0200,4.1200,963103,3922035.0300,3,1.760251,1,-2.427182,4.778803,-11.329749,4.864335,-44.653894,0,-2.4271844660194275
2005-09-12,sz.000056,4.0200,4.0700,3.9200,3.9500,4.0200,902955,3598368.3100,3,1.650319,1,-1.741292,4.695590,-11.132465,4.779633,-43.876339,0,-1.741293532338295
2005-09-13,sz.000056,3.9500,4.1300,3.9500,4.1200,3.9500,1226807,4980216.3500,3,2.242220,1,4.303793,4.897679,-11.611584,4.985338,-45.764688,0,4.303797468354431
2005-09-14,sz.000056,4.3800,4.5300,4.3200,4.5300,4.1200,6197387,27762589.8600,3,11.326886,1,9.951464,5.385069,-12.767105,5.481452,-50.318941,0,9.951456310679617
2005-09-15,sz.000056,4.5900,4.6400,4.4000,4.5400,4.5300,6773916,30672381.4800,3,12.380601,1,0.220745,5.396957,-12.795289,5.493552,-50.430020,0,0.22075055187638082
2005-09-16,sz.000056,4.5000,4.5000,4.3400,4.4100,4.5400,2519527,11106438.9400,3,4.604908,1,-2.863439,5.242418,-12.428904,5.336248,-48.985989,0,-2.8634361233480177
2005-09-19,sz.000056,4.4100,4.5000,4.3800,4.4800,4.4100,2084703,9279761.3100,3,3.810185,1,1.587306,5.325631,-12.626188,5.420950,-49.763544,0,1.5873015873016039
2005-09-20,sz.000056,4.4800,4.4800,4.2700,4.3500,4.4800,2260831,9832533.9100,3,4.132092,1,-2.901788,5.171093,-12.259803,5.263646,-48.319513,0,-2.9017857142857317
2005-09-21,sz.000056,4.3200,4.4700,4.1300,4.1700,4.3500,1955466,8263279.0700,3,3.573981,1,-4.137927,4.957117,-11.752501,5.045840,-46.320085,0,-4.137931034482756
2005-09-22,sz.000056,4.1700,4.1700,3.7800,3.9500,4.1700,1927287,7744196.5100,3,3.522478,1,-5.275780,4.695590,-11.132465,4.779633,-43.876339,0,-5.27577937649879
2005-09-23,sz.000056,3.9200,4.0400,3.9000,3.9600,3.9500,899628,3579574.6200,3,1.644239,1,0.253164,4.707478,-11.160648,4.791733,-43.987418,0,0.25316455696202667
2005-09-26,sz.000056,3.9500,3.9800,3.8800,3.9700,3.9600,624374,2452806.0000,3,1.141160,1,0.252525,4.719365,-11.188832,4.803833,-44.098498,0,0.2525252525252597
2005-09-27,sz.000056,3.9000,3.9200,3.6200,3.6800,3.9700,1963418,7343559.8600,3,3.588514,1,-7.304785,4.374626,-10.371512,4.452924,-40.877197,0,-7.304785894206544
2005-09-28,sz.000056,3.6800,3.8100,3.6800,3.7900,3.6800,1346480,5077559.5800,3,2.460945,1,2.989127,4.505389,-10.681530,4.586027,-42.099070,0,2.989130434782594
2005-09-29,sz.000056,3.9800,4.1700,3.9500,4.1700,3.7900,4839013,19837489.7600,3,8.844203,1,10.026390,4.957117,-11.752501,5.045840,-46.320085,0,10.026385224274414
2005-09-30,sz.000056,4.1300,4.1300,3.9300,3.9800,4.1700,2857497,11460107.6700,3,5.222611,1,-4.556356,4.731253,-11.217015,4.815934,-44.209577,0,-4.55635491606714
2005-10-10,sz.000056,3.9600,3.9600,3.7600,3.7900,3.9800,1122327,4298166.7200,3,2.051263,1,-4.773871,4.505389,-10.681530,4.586027,-42.099070,0,-4.773869346733672
2005-10-11,sz.000056,3.7500,4.0400,3.7100,4.0000,3.7900,1481276,5777647.1600,3,2.707309,1,5.540898,4.755028,-11.273382,4.840134,-44.431736,0,5.54089709762533
2005-10-12,sz.000056,3.9800,4.1000,3.9300,4.0300,4.0000,2061561,8331043.5100,3,3.767889,1,0.750005,4.790691,-11.357933,4.876435,-44.764974,0,0.7500000000000062
2005-10-13,sz.000056,4.0100,4.0500,3.9300,3.9400,4.0300,971075,3863694.7500,3,1.774822,1,-2.233254,4.683702,-11.104281,4.767532,-43.765260,0,-2.2332506203474045
2005-10-14,sz.000056,3.9400,4.0000,3.8700,3.9800,3.9400,905608,3576021.9900,3,1.655168,1,1.015227,4.731253,-11.217015,4.815934,-44.209577,0,1.0152284263959421
2005-10-17,sz.000056,3.9600,4.0900,3.9100,4.0700,3.9800,1253388,5064407.3200,3,2.290801,1,2.261310,4.838241,-11.470666,4.924837,-45.209291,0,2.261306532663321
2005-10-18,sz.000056,4.0700,4.2200,3.9700,4.1700,4.0700,1841530,7536116.5400,3,3.365741,1,2.457000,4.957117,-11.752501,5.045840,-46.320085,0,2.457002457002444
2005-10-19,sz.000056,4.1500,4.2800,4.0400,4.0900,4.1700,2040110,8532139.1800,3,3.728683,1,-1.918463,4.862016,-11.527033,4.949037,-45.431450,0,-1.918465227817745
2005-10-20,sz.000056,4.0800,4.1000,3.9000,4.0100,4.0900,1249718,4975546.5400,3,2.284094,1,-1.955988,4.766915,-11.301566,4.852235,-44.542815,0,-1.9559902200488977
2005-10-21,sz.000056,3.9800,4.1600,3.9700,4.1400,4.0100,1727186,7065373.3800,3,3.156756,1,3.241886,4.921454,-11.667951,5.009539,-45.986847,0,3.2418952618453734
2005-10-24,sz.000056,4.1400,4.1800,4.0800,4.1700,4.1400,1043564,4329306.1600,3,1.907309,1,0.724643,4.957117,-11.752501,5.045840,-46.320085,0,0.7246376811594235
2005-10-25,sz.000056,4.1100,4.1400,3.9900,4.0200,4.1700,1148572,4652966.7400,3,2.099231,1,-3.597125,4.419193,-12.247232,5.591888,-140.112249,0,-3.5971223021582843
2005-10-26,sz.000056,3.9900,4.4200,3.8700,4.1800,4.0200,4529551,18945037.9300,3,8.278603,1,3.980096,4.595081,-12.734684,5.814450,-145.688855,0,3.9800995024875663
2005-10-27,sz.000056,4.0800,4.1500,3.9000,4.0700,4.1800,2542976,10246157.6300,3,4.647765,1,-2.631571,4.474158,-12.399560,5.661438,-141.854938,0,-2.631578947368407
2005-10-28,sz.000056,4.0900,4.2300,3.9200,4.2200,4.0700,4434920,18303707.6800,3,8.105647,1,3.685494,4.639053,-12.856547,5.870091,-147.083007,0,3.685503685503666
2005-10-31,sz.000056,4.1600,4.3900,4.0000,4.3000,4.2200,4409227,18854921.6200,3,8.058689,1,1.895744,4.726998,-13.100273,5.981372,-149.871311,0,1.8957345971563955
2005-11-01,sz.000056,4.2900,4.7000,4.2300,4.5000,4.3000,7863743,35465855.6600,3,14.372464,1,4.651158,4.946858,-13.709588,6.259576,-156.842069,0,4.651162790697683
2005-11-02,sz.000056,4.5000,4.8700,4.3900,4.7200,4.5000,6827740,31580154.9600,3,12.478974,1,4.888885,5.188704,-14.379834,6.565599,-164.509904,0,4.888888888888876
2005-11-03,sz.000056,4.6800,4.7100,4.4500,4.5500,4.7200,4654893,21291904.4800,3,8.507689,1,-3.601687,5.001823,-13.861916,6.329127,-158.584759,0,-3.601694915254239
2005-11-04,sz.000056,4.5000,4.5000,4.2700,4.4100,4.5500,3087664,13480076.5000,3,5.643285,1,-3.076931,4.847921,-13.435396,6.134384,-153.705228,0,-3.076923076923066
2005-11-07,sz.000056,4.4100,4.4100,4.4100,4.4100,4.4100,0,0.0000,3,,0,0.000000,4.847921,-13.435396,6.134384,-153.705228,0,0.0
2005-11-08,sz.000056,4.4100,4.4100,4.4100,4.4100,4.4100,0,0.0000,3,,0,0.000000,4.847921,-13.435396,6.134384,-153.705228,0,0.0
2005-11-09,sz.000056,4.4100,4.4100,4.4100,4.4100,4.4100,0,0.0000,3,,0,0.000000,4.847921,-13.435396,6.134384,-153.705228,0,0.0
2005-11-10,sz.000056,4.4100,4.4100,4.4100,4.4100,4.4100,0,0.0000,3,,0,0.000000,4.847921,-13.435396,6.134384,-153.705228,0,0.0
2005-11-11,sz.000056,4.4100,4.4100,4.4100,4.4100,4.4100,0,0.0000,3,,0,0.000000,4.847921,-13.435396,6.134384,-153.705228,0,0.0
2005-11-14,sz.000056,4.4100,4.4100,4.4100,4.4100,4.4100,0,0.0000,3,,0,0.000000,4.847921,-13.435396,6.134384,-153.705228,0,0.0
2005-11-15,sz.000056,4.4100,4.4100,4.4100,4.4100,4.4100,0,0.0000,3,,0,0.000000,4.847921,-13.435396,6.134384,-153.705228,0,0.0
2005-11-16,sz.000056,4.4100,4.4100,4.4100,4.4100,4.4100,0,0.0000,3,,0,0.000000,4.847921,-13.435396,6.134384,-153.705228,0,0.0
2005-11-17,sz.000056,4.2000,4.2800,4.0300,4.0500,4.4100,3929918,16172896.3100,3,7.182662,1,-8.163258,4.452172,-12.338629,5.633618,-141.157862,0,-8.163265306122458
2005-11-18,sz.000056,4.0000,4.1600,3.9200,4.1100,4.0500,2821129,11545838.4900,3,5.156142,1,1.481480,4.518130,-12.521423,5.717079,-143.249090,0,1.4814814814814836
2005-11-21,sz.000056,4.1100,4.1400,4.0000,4.0500,4.1100,2408312,9799680.8800,3,4.401641,1,-1.459853,4.452172,-12.338629,5.633618,-141.157862,0,-1.4598540145985495
2005-11-22,sz.000056,4.0300,4.0900,3.9200,3.9200,4.0500,1964717,7891588.8500,3,3.590888,1,-3.209879,4.309263,-11.942574,5.452786,-136.626869,0,-3.2098765432098775
2005-11-23,sz.000056,3.9200,4.0100,3.8900,3.9100,3.9200,2721645,10717595.0300,3,4.974316,1,-0.255102,4.298270,-11.912108,5.438876,-136.278331,0,-0.25510204081632404
2005-11-24,sz.000056,3.9100,3.9100,3.9100,3.9100,3.9100,0,0.0000,3,,0,0.000000,4.298270,-11.912108,5.438876,-136.278331,0,0.0
2005-11-25,sz.000056,3.9100,3.9100,3.9100,3.9100,3.9100,0,0.0000,3,,0,0.000000,4.298270,-11.912108,5.438876,-136.278331,0,0.0
2005-11-28,sz.000056,3.9100,3.9100,3.9100,3.9100,3.9100,0,0.0000,3,,0,0.000000,4.298270,-11.912108,5.438876,-136.278331,0,0.0
2005-11-29,sz.000056,3.9100,3.9100,3.9100,3.9100,3.9100,0,0.0000,3,,0,0.000000,4.298270,-11.912108,5.438876,-136.278331,0,0.0
2005-11-30,sz.000056,3.9100,3.9100,3.9100,3.9100,3.9100,0,0.0000,3,,0,0.000000,4.298270,-11.912108,5.438876,-136.278331,0,0.0
2005-12-01,sz.000056,3.9100,3.9100,3.9100,3.9100,3.9100,0,0.0000,3,,0,0.000000,4.298270,-11.912108,5.438876,-136.278331,0,0.0
2005-12-02,sz.000056,3.9100,3.9100,3.9100,3.9100,3.9100,0,0.0000,3,,0,0.000000,4.298270,-11.912108,5.438876,-136.278331,0,0.0
2005-12-05,sz.000056,3.9100,3.9100,3.9100,3.9100,3.9100,0,0.0000,3,,0,0.000000,4.298270,-11.912108,5.438876,-136.278331,0,0.0
2005-12-06,sz.000056,3.9100,3.9100,3.9100,3.9100,3.9100,0,0.0000,3,,0,0.000000,4.298270,-11.912108,5.438876,-136.278331,0,0.0
2005-12-07,sz.000056,3.9100,3.9100,3.9100,3.9100,3.9100,0,0.0000,3,,0,0.000000,4.298270,-11.912108,5.438876,-136.278331,0,0.0
2005-12-08,sz.000056,3.9100,3.9100,3.9100,3.9100,3.9100,0,0.0000,3,,0,0.000000,4.298270,-11.912108,5.438876,-136.278331,0,0.0
2005-12-09,sz.000056,3.9100,3.9100,3.9100,3.9100,3.9100,0,0.0000,3,,0,0.000000,4.298270,-11.912108,5.438876,-136.278331,0,0.0
2005-12-12,sz.000056,3.9100,3.9100,3.9100,3.9100,3.9100,0,0.0000,3,,0,0.000000,4.298270,-11.912108,5.438876,-136.278331,0,0.0
2005-12-13,sz.000056,3.9100,3.9100,3.9100,3.9100,3.9100,0,0.0000,3,,0,0.000000,4.298270,-11.912108,5.438876,-136.278331,0,0.0
2005-12-14,sz.000056,3.9100,3.9100,3.9100,3.9100,3.9100,0,0.0000,3,,0,0.000000,4.298270,-11.912108,5.438876,-136.278331,0,0.0
2005-12-15,sz.000056,3.9100,3.9100,3.9100,3.9100,3.9100,0,0.0000,3,,0,0.000000,4.298270,-11.912108,5.438876,-136.278331,0,0.0
2005-12-16,sz.000056,3.9100,3.9100,3.9100,3.9100,3.9100,0,0.0000,3,,0,0.000000,4.298270,-11.912108,5.438876,-136.278331,0,0.0
2005-12-19,sz.000056,3.9100,3.9100,3.9100,3.9100,3.9100,0,0.0000,3,,0,0.000000,4.298270,-11.912108,5.438876,-136.278331,0,0.0
2005-12-20,sz.000056,3.9100,3.9100,3.9100,3.9100,3.9100,0,0.0000,3,,0,0.000000,4.298270,-11.912108,5.438876,-136.278331,0,0.0
2005-12-21,sz.000056,3.9100,3.9100,3.9100,3.9100,3.9100,0,0.0000,3,,0,0.000000,4.298270,-11.912108,5.438876,-136.278331,0,0.0
2005-12-22,sz.000056,3.9100,3.9100,3.9100,3.9100,3.9100,0,0.0000,3,,0,0.000000,4.298270,-11.912108,5.438876,-136.278331,0,0.0
2005-12-23,sz.000056,3.9100,3.9100,3.9100,3.9100,3.9100,0,0.0000,3,,0,0.000000,4.298270,-11.912108,5.438876,-136.278331,0,0.0
2005-12-26,sz.000056,3.9100,3.9100,3.9100,3.9100,3.9100,0,0.0000,3,,0,0.000000,4.298270,-11.912108,5.438876,-136.278331,0,0.0
2005-12-27,sz.000056,3.9100,3.9100,3.9100,3.9100,3.9100,0,0.0000,3,,0,0.000000,4.298270,-11.912108,5.438876,-136.278331,0,0.0
2005-12-28,sz.000056,3.9100,3.9100,3.9100,3.9100,3.9100,0,0.0000,3,,0,0.000000,4.298270,-11.912108,5.438876,-136.278331,0,0.0
2005-12-29,sz.000056,3.9100,3.9100,3.9100,3.9100,3.9100,0,0.0000,3,,0,0.000000,4.298270,-11.912108,5.438876,-136.278331,0,0.0
2005-12-30,sz.000056,3.9100,3.9100,3.9100,3.9100,3.9100,0,0.0000,3,,0,0.000000,4.298270,-11.912108,5.438876,-136.278331,0,0.0
2006-01-04,sz.000056,3.9100,3.9100,3.9100,3.9100,3.9100,0,0.0000,3,,0,0.000000,4.298270,-11.912108,5.438876,-136.278331,0,0.0
2006-01-05,sz.000056,3.9100,3.9100,3.9100,3.9100,3.9100,0,0.0000,3,,0,0.000000,4.298270,-11.912108,5.438876,-136.278331,0,0.0
2006-01-06,sz.000056,3.2200,3.4600,3.2000,3.4200,3.9100,9020844,30286062.4200,3,12.170202,1,-12.531970,3.759612,-10.419287,4.757278,-119.199973,0,-12.53196930946292
2006-01-09,sz.000056,3.3700,3.4700,3.3100,3.4000,3.4200,3911348,13317796.8000,3,5.276878,1,-0.584795,3.737626,-10.358355,4.729457,-118.502897,0,-0.5847953216374324
2006-01-10,sz.000056,3.4000,3.5800,3.4000,3.5800,3.4000,5448719,19067439.8000,3,7.350976,1,5.294113,3.935500,-10.906739,4.979840,-124.776580,0,5.294117647058827
2006-01-11,sz.000056,3.6000,3.6000,3.4400,3.4900,3.5800,4146142,14491491.5800,3,5.593643,1,-2.513964,3.836563,-10.632547,4.854649,-121.639738,0,-2.5139664804469275
2006-01-12,sz.000056,3.4800,3.5200,3.4200,3.5000,3.4900,2460144,8548662.7600,3,3.319030,1,0.286533,3.847556,-10.663013,4.868559,-121.988276,0,0.2865329512893977
2006-01-13,sz.000056,3.5000,3.5500,3.4500,3.4900,3.5000,2357568,8228791.6700,3,3.180642,1,-0.285714,3.836563,-10.632547,4.854649,-121.639738,0,-0.28571428571427804
2006-01-16,sz.000056,3.5000,3.5200,3.3200,3.3300,3.4900,1862519,6370864.9300,3,2.512762,1,-4.584529,3.660675,-10.145095,4.632086,-116.063131,0,-4.584527220630374
2006-01-17,sz.000056,3.3300,3.4200,3.3300,3.3900,3.3300,1146681,3878132.4500,3,1.547010,1,1.801807,3.726633,-10.327889,4.715547,-118.154359,0,1.8018018018018056
2006-01-18,sz.000056,3.4000,3.5000,3.3800,3.5000,3.3900,2124313,7369687.3600,3,2.865953,1,3.244834,3.847556,-10.663013,4.868559,-121.988276,0,3.2448377581120846
2006-01-19,sz.000056,3.5000,3.5200,3.4300,3.4700,3.5000,1674679,5800516.7100,3,2.259343,1,-0.857142,3.814577,-10.571615,4.826828,-120.942662,0,-0.8571428571428563
2006-01-20,sz.000056,3.4700,3.5000,3.3700,3.4800,3.4700,2138311,7339962.2400,3,2.884838,1,0.288184,3.825570,-10.602081,4.840739,-121.291200,0,0.28818443804032867
2006-01-23,sz.000056,3.4900,3.5200,3.4200,3.4300,3.4800,1824726,6291320.4600,3,2.461774,1,-1.436780,3.770605,-10.449752,4.771188,-119.548511,0,-1.4367816091953922
2006-01-24,sz.000056,3.4200,3.4200,3.3100,3.3600,3.4300,1979484,6659052.9600,3,2.670562,1,-2.040821,3.693654,-10.236492,4.673817,-117.108745,0,-2.0408163265306256
2006-01-25,sz.000056,3.3600,3.4000,3.3400,3.3800,3.3600,952510,3212328.6500,3,1.285050,1,0.595245,3.715640,-10.297424,4.701637,-117.805821,0,0.5952380952380931
2006-02-06,sz.000056,3.4100,3.4700,3.3900,3.4600,3.3800,1393618,4786580.8300,3,1.880158,1,2.366862,3.803584,-10.541150,4.812918,-120.594124,0,2.366863905325456
2006-02-07,sz.000056,3.4800,3.5800,3.4200,3.5800,3.4600,4074866,14328047.8600,3,5.497484,1,3.468205,3.935500,-10.906739,4.979840,-124.776580,0,3.4682080924855585
2006-02-08,sz.000056,3.5800,3.6500,3.5000,3.6200,3.5800,4389832,15787388.5700,3,5.922410,1,1.117317,3.979472,-11.028602,5.035481,-126.170731,0,1.1173184357541999
2006-02-09,sz.000056,3.6300,3.6300,3.5100,3.5100,3.6200,1923945,6819355.9000,3,2.595633,1,-3.038671,3.858549,-10.693478,4.882469,-122.336814,0,-3.03867403314918
2006-02-10,sz.000056,3.5100,3.5500,3.4600,3.5000,3.5100,1626159,5667601.3300,3,2.193884,1,-0.284900,3.847556,-10.663013,4.868559,-121.988276,0,-0.2849002849002802
2006-02-13,sz.000056,3.5000,3.5000,3.4000,3.4600,3.5000,927061,3184400.8000,3,1.250717,1,-1.142856,3.803584,-10.541150,4.812918,-120.594124,0,-1.1428571428571455
2006-02-14,sz.000056,3.4300,3.5200,3.4200,3.5100,3.4600,1093546,3793951.3200,3,1.475325,1,1.445085,3.858549,-10.693478,4.882469,-122.336814,0,1.4450867052023142
2006-02-15,sz.000056,3.5100,3.5700,3.4900,3.5600,3.5100,2118907,7443611.5800,3,2.858660,1,1.424500,3.913514,-10.845807,4.952020,-124.079504,0,1.4245014245014342
2006-02-16,sz.000056,3.5800,3.6000,3.4500,3.4600,3.5600,1944716,6824721.1500,3,2.623655,1,-2.808986,3.803584,-10.541150,4.812918,-120.594124,0,-2.8089887640449507
2006-02-17,sz.000056,3.4600,3.5000,3.3600,3.4200,3.4600,1614375,5552013.4900,3,2.177986,1,-1.156068,3.759612,-10.419287,4.757278,-119.199973,0,-1.1560693641618491
2006-02-20,sz.000056,3.4000,3.4700,3.3600,3.4000,3.4200,1224526,4170481.8700,3,1.652033,1,-0.584795,3.737626,-10.358355,4.729457,-118.502897,0,-0.5847953216374324
2006-02-21,sz.000056,3.3800,3.4300,3.3300,3.4300,3.4000,1009849,3403061.8400,3,1.362408,1,0.882352,3.770605,-10.449752,4.771188,-119.548511,0,0.8823529411764675
2006-02-22,sz.000056,3.4300,3.5600,3.4000,3.5400,3.4300,2833694,9949143.1700,3,3.822993,1,3.206994,3.891528,-10.784876,4.924200,-123.382428,0,3.206997084548102
2006-02-23,sz.000056,3.5400,3.6300,3.4600,3.6100,3.5400,4239149,15083745.6900,3,5.719121,1,1.977399,3.968479,-10.998136,5.021571,-125.822193,0,1.9774011299434902
2006-02-24,sz.000056,3.6100,3.6300,3.5200,3.5700,3.6100,1777034,6343393.5700,3,2.397432,1,-1.108032,3.924507,-10.876273,4.965930,-124.428042,0,-1.1080332409972304
2006-02-27,sz.000056,3.6100,3.6400,3.5300,3.5500,3.5700,1611125,5768021.1500,3,2.173601,1,-0.560223,3.902521,-10.815341,4.938110,-123.730966,0,-0.5602240896358524
2006-02-28,sz.000056,3.5100,3.5200,3.3800,3.4900,3.5500,1891627,6494700.8400,3,2.552032,1,-1.690139,3.836563,-10.632547,4.854649,-121.639738,0,-1.6901408450704092
2006-03-01,sz.000056,3.4700,3.5300,3.4600,3.5200,3.4900,1421031,4970262.0400,3,1.917141,1,0.859598,3.869542,-10.723944,4.896379,-122.685352,0,0.8595988538681931
2006-03-02,sz.000056,3.5300,3.7600,3.5100,3.5900,3.5200,6435106,23336853.9900,3,8.681731,1,1.988634,3.946493,-10.937204,4.993750,-125.125117,0,1.9886363636363535
2006-03-03,sz.000056,3.5800,3.6000,3.4000,3.5300,3.5900,3337139,11661497.8600,3,4.502201,1,-1.671308,3.880535,-10.754410,4.910289,-123.033890,0,-1.671309192200554
2006-03-06,sz.000056,3.5000,3.5300,3.4500,3.5100,3.5300,1292310,4511633.7700,3,1.743481,1,-0.566572,3.858549,-10.693478,4.882469,-122.336814,0,-0.5665722379603388
2006-03-07,sz.000056,3.5000,3.6300,3.4400,3.5200,3.5100,3173971,11225375.6600,3,4.282068,1,0.284900,3.869542,-10.723944,4.896379,-122.685352,0,0.2849002849002913
2006-03-08,sz.000056,3.5500,3.8300,3.5500,3.7500,3.5200,10257933,37704324.8300,3,13.839183,1,6.534091,4.122382,-11.424656,5.216313,-130.701724,0,6.534090909090917
2006-03-09,sz.000056,3.7000,3.9000,3.6100,3.8600,3.7500,6749234,25221118.3300,3,9.105527,1,2.933331,4.243305,-11.759780,5.369325,-134.535642,0,2.933333333333321
2006-03-10,sz.000056,3.8100,3.8900,3.7500,3.7900,3.8600,4800903,18332404.1700,3,6.476995,1,-1.813470,4.166354,-11.546519,5.271954,-132.095876,0,-1.813471502590669
2006-03-13,sz.000056,3.7000,3.9600,3.6300,3.9000,3.7900,5194350,19662364.7300,3,7.007802,1,2.902378,4.287277,-11.881643,5.424966,-135.929793,0,2.902374670184704
2006-03-14,sz.000056,3.8900,3.9500,3.8400,3.9000,3.9000,4078492,15890806.4600,3,5.502375,1,0.000000,4.287277,-11.881643,5.424966,-135.929793,0,0.0
2006-03-15,sz.000056,3.8800,3.8900,3.7600,3.8000,3.9000,3503718,13376226.1800,3,4.726936,1,-2.564106,4.177347,-11.576985,5.285864,-132.444414,0,-2.564102564102566
2006-03-16,sz.000056,3.8000,4.1000,3.7300,4.0100,3.8000,6897833,27066369.6000,3,9.306005,1,5.526323,4.408200,-12.216766,5.577977,-139.763711,0,5.52631578947369
2006-03-17,sz.000056,3.9700,4.1500,3.9000,4.0600,4.0100,5976476,24106423.9200,3,8.062984,1,1.246876,4.463165,-12.369095,5.647528,-141.506400,0,1.2468827930174564
2006-03-20,sz.000056,4.0300,4.2400,4.0100,4.1100,4.0600,5997743,24843427.0800,3,8.091675,1,1.231532,4.518130,-12.521423,5.717079,-143.249090,0,1.2315270935960854
2006-03-21,sz.000056,4.1100,4.1900,3.9500,3.9900,4.1100,5125772,20861357.0600,3,6.915282,1,-2.919711,4.386214,-12.155834,5.550157,-139.066635,0,-2.919708029197088
2006-03-22,sz.000056,3.9500,4.1400,3.9300,4.0600,3.9900,3846759,15605635.9000,3,5.189740,1,1.754384,4.463165,-12.369095,5.647528,-141.506400,0,1.754385964912264
2006-03-23,sz.000056,4.0500,4.1300,3.9600,4.0600,4.0600,3025058,12252921.1300,3,4.081166,1,0.000000,4.463165,-12.369095,5.647528,-141.506400,0,0.0
2006-03-24,sz.000056,4.0400,4.0400,3.8400,3.8900,4.0600,4043374,15920045.2700,3,5.454997,1,-4.187188,4.276284,-11.851177,5.411055,-135.581255,0,-4.187192118226591
2006-03-27,sz.000056,3.8800,3.9900,3.8200,3.9800,3.8900,2284235,8952118.0000,3,3.081707,1,2.313622,4.375221,-12.125369,5.536247,-138.718097,0,2.3136246786632286
2006-03-28,sz.000056,3.9900,4.1700,3.9800,4.1400,3.9800,4171601,17096436.4100,3,5.627991,1,4.020097,4.551109,-12.612821,5.758810,-144.294704,0,4.020100502512558
2006-03-29,sz.000056,4.1400,4.2000,4.0600,4.0800,4.1400,3410788,14111654.0500,3,4.601563,1,-1.449274,4.485151,-12.430026,5.675349,-142.203476,0,-1.449275362318836
2006-03-30,sz.000056,4.0800,4.1000,3.9500,3.9600,4.0800,2082854,8349648.6100,3,2.810020,1,-2.941174,4.353235,-12.064437,5.508427,-138.021021,0,-2.941176470588236
2006-03-31,sz.000056,3.9500,4.0900,3.8800,4.0400,3.9600,2137847,8507564.8100,3,2.884212,1,2.020200,4.441179,-12.308163,5.619708,-140.809324,0,2.020202020202011
2006-04-03,sz.000056,4.0400,4.2300,4.0400,4.1800,4.0400,4157733,17231987.8200,3,5.609281,1,3.465343,4.595081,-12.734684,5.814450,-145.688855,0,3.4653465346534684
2006-04-04,sz.000056,4.2000,4.2500,4.0700,4.2000,4.1800,3657640,15179212.4300,3,4.934596,1,0.478469,4.617067,-12.795615,5.842271,-146.385931,0,0.4784688995215447
2006-04-05,sz.000056,4.2000,4.5600,4.1400,4.4600,4.2000,6203880,27004120.7900,3,8.369779,1,6.190482,4.902886,-13.587725,6.203935,-155.447918,0,6.190476190476191
2006-04-06,sz.000056,4.4200,4.6000,4.3100,4.3300,4.4600,5196480,23109832.2700,3,7.010675,1,-2.914801,4.759977,-13.191670,6.023103,-150.916924,0,-2.914798206278024
2006-04-07,sz.000056,4.3100,4.4000,4.1700,4.3600,4.3300,3822176,16391903.5600,3,5.156574,1,0.692846,4.792956,-13.283067,6.064833,-151.962538,0,0.6928406466512715
2006-04-10,sz.000056,4.3600,4.3900,4.2400,4.3700,4.3600,2790796,12022921.6900,3,3.765119,1,0.229352,4.803949,-13.313533,6.078744,-152.311076,0,0.2293577981651307
2006-04-11,sz.000056,4.3900,4.4900,4.2800,4.4000,4.3700,3297524,14496308.8800,3,4.448756,1,0.686504,4.836928,-13.404930,6.120474,-153.356690,0,0.6864988558352492
2006-04-12,sz.000056,4.3800,4.4500,4.3000,4.3100,4.4000,2640445,11571038.2100,3,3.562277,1,-2.045458,4.737991,-13.130738,5.995283,-150.219849,0,-2.0454545454545614
2006-04-13,sz.000056,4.2800,4.3500,4.0000,4.0400,4.3100,3573255,14886862.4200,3,4.820750,1,-6.264501,4.441179,-12.308163,5.619708,-140.809324,0,-6.264501160092795
2006-04-14,sz.000056,4.0400,4.1100,3.8400,4.0800,4.0400,3582569,14196760.9700,3,4.833316,1,0.990098,4.485151,-12.430026,5.675349,-142.203476,0,0.990099009900991
2006-04-17,sz.000056,4.0400,4.1200,4.0000,4.0100,4.0800,2337231,9443810.9600,3,3.153205,1,-1.715679,4.408200,-12.216766,5.577977,-139.763711,0,-1.715686274509809
2006-04-18,sz.000056,4.0300,4.0500,3.9000,3.9300,4.0100,1984770,7863027.4500,3,2.677693,1,-1.995016,4.320256,-11.973040,5.466696,-136.975407,0,-1.995012468827917
2006-04-19,sz.000056,3.9300,4.0300,3.8900,3.9800,3.9300,1862574,7361304.2900,3,2.512836,1,1.272263,4.375221,-12.125369,5.536247,-138.718097,0,1.2722646310432628
2006-04-20,sz.000056,3.9800,4.0000,3.7100,3.7900,3.9800,2348204,8977895.1400,3,3.168009,1,-4.773871,4.166354,-11.546519,5.271954,-132.095876,0,-4.773869346733672
2006-04-21,sz.000056,3.7900,3.7900,3.6200,3.7800,3.7900,2422704,9024823.7300,3,3.268519,1,-0.263852,4.155361,-11.516054,5.258044,-131.747338,0,-0.26385224274406704
2006-04-24,sz.000056,3.7800,3.8100,3.6300,3.6400,3.7800,1672395,6170830.1300,3,2.256262,1,-3.703700,4.001852,114.843737,4.255597,137.158255,0,-3.703703703703698
2006-04-25,sz.000056,3.6000,3.7500,3.4700,3.7200,3.6400,2444919,8886370.5300,3,3.298489,1,2.197800,4.089805,117.367776,4.349127,140.172722,0,2.19780219780219
2006-04-26,sz.000056,3.6900,3.8700,3.6500,3.8600,3.7200,2517923,9494108.9200,3,3.396980,1,3.763437,4.243723,121.784842,4.512804,145.448039,0,3.7634408602150504
2006-04-27,sz.000056,3.8500,3.9600,3.7400,3.9400,3.8600,2095238,8108672.9300,3,2.826728,1,2.072543,4.331675,124.308881,4.606333,148.462507,0,2.0725388601036343
2006-04-28,sz.000056,3.9500,4.0600,3.7900,4.0400,3.9400,4865160,19362434.3500,3,6.563685,1,2.538069,4.441616,127.463928,4.723245,152.230591,0,2.538071065989844
2006-05-08,sz.000056,3.9600,3.9700,3.6800,3.9100,4.0400,4320072,16541400.3300,3,5.828296,1,-3.217818,4.480487,-1080.274236,18.924764,-84.930541,0,-3.2178217821782207
2006-05-09,sz.000056,3.9000,3.9600,3.7500,3.9300,3.9100,4881613,18739827.9500,3,6.585882,1,0.511509,4.503406,-1085.799936,19.021566,-85.364968,0,0.5115089514066584
2006-05-10,sz.000056,3.8900,3.9100,3.7900,3.8400,3.9300,3511309,13516838.3700,3,4.737177,1,-2.290080,4.400274,-1060.934288,18.585957,-83.410045,0,-2.2900763358778664
2006-05-11,sz.000056,3.8400,3.9900,3.8100,3.8400,3.8400,3851082,15040054.4500,3,5.195572,1,0.000000,4.400274,-1060.934288,18.585957,-83.410045,0,0.0
2006-05-12,sz.000056,3.8100,3.9100,3.6400,3.8900,3.8400,5097737,19233892.5500,3,6.877459,1,1.302088,4.457569,-1074.748537,18.827962,-84.496114,0,1.3020833333333481
2006-05-15,sz.000056,3.8600,4.0000,3.7900,3.9900,3.8900,5652537,22008889.7800,3,7.625951,1,2.570692,4.572160,-1102.377034,19.311971,-86.668250,0,2.570694087403602
2006-05-16,sz.000056,3.9800,3.9900,3.7400,3.7900,3.9900,3805786,14781106.5600,3,5.134462,1,-5.012533,4.342979,-1047.120040,18.343953,-82.323977,0,-5.012531328320802
2006-05-17,sz.000056,3.7500,3.9100,3.7300,3.8500,3.7900,2033794,7829170.1900,3,2.743832,1,1.583112,4.411733,-1063.697138,18.634358,-83.627259,0,1.58311345646438
2006-05-18,sz.000056,3.8500,4.2400,3.7800,4.1500,3.8500,7870025,32136431.2500,3,10.617609,1,7.792213,4.755505,-1146.582629,20.086386,-90.143669,0,7.792207792207795
2006-05-19,sz.000056,4.1000,4.2900,4.0800,4.2300,4.1500,5907350,24776096.7400,3,7.969724,1,1.927709,4.847177,-1168.685427,20.473594,-91.881378,0,1.9277108433734869
2006-05-22,sz.000056,4.2200,4.4800,4.1300,4.3300,4.2300,5150544,22280373.2700,3,6.948702,1,2.364064,4.961767,-1196.313924,20.957603,-94.053515,0,2.364066193853409
2006-05-23,sz.000056,4.3100,4.3100,4.0500,4.0700,4.3300,3852549,16122317.0000,3,5.197551,1,-6.004613,4.663832,-1124.479831,19.699179,-88.405960,0,-6.004618937644334
2006-05-24,sz.000056,4.1000,4.1900,3.7300,3.8500,4.0700,2809544,11168855.6300,3,3.790412,1,-5.405412,4.411733,-1063.697138,18.634358,-83.627259,0,-5.405405405405405
2006-05-25,sz.000056,3.8500,3.9300,3.7800,3.9000,3.8500,1485311,5748043.8300,3,2.003863,1,1.298706,4.469028,-1077.511386,18.876363,-84.713327,0,1.298701298701288
2006-05-26,sz.000056,3.9000,4.0500,3.8800,4.0200,3.9000,1862566,7415763.9700,3,2.512825,1,3.076920,4.606537,-1110.665583,19.457174,-87.319891,0,3.076923076923066
2006-05-29,sz.000056,4.0000,4.1500,3.9700,4.1400,4.0200,2383948,9721091.5600,3,3.216232,1,2.985072,4.744046,-1143.819779,20.037985,-89.926455,0,2.9850746268656803
2006-05-30,sz.000056,4.2800,4.2900,4.0700,4.1500,4.1400,2039933,8456870.6300,3,2.752115,1,0.241551,4.755505,-1146.582629,20.086386,-90.143669,0,0.24154589371983004
2006-05-31,sz.000056,4.1100,4.1500,3.9500,4.0400,4.1500,2167299,8798800.3100,3,2.923947,1,-2.650605,4.629455,-1116.191282,19.553976,-87.754319,0,-2.6506024096385583
2006-06-01,sz.000056,4.0000,4.1900,3.9800,4.1800,4.0400,2838310,11767997.7900,3,3.829221,1,3.465343,4.789882,-1154.871178,20.231589,-90.795310,0,3.4653465346534684
2006-06-02,sz.000056,4.1900,4.4700,4.1500,4.2800,4.1800,5773121,24917111.8600,3,7.788633,1,2.392354,4.904472,-1182.499675,20.715598,-92.967446,0,2.392344497607679
2006-06-05,sz.000056,4.2900,4.5600,4.2100,4.5300,4.2800,5908920,26301480.5700,3,7.971843,1,5.841121,5.190948,-1251.570918,21.925622,-98.397788,0,5.841121495327095
2006-06-06,sz.000056,4.4800,4.5400,4.3000,4.3900,4.5300,3532857,15552296.7900,3,4.766248,1,-3.090515,5.030522,-1212.891022,21.248009,-95.356797,0,-3.0905077262693315
2006-06-07,sz.000056,4.3800,4.6500,4.2000,4.6200,4.3900,9255822,41537899.5800,3,12.487215,1,5.239181,5.294080,-1276.436565,22.361230,-100.352711,0,5.239179954441919
2006-06-08,sz.000056,4.5500,4.5500,4.1600,4.1900,4.6200,5388857,23024067.8800,3,7.270215,1,-9.307356,4.801341,-1157.634028,20.279990,-91.012523,0,-9.307359307359297
2006-06-09,sz.000056,4.1900,4.4400,4.0800,4.2300,4.1900,3875749,16588488.5400,3,5.228851,1,0.954653,4.847177,-1168.685427,20.473594,-91.881378,0,0.9546539379474916
2006-06-12,sz.000056,4.1200,4.3100,4.0300,4.2100,4.2300,2244605,9383481.7300,3,3.028242,1,-0.472813,4.824259,-1163.159727,20.376792,-91.446951,0,-0.47281323877069736
2006-06-13,sz.000056,4.1500,4.5800,4.1500,4.5100,4.2100,5860511,25885874.4200,3,7.906533,1,7.125896,5.168030,-1246.045219,21.828820,-97.963361,0,7.125890736342044
2006-06-14,sz.000056,4.4600,4.7900,4.2000,4.5900,4.5100,6849071,31157727.0400,3,9.240219,1,1.773834,5.259703,-1268.148016,22.216027,-99.701070,0,1.7738359201773912
2006-06-15,sz.000056,4.6000,4.7700,4.4500,4.5900,4.5900,4199291,19358874.6300,3,5.665348,1,0.000000,5.259703,-1268.148016,22.216027,-99.701070,0,0.0
2006-06-16,sz.000056,4.5800,4.7400,4.4600,4.7300,4.5900,5870160,27134749.0400,3,7.919551,1,3.050106,5.420129,-1306.827912,22.893640,-102.742061,0,3.0501089324618924
2006-06-19,sz.000056,4.6800,4.8300,4.5600,4.6600,4.7300,4076294,19047247.2100,3,5.499410,1,-1.479919,5.339916,-1287.487964,22.554834,-101.221565,0,-1.4799154334038112
2006-06-20,sz.000056,4.6000,4.7200,4.5000,4.6300,4.6600,2936358,13439391.2600,3,3.961500,1,-0.643771,5.305539,-1279.199415,22.409631,-100.569924,0,-0.6437768240343367
2006-06-21,sz.000056,4.5800,4.6500,4.3500,4.4000,4.6300,4328439,19264708.6000,3,5.839584,1,-4.967603,5.041981,-1215.653872,21.296410,-95.574010,0,-4.967602591792641
2006-06-22,sz.000056,4.3900,4.6000,4.2800,4.5700,4.4000,4595621,20403845.6500,3,6.200045,1,3.863638,5.236785,-1262.622317,22.119225,-99.266643,0,3.863636363636358
2006-06-23,sz.000056,4.5000,4.7000,4.4300,4.6000,4.5700,3858507,17663547.9400,3,5.205589,1,0.656449,5.271162,-1270.910866,22.264428,-99.918283,0,0.6564551422319376
2006-06-26,sz.000056,4.6200,4.8400,4.5100,4.6700,4.6000,5264444,24675896.8300,3,7.102367,1,1.521743,5.351375,-1290.250814,22.603235,-101.438779,0,1.521739130434785
2006-06-27,sz.000056,4.6700,4.6700,4.6700,4.6700,4.6700,0,0.0000,3,,0,0.000000,5.351375,-1290.250814,22.603235,-101.438779,0,0.0
2006-06-28,sz.000056,4.5700,4.6600,4.4100,4.4800,4.6700,4079699,18322888.6200,3,5.504004,1,-4.068523,5.133653,-1237.756670,21.683617,-97.311720,0,-4.068522483940029
2006-06-29,sz.000056,4.4800,4.7100,4.4500,4.7000,4.4800,5014082,23150294.3200,3,6.764599,1,4.910710,5.385752,-1298.539363,22.748438,-102.090420,0,4.910714285714279
2006-06-30,sz.000056,4.7000,4.7900,4.5700,4.6500,4.7000,2971634,13860862.9000,3,4.009091,1,-1.063824,5.328457,-1284.725115,22.506433,-101.004352,0,-1.0638297872340385
2006-07-03,sz.000056,4.6500,4.9800,4.5600,4.8400,4.6500,6497436,31017936.2800,3,8.765821,1,4.086023,5.546179,-1337.219259,23.426051,-105.131411,0,4.086021505376336
2006-07-04,sz.000056,4.8700,4.8700,4.6500,4.7700,4.8400,4064517,19372969.9800,3,5.483521,1,-1.446284,5.465966,-1317.879311,23.087244,-103.610916,0,-1.446280991735538
2006-07-05,sz.000056,4.7800,5.0500,4.6600,4.9700,4.7700,7626130,37399864.9600,3,10.288565,1,4.192868,5.695146,-1373.136305,24.055263,-107.955189,0,4.192872117400426
2006-07-06,sz.000056,4.9100,5.1000,4.8600,5.0000,4.9700,5448336,27207350.1300,3,7.350459,1,0.603626,5.729524,-1381.424854,24.200465,-108.606830,0,0.6036217303823088
2006-07-07,sz.000056,4.9800,5.0100,4.8500,4.8600,5.0000,3071282,15083808.7500,3,4.143528,1,-2.799997,5.569097,-1342.744958,23.522852,-105.565839,0,-2.7999999999999914
2006-07-10,sz.000056,4.8000,4.9500,4.7600,4.9000,4.8600,2774732,13443931.9400,3,3.743447,1,0.823044,5.614933,-1353.796357,23.716456,-106.434693,0,0.8230452674897082
2006-07-11,sz.000056,4.9000,4.9100,4.7300,4.8100,4.9000,3004647,14392344.6400,3,4.053630,1,-1.836738,5.511802,-1328.930710,23.280848,-104.479770,0,-1.836734693877562
2006-07-12,sz.000056,4.8800,4.9200,4.7000,4.7200,4.8100,3562967,17071149.7500,3,4.806870,1,-1.871105,5.408670,-1304.065063,22.845239,-102.524847,0,-1.8711018711018657
2006-07-13,sz.000056,4.6900,4.6900,4.2500,4.2500,4.7200,6753813,29444620.0800,3,9.111705,1,-9.957623,4.870095,-1174.211126,20.570396,-92.315805,0,-9.957627118644064
2006-07-14,sz.000056,4.1700,4.2700,4.0800,4.1300,4.2500,2969210,12404156.7800,3,4.005821,1,-2.823527,4.732587,-1141.056930,19.989584,-89.709241,0,-2.8235294117647136
2006-07-17,sz.000056,4.1600,4.4200,4.1500,4.3900,4.1300,3721664,16058039.6500,3,5.020972,1,6.295393,5.030522,-1212.891022,21.248009,-95.356797,0,6.295399515738498
2006-07-18,sz.000056,4.3300,4.3700,4.2300,4.3400,4.3900,1744164,7486674.3800,3,2.353087,1,-1.138946,4.973226,-1199.076774,21.006004,-94.270728,0,-1.1389521640091105
2006-07-19,sz.000056,4.3400,4.3500,4.0800,4.1300,4.3400,1939380,8115063.0000,3,2.616456,1,-4.838710,4.732587,-1141.056930,19.989584,-89.709241,0,-4.8387096774193505
2006-07-20,sz.000056,4.1000,4.2400,4.0900,4.2000,4.1300,1306663,5467861.1800,3,1.762845,1,1.694908,4.812800,-1160.396878,20.328391,-91.229737,0,1.6949152542373058
2006-07-21,sz.000056,4.1800,4.3000,4.1200,4.2600,4.2000,1362594,5740132.0300,3,1.838303,1,1.428581,4.881554,-1176.973976,20.618797,-92.533019,0,1.4285714285714235
2006-07-24,sz.000056,4.2000,4.3100,4.1000,4.2800,4.2600,1643878,6926907.4500,3,2.217789,1,0.469483,4.904472,-1182.499675,20.715598,-92.967446,0,0.46948356807512415
2006-07-25,sz.000056,4.2700,4.3200,4.2400,4.2800,4.2800,1711096,7340021.3500,3,2.308474,1,0.000000,4.904472,-1182.499675,20.715598,-92.967446,0,0.0
2006-07-26,sz.000056,4.2800,4.3000,4.2100,4.2300,4.2800,1337113,5672526.8700,3,1.803926,1,-1.168229,4.847177,-1168.685427,20.473594,-91.881378,0,-1.1682242990654124
2006-07-27,sz.000056,4.2000,4.2500,4.0700,4.0900,4.2300,2553436,10548346.1800,3,3.444892,1,-3.309690,4.686750,-1130.005531,19.795981,-88.840387,0,-3.309692671394815
2006-07-28,sz.000056,4.1000,4.1700,4.0700,4.1300,4.0900,2058507,8468591.4800,3,2.777173,1,0.977994,4.732587,-1141.056930,19.989584,-89.709241,0,0.9779951100244544
2006-07-31,sz.000056,4.0300,4.1000,3.7200,3.7200,4.1300,2626556,10116872.9300,3,3.543539,1,-9.927363,4.262766,-1027.780092,18.005146,-80.803481,0,-9.927360774818395
2006-08-01,sz.000056,3.7500,3.7900,3.6600,3.7200,3.7200,1567590,5831347.8000,3,2.114867,1,0.000000,4.262766,-1027.780092,18.005146,-80.803481,0,0.0
2006-08-02,sz.000056,3.7500,3.7700,3.5800,3.7000,3.7200,1055397,3859966.0900,3,1.423857,1,-0.537634,4.239847,-1022.254392,17.908344,-80.369054,0,-0.5376344086021501
2006-08-03,sz.000056,3.6900,3.7300,3.6200,3.6600,3.7000,791883,2896035.0600,3,1.068345,1,-1.081080,4.194011,-1011.202993,17.714741,-79.500199,0,-1.0810810810810811
2006-08-04,sz.000056,3.6600,3.7000,3.4700,3.4800,3.6600,1418821,5069403.3800,3,1.914160,1,-4.918035,3.987748,-961.471699,16.843524,-75.590354,0,-4.918032786885251
2006-08-07,sz.000056,3.4600,3.5000,3.3800,3.3900,3.4800,981069,3349905.4500,3,1.323580,1,-2.586204,3.884617,-936.606051,16.407916,-73.635431,0,-2.5862068965517238
2006-08-08,sz.000056,3.3800,3.5400,3.3800,3.5200,3.3900,972041,3364024.1400,3,1.311400,1,3.834805,4.033585,-972.523097,17.037128,-76.459208,0,3.834808259587019
2006-08-09,sz.000056,3.5200,3.5400,3.4500,3.4800,3.5200,742220,2591189.2000,3,1.001344,1,-1.136363,3.987748,-961.471699,16.843524,-75.590354,0,-1.1363636363636354
2006-08-10,sz.000056,3.4800,3.6200,3.4500,3.5800,3.4800,1212691,4305760.6200,3,1.636066,1,2.873560,4.102339,-989.100196,17.327533,-77.762490,0,2.8735632183908066
2006-08-11,sz.000056,3.5500,3.5700,3.5000,3.5100,3.5800,905074,3197218.4500,3,1.221053,1,-1.955305,4.022126,-969.760248,16.988727,-76.241995,0,-1.9553072625698387
2006-08-14,sz.000056,3.4900,3.6100,3.4600,3.5800,3.5100,1301796,4614372.5400,3,1.756279,1,1.994300,4.282497,-126.035271,15.638478,27.159529,0,1.9943019943019946
2006-08-15,sz.000056,3.5300,3.7500,3.5300,3.6900,3.5800,2126875,7807572.6800,3,2.869410,1,3.072629,4.414083,-129.907863,16.118990,27.994040,0,3.0726256983240274
2006-08-16,sz.000056,3.7000,3.7200,3.6400,3.7100,3.6900,1422067,5240908.0700,3,1.918539,1,0.542005,4.438007,-130.611971,16.206356,28.145769,0,0.5420054200542035
2006-08-17,sz.000056,3.6800,3.6800,3.5600,3.6000,3.7100,1065432,3843963.2500,3,1.437396,1,-2.964963,4.306422,-126.739379,15.725844,27.311258,0,-2.96495956873315
2006-08-18,sz.000056,3.6300,3.6500,3.5500,3.5800,3.6000,425982,1530764.9700,3,0.574701,1,-0.555555,4.282497,-126.035271,15.638478,27.159529,0,-0.5555555555555536
2006-08-21,sz.000056,3.4700,3.5400,3.3800,3.5000,3.5800,774860,2700886.3800,3,1.045379,1,-2.234635,4.186799,-123.218840,15.289015,26.552612,0,-2.2346368715083775
2006-08-22,sz.000056,3.5000,3.6200,3.4900,3.6200,3.5000,996355,3550986.5500,3,1.344203,1,3.428568,4.330347,-127.443486,15.813210,27.462987,0,3.4285714285714253
2006-08-23,sz.000056,3.6200,3.6800,3.6000,3.6700,3.6200,1262995,4602627.6300,3,1.703932,1,1.381221,4.390158,-129.203755,16.031624,27.842310,0,1.3812154696132506
2006-08-24,sz.000056,3.6500,3.6900,3.6300,3.6800,3.6700,730969,2675356.9900,3,0.986165,1,0.272479,4.402120,-129.555809,16.075307,27.918175,0,0.2724795640327127
2006-08-25,sz.000056,3.6800,3.7800,3.6700,3.7500,3.6800,1834785,6859904.5300,3,2.475345,1,1.902172,4.485856,-132.020186,16.381087,28.449227,0,1.9021739130434812
2006-08-28,sz.000056,3.8600,3.9600,3.7900,3.8900,3.7500,4607441,17853514.9600,3,6.215991,1,3.733336,4.653328,-136.948940,16.992648,29.511332,0,3.733333333333344
2006-08-29,sz.000056,3.8700,3.8900,3.8200,3.8200,3.8900,1676279,6468274.0900,3,2.261502,1,-1.799490,4.569592,-134.484563,16.686868,28.980279,0,-1.799485861182526
2006-08-30,sz.000056,3.8000,3.9200,3.7800,3.9000,3.8200,1624901,6286419.5100,3,2.192187,1,2.094245,4.665291,-137.300994,17.036331,29.587196,0,2.0942408376963373
2006-08-31,sz.000056,3.9400,3.9600,3.8500,3.8900,3.9000,1134984,4403386.9000,3,1.531230,1,-0.256410,4.653328,-136.948940,16.992648,29.511332,0,-0.2564102564102555
2006-09-01,sz.000056,3.8700,3.8700,3.6900,3.7500,3.8900,1477182,5576639.2600,3,1.992896,1,-3.598974,4.485856,-132.020186,16.381087,28.449227,0,-3.598971722365041
2006-09-04,sz.000056,3.7300,3.8300,3.7200,3.7900,3.7500,739077,2796339.0600,3,0.997104,1,1.066666,4.533705,-133.428401,16.555819,28.752686,0,1.0666666666666602
2006-09-05,sz.000056,3.8400,3.8400,3.7500,3.7600,3.7900,835006,3156861.4400,3,1.126523,1,-0.791556,4.497819,-132.372240,16.424770,28.525092,0,-0.7915567282322011
2006-09-06,sz.000056,3.8400,4.0800,3.8200,4.0000,3.7600,4808584,19178237.8200,3,6.487357,1,6.382979,4.784913,-140.821532,17.473160,30.345842,0,6.382978723404253
2006-09-07,sz.000056,3.9500,4.0400,3.8900,3.9700,4.0000,2350311,9289366.8900,3,3.170852,1,-0.749999,4.749027,-139.765370,17.342111,30.118248,0,-0.7499999999999951
2006-09-08,sz.000056,3.9700,4.0900,3.9100,3.9800,3.9700,2037348,8221939.2700,3,2.748627,1,0.251889,4.760989,-140.117424,17.385794,30.194113,0,0.25188916876572875
2006-09-11,sz.000056,3.9800,4.1100,3.9800,4.0800,3.9800,2250316,9113170.9900,3,3.035946,1,2.512560,4.880612,-143.637962,17.822623,30.952759,0,2.5125628140703515
2006-09-12,sz.000056,4.0700,4.1500,4.0500,4.0700,4.0800,1978388,8122511.1000,3,2.669083,1,-0.245092,4.868649,-143.285909,17.778940,30.876895,0,-0.2450980392156854
2006-09-13,sz.000056,4.0700,4.1400,3.9700,4.0500,4.0700,2217547,9017129.9300,3,2.991737,1,-0.491400,4.844725,-142.581801,17.691574,30.725165,0,-0.49140049140050657
2006-09-14,sz.000056,4.1000,4.1100,4.0000,4.1000,4.0500,1744344,7104825.9400,3,2.353330,1,1.234561,4.904536,-144.342070,17.909989,31.104488,0,1.2345679012345734
2006-09-15,sz.000056,4.3000,4.3900,4.1200,4.1800,4.1000,2758309,11526803.9900,3,3.721290,1,1.951218,5.000234,-147.158501,18.259452,31.711405,0,1.9512195121951237
2006-09-18,sz.000056,4.2100,4.4900,4.1800,4.4000,4.1800,5884159,25733741.4100,3,7.938437,1,5.263165,5.263405,-154.903685,19.220476,33.380427,0,5.2631578947368585
2006-09-19,sz.000056,4.4000,4.4900,4.2900,4.3800,4.4000,4372172,19330364.3600,3,5.898585,1,-0.454545,5.239480,-154.199577,19.133110,33.228697,0,-0.454545454545463
2006-09-20,sz.000056,4.3900,4.4900,4.3000,4.4200,4.3800,2979345,13192281.7700,3,4.019494,1,0.913241,5.287329,-155.607793,19.307842,33.532156,0,0.9132420091324311
2006-09-21,sz.000056,4.4200,4.5000,4.3300,4.3700,4.4200,2101630,9226854.7900,3,2.835351,1,-1.131226,5.227518,-153.847523,19.089427,33.152833,0,-1.1312217194570096
2006-09-22,sz.000056,4.3500,4.3600,4.1700,4.1800,4.3700,1892490,8045234.2500,3,2.553196,1,-4.347827,5.000234,-147.158501,18.259452,31.711405,0,-4.34782608695653
2006-09-25,sz.000056,4.1900,4.2700,4.1100,4.1500,4.1800,1108151,4650720.7700,3,1.495029,1,-0.717697,4.964348,-146.102339,18.128403,31.483811,0,-0.7177033492822837
2006-09-26,sz.000056,4.1600,4.2300,4.1100,4.2000,4.1500,965415,4012294.8800,3,1.302461,1,1.204812,5.024159,-147.862608,18.346818,31.863134,0,1.2048192771084265
2006-09-27,sz.000056,4.1900,4.2200,4.1200,4.1900,4.2000,754150,3139294.4100,3,1.017439,1,-0.238089,5.012197,-147.510555,18.303135,31.787270,0,-0.23809523809523725
2006-09-28,sz.000056,4.1600,4.3000,4.1500,4.2400,4.1900,1076800,4584101.1200,3,1.452732,1,1.193311,5.072008,-149.270824,18.521550,32.166593,0,1.193317422434359
2006-09-29,sz.000056,4.2300,4.2800,4.2000,4.2500,4.2400,895633,3803587.8300,3,1.208316,1,0.235854,5.083970,-149.622878,18.565232,32.242457,0,0.2358490566037652
2006-10-09,sz.000056,4.3000,4.3500,4.2200,4.2400,4.2500,1003000,4263515.8700,3,1.353167,1,-0.235299,5.072008,-149.270824,18.521550,32.166593,0,-0.23529411764705577
2006-10-10,sz.000056,4.2500,4.2900,4.1700,4.1800,4.2400,1114638,4690501.4100,3,1.503780,1,-1.415093,5.000234,-147.158501,18.259452,31.711405,0,-1.4150943396226578
2006-10-11,sz.000056,4.2400,4.2600,4.1800,4.2200,4.1800,839890,3544705.8300,3,1.133112,1,0.956937,5.048084,-148.566716,18.434184,32.014864,0,0.9569377990430672
2006-10-12,sz.000056,4.2500,4.2600,4.1000,4.1200,4.2200,1482162,6157237.8000,3,1.999615,1,-2.369666,4.928461,-145.046178,17.997355,31.256218,0,-2.369668246445489
2006-10-13,sz.000056,4.1100,4.2000,4.1000,4.1500,4.1200,1092533,4523068.7600,3,1.473958,1,0.728160,4.964348,-146.102339,18.128403,31.483811,0,0.728155339805836
2006-10-16,sz.000056,4.1500,4.1500,4.0100,4.0500,4.1500,1235101,5020734.5500,3,1.666300,1,-2.409636,4.844725,-142.581801,17.691574,30.725165,0,-2.4096385542168752
2006-10-17,sz.000056,4.0500,4.0500,4.0500,4.0500,4.0500,0,0.0000,3,,0,0.000000,4.844725,-142.581801,17.691574,30.725165,0,0.0
2006-10-18,sz.000056,4.0900,4.0900,3.9700,4.0500,4.0500,1546518,6192432.9900,3,2.086438,1,0.000000,4.844725,-142.581801,17.691574,30.725165,0,0.0
2006-10-19,sz.000056,4.0500,4.0500,3.9800,4.0300,4.0500,889230,3572097.5500,3,1.199678,1,-0.493827,4.820800,-141.877693,17.604209,30.573436,0,-0.49382716049382047
2006-10-20,sz.000056,4.0300,4.1000,4.0100,4.0300,4.0300,858413,3481045.5500,3,1.158102,1,0.000000,4.820800,-141.877693,17.604209,30.573436,0,0.0
2006-10-23,sz.000056,4.0000,4.0000,3.6500,3.6800,4.0300,1829695,6923454.9300,3,2.468478,1,-8.684867,4.611166,-37.415216,14.653018,44.103588,0,-8.684863523573206
2006-10-24,sz.000056,3.6800,3.7900,3.6800,3.7400,3.6800,1469496,5519501.4600,3,1.982527,1,1.630433,4.686348,-38.025246,14.891926,44.822668,0,1.6304347826086918
2006-10-25,sz.000056,3.7200,3.8000,3.7000,3.7600,3.7400,1163060,4359320.9900,3,1.569108,1,0.534759,4.711409,-38.228590,14.971562,45.062362,0,0.53475935828875
2006-10-26,sz.000056,3.7600,3.7800,3.7300,3.7600,3.7600,588260,2209509.6000,3,0.793633,1,0.000000,4.711409,-38.228590,14.971562,45.062362,0,0.0
2006-10-27,sz.000056,3.7300,3.7300,3.5800,3.6500,3.7600,980455,3568020.5700,3,1.322752,1,-2.925529,4.573575,-37.110200,14.533564,43.744048,0,-2.9255319148936088
2006-10-30,sz.000056,3.6200,3.6900,3.6000,3.6900,3.6500,531432,1930885.6100,3,0.716966,1,1.095889,4.623696,-37.516887,14.692836,44.223435,0,1.0958904109588996
2006-10-31,sz.000056,3.6800,3.7300,3.6600,3.7200,3.6900,580045,2146899.9300,3,0.782550,1,0.813007,4.661287,-37.821903,14.812290,44.582975,0,0.8130081300813163
2006-11-01,sz.000056,3.7200,3.7200,3.6500,3.6900,3.7200,622985,2288954.5000,3,0.840482,1,-0.806451,4.623696,-37.516887,14.692836,44.223435,0,-0.8064516129032362
2006-11-02,sz.000056,3.7300,3.7300,3.6000,3.6400,3.6900,619716,2250112.5100,3,0.836071,1,-1.355012,4.561045,-37.008528,14.493746,43.624201,0,-1.3550135501354976
2006-11-03,sz.000056,3.6500,3.7100,3.6200,3.7100,3.6400,937308,3442702.1600,3,1.264541,1,1.923075,4.648757,-37.720231,14.772472,44.463128,0,1.9230769230769162
2006-11-06,sz.000056,3.6800,3.8400,3.6200,3.7900,3.7100,1410244,5323732.9100,3,1.902588,1,2.156332,4.749000,-38.533605,15.091016,45.421902,0,2.156334231805923
2006-11-07,sz.000056,3.7800,3.7800,3.6800,3.7500,3.7900,765273,2843290.6100,3,1.032445,1,-1.055408,4.698878,-38.126918,14.931744,44.942515,0,-1.055408970976257
2006-11-08,sz.000056,3.7400,3.8000,3.6500,3.6800,3.7500,546965,2024876.8500,3,0.737921,1,-1.866665,4.611166,-37.415216,14.653018,44.103588,0,-1.866666666666661
2006-11-09,sz.000056,3.6500,3.7400,3.6000,3.7000,3.6800,502027,1851635.2900,3,0.677295,1,0.543478,4.636227,-37.618559,14.732654,44.343281,0,0.5434782608695565
2006-11-10,sz.000056,3.7000,3.7100,3.5000,3.5500,3.7000,955133,3437507.5800,3,1.288589,1,-4.054057,4.448272,-36.093482,14.135384,42.545581,0,-4.054054054054069
2006-11-13,sz.000056,3.5600,3.5900,3.3800,3.4200,3.5500,892037,3112032.5300,3,1.203465,1,-3.661968,4.285377,-34.771749,13.617750,40.987574,0,-3.6619718309859106
2006-11-14,sz.000056,3.4200,3.4900,3.3900,3.4600,3.4200,384901,1323957.9400,3,0.519278,1,1.169590,4.335499,-35.178436,13.777022,41.466960,0,1.1695906432748648
2006-11-15,sz.000056,3.4600,3.5500,3.4500,3.5400,3.4600,464450,1632726.9400,3,0.626599,1,2.312136,4.435741,-35.991811,14.095566,42.425734,0,2.3121387283236983
2006-11-16,sz.000056,3.5500,3.5900,3.4200,3.4300,3.5400,605438,2110484.7600,3,0.816809,1,-3.107342,4.297908,-34.873421,13.657568,41.107420,0,-3.1073446327683607
2006-11-17,sz.000056,3.4200,3.5000,3.3700,3.5000,3.4300,713104,2452834.4500,3,0.962063,1,2.040814,4.385620,-35.585124,13.936294,41.946347,0,2.0408163265306145
2006-11-20,sz.000056,3.5000,3.5000,3.4000,3.4200,3.5000,529682,1814188.2200,3,0.714605,1,-2.285712,4.285377,-34.771749,13.617750,40.987574,0,-2.285714285714291
2006-11-21,sz.000056,3.4200,3.5000,3.4000,3.5000,3.4200,738343,2545802.4400,3,0.996113,1,2.339179,4.385620,-35.585124,13.936294,41.946347,0,2.3391812865497075
2006-11-22,sz.000056,3.5300,3.6400,3.4300,3.6000,3.5000,1287569,4569744.5000,3,1.737085,1,2.857140,4.510923,-36.601841,14.334474,43.144814,0,2.857142857142869
2006-11-23,sz.000056,3.6000,3.6400,3.5500,3.6300,3.6000,992413,3574588.1700,3,1.338884,1,0.833339,4.548514,-36.906857,14.453928,43.504354,0,0.8333333333333304
2006-11-24,sz.000056,3.6300,3.7800,3.5600,3.7600,3.6300,1859299,6872002.9100,3,2.508418,1,3.581264,4.711409,-38.228590,14.971562,45.062362,0,3.581267217630857
2006-11-27,sz.000056,3.7300,3.9000,3.7000,3.8800,3.7600,3922353,15128079.3000,3,5.291725,1,3.191493,4.861773,-39.448651,15.449377,46.500522,0,3.1914893617021267
2006-11-28,sz.000056,3.9000,3.9400,3.8100,3.8500,3.8800,1592646,6149687.5900,3,2.148671,1,-0.773201,4.824182,-39.143636,15.329924,46.140982,0,-0.773195876288657
2006-11-29,sz.000056,3.8100,3.8100,3.7400,3.7900,3.8500,1175914,4440408.7700,3,1.586449,1,-1.558440,4.749000,-38.533605,15.091016,45.421902,0,-1.558441558441559
2006-11-30,sz.000056,3.8400,3.9700,3.7800,3.8900,3.7900,2217199,8544706.0800,3,2.991268,1,2.638526,4.874303,-39.550323,15.489195,46.620369,0,2.638522427440626
2006-12-01,sz.000056,3.8900,3.9000,3.8200,3.9000,3.8900,1945655,7486747.6100,3,2.624922,1,0.257069,4.886834,-39.651995,15.529013,46.740215,0,0.25706940874035134
2006-12-04,sz.000056,3.9000,4.1500,3.8500,4.1200,3.9000,6048877,24646285.8900,3,8.160661,1,5.641020,5.162501,-41.888774,16.405009,49.376843,0,5.641025641025643
2006-12-05,sz.000056,4.1500,4.4000,4.1200,4.2900,4.1200,6031296,25802111.7700,3,8.136942,1,4.126216,5.375517,-43.617194,17.081915,51.414237,0,4.126213592233019
2006-12-06,sz.000056,4.2900,4.2900,4.0100,4.1400,4.2900,2640567,10966115.1100,3,3.562442,1,-3.496506,5.187562,-42.092118,16.484645,49.616536,0,-3.4965034965035002
2006-12-07,sz.000056,4.1500,4.1800,4.0500,4.0500,4.1400,1656974,6838787.6900,3,2.235457,1,-2.173905,5.074789,-41.177071,16.126283,48.537916,0,-2.1739130434782594
2006-12-08,sz.000056,4.0100,4.1200,3.9100,3.9200,4.0500,1402616,5637328.5100,3,1.892297,1,-3.209879,4.911894,-39.855338,15.608649,46.979909,0,-3.2098765432098775
2006-12-11,sz.000056,3.9000,3.9800,3.8100,3.9800,3.9200,1235587,4854946.2500,3,1.666955,1,1.530611,4.987076,-40.465369,15.847557,47.698989,0,1.5306122448979664
2006-12-12,sz.000056,3.9700,4.0500,3.8800,3.9100,3.9800,923320,3636042.6000,3,1.245670,1,-1.758792,4.899364,-39.753667,15.568831,46.860062,0,-1.7587939698492372
2006-12-13,sz.000056,3.8800,3.9100,3.8000,3.8600,3.9100,882543,3405879.6600,3,1.190656,1,-1.278777,4.836712,-39.245308,15.369741,46.260829,0,-1.278772378516635
2006-12-14,sz.000056,3.8800,3.9800,3.8700,3.9700,3.8600,910290,3597869.1100,3,1.228091,1,2.849745,4.974546,-40.363697,15.807739,47.579142,0,2.849740932642497
2006-12-15,sz.000056,3.9700,3.9900,3.8900,3.9700,3.9700,1273569,4996415.8700,3,1.718197,1,0.000000,4.974546,-40.363697,15.807739,47.579142,0,0.0
2006-12-18,sz.000056,3.9500,4.0000,3.8900,3.9100,3.9700,1566048,6168747.6100,3,2.112787,1,-1.511334,4.899364,-39.753667,15.568831,46.860062,0,-1.5113350125944613
2006-12-19,sz.000056,3.9200,3.9500,3.7900,3.8700,3.9100,1855701,7125139.2100,3,2.503563,1,-1.023023,4.849243,-39.346979,15.409559,46.380675,0,-1.0230179028132946
2006-12-20,sz.000056,3.8500,3.9400,3.7700,3.9000,3.8700,1581717,6115316.4800,3,2.133926,1,0.775199,4.886834,-39.651995,15.529013,46.740215,0,0.7751937984496138
2006-12-21,sz.000056,3.9000,4.1000,3.8500,3.9700,3.9000,2673079,10633898.9100,3,3.606305,1,1.794870,4.974546,-40.363697,15.807739,47.579142,0,1.7948717948718107
2006-12-22,sz.000056,3.9500,4.0400,3.8800,3.9400,3.9700,1378258,5445559.8600,3,1.859436,1,-0.755667,4.936955,-40.058682,15.688285,47.219602,0,-0.7556675062972307
2006-12-25,sz.000056,3.9700,4.0500,3.9000,4.0500,3.9400,2284448,9087503.1700,3,3.081995,1,2.791882,5.074789,-41.177071,16.126283,48.537916,0,2.7918781725888353
2006-12-26,sz.000056,4.0600,4.0900,3.9000,3.9300,4.0500,1543857,6144631.5600,3,2.082848,1,-2.962966,4.924425,-39.957010,15.648467,47.099756,0,-2.962962962962956
2006-12-27,sz.000056,3.9300,3.9600,3.7000,3.8300,3.9300,1679840,6479898.0800,3,2.266306,1,-2.544533,4.799121,-38.940292,15.250288,45.901288,0,-2.5445292620865145
2006-12-28,sz.000056,3.8500,3.9100,3.7200,3.8500,3.8300,1973835,7587203.2100,3,2.662940,1,0.522193,4.824182,-39.143636,15.329924,46.140982,0,0.5221932114882533
2006-12-29,sz.000056,3.8100,3.8500,3.6500,3.6500,3.8500,2805051,10481872.0500,3,3.784351,1,-5.194800,4.573575,-37.110200,14.533564,43.744048,0,-5.1948051948051965
2007-01-04,sz.000056,3.7200,3.7400,3.5500,3.5700,3.6500,1947210,7061553.1000,3,2.627020,1,-2.191785,4.473332,-36.296826,14.215020,42.785274,0,-2.1917808219178103
2007-01-05,sz.000056,3.5100,3.6700,3.5100,3.6400,3.5700,1324985,4765965.4300,3,1.787564,1,1.960789,4.561045,-37.008528,14.493746,43.624201,0,1.9607843137255054
2007-01-08,sz.000056,3.6000,3.7900,3.6000,3.7800,3.6400,1665149,6208320.1500,3,2.246486,1,3.846150,4.736470,-38.431933,15.051198,45.302055,0,3.8461538461538325
2007-01-09,sz.000056,3.8100,3.9000,3.8000,3.8300,3.7800,1823474,7004515.0900,3,2.460085,1,1.322750,4.799121,-38.940292,15.250288,45.901288,0,1.3227513227513255
2007-01-10,sz.000056,3.8300,4.0800,3.7800,4.0700,3.8300,4269757,16933648.9100,3,4.308860,1,6.266325,5.099849,-41.380415,16.205919,48.777609,0,6.266318537859017
2007-01-11,sz.000056,4.0600,4.1500,4.0000,4.0400,4.0700,4085716,16641230.0000,3,4.123133,1,-0.737106,5.062258,-41.075400,16.086465,48.418069,0,-0.7371007371007376
2007-01-12,sz.000056,4.0300,4.4400,4.0200,4.2500,4.0400,9123216,38545128.4100,3,9.206767,1,5.198021,5.325396,-43.210507,16.922643,50.934850,0,5.198019801980203
2007-01-15,sz.000056,4.3100,4.3400,4.1500,4.3300,4.2500,4451030,18920961.1100,3,4.491793,1,1.882351,5.425638,-44.023881,17.241187,51.893624,0,1.8823529411764683
2007-01-16,sz.000056,4.3500,4.3600,4.2500,4.2900,4.3300,2861599,12312345.5900,3,2.887806,1,-0.923787,5.375517,-43.617194,17.081915,51.414237,0,-0.9237875288683584
2007-01-17,sz.000056,4.3200,4.4800,4.2000,4.3000,4.2900,4574197,19938782.7500,3,4.616088,1,0.233106,5.388047,-43.718866,17.121733,51.534084,0,0.2331002331002363
2007-01-18,sz.000056,4.3000,4.4400,4.2100,4.3500,4.3000,2767525,11980546.4500,3,2.792870,1,1.162784,5.450699,-44.227225,17.320823,52.133317,0,1.1627906976744207
2007-01-19,sz.000056,4.4000,4.7800,4.3200,4.7700,4.3500,7073194,32289374.3000,3,7.137971,1,9.655174,5.976973,-48.497440,18.993178,57.166879,0,9.6551724137931
2007-01-22,sz.000056,4.9600,5.2500,4.8000,5.2500,4.7700,11557606,59706096.3100,3,11.663451,1,10.062890,6.578430,-53.377685,20.904441,62.919521,0,10.062893081761025
2007-01-23,sz.000056,5.3000,5.7800,5.3000,5.7800,5.2500,9398528,52520618.2200,3,9.484600,1,10.095240,7.242538,-58.766290,23.014794,69.271396,0,10.095238095238091
2007-01-24,sz.000056,5.9500,6.2600,5.8200,6.0400,5.7800,8634529,52365672.1600,3,8.713604,1,4.498265,7.568327,-61.409756,24.050062,72.387411,0,4.498269896193774
2007-01-25,sz.000056,6.0400,6.6400,5.6500,6.6400,6.0400,8655535,56100402.5800,3,8.734803,1,9.933773,8.320148,-67.510063,26.439141,79.578213,0,9.93377483443707
2007-01-26,sz.000056,6.5000,7.2900,6.3400,7.1600,6.6400,10942063,76683374.2800,3,11.042271,1,7.831326,8.971725,-72.796996,28.509676,85.810242,0,7.831325301204828
2007-01-29,sz.000056,7.2000,7.8800,6.8500,7.2500,7.1600,12690336,94372399.6500,3,12.806555,1,1.256985,9.084498,-73.712042,28.868038,86.888862,0,1.2569832402234526
2007-01-30,sz.000056,7.1200,7.1300,6.5400,6.7600,7.2500,8941196,60972036.8400,3,9.023080,1,-6.758617,8.470512,-68.730124,26.916957,81.016373,0,-6.758620689655171
2007-01-31,sz.000056,6.8000,7.0200,6.6000,7.0200,6.7600,7961235,54378472.0700,3,8.034144,1,3.846150,8.796301,-71.373591,27.952224,84.132388,0,3.8461538461538325
2007-02-01,sz.000056,6.8000,7.0000,6.5900,6.8600,7.0200,4310108,29169035.9400,3,4.349580,1,-2.279200,8.595815,-69.746842,27.315136,82.214840,0,-2.2792022792022637
2007-02-02,sz.000056,6.8000,6.8000,6.1700,6.1700,6.8600,5707605,36379058.6400,3,5.759875,1,-10.058310,7.731221,-62.731489,24.567696,73.945418,0,-10.05830903790088
2007-02-05,sz.000056,6.1000,6.5300,5.9500,6.3600,6.1700,5057495,31734051.9500,3,5.103812,1,3.079417,7.969298,-64.663253,25.324237,76.222505,0,3.0794165316045508
2007-02-06,sz.000056,6.4000,6.5600,6.2500,6.5200,6.3600,3196165,20485047.1600,3,3.225436,1,2.515721,8.169783,-66.290001,25.961325,78.140052,0,2.515723270440229
2007-02-07,sz.000056,6.6000,6.6400,6.3500,6.4500,6.5200,3288388,21310849.1600,3,3.318503,1,-1.073622,8.082071,-65.578299,25.682599,77.301126,0,-1.0736196319018343
2007-02-08,sz.000056,6.3800,6.7800,6.2000,6.7800,6.4500,5453308,35725861.1500,3,5.503250,1,5.116285,8.495572,-68.933468,26.996593,81.256067,0,5.116279069767438
2007-02-09,sz.000056,6.7800,6.7800,6.7800,6.7800,6.7800,0,0.0000,3,,0,0.000000,8.495572,-68.933468,26.996593,81.256067,0,0.0
2007-02-12,sz.000056,7.0800,7.0800,6.6000,6.7300,6.7800,5502983,37599144.7600,3,5.553380,1,-0.737466,8.432921,-68.425109,26.797503,80.656833,0,-0.7374631268436516
2007-02-13,sz.000056,6.7200,7.4000,6.7000,7.4000,6.7300,9014699,64544152.1000,3,9.097256,1,9.955425,9.272454,-75.237118,29.465308,88.686563,0,9.955423476968805
2007-02-14,sz.000056,7.6000,7.8000,7.3600,7.4300,7.4000,7383533,55570916.2000,3,7.451152,1,0.405402,9.310045,-75.542134,29.584761,89.046103,0,0.40540540540539016
2007-02-15,sz.000056,7.5500,7.7000,7.2200,7.5500,7.4300,6793491,50339705.0600,3,6.855706,1,1.615079,9.460409,-76.762195,30.062577,90.484263,0,1.6150740242261152
2007-02-16,sz.000056,7.4900,7.6500,7.3500,7.4900,7.5500,4877610,36581024.4300,3,4.922279,1,-0.794708,9.385227,-76.152164,29.823669,89.765183,0,-0.7947019867549643
2007-02-26,sz.000056,7.5000,8.0900,7.1000,7.9500,7.4900,6102987,47098441.4500,3,6.158878,1,6.141523,9.961622,-80.829066,31.655297,95.278131,0,6.141522029372504
2007-02-27,sz.000056,7.8200,8.2500,7.1600,7.1600,7.9500,5977104,45930580.3300,3,6.031843,1,-9.937107,8.971725,-72.796996,28.509676,85.810242,0,-9.937106918238992
2007-02-28,sz.000056,6.8000,7.5200,6.8000,7.2800,7.1600,4137155,29797622.5100,3,4.175043,1,1.675983,9.122089,-74.017057,28.987492,87.248402,0,1.6759776536312776
2007-03-01,sz.000056,7.2500,7.3800,6.9000,6.9800,7.2800,2736026,19398850.1900,3,2.761083,1,-4.120882,8.746179,-70.966903,27.792952,83.653001,0,-4.120879120879117
2007-03-02,sz.000056,6.9900,7.2400,6.9900,7.0300,6.9800,2410582,17070724.3600,3,2.432658,1,0.716335,8.808831,-71.475262,27.992042,84.252235,0,0.7163323782234832
2007-03-05,sz.000056,7.0300,7.1800,6.6300,6.8000,7.0300,2660524,18274116.6800,3,2.684889,1,-3.271693,8.520633,-69.136811,27.076229,81.495760,0,-3.271692745376964
2007-03-06,sz.000056,6.8000,6.8000,6.8000,6.8000,6.8000,0,0.0000,3,,0,0.000000,8.520633,-69.136811,27.076229,81.495760,0,0.0
2007-03-07,sz.000056,6.9000,7.0800,6.8600,7.0500,6.8000,2963678,20620451.7100,3,2.990819,1,3.676470,8.833892,-71.678606,28.071678,84.491928,0,3.6764705882353033
2007-03-08,sz.000056,7.0400,7.1500,6.9800,7.1300,7.0500,2998184,21154120.1300,3,3.025641,1,1.134751,8.934134,-72.491980,28.390222,85.450702,0,1.134751773049647
2007-03-09,sz.000056,7.1300,7.5400,7.0500,7.3800,7.1300,5120366,37763238.0000,3,5.167259,1,3.506311,9.247393,-75.033775,29.385672,88.446869,0,3.5063113604488105
2007-03-12,sz.000056,7.3000,7.9900,7.3000,7.8500,7.3800,6660098,51478080.5700,3,6.721091,1,6.368561,9.836319,-79.812348,31.257117,94.079664,0,6.368563685636852
2007-03-13,sz.000056,7.9700,8.6400,7.7000,8.6400,7.8500,9574063,78692086.9800,3,9.661743,1,10.063700,10.826216,-87.844419,34.402737,103.547554,0,10.063694267515944
2007-03-14,sz.000056,8.7700,9.1200,8.2200,8.8900,8.6400,13039529,115027205.4000,3,13.158946,1,2.893518,11.139475,-90.386214,35.398187,106.543722,0,2.893518518518512
2007-03-15,sz.000056,8.8600,9.2000,8.8600,8.9900,8.8900,8062454,72633287.6800,3,8.136290,1,1.124853,11.264778,-91.402932,35.796367,107.742189,0,1.1248593925759165
2007-03-16,sz.000056,9.0100,9.5100,8.7800,8.9400,8.9900,11166197,101896311.8400,3,11.268457,1,-0.556176,11.202126,-90.894573,35.597277,107.142955,0,-0.556173526140169
2007-03-19,sz.000056,8.6800,8.9300,8.3200,8.7000,8.9400,5915144,51336383.3200,3,5.969315,1,-2.684561,10.901398,-88.454450,34.641645,104.266634,0,-2.684563758389269
2007-03-20,sz.000056,8.7000,9.2000,8.5400,9.0600,8.7000,7199107,63424715.6900,3,7.265037,1,4.137938,11.352490,-92.114634,36.075093,108.581116,0,4.137931034482767
2007-03-21,sz.000056,8.9500,9.0500,8.7500,8.7900,9.0600,4854043,42991339.9000,3,4.898497,1,-2.980137,11.014171,-89.369496,35.000007,105.345255,0,-2.980132450331141
2007-03-22,sz.000056,8.9000,9.1500,8.7500,8.9200,8.7900,4704043,41957708.8700,3,4.747123,1,1.478955,11.177066,-90.691229,35.517641,106.903262,0,1.4789533560864765
2007-03-23,sz.000056,8.8800,9.1000,8.7000,8.9600,8.9200,4197834,37383916.1700,3,4.236278,1,0.448430,11.227187,-91.097916,35.676913,107.382649,0,0.4484304932735439
2007-03-26,sz.000056,8.9700,9.4000,8.9200,9.2200,8.9600,5294824,48532269.7500,3,5.343314,1,2.901788,11.552976,-93.741382,36.712180,110.498663,0,2.9017857142857206
2007-03-27,sz.000056,9.3000,9.3800,9.0600,9.2900,9.2200,4858351,44829888.9600,3,4.902844,1,0.759216,11.640688,-94.453085,36.990906,111.337590,0,0.7592190889370798
2007-03-28,sz.000056,9.3500,9.3500,8.4200,8.8100,9.2900,6472648,57389826.3300,3,6.531925,1,-5.166842,11.039232,-89.572839,35.079643,105.584948,0,-5.166846071044118
2007-03-29,sz.000056,8.7600,8.8800,8.1500,8.2900,8.8100,5333809,44872087.3000,3,5.382656,1,-5.902389,10.387654,-84.285907,33.009108,99.352919,0,-5.902383654937582
2007-03-30,sz.000056,8.3000,8.5200,8.2500,8.4900,8.2900,2445517,20562611.4200,3,2.467913,1,2.412543,10.638261,-86.319342,33.805468,101.749854,0,2.4125452352231624
2007-04-02,sz.000056,8.6800,8.9400,8.3300,8.8000,8.4900,3507578,30471422.1100,3,3.539701,1,3.651360,11.026702,-89.471168,35.039825,105.465102,0,3.6513545347467646
2007-04-03,sz.000056,8.8000,9.0100,8.6000,8.9400,8.8000,5151437,45814048.0900,3,5.198614,1,1.590902,11.202126,-90.894573,35.597277,107.142955,0,1.5909090909090873
2007-04-04,sz.000056,8.8500,8.8700,8.7000,8.7300,8.9400,3718770,32579595.3400,3,3.752827,1,-2.348994,10.938989,-88.759465,34.761099,104.626175,0,-2.348993288590595
2007-04-05,sz.000056,8.7300,8.7300,8.5000,8.6300,8.7300,3994623,34273794.2400,3,4.031206,1,-1.145469,10.813686,-87.742747,34.362919,103.427708,0,-1.145475372279492
2007-04-06,sz.000056,8.5500,8.8900,8.4600,8.6000,8.6300,4512121,38705170.4500,3,4.553443,1,-0.347622,10.776095,-87.437732,34.243466,103.068167,0,-0.34762456546930665
2007-04-09,sz.000056,8.6000,8.6900,8.4700,8.5400,8.6000,5133170,43802462.2700,3,5.180180,1,-0.697679,10.700913,-86.827701,34.004558,102.349087,0,-0.6976744186046546
2007-04-10,sz.000056,8.5400,9.1000,8.4700,9.0000,8.5400,12382873,109887565.5100,3,12.496276,1,5.386417,11.277308,-91.504603,35.836185,107.862036,0,5.386416861826704
2007-04-11,sz.000056,9.2000,9.2500,8.5800,8.7000,9.0000,6831765,60429369.6000,3,6.894331,1,-3.333335,10.901398,-88.454450,34.641645,104.266634,0,-3.3333333333333437
2007-04-12,sz.000056,8.6500,8.9900,8.5900,8.8000,8.7000,5469067,47830862.4500,3,5.519153,1,1.149430,11.026702,-89.471168,35.039825,105.465102,0,1.1494252873563315
2007-04-13,sz.000056,8.8000,9.2000,8.6000,9.0800,8.8000,9941748,89271398.4200,3,10.032795,1,3.181815,11.377551,-92.317978,36.154729,108.820809,0,3.1818181818181746
2007-04-16,sz.000056,9.0700,9.8900,9.0300,9.7200,9.0800,9938169,94487525.6700,3,10.029183,1,7.048462,12.179493,-98.824972,38.703080,116.490998,0,7.048458149779746
2007-04-17,sz.000056,9.7200,9.8700,9.1000,9.6800,9.7200,9003920,85617557.9700,3,9.086378,1,-0.411522,12.129372,-98.418284,38.543808,116.011612,0,-0.4115226337448652
2007-04-18,sz.000056,9.6800,9.7500,9.2900,9.6800,9.6800,7743172,74341484.2700,3,7.814084,1,0.000000,12.129372,-98.418284,38.543808,116.011612,0,0.0
2007-04-19,sz.000056,9.6800,9.6900,8.7200,8.9600,9.6800,7749497,70822553.0900,3,7.820467,1,-7.438019,11.227187,-91.097916,35.676913,107.382649,0,-7.438016528925607
2007-04-20,sz.000056,8.9400,9.2800,8.9400,9.2000,8.9600,6101221,56021063.7000,3,6.157096,1,2.678569,11.527915,-93.538039,36.632545,110.258970,0,2.678571428571419
2007-04-23,sz.000056,9.2700,9.6800,9.2700,9.6600,9.2000,8410404,80116214.9800,3,8.487427,1,5.000000,12.104311,-98.214941,38.464172,115.771918,0,5.000000000000004
2007-04-24,sz.000056,9.6600,9.6600,9.6600,9.6600,9.6600,0,0.0000,3,,0,0.000000,12.104311,-98.214941,38.464172,115.771918,0,0.0
2007-04-25,sz.000056,9.6600,9.6600,9.6600,9.6600,9.6600,0,0.0000,3,,0,0.000000,12.104311,-98.214941,38.464172,115.771918,0,0.0
2007-04-26,sz.000056,9.6600,9.6600,9.6600,9.6600,9.6600,0,0.0000,3,,0,0.000000,12.104311,-98.214941,38.464172,115.771918,0,0.0
2007-04-27,sz.000056,9.6600,9.6600,9.6600,9.6600,9.6600,0,0.0000,3,,0,0.000000,13.015404,-54.287988,25.784891,-79.538542,0,0.0
2007-04-30,sz.000056,9.6600,9.6600,9.6600,9.6600,9.6600,0,0.0000,3,,0,0.000000,13.015404,-54.287988,25.784891,-79.538542,0,0.0
2007-05-08,sz.000056,9.6600,9.6600,9.6600,9.6600,9.6600,0,0.0000,3,,0,0.000000,13.015404,-54.287988,25.784891,-79.538542,0,0.0
2007-05-09,sz.000056,9.6600,9.6600,9.6600,9.6600,9.6600,0,0.0000,3,,0,0.000000,13.015404,-54.287988,25.784891,-79.538542,0,0.0
2007-05-10,sz.000056,9.6600,9.6600,9.6600,9.6600,9.6600,0,0.0000,3,,0,0.000000,13.015404,-54.287988,25.784891,-79.538542,0,0.0
2007-05-11,sz.000056,9.6600,9.6600,9.6600,9.6600,9.6600,0,0.0000,3,,0,0.000000,13.015404,-54.287988,25.784891,-79.538542,0,0.0
2007-05-14,sz.000056,9.6600,9.6600,9.6600,9.6600,9.6600,0,0.0000,3,,0,0.000000,13.015404,-54.287988,25.784891,-79.538542,0,0.0
2007-05-15,sz.000056,9.6600,9.6600,9.6600,9.6600,9.6600,0,0.0000,3,,0,0.000000,13.015404,-54.287988,25.784891,-79.538542,0,0.0
2007-05-16,sz.000056,9.6600,10.5000,9.2200,10.0000,9.6600,9009688,89755484.1200,3,9.092199,1,3.519670,13.473503,-56.198746,26.692434,-82.338035,0,3.5196687370600444
2007-05-17,sz.000056,10.0200,10.4000,9.8600,10.0300,10.0000,8072338,81417582.3400,3,8.146265,1,0.299997,13.513923,-56.367342,26.772511,-82.585049,0,0.29999999999998916
2007-05-18,sz.000056,9.9800,10.4000,9.7600,10.2800,10.0300,11218673,112327385.4700,3,11.321414,1,2.492522,13.850761,-57.772311,27.439822,-84.643500,0,2.4925224327019047
2007-05-21,sz.000056,10.2700,10.8800,10.2700,10.5900,10.2800,8663096,92432901.8100,3,8.742433,1,3.015568,14.268440,-59.514472,28.267288,-87.195979,0,3.015564202334642
2007-05-22,sz.000056,10.6600,10.7700,10.3500,10.5100,10.5900,8756113,92675242.1000,3,8.836302,1,-0.755429,14.160652,-59.064882,28.053748,-86.537275,0,-0.7554296506137925
2007-05-23,sz.000056,10.5100,11.5600,10.5100,11.5600,10.5100,9559370,107598272.2800,3,9.646915,1,9.990486,15.575369,-64.965750,30.856454,-95.182769,0,9.990485252140836
2007-05-24,sz.000056,11.8100,12.4300,11.4500,12.0100,11.5600,16200270,194668378.1800,3,16.348633,1,3.892732,16.181677,-67.494694,32.057613,-98.887980,0,3.8927335640138283
2007-05-25,sz.000056,12.0100,12.0100,12.0100,12.0100,12.0100,0,0.0000,3,,0,0.000000,16.181677,-67.494694,32.057613,-98.887980,0,0.0
2007-05-28,sz.000056,12.0100,12.0100,12.0100,12.0100,12.0100,0,0.0000,3,,0,0.000000,16.181677,-67.494694,32.057613,-98.887980,0,0.0
2007-05-29,sz.000056,12.0100,12.0100,12.0100,12.0100,12.0100,0,0.0000,3,,0,0.000000,16.181677,-67.494694,32.057613,-98.887980,0,0.0
2007-05-30,sz.000056,12.0100,12.0100,12.0100,12.0100,12.0100,0,0.0000,3,,0,0.000000,16.181677,-67.494694,32.057613,-98.887980,0,0.0
2007-05-31,sz.000056,12.0100,12.0100,12.0100,12.0100,12.0100,0,0.0000,3,,0,0.000000,16.181677,-67.494694,32.057613,-98.887980,0,0.0
2007-06-01,sz.000056,12.0100,12.0100,12.0100,12.0100,12.0100,0,0.0000,3,,0,0.000000,16.181677,-67.494694,32.057613,-98.887980,0,0.0
2007-06-04,sz.000056,10.8100,10.8100,10.8100,10.8100,12.0100,94600,1022626.0000,3,0.095466,1,-9.991672,14.564857,-60.750844,28.854521,-89.007416,0,-9.991673605328888
2007-06-05,sz.000056,9.7300,9.7300,9.7300,9.7300,10.8100,149300,1452689.0000,3,0.150667,1,-9.990757,13.109718,-54.681380,25.971738,-80.114908,0,-9.990749306197966
2007-06-06,sz.000056,8.7600,9.7100,8.7600,9.1800,9.7300,13859075,125449195.6700,3,13.985997,1,-5.652613,12.368676,-51.590449,24.503654,-75.586316,0,-5.6526207605344325
2007-06-07,sz.000056,9.2300,9.6500,8.7500,9.4600,9.1800,9715915,89067625.4700,3,9.804894,1,3.050106,12.745934,-53.164013,25.251042,-77.891781,0,3.0501089324618924
2007-06-08,sz.000056,9.5800,9.7000,9.1500,9.2300,9.4600,8041265,75702930.9900,3,8.114907,1,-2.431295,12.436043,-51.871442,24.637116,-75.998007,0,-2.4312896405919715
2007-06-11,sz.000056,9.3100,9.5000,9.0000,9.0200,9.2300,5490207,50451673.3000,3,5.540487,1,-2.275180,12.153100,-50.691269,24.076575,-74.268908,0,-2.275189599133265
2007-06-12,sz.000056,9.0500,9.1800,8.1200,8.5700,9.0200,11068112,92928280.4000,3,11.169474,1,-4.988922,11.546792,-48.162325,22.875416,-70.563696,0,-4.988913525498884
2007-06-13,sz.000056,8.7400,9.3200,8.7300,9.2000,8.5700,10897209,99438805.9700,3,10.997006,1,7.351227,12.395623,-51.702846,24.557039,-75.750992,0,7.351225204200684
2007-06-14,sz.000056,9.4100,9.4600,8.7000,9.1900,9.2000,10759804,99067224.0700,3,10.858343,1,-0.108698,12.382149,-51.646647,24.530347,-75.668654,0,-0.10869565217390686
2007-06-15,sz.000056,9.0000,9.1900,8.7800,8.8200,9.1900,4779098,42634124.9700,3,4.822865,1,-4.026114,11.883630,-49.567294,23.542727,-72.622147,0,-4.02611534276387
2007-06-18,sz.000056,8.6300,9.1300,8.6300,9.0300,8.8200,6397628,57161381.5700,3,6.456218,1,2.380953,12.166573,-50.747467,24.103268,-74.351246,0,2.3809523809523725
2007-06-19,sz.000056,9.0000,9.1000,8.6500,8.8500,9.0300,4547663,40205704.7000,3,4.589311,1,-1.993348,11.924050,-49.735890,23.622804,-72.869161,0,-1.9933554817275767
2007-06-20,sz.000056,8.9000,9.7400,8.9000,9.7400,8.8500,13205963,126777587.2100,3,13.326904,1,10.056490,13.123192,-54.737578,25.998431,-80.197246,0,10.056497175141255
2007-06-21,sz.000056,9.9300,10.3500,9.2100,9.5800,9.7400,12075813,118285552.0500,3,12.186404,1,-1.642709,12.907616,-53.838398,25.571352,-78.879838,0,-1.642710472279263
2007-06-22,sz.000056,9.5800,10.5400,9.4700,10.5400,9.5800,22004502,226961587.0900,3,22.206020,1,10.020880,14.201072,-59.233478,28.133825,-86.784289,0,10.020876826722326
2007-06-25,sz.000056,10.5400,10.5400,10.5400,10.5400,10.5400,0,0.0000,3,,0,0.000000,14.201072,-59.233478,28.133825,-86.784289,0,0.0
2007-06-26,sz.000056,10.5400,10.5400,10.5400,10.5400,10.5400,0,0.0000,3,,0,0.000000,14.201072,-59.233478,28.133825,-86.784289,0,0.0
2007-06-27,sz.000056,9.8500,11.0000,9.4900,10.6500,10.5400,14851748,151039009.8300,3,14.987761,1,1.043640,14.349281,-59.851664,28.427442,-87.690008,0,1.0436432637571214
2007-06-28,sz.000056,10.4500,10.7400,9.5900,9.5900,10.6500,7292061,73398985.5700,3,7.358842,1,-9.953048,12.921089,-53.894597,25.598044,-78.962176,0,-9.95305164319249
2007-06-29,sz.000056,8.8000,8.9500,8.6300,8.6300,9.5900,7566835,65576082.2600,3,7.636132,1,-10.010430,11.627633,-48.499518,23.035570,-71.057724,0,-10.010427528675692
2007-07-02,sz.000056,8.1900,8.3500,7.7700,7.7700,8.6300,5347522,42151409.3800,3,5.396495,1,-9.965239,10.468912,-43.666425,20.740021,-63.976653,0,-9.965237543453087
2007-07-03,sz.000056,7.7800,8.0600,7.5200,7.8500,7.7700,3446193,26925314.2300,3,3.477753,1,1.029600,10.576700,-44.116015,20.953561,-64.635358,0,1.029601029601035
2007-07-04,sz.000056,7.8200,7.8800,7.1100,7.1500,7.8500,3526024,26557678.0500,3,3.558315,1,-8.917195,9.633555,-40.182103,19.085090,-58.871695,0,-8.917197452229287
2007-07-05,sz.000056,6.9600,7.0000,6.4400,6.4400,7.1500,4401126,29609211.0700,3,4.441432,1,-9.930071,8.676936,-36.191992,17.189927,-53.025695,0,-9.93006993006993
2007-07-06,sz.000056,6.1800,7.0800,6.1500,7.0800,6.4400,5230461,35164668.7700,3,5.278362,1,9.937886,9.539240,-39.788712,18.898243,-58.295329,0,9.937888198757761
2007-07-09,sz.000056,7.3000,7.7000,7.1000,7.4700,7.0800,6341967,46951624.8000,3,6.400047,1,5.508473,10.064707,-41.980463,19.939248,-61.506512,0,5.508474576271172
2007-07-10,sz.000056,7.4800,7.4800,6.9000,6.9100,7.4700,2942340,20858371.8100,3,2.969286,1,-7.496653,9.310191,-38.833333,18.444472,-56.895582,0,-7.496653279785804
2007-07-11,sz.000056,6.9900,7.6000,6.8000,7.6000,6.9100,5643586,42284816.1100,3,5.695270,1,9.985530,10.239862,-42.711047,20.286250,-62.576907,0,9.985528219971052
2007-07-12,sz.000056,7.5000,8.2000,7.4000,7.7000,7.6000,5844272,45992897.0500,3,5.897794,1,1.315788,10.374597,-43.273034,20.553174,-63.400287,0,1.3157894736842257
2007-07-13,sz.000056,7.7100,7.9900,7.3900,7.7500,7.7000,2305947,17672971.4600,3,2.327065,1,0.649353,10.441965,-43.554028,20.686636,-63.811977,0,0.6493506493506551
2007-07-16,sz.000056,7.7900,8.4500,7.7400,7.8400,7.7500,2700608,21578538.4800,3,2.725340,1,1.161292,10.563226,-44.059817,20.926868,-64.553020,0,1.1612903225806326
2007-07-17,sz.000056,7.8000,8.1600,7.3000,7.9500,7.8400,2501086,19761904.4800,3,2.523991,1,1.403057,10.711435,-44.678003,21.220485,-65.458738,0,1.40306122448981
2007-07-18,sz.000056,7.9600,8.1500,7.5100,7.8000,7.9500,2133745,16691809.8100,3,2.153286,1,-1.886788,10.509332,-43.835022,20.820098,-64.223668,0,-1.8867924528301883
2007-07-19,sz.000056,7.6800,7.9200,7.5500,7.7300,7.8000,1191179,9209040.9800,3,1.202088,1,-0.897438,10.415018,-43.441630,20.633251,-63.647301,0,-0.8974358974358942
2007-07-20,sz.000056,7.6200,8.1500,7.6200,7.9000,7.7300,2778888,22060701.5300,3,2.804337,1,2.199225,10.644067,-44.397009,21.087023,-65.047048,0,2.199223803363526
2007-07-23,sz.000056,7.8100,8.5000,7.8100,8.3000,7.9000,4732369,38619199.4800,3,4.775708,1,5.063293,11.183007,-46.644959,22.154720,-68.340569,0,5.063291139240511
2007-07-24,sz.000056,8.4000,8.8000,8.2200,8.4000,8.3000,4524522,38154640.2200,3,4.565958,1,1.204812,11.317742,-47.206946,22.421644,-69.163950,0,1.2048192771084265
2007-07-25,sz.000056,8.4000,8.7000,8.3800,8.6500,8.4000,2749233,23400545.3200,3,2.774411,1,2.976191,11.654580,-48.611915,23.088955,-71.222401,0,2.9761904761904656
2007-07-26,sz.000056,8.7000,9.2000,8.4600,9.1200,8.6500,4162211,37138739.2000,3,4.200329,1,5.433529,12.287835,-51.253256,24.343500,-75.092288,0,5.433526011560685
2007-07-27,sz.000056,9.0900,10.0300,8.8800,10.0000,9.1200,8146889,78385096.3200,3,8.221499,1,9.649124,13.473503,-56.198746,26.692434,-82.338035,0,9.649122807017552
2007-07-30,sz.000056,10.0000,10.0000,10.0000,10.0000,10.0000,0,0.0000,3,,0,0.000000,13.473503,-56.198746,26.692434,-82.338035,0,0.0
2007-07-31,sz.000056,10.0000,10.0000,10.0000,10.0000,10.0000,0,0.0000,3,,0,0.000000,13.473503,-56.198746,26.692434,-82.338035,0,0.0
2007-08-01,sz.000056,10.0000,10.0000,10.0000,10.0000,10.0000,0,0.0000,3,,0,0.000000,13.473503,-56.198746,26.692434,-82.338035,0,0.0
2007-08-02,sz.000056,10.0000,10.0000,10.0000,10.0000,10.0000,0,0.0000,3,,0,0.000000,13.473503,-56.198746,26.692434,-82.338035,0,0.0
2007-08-03,sz.000056,10.0000,10.0000,10.0000,10.0000,10.0000,0,0.0000,3,,0,0.000000,13.473503,-56.198746,26.692434,-82.338035,0,0.0
2007-08-06,sz.000056,10.0000,10.0000,10.0000,10.0000,10.0000,0,0.0000,3,,0,0.000000,13.473503,-56.198746,26.692434,-82.338035,0,0.0
2007-08-07,sz.000056,10.0000,10.0000,10.0000,10.0000,10.0000,0,0.0000,3,,0,0.000000,13.473503,-56.198746,26.692434,-82.338035,0,0.0
2007-08-08,sz.000056,10.0000,10.0000,10.0000,10.0000,10.0000,0,0.0000,3,,0,0.000000,13.473503,-56.198746,26.692434,-82.338035,0,0.0
2007-08-09,sz.000056,10.0000,10.0000,10.0000,10.0000,10.0000,0,0.0000,3,,0,0.000000,13.473503,-56.198746,26.692434,-82.338035,0,0.0
2007-08-10,sz.000056,9.0000,9.0000,9.0000,9.0000,10.0000,1226300,11036700.0000,3,1.237531,1,-10.000000,12.126153,-50.578871,24.023191,-74.104232,0,-9.999999999999998
2007-08-13,sz.000056,8.1000,8.1000,8.1000,8.1000,9.0000,1563100,12661110.0000,3,1.577415,1,-9.999995,10.913537,-45.520984,21.620871,-66.693809,0,-10.000000000000009
2007-08-14,sz.000056,7.8800,8.5000,7.8600,8.2500,8.1000,11422502,92614158.1300,3,11.527110,1,1.851847,11.115640,-46.363965,22.021258,-67.928879,0,1.85185185185186
2007-08-15,sz.000056,8.1500,8.2900,7.6600,7.9900,8.2500,7199057,57468585.1800,3,7.264986,1,-3.151518,10.765329,-44.902798,21.327255,-65.788090,0,-3.1515151515151496
2007-08-16,sz.000056,7.7400,8.7900,7.7400,8.7900,7.9900,10752457,92121265.4400,3,10.850928,1,10.012520,11.843209,-49.398697,23.462649,-72.375133,0,10.012515644555675
2007-08-17,sz.000056,8.7300,8.9400,8.3500,8.4000,8.7900,6085215,52335111.1600,3,6.140944,1,-4.436864,11.317742,-47.206946,22.421644,-69.163950,0,-4.436860068259374
2007-08-20,sz.000056,8.4200,8.8200,8.4000,8.5700,8.4000,4397290,37846480.0200,3,4.437561,1,2.023811,11.546792,-48.162325,22.875416,-70.563696,0,2.0238095238095166
2007-08-21,sz.000056,8.5800,9.0200,8.5000,8.9000,8.5700,6003562,52687440.2900,3,6.058543,1,3.850641,11.991418,-50.016884,23.756266,-73.280851,0,3.850641773628949
2007-08-22,sz.000056,8.8000,9.7900,8.7600,9.3700,8.9000,9039988,84621850.8800,3,9.122777,1,5.280902,12.624672,-52.658225,25.010811,-77.150739,0,5.280898876404483
2007-08-23,sz.000056,9.4300,9.5200,8.9700,9.1500,9.3700,5195909,47510611.6500,3,5.243493,1,-2.347922,12.328255,-51.421852,24.423577,-75.339302,0,-2.347918890074696
2007-08-24,sz.000056,9.1500,9.3500,8.9200,8.9500,9.1500,4662629,42266444.4400,3,4.705330,1,-2.185791,12.058785,-50.297877,23.889728,-73.692542,0,-2.1857923497267895
2007-08-27,sz.000056,8.9500,9.2000,8.7400,8.9600,8.9500,3956387,35314242.3800,3,3.992620,1,0.111734,12.072259,-50.354076,23.916421,-73.774880,0,0.11173184357544663
2007-08-28,sz.000056,8.8100,9.1400,8.7100,9.0500,8.9600,5300245,47500775.0900,3,5.348785,1,1.004466,12.754262,-62.172377,25.698904,13.589424,0,1.0044642857142794
2007-08-29,sz.000056,8.9700,9.0000,8.5600,8.6100,9.0500,3394175,29556066.5600,3,3.425259,1,-4.861884,12.134165,-59.149632,24.449454,12.928723,0,-4.861878453038693
2007-08-30,sz.000056,8.5500,8.9600,8.5500,8.7900,8.6100,3620723,31742280.4700,3,3.653882,1,2.090596,12.387841,-60.386210,24.960593,13.199009,0,2.0905923344947785
2007-08-31,sz.000056,8.8000,9.4000,8.7100,9.0000,8.7900,5578358,50532125.7800,3,5.629445,1,2.389079,12.683796,-61.828884,25.556921,13.514344,0,2.3890784982935287
2007-09-03,sz.000056,9.0300,9.3500,9.0100,9.2600,9.0000,5779934,52997311.4100,3,5.832867,1,2.888891,13.050217,-63.615051,26.295232,13.904759,0,2.8888888888888964
2007-09-04,sz.000056,9.3000,9.5600,9.1300,9.4200,9.2600,6680138,62679354.5800,3,6.741315,1,1.727860,13.275707,-64.714231,26.749577,14.145014,0,1.7278617710583255
2007-09-05,sz.000056,9.4000,9.4000,9.0000,9.1500,9.4200,3864693,35321379.9800,3,3.900086,1,-2.866247,12.895193,-62.859365,25.982870,13.739583,0,-2.86624203821656
2007-09-06,sz.000056,9.1800,9.2500,8.9900,9.1000,9.1500,5897750,53543907.6900,3,5.951762,1,-0.546440,12.824727,-62.515871,25.840887,13.664504,0,-0.5464480874317057
2007-09-07,sz.000056,9.0300,9.1200,8.6000,8.6100,9.1000,4473756,39485808.6100,3,4.514727,1,-5.384623,12.134165,-59.149632,24.449454,12.928723,0,-5.384615384615388
2007-09-10,sz.000056,8.4600,8.8800,8.0800,8.8200,8.6100,4064693,34720118.1900,3,4.101918,1,2.439025,12.430120,-60.592306,25.045783,13.244057,0,2.4390243902439046
2007-09-11,sz.000056,8.7900,9.2500,8.3100,8.4800,8.8200,6185737,55419673.4100,3,6.242386,1,-3.854877,11.950955,-58.256548,24.080299,12.733515,0,-3.8548752834467126
2007-09-12,sz.000056,8.4500,8.8000,8.2100,8.6800,8.4800,3132674,26813462.1500,3,3.161363,1,2.358500,12.232817,-59.630523,24.648231,13.033834,0,2.3584905660377187
2007-09-13,sz.000056,8.7000,8.7800,8.4800,8.6200,8.6800,2475311,21287724.4000,3,2.497980,1,-0.691249,12.148258,-59.218331,24.477851,12.943739,0,-0.691244239631339
2007-09-14,sz.000056,8.6600,9.4800,8.6200,9.4800,8.6200,10151939,93190763.5000,3,10.244911,1,9.976794,13.360265,-65.126424,26.919957,14.235109,0,9.976798143851529
2007-09-17,sz.000056,9.5000,10.1200,9.3400,9.7300,9.4800,9809032,95048681.7500,3,9.898863,1,2.637131,13.712593,-66.843893,27.629871,14.610508,0,2.6371308016877704
2007-09-18,sz.000056,9.8000,9.8800,9.3800,9.5100,9.7300,4646469,44695819.6700,3,4.689022,1,-2.261041,13.402545,-65.332520,27.005147,14.280157,0,-2.2610483042137752
2007-09-19,sz.000056,9.5100,9.6700,9.2000,9.2500,9.5100,3007233,28328722.9300,3,3.034773,1,-2.733967,13.036124,-63.546353,26.266836,13.889743,0,-2.733964248159826
2007-09-20,sz.000056,9.2600,10.1800,9.2600,10.1800,9.2500,10011710,99563312.1600,3,10.103398,1,10.054060,14.346783,-69.935337,28.907717,15.286225,0,10.05405405405404
2007-09-21,sz.000056,10.5900,11.2000,10.2800,10.6300,10.1800,13475211,144591038.4100,3,13.598618,1,4.420430,14.980972,-73.026781,30.185563,15.961942,0,4.420432220039294
2007-09-24,sz.000056,10.7000,11.6900,10.1000,11.6900,10.6300,10263348,111983599.0100,3,10.357340,1,9.971773,16.474842,-80.308850,33.195601,17.553631,0,9.97177798682971
2007-09-25,sz.000056,11.6900,11.6900,11.6900,11.6900,11.6900,0,0.0000,3,,0,0.000000,16.474842,-80.308850,33.195601,17.553631,0,0.0
2007-09-26,sz.000056,11.0100,12.6900,10.9800,11.7000,11.6900,11572280,139995046.3300,3,11.678259,1,0.085545,16.488935,-80.377549,33.223997,17.568647,0,0.08554319931566301
2007-09-27,sz.000056,11.6000,12.8000,11.6000,12.6500,11.7000,6355125,78944434.9700,3,6.413325,1,8.119657,17.827780,-86.903931,35.921672,18.995162,0,8.119658119658135
2007-09-28,sz.000056,12.6500,13.2000,12.2400,12.4400,12.6500,6110368,77307313.8400,3,6.166327,1,-1.660079,17.531825,-85.461257,35.325344,18.679827,0,-1.6600790513834007
2007-10-08,sz.000056,12.8000,13.1600,11.8000,12.0200,12.4400,6297952,77446561.0500,3,6.355629,1,-3.376199,16.939914,-82.575909,34.132688,18.049157,0,-3.37620578778135
2007-10-09,sz.000056,12.0200,12.5000,11.5400,12.3400,12.0200,3249278,38980176.1100,3,3.279035,1,2.662227,17.390894,-84.774269,35.041378,18.529667,0,2.66222961730449
2007-10-10,sz.000056,12.1000,12.4800,11.6600,11.7000,12.3400,4319284,51551893.6900,3,4.358840,1,-5.186388,16.488935,-80.377549,33.223997,17.568647,0,-5.186385737439226
2007-10-11,sz.000056,11.6800,12.0000,11.0300,11.1500,11.7000,3515939,40114631.9500,3,3.548138,1,-4.700856,15.713814,-76.599117,31.662186,16.742771,0,-4.700854700854695
2007-10-12,sz.000056,11.0700,11.5000,10.4600,11.4300,11.1500,4676976,51428916.6400,3,4.719808,1,2.511217,16.108421,-78.522682,32.457290,17.163217,0,2.511210762331828
2007-10-15,sz.000056,11.5300,11.7000,10.9200,11.1400,11.4300,2488461,27918421.1900,3,2.511250,1,-2.537183,15.699721,-76.530418,31.633789,16.727755,0,-2.5371828521434714
2007-10-16,sz.000056,10.9000,11.4000,10.9000,11.1800,11.1400,2213800,24633326.8300,3,2.234074,1,0.359066,15.756093,-76.805213,31.747375,16.787819,0,0.35906642728904536
2007-10-17,sz.000056,11.2000,12.3000,10.9800,12.3000,11.1800,5662458,68137526.4300,3,5.714315,1,10.017890,17.334521,-84.499474,34.927792,18.469604,0,10.017889087656528
2007-10-18,sz.000056,12.5900,12.9800,12.0500,12.5600,12.3000,6444806,80398724.8600,3,6.503828,1,2.113823,17.700942,-86.285642,35.666103,18.860018,0,2.113821138211369
2007-10-19,sz.000056,12.6100,13.8200,12.6100,13.5500,12.5600,8947651,120696617.1900,3,9.029594,1,7.882164,19.096160,-93.086819,38.477364,20.346596,0,7.882165605095537
2007-10-22,sz.000056,13.6000,14.9100,12.6000,14.9100,13.5500,9239055,129533103.7000,3,9.323667,1,10.036900,21.581317,-117.999558,45.284141,58.344130,0,10.036900369003687
2007-10-23,sz.000056,14.9600,15.2700,13.4200,13.4200,14.9100,9154940,128711142.5600,3,9.238781,1,-9.993292,19.424633,-106.207517,40.758764,52.513630,0,-9.993293091884647
2007-10-24,sz.000056,13.1800,13.1800,12.2800,12.4500,13.4200,6052649,76326282.1400,3,6.108079,1,-7.228020,18.020617,-98.530818,37.812713,48.717936,0,-7.228017883755589
2007-10-25,sz.000056,12.0500,12.3800,11.2100,11.2100,12.4500,5728008,66192804.1400,3,5.780465,1,-9.959838,16.225792,-88.717307,34.046628,43.865708,0,-9.959839357429711
2007-10-26,sz.000056,10.9100,12.3300,10.2800,12.1100,11.2100,5560296,63317710.5400,3,5.611217,1,8.028543,17.528487,-95.840017,36.780077,47.387486,0,8.028545941123987
2007-10-29,sz.000056,12.0000,12.9500,11.6000,12.0000,12.1100,3563071,43889311.8800,3,3.595702,1,-0.908337,17.369269,-94.969463,36.445989,46.957046,0,-0.9083402146985886
2007-10-30,sz.000056,12.2000,12.4800,11.7500,12.3800,12.0000,2228521,26894559.6000,3,2.248930,1,3.166668,17.919296,-97.976830,37.600112,48.444020,0,3.166666666666673
2007-10-31,sz.000056,12.4500,13.0000,12.2500,12.8400,12.3800,3305019,41969850.2600,3,3.335286,1,3.715671,18.585118,-101.617326,38.997208,50.244040,0,3.7156704361873905
2007-11-01,sz.000056,12.8400,12.8400,12.0000,12.0700,12.8400,2507247,30825002.9900,3,2.530208,1,-5.996888,17.470590,-95.523452,36.658590,47.230963,0,-5.9968847352024905
2007-11-02,sz.000056,11.9000,12.4000,11.5800,12.0700,12.0700,2275255,27104183.8800,3,2.296092,1,0.000000,17.470590,-95.523452,36.658590,47.230963,0,0.0
2007-11-05,sz.000056,12.0800,12.2800,11.6800,12.1300,12.0700,1188501,14238657.6000,3,1.199385,1,0.497104,17.557436,-95.998299,36.840820,47.465748,0,0.4971002485501197
2007-11-06,sz.000056,12.0300,12.6500,11.9000,12.6000,12.1300,2044912,25164957.6000,3,2.063639,1,3.874693,18.237733,-99.717937,38.268288,49.304899,0,3.8746908491343657
2007-11-07,sz.000056,12.5000,13.1900,12.3700,12.8500,12.6000,3295150,42061088.7300,3,3.325327,1,1.984127,18.599592,-101.696467,39.027580,50.283171,0,1.984126984126977
2007-11-08,sz.000056,12.7800,13.1500,11.8200,11.8500,12.8500,3059245,39117959.7100,3,3.087262,1,-7.782101,17.152153,-93.782345,35.990414,46.370083,0,-7.782101167315181
2007-11-09,sz.000056,11.8800,12.0000,10.9000,11.1300,11.8500,3102923,35216368.5400,3,3.131340,1,-6.075952,16.109997,-88.084177,33.803655,43.552661,0,-6.075949367088596
2007-11-12,sz.000056,11.1300,11.1300,11.1300,11.1300,11.1300,0,0.0000,3,,0,0.000000,16.109997,-88.084177,33.803655,43.552661,0,0.0
2007-11-13,sz.000056,11.3000,11.8000,10.8100,11.0500,11.1300,1821015,20558463.5200,3,1.837692,1,-0.718777,15.994202,-87.451048,33.560681,43.239614,0,-0.7187780772686447
2007-11-14,sz.000056,11.1900,11.5600,11.0600,11.3800,11.0500,1038349,11782133.3700,3,1.047858,1,2.986425,16.471857,-90.062708,34.562946,44.530932,0,2.9864253393665052
2007-11-15,sz.000056,11.3800,11.5600,10.9500,11.0300,11.3800,1533462,17045436.7500,3,1.547506,1,-3.075575,15.965253,-87.292765,33.499938,43.161352,0,-3.0755711775044103
2007-11-16,sz.000056,11.0000,11.5500,10.8200,11.3600,11.0300,1900323,21560303.5500,3,1.917726,1,2.991840,16.442908,-89.904425,34.502203,44.452671,0,2.9918404351767958
2007-11-19,sz.000056,11.2100,11.8400,11.2100,11.7300,11.3600,1171686,13691336.1700,3,1.182416,1,3.257041,16.978461,-92.832651,35.625954,45.900513,0,3.257042253521125
2007-11-20,sz.000056,11.7300,12.9000,11.7300,12.7300,11.7300,3239720,39947458.5700,3,3.269389,1,8.525149,18.425900,-100.746772,38.663120,49.813600,0,8.525149190110826
2007-11-21,sz.000056,12.7700,12.8500,12.1000,12.1000,12.7300,2197420,27341062.6400,3,2.217544,1,-4.948933,17.514013,-95.760876,36.749705,47.348355,0,-4.948939512961514
2007-11-22,sz.000056,12.2000,12.2000,11.5900,11.6300,12.1000,1440911,17125786.1500,3,1.454107,1,-3.884300,16.833717,-92.041238,35.322238,45.509204,0,-3.8842975206611507
2007-11-23,sz.000056,11.5000,12.0200,11.2500,11.9000,11.6300,744449,8773905.1600,3,0.751267,1,2.321578,17.224525,-94.178051,36.142272,46.565738,0,2.3215821152192673
2007-11-26,sz.000056,12.0000,12.5000,11.6500,11.6500,11.9000,1049083,12638540.3600,3,1.058691,1,-2.100840,16.862665,-92.199521,35.382981,45.587466,0,-2.1008403361344574
2007-11-27,sz.000056,11.4000,11.7500,11.3300,11.4000,11.6500,835159,9614319.9000,3,0.842807,1,-2.145923,16.500806,-90.220990,34.623689,44.609194,0,-2.145922746781115
2007-11-28,sz.000056,11.4000,11.7800,11.2300,11.4000,11.4000,730804,8329334.7600,3,0.737497,1,0.000000,16.500806,-90.220990,34.623689,44.609194,0,0.0
2007-11-29,sz.000056,11.4600,11.6800,11.0800,11.5300,11.4000,1806438,20592719.4800,3,1.822981,1,1.140352,16.688973,-91.249826,35.018521,45.117895,0,1.140350877192975
2007-11-30,sz.000056,11.3700,11.6000,11.2000,11.3500,11.5300,749062,8525982.0800,3,0.755922,1,-1.561139,16.428434,-89.825284,34.471831,44.413540,0,-1.5611448395490002
2007-12-03,sz.000056,11.4200,11.5400,11.0100,11.1800,11.3500,995794,11155362.0500,3,1.004914,1,-1.497798,16.182369,-88.479883,33.955513,43.748315,0,-1.49779735682819
2007-12-04,sz.000056,11.1900,11.3400,10.4600,10.6300,11.1800,3508442,37766536.1300,3,3.540572,1,-4.919501,15.386278,-84.127116,32.285072,41.596117,0,-4.9194991055456105
2007-12-05,sz.000056,10.5800,10.9100,10.5000,10.8200,10.6300,1853550,19751613.5300,3,1.870525,1,1.787390,15.661291,-85.630800,32.862133,42.339604,0,1.7873941674506177
2007-12-06,sz.000056,10.8200,11.0000,10.5500,11.0000,10.8200,1468542,15689601.4100,3,1.481991,1,1.663589,15.921830,-87.055342,33.408823,43.043959,0,1.6635859519408491
2007-12-07,sz.000056,10.9400,11.6200,10.8000,11.2500,11.0000,2130407,24141058.0100,3,2.149917,1,2.272727,16.283690,-89.033872,34.168115,44.022231,0,2.2727272727272707
2007-12-10,sz.000056,11.0000,11.6100,10.9000,11.5000,11.2500,1870983,21331487.4100,3,1.888118,1,2.222222,16.645550,-91.012402,34.927406,45.000503,0,2.2222222222222143
2007-12-11,sz.000056,11.5700,11.5900,11.3000,11.4800,11.5000,1520964,17383780.2000,3,1.534893,1,-0.173917,16.616601,-90.854120,34.866663,44.922241,0,-0.17391304347825765
2007-12-12,sz.000056,11.4500,12.2000,11.4500,12.0700,11.4800,3020166,36065017.3900,3,3.047825,1,5.139374,17.470590,-95.523452,36.658590,47.230963,0,5.139372822299659
2007-12-13,sz.000056,12.0700,12.3000,11.3000,11.5200,12.0700,1939146,23007744.0700,3,1.956905,1,-4.556746,16.674498,-91.170685,34.988149,45.078765,0,-4.556752278376141
2007-12-14,sz.000056,11.3800,11.7500,11.3300,11.7000,11.5200,922837,10649141.2500,3,0.931288,1,1.562494,16.935037,-92.595227,35.534839,45.783120,0,1.5625
2007-12-17,sz.000056,11.7400,11.9700,11.5200,11.7800,11.7000,1535296,17894428.0300,3,1.549356,1,0.683760,17.050833,-93.228357,35.777812,46.096167,0,0.6837606837606813
2007-12-18,sz.000056,11.7400,11.9800,11.7100,11.7500,11.7800,895341,10597488.4500,3,0.903541,1,-0.254667,17.007409,-92.990933,35.686697,45.978775,0,-0.2546689303904892
2007-12-19,sz.000056,11.8800,12.0800,11.7000,11.9500,11.7500,1156347,13747719.7600,3,1.166937,1,1.702126,17.296897,-94.573757,36.294131,46.761392,0,1.7021276595744705
2007-12-20,sz.000056,12.0700,12.0700,11.7000,11.8600,11.9500,1642668,19399191.8400,3,1.657712,1,-0.753139,17.166628,-93.861486,36.020786,46.409214,0,-0.7531380753138084
2007-12-21,sz.000056,11.8600,11.9000,11.5600,11.8000,11.8600,1613370,18884242.7300,3,1.628145,1,-0.505898,17.079781,-93.386639,35.838556,46.174429,0,-0.5059021922428242
2007-12-24,sz.000056,11.8000,12.8000,11.6700,12.6400,11.8000,4194637,51205607.6600,3,4.233052,1,7.118645,18.295630,-100.034502,38.389775,49.461422,0,7.118644067796609
2007-12-25,sz.000056,12.6200,13.0800,12.3100,12.8500,12.6400,4273153,54091718.1700,3,4.312287,1,1.661393,18.599592,-101.696467,39.027580,50.283171,0,1.661392405063289
2007-12-26,sz.000056,12.7100,13.6000,12.7100,13.3900,12.8500,4285852,57087227.7700,3,4.325102,1,4.202334,19.381209,-105.970093,40.667649,52.396238,0,4.202334630350202
2007-12-27,sz.000056,13.4300,14.1800,13.4300,13.7900,13.3900,3747901,52133815.8800,3,3.782224,1,2.987301,19.960185,-109.135742,41.882516,53.961473,0,2.9873039581777228
2007-12-28,sz.000056,13.6900,14.1600,13.1900,13.9500,13.7900,3501033,47876534.7700,3,3.533096,1,1.160260,20.191775,-110.402001,42.368462,54.587566,0,1.16026105873821
2008-01-02,sz.000056,13.9800,14.9000,13.9800,14.1100,13.9500,4054744,58853615.1600,3,4.087467,1,1.146952,20.423366,-111.668261,42.854409,55.213660,0,1.1469534050179142
2008-01-03,sz.000056,14.4000,14.5800,13.9500,14.1500,14.1100,4093138,58122712.0000,3,4.126171,1,0.283487,20.481263,-111.984826,42.975895,55.370184,0,0.28348688873141015
2008-01-04,sz.000056,14.3000,14.7000,14.0000,14.1600,14.1500,6006309,86043407.0700,3,6.054782,1,0.070673,20.495738,-112.063967,43.006267,55.409315,0,0.07067137809186885
2008-01-07,sz.000056,14.1600,15.4600,14.0100,15.3600,14.1600,6701235,99783717.9100,3,6.755316,1,8.474575,22.232664,-121.560913,46.650866,60.105019,0,8.47457627118644
2008-01-08,sz.000056,15.3600,15.9000,14.3800,14.6800,15.3600,5511863,83801444.2800,3,5.556346,1,-4.427079,21.248406,-116.179310,44.585593,57.444120,0,-4.4270833333333375
2008-01-09,sz.000056,14.6700,15.0000,14.3000,14.9700,14.6800,2590275,38324123.5700,3,2.611179,1,1.975477,21.668163,-118.474406,45.466371,58.578915,0,1.975476839237067
2008-01-10,sz.000056,15.0000,15.3500,14.4000,14.8100,14.9700,2315368,34528564.5600,3,2.334054,1,-1.068803,21.436573,-117.208146,44.980425,57.952821,0,-1.0688042752171056
2008-01-11,sz.000056,14.8500,15.0000,14.1000,14.4000,14.8100,2836242,40999343.2600,3,2.859131,1,-2.768405,20.843123,-113.963356,43.735187,56.348456,0,-2.7683997299122187
2008-01-14,sz.000056,14.3900,14.3900,14.0200,14.1600,14.4000,2418897,34259609.6700,3,2.438418,1,-1.666665,20.495738,-112.063967,43.006267,55.409315,0,-1.6666666666666718
2008-01-15,sz.000056,14.2000,15.1000,14.0100,15.0600,14.1600,4652029,68710462.3200,3,4.689572,1,6.355936,21.798433,-119.186677,45.739716,58.931093,0,6.355932203389836
2008-01-16,sz.000056,14.9700,15.4000,14.3600,14.6600,15.0600,3749317,55663655.5400,3,3.779575,1,-2.656046,21.219457,-116.021028,44.524850,57.365858,0,-2.6560424966799445
2008-01-17,sz.000056,14.6000,14.9600,13.2200,14.4100,14.6600,3139262,45539792.3100,3,3.164597,1,-1.705321,20.857597,-114.042497,43.765558,56.387587,0,-1.7053206002728527
2008-01-18,sz.000056,14.4100,14.7500,14.2000,14.6900,14.4100,1735306,25237828.5800,3,1.749311,1,1.943093,21.262880,-116.258452,44.615965,57.483251,0,1.9430950728660523
2008-01-21,sz.000056,14.6100,14.9800,13.6000,13.8800,14.6900,1842950,26289483.2000,3,1.857823,1,-5.513952,20.090455,-109.848013,42.155860,54.313650,0,-5.5139550714771834
2008-01-22,sz.000056,13.6000,13.6000,12.4900,12.4900,13.8800,2258050,28605461.9200,3,2.276273,1,-10.014410,18.078514,-98.847383,37.934200,48.874459,0,-10.01440922190202
2008-01-23,sz.000056,12.0000,13.3200,11.7000,12.7900,12.4900,2534844,31625400.0000,3,2.555301,1,2.401923,18.512746,-101.221620,38.845350,50.048385,0,2.4019215372297786
2008-01-24,sz.000056,12.8500,13.1000,12.6000,12.8500,12.7900,2061472,26561473.2000,3,2.078109,1,0.469120,18.599592,-101.696467,39.027580,50.283171,0,0.4691164972634887
2008-01-25,sz.000056,12.8500,13.1800,12.6000,12.8200,12.8500,1224775,15822896.1000,3,1.234659,1,-0.233468,18.556169,-101.459043,38.936465,50.165778,0,-0.23346303501945442
2008-01-28,sz.000056,12.8200,13.0500,11.5500,11.6500,12.8200,1737515,21409767.7000,3,1.751537,1,-9.126366,16.862665,-92.199521,35.382981,45.587466,0,-9.126365054602182
2008-01-29,sz.000056,12.0900,12.1000,11.1000,11.2500,11.6500,1456768,16637453.7800,3,1.468525,1,-3.433473,16.283690,-89.033872,34.168115,44.022231,0,-3.433476394849788
2008-01-30,sz.000056,11.5500,12.2000,11.5100,11.7800,11.2500,1294441,15354459.6100,3,1.159442,1,4.711109,17.050833,-93.228357,35.777812,46.096167,0,4.71111111111111
2008-01-31,sz.000056,11.5100,11.9500,11.2700,11.2800,11.7800,906046,10468557.2800,3,0.811554,1,-4.244482,16.327113,-89.271296,34.259230,44.139624,0,-4.244482173174868
2008-02-01,sz.000056,11.3000,11.6000,10.1500,10.5800,11.2800,1423893,15068577.4200,3,1.275394,1,-6.205672,15.313906,-83.731410,32.133214,41.400463,0,-6.205673758865238
2008-02-04,sz.000056,10.5500,11.5100,10.5500,11.5000,10.5800,1119318,12601072.7300,3,1.002583,1,8.695653,16.645550,-91.012402,34.927406,45.000503,0,8.695652173913038
2008-02-05,sz.000056,11.5000,12.0600,11.3000,11.8800,11.5000,709230,8290556.4600,3,0.635264,1,3.304349,17.195576,-94.019769,36.081529,46.487476,0,3.304347826086973
2008-02-13,sz.000056,11.8000,12.1100,11.5700,11.7100,11.8800,781500,9212033.0800,3,0.699997,1,-1.430977,16.949512,-92.674368,35.565211,45.822251,0,-1.4309764309764272
2008-02-14,sz.000056,11.7500,11.9500,11.7000,11.8000,11.7100,533387,6293385.5200,3,0.477760,1,0.768575,17.079781,-93.386639,35.838556,46.174429,0,0.7685738684884758
2008-02-15,sz.000056,11.7600,11.9200,11.4200,11.5000,11.8000,769256,8921867.4000,3,0.689030,1,-2.542374,16.645550,-91.012402,34.927406,45.000503,0,-2.5423728813559365
2008-02-18,sz.000056,11.6100,12.1800,11.6100,11.9000,11.5000,869900,10380604.7400,3,0.779177,1,3.478258,17.224525,-94.178051,36.142272,46.565738,0,3.4782608695652195
2008-02-19,sz.000056,11.9500,12.0500,11.8600,12.0400,11.9000,1228459,14695929.3700,3,1.100342,1,1.176473,17.427167,-95.286028,36.567476,47.113570,0,1.17647058823529
2008-02-20,sz.000056,12.5000,12.5000,12.0000,12.0300,12.0400,990824,12028696.1200,3,0.887490,1,-0.083058,17.412692,-95.206887,36.537104,47.074439,0,-0.08305647840531893
2008-02-21,sz.000056,11.9800,12.2400,11.6300,12.0800,12.0300,1035963,12353605.5000,3,0.927921,1,0.415629,17.485064,-95.602593,36.688962,47.270093,0,0.41562759767248547
2008-02-22,sz.000056,12.1000,12.2200,11.4000,11.6500,12.0800,1033309,12164317.1200,3,0.925544,1,-3.559605,16.862665,-92.199521,35.382981,45.587466,0,-3.5596026490066213
2008-02-25,sz.000056,11.7900,11.7900,10.8400,11.0000,11.6500,1125129,12513202.3600,3,1.007788,1,-5.579396,15.921830,-87.055342,33.408823,43.043959,0,-5.579399141630903
2008-02-26,sz.000056,11.3000,11.4700,10.5000,10.9000,11.0000,970428,10625147.8000,3,0.869221,1,-0.909094,15.777086,-86.263929,33.105107,42.652651,0,-0.9090909090909038
2008-02-27,sz.000056,10.7500,11.2400,10.7500,11.1700,10.9000,911373,10062893.9200,3,0.816325,1,2.477068,16.167895,-88.400742,33.925141,43.709184,0,2.477064220183478
2008-02-28,sz.000056,11.0900,11.1700,10.8200,10.9900,11.1700,710760,7816548.4500,3,0.636634,1,-1.611462,15.907356,-86.976200,33.378451,43.004828,0,-1.61145926589078
2008-02-29,sz.000056,11.0300,11.5500,11.0000,11.5000,10.9900,1496517,17095441.4000,3,1.340444,1,4.640584,16.645550,-91.012402,34.927406,45.000503,0,4.6405823475887065
2008-03-03,sz.000056,11.5000,11.8700,11.2200,11.7200,11.5000,1392847,16175055.2400,3,1.247586,1,1.913046,16.963986,-92.753509,35.595582,45.861382,0,1.9130434782608674
2008-03-04,sz.000056,11.7900,12.0000,11.5200,11.5500,11.7200,1129853,13318559.7800,3,1.012020,1,-1.450513,16.717922,-91.408109,35.079264,45.196157,0,-1.4505119453924853
2008-03-05,sz.000056,11.5400,11.6700,11.1000,11.3800,11.5500,1159255,13057500.6500,3,1.038355,1,-1.471862,16.471857,-90.062708,34.562946,44.530932,0,-1.4718614718614687
2008-03-06,sz.000056,11.4100,11.9800,11.3200,11.8500,11.3800,1733606,20351177.5100,3,1.552807,1,4.130055,17.152153,-93.782345,35.990414,46.370083,0,4.1300527240773155
2008-03-07,sz.000056,11.7100,12.1600,11.5600,12.0000,11.8500,1878920,22476181.2000,3,1.682966,1,1.265820,17.369269,-94.969463,36.445989,46.957046,0,1.2658227848101333
2008-03-10,sz.000056,12.0500,12.1300,11.4200,11.4200,12.0000,1592401,18683638.1800,3,1.426328,1,-4.833333,16.529754,-90.379273,34.684433,44.687456,0,-4.833333333333334
2008-03-11,sz.000056,11.4200,11.5000,11.0000,11.3900,11.4200,852250,9576675.8000,3,0.763368,1,-0.262695,16.486331,-90.141849,34.593318,44.570063,0,-0.26269702276706663
2008-03-12,sz.000056,11.5100,11.7000,11.1000,11.1600,11.3900,715874,8101680.8800,3,0.641215,1,-2.019320,16.153420,-88.321601,33.894770,43.670053,0,-2.019315188762072
2008-03-13,sz.000056,11.0000,11.2500,10.1900,10.4100,11.1600,1187926,12551069.2700,3,1.064036,1,-6.720430,15.067841,-82.386010,31.616895,40.735238,0,-6.720430107526887
2008-03-14,sz.000056,10.3500,10.6700,10.2000,10.6700,10.4100,1082896,11350903.1500,3,0.969960,1,2.497601,15.444175,-84.443681,32.406558,41.752640,0,2.4975984630163373
2008-03-17,sz.000056,10.6800,10.6900,9.9100,9.9800,10.6700,1401680,14187640.0000,3,1.255497,1,-6.466734,14.445442,-78.982937,30.310914,39.052610,0,-6.466729147141514
2008-03-18,sz.000056,10.1000,10.1000,8.9800,9.0500,9.9800,2033570,19505253.1300,3,1.821487,1,-9.318631,13.099324,-71.622804,27.486350,35.413439,0,-9.31863727454909
2008-03-19,sz.000056,9.2000,9.7000,9.1000,9.5700,9.0500,1000504,9446518.8500,3,0.896160,1,5.745851,13.851992,-75.738147,29.065676,37.448245,0,5.74585635359115
2008-03-20,sz.000056,9.4500,9.9900,8.7800,9.8300,9.5700,1563682,14942423.0700,3,1.400604,1,2.716826,14.228326,-77.795819,29.855339,38.465647,0,2.7168234064785857
2008-03-21,sz.000056,9.9500,10.1000,9.7600,9.8700,9.8300,2300272,22886181.1000,3,2.060374,1,0.406917,14.286224,-78.112384,29.976826,38.622171,0,0.4069175991861629
2008-03-24,sz.000056,10.1000,10.1000,9.3000,9.3000,9.8700,1870649,17951967.2400,3,1.675557,1,-5.775073,13.461184,-73.601334,28.245641,36.391711,0,-5.775075987841927
2008-03-25,sz.000056,8.9700,9.3300,8.9100,9.2100,9.3000,973121,8889402.0800,3,0.871633,1,-0.967743,13.330914,-72.889063,27.972296,36.039533,0,-0.9677419354838679
2008-03-26,sz.000056,9.3500,9.4500,9.1500,9.1600,9.2100,608475,5662283.2500,3,0.545017,1,-0.542890,13.258542,-72.493357,27.820438,35.843879,0,-0.5428881650380135
2008-03-27,sz.000056,9.1800,9.1800,8.4100,8.4500,9.1600,1397400,12190944.4400,3,1.251664,1,-7.751092,12.230860,-66.874331,25.664051,33.065587,0,-7.751091703056778
2008-03-28,sz.000056,8.3100,8.7000,7.9900,8.6800,8.4500,987112,8288796.4800,3,0.884165,1,2.721899,12.563771,-68.694579,26.362599,33.965597,0,2.721893491124261
2008-03-31,sz.000056,8.5000,8.5000,8.0000,8.1000,8.6800,750252,6164755.5000,3,0.672007,1,-6.682026,11.724257,-64.104388,24.601043,31.696006,0,-6.682027649769584
2008-04-01,sz.000056,8.1000,8.1100,7.2900,7.2900,8.1000,1597226,11851155.4300,3,1.430650,1,-10.000000,10.551831,-57.693949,22.140938,28.526406,0,-9.999999999999998
2008-04-02,sz.000056,7.3500,7.3800,6.5600,6.6000,7.2900,1636365,11218215.9500,3,1.465707,1,-9.465022,9.553098,-52.233205,20.045294,25.826376,0,-9.465020576131689
2008-04-03,sz.000056,6.6000,7.0800,6.3100,6.9000,6.6000,1070557,7212867.8500,3,0.958908,1,4.545458,9.987330,-54.607441,20.956444,27.000302,0,4.545454545454564
2008-04-07,sz.000056,6.6800,7.3500,6.6800,7.2600,6.9000,1312412,9446990.4300,3,1.175539,1,5.217393,10.508408,-57.456525,22.049823,28.409013,0,5.217391304347818
2008-04-08,sz.000056,7.3000,7.8500,7.1300,7.6500,7.2600,1924834,14523090.6600,3,1.724091,1,5.371899,11.072909,-60.543033,23.234318,29.935117,0,5.371900826446296
2008-04-09,sz.000056,7.5800,8.1000,7.3800,7.5900,7.6500,2764885,21368954.9100,3,2.476532,1,-0.784313,10.986063,-60.068186,23.052088,29.700332,0,-0.7843137254902044
2008-04-10,sz.000056,7.3900,7.9700,7.2500,7.9300,7.5900,1633038,12470511.8000,3,1.462727,1,4.479574,11.478192,-62.758987,24.084724,31.030782,0,4.479578392621875
2008-04-11,sz.000056,7.9300,8.1000,7.7600,7.8900,7.9300,969184,7649238.1600,3,0.868107,1,-0.504413,11.420294,-62.442422,23.963238,30.874258,0,-0.5044136191677207
2008-04-14,sz.000056,7.6000,7.7900,7.1000,7.1000,7.8900,1255999,9258929.9700,3,1.125010,1,-10.012670,10.276818,-56.190266,21.563877,27.782919,0,-10.012674271229404
2008-04-15,sz.000056,7.2000,7.3000,6.8100,7.2600,7.1000,977587,6841542.2600,3,0.875633,1,2.253526,10.508408,-57.456525,22.049823,28.409013,0,2.2535211267605604
2008-04-16,sz.000056,7.1200,7.3000,6.8800,6.9400,7.2600,1067895,7485526.1500,3,0.956523,1,-4.407716,10.045227,-54.924006,21.077930,27.156825,0,-4.407713498622579
2008-04-17,sz.000056,6.9100,7.0900,6.5000,6.6600,6.9400,1027243,6902258.4700,3,0.920111,1,-4.034585,9.639944,-52.708052,20.227524,26.061161,0,-4.034582132564846
2008-04-18,sz.000056,6.6900,6.6900,6.2500,6.4200,6.6600,1024531,6578824.4000,3,0.917682,1,-3.603600,9.292559,-50.808663,19.498604,25.122020,0,-3.603603603603611
2008-04-21,sz.000056,6.9900,7.0600,6.8100,7.0600,6.4200,3777917,26520544.8100,3,3.383914,1,9.968844,10.218920,-55.873701,21.442390,27.626396,0,9.968847352024923
2008-04-22,sz.000056,6.8700,7.7700,6.7800,7.7700,7.0600,5293730,39835299.4600,3,4.741642,1,10.056660,11.246602,-61.492728,23.598778,30.404688,0,10.056657223796028
2008-04-23,sz.000056,7.7700,8.1700,7.2800,7.9900,7.7700,4120242,31776788.7800,3,3.690538,1,2.831400,7.277126,25.483713,54.944516,1099.091265,0,2.8314028314028405
2008-04-24,sz.000056,8.4800,8.7900,8.1100,8.7600,7.9900,6301882,53733758.9000,3,5.644653,1,9.637053,7.978426,27.939591,60.239545,1205.011200,0,9.637046307884845
2008-04-25,sz.000056,8.4000,8.9400,8.2800,8.4100,8.7600,4243209,36188673.6200,3,3.800681,1,-3.995438,7.659653,26.823283,57.832714,1156.865775,0,-3.995433789954339
2008-04-28,sz.000056,8.3000,8.3800,7.9000,8.2500,8.4100,2623363,21304739.7300,3,2.349770,1,-1.902495,7.513928,26.312971,56.732448,1134.856438,0,-1.9024970273483932
2008-04-29,sz.000056,8.0900,8.5700,8.0200,8.3800,8.2500,1914427,16051475.7000,3,1.714770,1,1.575759,7.632330,26.727599,57.626414,1152.739024,0,1.575757575757586
2008-04-30,sz.000056,8.3800,8.9000,8.2000,8.8000,8.3800,2952302,25391271.2200,3,2.644404,1,5.011934,8.014857,28.067169,60.514611,1210.513534,0,5.011933174224348
2008-05-05,sz.000056,8.6500,8.9300,8.5400,8.8800,8.8000,3571597,31273832.7400,3,3.199112,1,0.909090,8.087719,28.322325,61.064744,1221.518202,0,0.9090909090909038
2008-05-06,sz.000056,8.7800,8.7800,8.4000,8.4700,8.8800,1925373,16563595.6200,3,1.724574,1,-4.617115,7.714300,27.014650,58.245313,1165.119276,0,-4.61711711711712
2008-05-07,sz.000056,8.5300,8.7600,8.4200,8.5000,8.4700,2479976,21334716.7600,3,2.221337,1,0.354188,7.741623,27.110333,58.451613,1169.246027,0,0.35419126328215533
2008-05-08,sz.000056,8.4000,8.9800,8.2000,8.9500,8.5000,2752621,23882136.9300,3,2.465547,1,5.294116,8.151474,28.545586,61.546110,1231.147287,0,5.294117647058805
2008-05-09,sz.000056,9.1000,9.2800,8.5300,8.8000,8.9500,1923014,16983090.2400,3,1.722461,1,-1.675973,8.014857,28.067169,60.514611,1210.513534,0,-1.6759776536312665
2008-05-12,sz.000056,8.7000,8.7900,8.3200,8.6100,8.8000,1363857,11687277.2600,3,1.221619,1,-2.159097,7.841809,27.461173,59.208046,1184.377446,0,-2.1590909090909216
2008-05-13,sz.000056,8.2200,8.6100,8.1400,8.3200,8.6100,1897387,15787344.4200,3,1.699507,1,-3.368176,7.577683,26.536232,57.213814,1144.485523,0,-3.3681765389082408
2008-05-14,sz.000056,8.2200,8.6500,8.1900,8.4200,8.3200,1512086,12800839.4800,3,1.354389,1,1.201928,7.668761,26.855177,57.901480,1158.241359,0,1.2019230769230616
2008-05-15,sz.000056,8.4200,8.7800,8.4200,8.5500,8.4200,1748705,15120708.3900,3,1.566331,1,1.543944,7.787162,27.269806,58.795446,1176.123945,0,1.5439429928741255
2008-05-16,sz.000056,8.5000,8.9000,8.5000,8.8400,8.5500,2492212,21748991.1700,3,2.232297,1,3.391812,8.051288,28.194747,60.789678,1216.015868,0,3.391812865497057
2008-05-19,sz.000056,8.7800,9.7200,8.6600,9.7200,8.8400,5629099,52666381.6000,3,5.042035,1,9.954752,8.852774,31.001464,66.841139,1337.067222,0,9.954751131221728
2008-05-20,sz.000056,9.7800,10.4800,9.5200,9.6300,9.7200,5852715,58563583.1800,3,5.242330,1,-0.925928,8.770804,30.714413,66.222239,1324.686969,0,-0.9259259259259189
2008-05-21,sz.000056,9.4000,10.0800,8.7500,10.0800,9.6300,3428648,31950050.3300,3,3.071071,1,4.672895,9.180654,32.149666,69.316736,1386.588230,0,4.672897196261672
2008-05-22,sz.000056,10.2500,10.2500,9.7000,9.7800,10.0800,3029007,30117084.3800,3,2.713109,1,-2.976192,8.907421,31.192831,67.253738,1345.320723,0,-2.976190476190488
2008-05-23,sz.000056,9.8000,9.8500,9.1900,9.2800,9.7800,2288430,21583571.6200,3,2.049767,1,-5.112474,8.452031,29.598105,63.815408,1276.541545,0,-5.112474437627812
2008-05-26,sz.000056,9.0800,9.3900,8.8000,9.1900,9.2800,1762263,15992865.3600,3,1.578475,1,-0.969829,8.370061,29.311055,63.196509,1264.161293,0,-0.969827586206895
2008-05-27,sz.000056,9.0000,9.5000,9.0000,9.3200,9.1900,1380034,12743750.7500,3,1.236109,1,1.414582,8.488462,29.725683,64.090475,1282.043879,0,1.414581066376508
2008-05-28,sz.000056,9.4900,9.7800,9.2100,9.6200,9.3200,1818808,17418356.0700,3,1.629123,1,3.218886,8.761696,30.682519,66.153473,1323.311386,0,3.218884120171661
2008-05-29,sz.000056,9.4800,9.6900,9.2900,9.3000,9.6200,1182518,11112523.9900,3,1.059192,1,-3.326400,8.470246,29.661894,63.952941,1279.292712,0,-3.3264033264033155
2008-05-30,sz.000056,9.2200,9.4200,9.1100,9.3600,9.3000,777010,7234884.5000,3,0.695975,1,0.645155,8.524893,29.853261,64.365541,1287.546213,0,0.6451612903225712
2008-06-02,sz.000056,9.1200,9.4900,9.1200,9.4100,9.3600,773511,7217815.4000,3,0.692841,1,0.534190,8.570432,30.012734,64.709374,1294.424131,0,0.5341880341880323
2008-06-03,sz.000056,9.3100,9.4000,8.9600,9.2500,9.4100,1399229,12719636.5900,3,1.253302,1,-1.700317,8.424708,29.502422,63.609108,1272.414794,0,-1.7003188097768351
2008-06-04,sz.000056,9.2400,9.2500,8.9400,9.0100,9.2500,733700,6659861.6300,3,0.657182,1,-2.594592,8.206121,28.736953,61.958710,1239.400789,0,-2.5945945945946014
2008-06-05,sz.000056,9.1400,9.9100,9.0100,9.7800,9.0100,3624582,35163190.2300,3,3.246571,1,8.546055,8.907421,31.192831,67.253738,1345.320723,0,8.546059933407314
2008-06-06,sz.000056,9.7000,9.9500,9.3000,9.4300,9.7800,2497481,24223146.9100,3,2.237016,1,-3.578726,8.588648,30.076523,64.846907,1297.175298,0,-3.578732106339466
2008-06-10,sz.000056,9.3000,10.3300,8.8000,9.7000,9.4300,6480066,63022463.6100,3,5.804254,1,2.863197,8.834558,30.937675,66.703606,1334.316054,0,2.8632025450689325
2008-06-11,sz.000056,9.6800,10.6700,9.3500,10.6700,9.7000,9691995,99444828.7400,3,8.681207,1,10.000000,9.718014,34.031442,73.373966,1467.747660,0,10.000000000000009
2008-06-12,sz.000056,9.6000,10.5800,9.6000,9.7800,10.6700,8844203,88727377.9700,3,7.921832,1,-8.341146,8.907421,31.192831,67.253738,1345.320723,0,-8.341143392689787
2008-06-13,sz.000056,9.7800,9.7800,8.8000,8.8000,9.7800,4162990,37871509.2600,3,3.728828,1,-10.020440,8.014857,28.067169,60.514611,1210.513534,0,-10.020449897750494
2008-06-16,sz.000056,8.2100,8.2800,7.9200,7.9200,8.8000,4111348,32782242.8100,3,3.682572,1,-10.000000,7.213371,25.260452,54.463150,1089.462181,0,-10.000000000000009
2008-06-17,sz.000056,7.7200,7.7200,7.1300,7.1300,7.9200,2357382,17105243.8400,3,2.111528,1,-9.974747,6.493856,22.740786,49.030588,980.791079,0,-9.974747474747481
2008-06-18,sz.000056,6.8000,7.5000,6.4500,7.2600,7.1300,3858666,26965207.8000,3,3.456242,1,1.823284,6.612257,23.155414,49.924554,998.673665,0,1.8232819074333717
2008-06-19,sz.000056,7.0500,7.0500,6.5300,6.5300,7.2600,2349315,15825520.9100,3,2.104303,1,-10.055100,5.947388,20.827115,44.904592,898.256066,0,-10.055096418732779
2008-06-20,sz.000056,6.1900,7.0000,6.0000,6.3000,6.5300,2382880,15567402.7100,3,2.134367,1,-3.522205,5.737909,20.093541,43.322960,866.617644,0,-3.522205206738138
2008-06-23,sz.000056,6.4000,6.4500,5.6700,5.7300,6.3000,2172873,12981057.0000,3,1.946262,1,-9.047622,5.218765,18.275554,39.403264,788.209381,0,-9.047619047619037
2008-06-24,sz.000056,5.6000,6.0900,5.5800,6.0000,5.7300,1735983,10158382.8800,3,1.554936,1,4.712041,5.464675,19.136706,41.259962,825.350137,0,4.712041884816753
2008-06-25,sz.000056,6.3000,6.4800,5.9900,6.3300,6.0000,1768832,11106396.1400,3,1.584359,1,5.499999,5.765232,20.189225,43.529260,870.744394,0,5.499999999999994
2008-06-26,sz.000056,6.3300,6.9600,6.2000,6.8500,6.3300,3625064,24297655.2500,3,3.247003,1,8.214850,6.238837,21.847739,47.105123,942.274739,0,8.214849921011048
2008-06-27,sz.000056,6.8500,6.8500,6.8500,6.8500,6.8500,0,0.0000,3,,0,0.000000,6.238837,21.847739,47.105123,942.274739,0,0.0
2008-06-30,sz.000056,6.1700,6.8400,6.1700,6.4300,6.8500,2631253,16933282.2800,3,2.356837,1,-6.131388,5.856310,20.508170,44.216926,884.500230,0,-6.13138686131387
2008-07-01,sz.000056,6.4400,6.5000,5.9200,5.9500,6.4300,1609093,9804381.6600,3,1.441279,1,-7.465008,5.419136,18.977233,40.916129,818.472219,0,-7.4650077760497595
2008-07-02,sz.000056,6.0700,6.1500,5.8500,5.9300,5.9500,1124363,6746988.0100,3,1.007102,1,-0.336134,5.400921,18.913444,40.778596,815.721052,0,-0.3361344537815225
2008-07-03,sz.000056,5.8100,6.3200,5.7000,6.1700,5.9300,1424563,8633644.9000,3,1.275994,1,4.047222,5.619508,19.678913,42.428994,848.735057,0,4.04721753794266
2008-07-04,sz.000056,6.0800,6.3400,6.0200,6.1500,6.1700,1133993,6965108.0600,3,1.015728,1,-0.324149,5.601292,19.615124,42.291461,845.983890,0,-0.32414910858994395
2008-07-07,sz.000056,6.1000,6.5300,6.1000,6.4800,6.1500,1967197,12606277.6400,3,1.762036,1,5.365852,5.901849,20.667642,44.560759,891.378148,0,5.36585365853659
2008-07-08,sz.000056,6.5500,6.8000,6.4000,6.6400,6.4800,1793336,11807095.7900,3,1.606307,1,2.469133,6.047574,21.177955,45.661025,913.387485,0,2.4691358024691246
2008-07-09,sz.000056,6.6400,6.9800,6.6400,6.8100,6.6400,2226687,15143545.2000,3,1.994464,1,2.560242,6.202406,21.720161,46.830057,936.772405,0,2.5602409638554313
2008-07-10,sz.000056,6.7100,6.9400,6.5800,6.5800,6.8100,2667513,18027253.6300,3,2.389315,1,-3.377387,5.992927,20.986588,45.248425,905.133983,0,-3.3773861967694496
2008-07-11,sz.000056,6.5600,6.6700,6.1000,6.3100,6.5800,1838282,11600085.1900,3,1.646566,1,-4.103343,5.747017,20.125436,43.391727,867.993227,0,-4.103343465045595
2008-07-14,sz.000056,6.2200,6.4500,6.2200,6.4400,6.3100,1101532,6999694.9000,3,0.986652,1,2.060224,5.865418,20.540064,44.285693,885.875813,0,2.0602218700475516
2008-07-15,sz.000056,6.5100,6.9600,6.4400,6.5800,6.4400,2879571,19246489.8600,3,2.579258,1,2.173911,5.992927,20.986588,45.248425,905.133983,0,2.1739130434782483
2008-07-16,sz.000056,6.2200,6.4400,5.9800,6.1000,6.5800,1879300,11661146.4200,3,1.683306,1,-7.294833,5.555753,19.455651,41.947628,839.105972,0,-7.294832826747721
2008-07-17,sz.000056,6.1400,6.3400,6.0100,6.1000,6.1000,1229606,7600641.4500,3,1.101369,1,0.000000,5.555753,19.455651,41.947628,839.105972,0,0.0
2008-07-18,sz.000056,6.1300,6.3400,6.0100,6.3000,6.1000,856605,5283665.6100,3,0.767269,1,3.278693,5.737909,20.093541,43.322960,866.617644,0,3.2786885245901676
2008-07-21,sz.000056,6.2900,6.6400,6.1500,6.6000,6.3000,1744647,11364734.6400,3,1.562696,1,4.761900,6.011143,21.050377,45.385958,907.885150,0,4.761904761904767
2008-07-22,sz.000056,6.6200,6.7000,6.3900,6.5500,6.6000,1480151,9623293.9100,3,1.325785,1,-0.757571,5.965604,20.890904,45.042125,901.007233,0,-0.7575757575757569
2008-07-23,sz.000056,6.6400,6.8700,6.4800,6.6700,6.5500,2838855,18966450.9900,3,2.542788,1,1.832059,6.074897,21.273638,45.867325,917.514235,0,1.8320610687022842
2008-07-24,sz.000056,6.6900,6.8900,6.6700,6.7600,6.6700,2442399,16556815.9400,3,2.187679,1,1.349328,6.156867,21.560689,46.486224,929.894487,0,1.3493253373313419
2008-07-25,sz.000056,6.7500,6.7500,6.5000,6.5900,6.7600,1824923,12000528.0700,3,1.634600,1,-2.514794,6.002035,21.018482,45.317192,906.509567,0,-2.51479289940828
2008-07-28,sz.000056,6.6000,7.0600,6.6000,7.0600,6.5900,3394242,23227045.5700,3,3.040253,1,7.132015,6.430101,22.517524,48.549222,971.161994,0,7.132018209408186
2008-07-29,sz.000056,6.9900,6.9900,6.7300,6.8300,7.0600,2022202,13804930.9000,3,1.811305,1,-3.257791,6.220622,21.783950,46.967590,939.523572,0,-3.257790368271951
2008-07-30,sz.000056,6.8300,7.0000,6.5700,6.6500,6.8300,1615106,10933834.6000,3,1.446665,1,-2.635429,6.056682,21.209849,45.729791,914.763068,0,-2.6354319180087793
2008-07-31,sz.000056,6.5800,7.0900,6.5800,6.8200,6.6500,4073797,28003585.0200,3,3.648937,1,2.556392,6.211514,21.752056,46.898824,938.147989,0,2.556390977443601
2008-08-01,sz.000056,6.7600,6.8500,6.1400,6.8100,6.8200,1975506,13004820.4100,3,1.769479,1,-0.146600,6.202406,21.720161,46.830057,936.772405,0,-0.14662756598241566
2008-08-04,sz.000056,6.7000,6.7800,6.4000,6.4200,6.8100,779839,5132397.6500,3,0.698509,1,-5.726900,5.847202,20.476275,44.148160,883.124646,0,-5.726872246696035
2008-08-05,sz.000056,6.4000,7.0000,6.3900,6.5800,6.4200,3068445,20705443.6600,3,2.748434,1,2.492200,5.992927,20.986588,45.248425,905.133983,0,2.492211838006231
2008-08-06,sz.000056,6.4800,6.5900,6.2500,6.4700,6.5800,1498672,9654225.1300,3,1.342374,1,-1.671700,5.892741,20.635748,44.491993,890.002564,0,-1.6717325227963542
2008-08-07,sz.000056,6.4000,6.8500,6.3700,6.8500,6.4700,1802492,12064745.2000,3,1.614508,1,5.873300,6.238837,21.847739,47.105123,942.274739,0,5.873261205564151
2008-08-08,sz.000056,6.8000,7.2000,6.7000,6.8000,6.8500,5936580,41459958.1800,3,5.317448,1,-0.729900,6.193299,21.688267,46.761290,935.396822,0,-0.7299270072992692
2008-08-11,sz.000056,6.8000,6.9000,6.1200,6.1200,6.8000,2510136,15721775.2700,3,2.248351,1,-10.000000,5.573969,19.519440,42.085161,841.857139,0,-9.999999999999998
2008-08-12,sz.000056,5.9400,5.9700,5.5100,5.5200,6.1200,3098322,17391329.6200,3,2.775195,1,-9.803900,5.027501,17.605770,37.959165,759.322126,0,-9.80392156862746
2008-08-13,sz.000056,5.5200,5.5600,5.0500,5.5500,5.5200,1301456,6904204.3700,3,1.165726,1,0.543500,5.054825,17.701453,38.165465,763.448877,0,0.5434782608695787
2008-08-14,sz.000056,5.4200,5.5400,5.1000,5.3900,5.5500,976442,5245824.5000,3,0.874608,1,-2.882900,4.909100,17.191141,37.065199,741.439540,0,-2.8828828828828867
2008-08-15,sz.000056,5.2500,5.4400,5.1600,5.2800,5.3900,1251822,6600887.7000,3,1.121268,1,-2.040800,4.808914,16.840301,36.308767,726.308120,0,-2.0408163265306034
2008-08-18,sz.000056,5.3300,5.3300,4.7500,4.7500,5.2800,1171598,5814635.2700,3,1.049411,1,-10.037900,4.326201,15.149892,32.664137,653.402192,0,-10.037878787878796
2008-08-19,sz.000056,4.5400,4.8800,4.5400,4.7500,4.7500,618000,2938203.4100,3,0.553548,1,0.000000,4.326201,15.149892,32.664137,653.402192,0,0.0
2008-08-20,sz.000056,4.7500,5.1800,4.5800,5.1200,4.7500,2149306,10719452.1500,3,1.925153,1,7.789500,4.663189,16.329989,35.208501,704.298783,0,7.789473684210524
2008-08-21,sz.000056,5.0700,5.1300,4.7500,4.7500,5.1200,1615370,7942303.6000,3,1.446901,1,-7.226600,4.326201,15.149892,32.664137,653.402192,0,-7.2265625
2008-08-22,sz.000056,4.7400,4.8000,4.6000,4.7500,4.7500,808781,3820292.8100,3,0.724432,1,0.000000,4.326201,15.149892,32.664137,653.402192,0,0.0
2008-08-25,sz.000056,4.8000,4.9500,4.7500,4.8500,4.7500,1311213,6338217.1000,3,1.174465,1,2.105300,4.417279,15.468837,33.351803,667.158027,0,2.105263157894721
2008-08-26,sz.000056,4.7400,4.7900,4.3700,4.4200,4.8500,1338699,5993028.9400,3,1.199085,1,-8.866000,4.025644,14.097373,30.394839,608.007934,0,-8.865979381443289
2008-08-27,sz.000056,4.4200,4.5200,4.1900,4.3000,4.4200,876309,3801827.1000,3,0.784918,1,-2.714900,3.875958,12.754449,38.197111,-5.544022,0,-2.714932126696834
2008-08-28,sz.000056,4.2300,4.3900,4.2300,4.3300,4.3000,515407,2221577.3400,3,0.461655,1,0.697700,3.903000,12.843433,38.463602,-5.582701,0,0.6976744186046657
2008-08-29,sz.000056,4.3800,4.5700,4.3100,4.4800,4.3300,1094821,4878571.8100,3,0.980641,1,3.464200,4.038208,13.288356,39.796060,-5.776097,0,3.4642032332563577
2008-09-01,sz.000056,4.4800,4.6600,4.3000,4.6200,4.4800,1550157,6951798.8500,3,1.388490,1,3.125000,4.164402,13.703617,41.039686,-5.956600,0,3.125
2008-09-02,sz.000056,4.9900,5.0800,4.8500,5.0800,4.6200,3168996,15934112.9900,3,2.838498,1,9.956700,4.579039,15.068046,45.125889,-6.549681,0,9.956709956709965
2008-09-03,sz.000056,5.3600,5.4800,4.8000,4.9000,5.0800,6206512,32090187.1600,3,5.559229,1,-3.543300,4.416790,14.534139,43.526940,-6.317606,0,-3.543307086614167
2008-09-04,sz.000056,4.6100,4.8700,4.4800,4.7000,4.9000,3008587,13963095.2600,3,2.694819,1,-4.081600,4.236512,13.940909,41.750330,-6.059744,0,-4.081632653061229
2008-09-05,sz.000056,4.4400,4.5700,4.2300,4.2700,4.7000,2149286,9461753.5900,3,1.925135,1,-9.148900,3.848917,12.665464,37.930619,-5.505342,0,-9.148936170212774
2008-09-08,sz.000056,4.2400,4.4900,4.2400,4.2800,4.2700,2113588,9180519.8800,3,1.893160,1,0.234200,3.857931,12.695126,38.019450,-5.518235,0,0.23419203747074846
2008-09-09,sz.000056,4.3000,4.3900,4.0000,4.2300,4.2800,1284189,5377222.1300,3,1.150260,1,-1.168200,3.812861,12.546818,37.575297,-5.453770,0,-1.1682242990654124
2008-09-10,sz.000056,4.1100,4.3700,4.1100,4.3000,4.2300,1311969,5591050.1800,3,1.175142,1,1.654800,3.875958,12.754449,38.197111,-5.544022,0,1.6548463356973908
2008-09-11,sz.000056,4.2500,4.3000,4.0500,4.0800,4.3000,1006617,4169415.0400,3,0.901636,1,-5.116300,3.677653,12.101896,36.242840,-5.260374,0,-5.116279069767438
2008-09-12,sz.000056,4.1400,4.2100,4.0400,4.0900,4.0800,1101599,4533760.5500,3,0.986712,1,0.245100,3.686667,12.131557,36.331670,-5.273267,0,0.2450980392156854
2008-09-16,sz.000056,4.0400,4.0600,3.6900,3.7700,4.0900,1895991,7309322.7100,3,1.698256,1,-7.824000,3.398224,11.182389,33.489095,-4.860689,0,-7.823960880195591
2008-09-17,sz.000056,3.7100,3.8300,3.6400,3.6700,3.7700,1070013,4001125.7000,3,0.958420,1,-2.652500,3.308085,10.885774,32.600790,-4.731758,0,-2.652519893899208
2008-09-18,sz.000056,3.6000,3.6000,3.3000,3.4700,3.6700,1584575,5422986.8500,3,1.419318,1,-5.449600,3.127808,10.292543,30.824180,-4.473896,0,-5.449591280653943
2008-09-19,sz.000056,3.7600,3.8200,3.7000,3.8200,3.4700,1698834,6451424.8400,3,1.521661,1,10.086500,3.443293,11.330696,33.933247,-4.925154,0,10.086455331412104
2008-09-22,sz.000056,4.0400,4.2000,3.8200,3.9800,3.8200,3614593,14582117.2900,3,3.237624,1,4.188500,3.587515,11.805280,35.354535,-5.131443,0,4.188481675392675
2008-09-23,sz.000056,3.8300,3.8300,3.5900,3.6100,3.9800,1917875,7069730.7700,3,1.717858,1,-9.296500,3.254002,10.707805,32.067807,-4.654399,0,-9.296482412060303
2008-09-24,sz.000056,3.4600,3.7300,3.4600,3.7200,3.6100,1122946,4069129.3000,3,1.005833,1,3.047100,3.353155,11.034081,33.044942,-4.796223,0,3.0470914127423976
2008-09-25,sz.000056,3.7200,4.0900,3.6800,3.9800,3.7200,3275226,12760116.6700,3,2.933649,1,6.989200,3.587515,11.805280,35.354535,-5.131443,0,6.989247311827951
2008-09-26,sz.000056,3.9800,4.0000,3.8000,3.9200,3.9800,2016538,7842841.6000,3,1.806231,1,-1.507500,3.533432,11.627311,34.821552,-5.054085,0,-1.5075376884422176
2008-10-06,sz.000056,3.9800,3.9800,3.8000,3.8000,3.9200,1636956,6398993.5200,3,1.466236,1,-3.061200,3.425265,11.271373,33.755586,-4.899368,0,-3.0612244897959218
2008-10-07,sz.000056,3.6500,3.8600,3.5200,3.8500,3.8000,1283723,4814874.9500,3,1.149842,1,1.315800,3.470335,11.419681,34.199739,-4.963833,0,1.3157894736842257
2008-10-08,sz.000056,3.7600,3.8300,3.6700,3.7000,3.8500,1295390,4856208.5500,3,1.160293,1,-3.896100,3.335127,10.974758,32.867281,-4.770437,0,-3.8961038961038974
2008-10-09,sz.000056,3.8000,3.8200,3.6300,3.8000,3.7000,1134351,4249956.4500,3,1.016048,1,2.702700,3.425265,11.271373,33.755586,-4.899368,0,2.7027027027026973
2008-10-10,sz.000056,3.6000,3.6800,3.4200,3.4200,3.8000,1165400,4060795.0500,3,1.043859,1,-10.000000,3.082739,10.144236,30.380028,-4.409431,0,-9.999999999999998
2008-10-13,sz.000056,3.4200,3.4400,3.1100,3.4400,3.4200,1026672,3371856.1000,3,0.919599,1,0.584800,3.100767,10.203559,30.557689,-4.435217,0,0.5847953216374213
2008-10-14,sz.000056,3.5600,3.5800,3.2500,3.2800,3.4400,1384800,4755608.8400,3,1.240378,1,-4.651200,2.956545,9.728975,29.136401,-4.228928,0,-4.651162790697683
2008-10-15,sz.000056,3.2000,3.6100,3.2000,3.6100,3.2800,4336229,15181000.7400,3,3.883999,1,10.061000,3.254002,10.707805,32.067807,-4.654399,0,10.060975609756095
2008-10-16,sz.000056,3.5000,3.9700,3.4000,3.7800,3.6100,8148026,31067436.7900,3,7.298260,1,4.709100,3.407238,11.212050,33.577925,-4.873582,0,4.709141274238227
2008-10-17,sz.000056,3.7800,3.9500,3.6500,3.7400,3.7800,2730027,10400853.5900,3,2.445310,1,-1.058200,3.371182,11.093404,33.222603,-4.822009,0,-1.058201058201047
2008-10-20,sz.000056,3.7700,3.8500,3.6200,3.8300,3.7400,2267404,8567303.4800,3,2.030934,1,2.406400,3.452307,11.360358,34.022078,-4.938047,0,2.4064171122994527
2008-10-21,sz.000056,3.8100,3.9800,3.7500,3.8600,3.8300,2329982,8998107.9500,3,2.086986,1,0.783300,3.479349,11.449342,34.288569,-4.976726,0,0.7832898172323688
2008-10-22,sz.000056,3.7600,3.8900,3.5300,3.5500,3.8600,1334918,4947043.2200,3,1.195698,1,-8.031100,3.199919,10.529836,31.534824,-4.577041,0,-8.031088082901562
2008-10-23,sz.000056,3.4600,3.5600,3.4300,3.5300,3.5500,864649,3011603.9800,3,0.774474,1,-0.563400,3.181891,10.470513,31.357163,-4.551255,0,-0.5633802816901401
2008-10-24,sz.000056,3.4100,3.6600,3.4100,3.4400,3.5300,497079,1752425.4500,3,0.445238,1,-2.549600,3.100767,10.203559,30.557689,-4.435217,0,-2.5495750708215303
2008-10-27,sz.000056,3.3800,3.4400,3.1200,3.1300,3.4400,854605,2767822.5400,3,0.765477,1,-9.011600,2.835336,8.909568,35.038796,75.057062,0,-9.011627906976749
2008-10-28,sz.000056,3.0100,3.2900,3.0100,3.2500,3.1300,887494,2823209.8000,3,0.794936,1,3.833900,2.944039,9.251149,36.382136,77.934649,0,3.833865814696491
2008-10-29,sz.000056,3.2500,3.4000,3.2500,3.3200,3.2500,1040786,3464755.5000,3,0.932241,1,2.153800,3.007449,9.450405,37.165751,79.613241,0,2.1538461538461506
2008-10-30,sz.000056,3.3500,3.4200,3.2900,3.3600,3.3200,565444,1897426.7100,3,0.506473,1,1.204800,3.043683,9.564265,37.613531,80.572437,0,1.2048192771084265
2008-10-31,sz.000056,3.3000,3.6500,3.3000,3.5400,3.3600,1603560,5628688.6200,3,1.436323,1,5.357100,3.206738,10.076636,39.628542,84.888817,0,5.35714285714286
2008-11-03,sz.000056,3.5500,3.8900,3.4500,3.8700,3.5400,2800427,10557038.5500,3,2.508368,1,9.322000,3.505671,11.015984,43.322728,92.802182,0,9.322033898305083
2008-11-04,sz.000056,3.9200,4.1000,3.7800,3.8900,3.8700,3591773,14192421.3800,3,3.217183,1,0.516800,3.523788,11.072914,43.546618,93.281780,0,0.5167958656330685
2008-11-05,sz.000056,3.9200,4.1900,3.8400,4.1400,3.8900,3458064,13844196.6700,3,3.097419,1,6.426700,3.750253,11.784541,46.345244,99.276753,0,6.426735218508983
2008-11-06,sz.000056,4.0200,4.2400,3.9000,4.1200,4.1400,2625860,10645575.3300,3,2.352006,1,-0.483100,3.732136,11.727610,46.121354,98.797155,0,-0.48309178743960457
2008-11-07,sz.000056,4.0000,4.5300,4.0000,4.5300,4.1200,5566237,24651920.8200,3,4.985729,1,9.951500,4.103537,12.894678,50.711100,108.628910,0,9.951456310679617
2008-11-10,sz.000056,4.5900,4.9100,4.4500,4.8800,4.5300,3757482,17805998.3800,3,3.365611,1,7.726300,4.420588,13.890956,54.629177,117.021873,0,7.726269315673284
2008-11-11,sz.000056,4.8000,4.8800,4.6700,4.6700,4.8800,3565262,16988883.3800,3,3.193437,1,-4.303300,4.230358,13.293189,52.278331,111.986095,0,-4.303278688524593
2008-11-12,sz.000056,4.6700,4.7900,4.4200,4.6200,4.6700,2556927,11690645.5000,3,2.290263,1,-1.070700,4.185065,13.150864,51.718606,110.787101,0,-1.0706638115631661
2008-11-13,sz.000056,4.5700,5.0800,4.5300,4.9700,4.6200,5003393,24714090.1600,3,4.481584,1,7.575800,4.502115,14.147142,55.636682,119.180063,0,7.575757575757569
2008-11-14,sz.000056,5.0200,5.4700,4.9000,5.4700,4.9700,6417947,33991381.8000,3,5.748613,1,10.060400,4.955044,15.570395,61.233934,131.170009,0,10.060362173038229
2008-11-17,sz.000056,5.5000,5.5900,5.1000,5.5100,5.4700,8532535,46033655.3400,3,7.642669,1,0.731300,4.991278,15.684256,61.681714,132.129205,0,0.7312614259597838
2008-11-18,sz.000056,5.3500,5.5500,4.9600,4.9600,5.5100,3895680,20421003.6100,3,3.489396,1,-9.981900,4.493056,14.118677,55.524737,118.940264,0,-9.981851179673317
2008-11-19,sz.000056,4.8000,5.2600,4.5700,5.2000,4.9600,4254464,21003214.6900,3,3.810762,1,4.838700,4.710462,14.801838,58.211418,124.695438,0,4.8387096774193505
2008-11-20,sz.000056,4.9900,5.1700,4.7500,4.8800,5.2000,2942974,14579902.9400,3,2.636048,1,-6.153800,4.420588,13.890956,54.629177,117.021873,0,-6.153846153846154
2008-11-21,sz.000056,4.7000,4.9900,4.6000,4.7300,4.8800,2598136,12361483.7600,3,2.327174,1,-3.073800,4.284709,13.463980,52.950001,113.424889,0,-3.0737704918032627
2008-11-24,sz.000056,4.7800,4.9900,4.7100,4.8600,4.7300,3234369,15866684.9500,3,2.897054,1,2.748400,4.402471,13.834026,54.405287,116.542275,0,2.74841437632134
2008-11-25,sz.000056,4.8900,5.0000,4.6000,4.7700,4.8600,1630545,7842736.3700,3,1.460494,1,-1.851900,4.320943,13.577840,53.397781,114.384085,0,-1.8518518518518712
2008-11-26,sz.000056,4.6400,4.9000,4.6400,4.7900,4.7700,1637040,7869413.8100,3,1.466312,1,0.419300,4.339061,13.634770,53.621671,114.863682,0,0.41928721174004924
2008-11-27,sz.000056,5.1200,5.1200,4.7600,4.7600,4.7900,2172599,10706570.6400,3,1.946017,1,-0.626300,4.311885,13.549375,53.285836,114.144286,0,-0.6263048016701522
2008-11-28,sz.000056,4.7200,4.7800,4.3500,4.4400,4.7600,1775770,8130079.2500,3,1.590573,1,-6.722700,4.022010,12.638493,49.703595,106.470720,0,-6.722689075630239
2008-12-01,sz.000056,4.4400,4.4400,4.4400,4.4400,4.4400,0,0.0000,3,,0,0.000000,4.022010,12.638493,49.703595,106.470720,0,0.0
2008-12-02,sz.000056,4.5200,4.8800,4.5200,4.8800,4.4400,3197317,15170284.8100,3,2.863866,1,9.909900,4.420588,13.890956,54.629177,117.021873,0,9.909909909909898
2008-12-03,sz.000056,4.9000,5.2000,4.9000,5.1000,4.8800,3811487,19434282.2900,3,3.413983,1,4.508200,4.619877,14.517188,57.091967,122.297449,0,4.508196721311464
2008-12-04,sz.000056,5.1300,5.2200,4.9900,5.0100,5.1000,4370088,22278493.2400,3,3.914327,1,-1.764700,4.538349,14.261002,56.084462,120.139259,0,-1.764705882352935
2008-12-05,sz.000056,4.9800,5.1600,4.9300,5.1300,5.0100,2263931,11448848.2200,3,2.027823,1,2.395200,4.647052,14.602583,57.427802,123.016846,0,2.39520958083832
2008-12-08,sz.000056,5.2000,5.6000,5.0600,5.5700,5.1300,5532679,29801399.9900,3,4.955671,1,8.577000,5.045630,15.855046,62.353384,133.567998,0,8.57699805068226
2008-12-09,sz.000056,5.4900,5.5200,5.2600,5.2800,5.5700,3114864,16760295.3400,3,2.790012,1,-5.206500,4.782931,15.029559,59.106978,126.613829,0,-5.206463195691202
2008-12-10,sz.000056,5.2600,5.7000,5.2100,5.5800,5.2800,3842119,21103043.2200,3,3.441421,1,5.681800,5.054688,15.883511,62.465329,133.807797,0,5.681818181818188
2008-12-11,sz.000056,5.5000,5.8900,5.4000,5.4200,5.5800,3468910,19705564.6200,3,3.107134,1,-2.867400,4.909751,15.428070,60.674208,129.971014,0,-2.8673835125448077
2008-12-12,sz.000056,5.4100,5.7000,5.2000,5.4000,5.4200,3226102,17606808.8300,3,2.889649,1,-0.369000,4.891634,15.371140,60.450318,129.491416,0,-0.36900369003689537
2008-12-15,sz.000056,5.4700,5.9400,5.3100,5.9400,5.4000,6977327,40159616.2500,3,6.249655,1,10.000000,5.380797,16.908254,66.495350,142.440558,0,10.000000000000009
2008-12-16,sz.000056,5.9300,6.2500,5.7700,5.8700,5.9400,6399178,38455602.7400,3,5.731801,1,-1.178500,5.317387,16.708998,65.711735,140.761966,0,-1.1784511784511786
2008-12-17,sz.000056,6.0300,6.4600,6.0300,6.4600,5.8700,2759714,17520813.1200,3,2.471901,1,10.051100,5.851844,18.388438,72.316492,154.910102,0,10.051107325383303
2008-12-18,sz.000056,6.6300,7.1100,6.3900,6.4300,6.4600,9901134,66578214.6200,3,8.868535,1,-0.464400,5.824668,18.303042,71.980657,154.190705,0,-0.4643962848297267
2008-12-19,sz.000056,6.3700,6.8300,6.2500,6.5200,6.4300,5568735,36390697.9000,3,4.987966,1,1.399700,5.906195,18.559228,72.988162,156.348895,0,1.3996889580093264
2008-12-22,sz.000056,6.4600,7.0500,6.1000,6.8100,6.5200,6658183,43218841.8900,3,5.963795,1,4.447900,6.168894,19.384715,76.234568,163.303064,0,4.447852760736204
2008-12-23,sz.000056,6.7100,6.8800,6.4000,6.4500,6.8100,4398996,29364832.6400,3,3.940220,1,-5.286300,5.842785,18.359973,72.204547,154.670303,0,-5.286343612334798
2008-12-24,sz.000056,6.4200,6.4500,5.8900,6.0500,6.4500,3303037,20476957.8500,3,2.958560,1,-6.201600,5.480442,17.221370,67.726746,145.078346,0,-6.2015503875969
2008-12-25,sz.000056,6.0500,6.2300,5.7100,5.8200,6.0500,2325574,13797702.7400,3,2.083038,1,-3.801700,5.272094,16.566673,65.152010,139.562971,0,-3.8016528925619797
2008-12-26,sz.000056,5.8200,6.3800,5.8000,6.1200,5.8200,3770726,23204519.2700,3,3.377473,1,5.154600,5.543852,17.420625,68.510361,146.756939,0,5.154639175257736
2008-12-29,sz.000056,6.0500,6.1700,5.8200,6.1200,6.1200,1581802,9413190.2600,3,1.416834,1,0.000000,5.543852,17.420625,68.510361,146.756939,0,0.0
2008-12-30,sz.000056,6.1200,6.2000,5.9100,6.0400,6.1200,1407258,8475795.5700,3,1.260494,1,-1.307200,5.471383,17.192905,67.614801,144.838547,0,-1.3071895424836666
2008-12-31,sz.000056,6.0400,6.2600,5.8900,5.9100,6.0400,2218522,13516670.9000,3,1.987150,1,-2.152300,5.353622,16.822859,66.159515,141.721161,0,-2.1523178807946963
2009-01-05,sz.000056,6.0100,6.1800,5.9400,6.1500,5.9100,2142198,12987746.7600,3,1.918786,1,4.060900,5.571028,17.506020,68.846196,147.476335,0,4.0609137055837685
2009-01-06,sz.000056,6.0500,6.6600,5.9200,6.4500,6.1500,4110400,25875536.2100,3,3.681722,1,4.878000,5.842785,18.359973,72.204547,154.670303,0,4.878048780487809
2009-01-07,sz.000056,6.4300,6.5400,6.2800,6.3400,6.4500,2668682,17060982.7800,3,2.390363,1,-1.705400,5.743141,18.046857,70.973152,152.032515,0,-1.705426356589157
2009-01-08,sz.000056,6.2000,6.3800,6.1300,6.2200,6.3400,1517511,9523479.1600,3,1.359248,1,-1.892700,5.634438,17.705276,69.629811,149.154928,0,-1.8927444794952675
2009-01-09,sz.000056,6.1500,6.3900,6.1500,6.3000,6.2200,1897439,11939180.7400,3,1.699553,1,1.286200,5.706906,17.932996,70.525371,151.073319,0,1.2861736334405238
2009-01-12,sz.000056,6.2800,6.4700,6.2300,6.2600,6.3000,2079670,13162042.0100,3,1.862779,1,-0.634900,5.670672,17.819136,70.077591,150.114124,0,-0.6349206349206327
2009-01-13,sz.000056,6.2600,6.2900,5.8900,5.9500,6.2600,2531300,15284628.9400,3,2.267308,1,-4.952100,5.389856,16.936719,66.607295,142.680357,0,-4.9520766773162865
2009-01-14,sz.000056,5.9200,6.2000,5.9200,6.1300,5.9500,1602039,9712785.2900,3,1.434961,1,3.025200,5.552910,17.449090,68.622306,146.996738,0,3.0252100840336027
2009-01-15,sz.000056,6.0800,6.1800,5.8800,6.0700,6.1300,2899589,17443445.5600,3,2.597188,1,-0.978800,5.498559,17.278300,67.950636,145.557944,0,-0.9787928221859588
2009-01-16,sz.000056,6.0800,6.1400,6.0100,6.0500,6.0700,2704248,16442061.1700,3,2.422219,1,-0.329500,5.480442,17.221370,67.726746,145.078346,0,-0.32948929159802853
2009-01-19,sz.000056,6.1100,6.6200,6.0400,6.5500,6.0500,5889016,37623475.0700,3,4.953239,1,8.264500,5.933371,18.644623,73.323997,157.068292,0,8.264462809917351
2009-01-20,sz.000056,6.4200,6.5500,6.2100,6.3200,6.5500,2911030,18486183.4500,3,2.448461,1,-3.511500,5.725024,17.989927,70.749261,151.552917,0,-3.511450381679382
2009-01-21,sz.000056,6.2100,6.3600,6.0200,6.1100,6.3200,2334234,14433291.0800,3,1.963319,1,-3.322800,5.534793,17.392160,68.398416,146.517140,0,-3.322784810126578
2009-01-22,sz.000056,6.1300,6.2900,6.1300,6.1800,6.1100,1477168,9153018.5900,3,1.242443,1,1.145700,5.598203,17.591416,69.182031,148.195732,0,1.1456628477904962
2009-01-23,sz.000056,6.2800,6.2800,5.9500,5.9800,6.1800,2122039,12865918.5000,3,1.784842,1,-3.236243,5.417032,17.022114,66.943130,143.399754,0,-3.2362459546925404
2009-02-02,sz.000056,6.0700,6.1500,5.9600,6.1000,5.9800,1580276,9543082.4800,3,1.329167,1,2.006700,5.525735,17.363695,68.286471,146.277341,0,2.006688963210679
2009-02-03,sz.000056,6.1000,6.3800,6.0500,6.2900,6.1000,3477408,21591706.0300,3,2.924840,1,3.114800,5.697848,17.904531,70.413426,150.833520,0,3.1147540983606614
2009-02-04,sz.000056,6.2500,6.4700,6.2500,6.3700,6.2900,2973453,18875707.2400,3,2.500965,1,1.271900,5.770316,18.132252,71.308987,152.751912,0,1.2718600953895098
2009-02-05,sz.000056,6.3700,6.7700,6.3500,6.6000,6.3700,7709456,50672481.4400,3,6.484407,1,3.610700,5.978664,18.786949,73.883722,158.267287,0,3.610675039246458
2009-02-06,sz.000056,6.6100,6.7400,6.5100,6.7300,6.6000,5143976,34280882.5400,3,4.326587,1,1.969700,6.096425,19.156995,75.339008,161.384673,0,1.9696969696969768
2009-02-09,sz.000056,6.7300,6.8200,6.5300,6.7800,6.7300,6449985,43169235.9500,3,5.425068,1,0.742900,6.141718,19.299320,75.898733,162.583667,0,0.7429420505200568
2009-02-10,sz.000056,6.7000,7.0700,6.5500,6.9600,6.7800,5142751,34786013.6900,3,4.325557,1,2.654900,6.304773,19.811691,77.913744,166.900048,0,2.6548672566371723
2009-02-11,sz.000056,6.8400,7.0600,6.6800,6.7400,6.9600,4905059,33485274.3100,3,4.125635,1,-3.160900,6.105484,19.185460,75.450953,161.624472,0,-3.1609195402298784
2009-02-12,sz.000056,6.7200,6.8000,6.5400,6.7300,6.7400,3343120,22248091.0900,3,2.811891,1,-0.148400,6.096425,19.156995,75.339008,161.384673,0,-0.14836795252225476
2009-02-13,sz.000056,6.7600,7.0000,6.6500,6.9900,6.7300,4631169,31764848.4900,3,3.895266,1,3.863300,6.331948,19.897087,78.249579,167.619445,0,3.8632986627042953
2009-02-16,sz.000056,7.0700,7.6200,7.0000,7.3300,6.9900,6889792,50888523.1500,3,5.794989,1,4.864100,6.639940,20.864899,82.055710,175.772608,0,4.864091559370531
2009-02-17,sz.000056,7.2300,7.2900,6.7500,6.8400,7.3300,5488906,38168623.3900,3,4.616707,1,-6.684900,6.196070,19.470110,76.570403,164.022461,0,-6.684856753069579
2009-02-18,sz.000056,6.6300,6.8000,6.4100,6.4400,6.8400,2782101,18438781.6500,3,2.340019,1,-5.848000,5.833726,18.331508,72.092602,154.430504,0,-5.847953216374258
2009-02-19,sz.000056,6.4800,6.6300,6.3800,6.5000,6.4400,2324116,15076380.5600,3,1.954809,1,0.931700,5.888078,18.502298,72.764272,155.869298,0,0.9316770186335255
2009-02-20,sz.000056,6.4900,6.6800,6.4100,6.6200,6.5000,2286531,15102145.9400,3,1.923196,1,1.846200,5.996781,18.843879,74.107612,158.746885,0,1.846153846153853
2009-02-23,sz.000056,6.6200,6.8600,6.5300,6.8500,6.6200,2942366,19952705.6400,3,2.474818,1,3.474300,6.205128,19.498576,76.682348,164.262260,0,3.4743202416918306
2009-02-24,sz.000056,6.8000,6.9200,6.4000,6.4000,6.8500,3747454,25112011.6600,3,3.151975,1,-6.569300,5.797492,18.217647,71.644822,153.471308,0,-6.569343065693422
2009-02-25,sz.000056,6.4100,6.5300,6.3000,6.4800,6.4000,2385639,15297659.9500,3,2.006556,1,1.250000,5.869961,18.445368,72.540382,155.389700,0,1.2499999999999956
2009-02-26,sz.000056,6.5100,6.6700,5.9100,6.0000,6.4800,2995929,19143361.2500,3,2.519869,1,-7.407400,5.435149,17.079044,67.167020,143.879352,0,-7.407407407407418
2009-02-27,sz.000056,5.9000,6.0000,5.4000,5.4000,6.0000,2670897,14887785.1700,3,2.246486,1,-9.999999,4.891634,15.371140,60.450318,129.491416,0,-9.999999999999998
2009-03-02,sz.000056,5.3100,5.5800,5.3100,5.5100,5.4000,1554481,8512903.4100,3,1.307471,1,2.037000,4.991278,15.684256,61.681714,132.129205,0,2.037037037037037
2009-03-03,sz.000056,5.3200,5.5900,5.3000,5.4900,5.5100,1517464,8289835.8900,3,1.276336,1,-0.363000,4.973161,15.627326,61.457824,131.649607,0,-0.3629764065335661
2009-03-04,sz.000056,5.4500,5.8500,5.4000,5.8400,5.4900,2203646,12577242.5500,3,1.853482,1,6.375235,5.290212,16.623603,65.375900,140.042569,0,6.375227686703089
2009-03-05,sz.000056,5.9000,5.9500,5.6300,5.7900,5.8400,3120645,18072287.8100,3,2.624768,1,-0.856200,5.244919,16.481278,64.816175,138.843574,0,-0.8561643835616417
2009-03-06,sz.000056,5.7200,5.7900,5.6300,5.7500,5.7900,1565729,8947634.0900,3,1.316931,1,-0.690800,5.208684,16.367417,64.368395,137.884379,0,-0.6908462867012077
2009-03-09,sz.000056,5.7700,5.8400,5.2000,5.4000,5.7500,1911222,10662693.2900,3,1.607525,1,-6.087000,4.891634,15.371140,60.450318,129.491416,0,-6.086956521739129
2009-03-10,sz.000056,5.4000,5.6300,5.3300,5.6100,5.4000,1783216,9883901.8200,3,1.499859,1,3.888900,5.081864,15.968906,62.801164,134.527194,0,3.8888888888888973
2009-03-11,sz.000056,5.7300,5.8600,5.5700,5.7800,5.6100,2950743,16843585.0900,3,2.481864,1,3.030300,5.235860,16.452813,64.704230,138.603775,0,3.0303030303030276
2009-03-12,sz.000056,5.7600,5.9600,5.7100,5.9300,5.7800,3619433,21191163.2700,3,3.044297,1,2.595200,5.371739,16.879789,66.383405,142.200759,0,2.595155709342545
2009-03-13,sz.000056,5.9300,6.1000,5.8000,5.8700,5.9300,2989109,17775983.1900,3,2.514133,1,-1.011800,5.317387,16.708998,65.711735,140.761966,0,-1.0118043844856595
2009-03-16,sz.000056,5.8500,5.9000,5.7200,5.8300,5.8700,1546121,9015936.7800,3,1.300439,1,-0.681400,5.281153,16.595138,65.263955,139.802770,0,-0.6814310051107331
2009-03-17,sz.000056,5.8300,6.0800,5.8100,6.0800,5.8300,2238955,13376368.7600,3,1.883180,1,4.288200,5.507618,17.306765,68.062581,145.797743,0,4.288164665523153
2009-03-18,sz.000056,6.0700,6.1900,6.0500,6.1000,6.0800,2381099,14563335.4200,3,2.002737,1,0.328900,5.525735,17.363695,68.286471,146.277341,0,0.3289473684210398
2009-03-19,sz.000056,6.1000,6.3000,6.0500,6.3000,6.1000,4270974,26422854.0500,3,3.592307,1,3.278700,5.706906,17.932996,70.525371,151.073319,0,3.2786885245901676
2009-03-20,sz.000056,6.3600,6.4000,6.1800,6.3000,6.3000,3844104,24085489.7600,3,3.233268,1,0.000000,5.706906,17.932996,70.525371,151.073319,0,0.0
2009-03-23,sz.000056,6.3000,6.3800,6.2800,6.3700,6.3000,4884415,30898188.7000,3,4.108271,1,1.111100,5.770316,18.132252,71.308987,152.751912,0,1.1111111111111072
2009-03-24,sz.000056,6.3000,6.4000,6.1500,6.2000,6.3700,4363901,27227220.2000,3,3.670468,1,-2.668800,5.616321,17.648346,69.405921,148.675330,0,-2.6687598116169498
2009-03-25,sz.000056,6.1500,6.2000,6.0200,6.0300,6.2000,3460343,21077767.7900,3,2.910487,1,-2.741900,5.462325,17.164440,67.502855,144.598748,0,-2.741935483870972
2009-03-26,sz.000056,6.0200,6.1300,5.9700,6.1200,6.0300,1914503,11615226.4300,3,1.610284,1,1.492500,5.543852,17.420625,68.510361,146.756939,0,1.4925373134328401
2009-03-27,sz.000056,6.1500,6.1800,6.1000,6.1700,6.1200,2701406,16554120.4000,3,2.272147,1,0.817000,5.589145,17.562951,69.070086,147.955933,0,0.8169934640522847
2009-03-30,sz.000056,6.1700,6.3100,6.1300,6.2200,6.1700,2330886,14532525.6800,3,1.960503,1,0.810400,5.634438,17.705276,69.629811,149.154928,0,0.8103727714748654
2009-03-31,sz.000056,6.1600,6.1600,6.0000,6.1300,6.2200,1625849,9900864.4200,3,1.367498,1,-1.446900,5.552910,17.449090,68.622306,146.996738,0,-1.4469453376205754
2009-04-01,sz.000056,6.1600,6.4100,6.1500,6.3400,6.1300,4222594,26553206.0200,3,3.551615,1,3.425800,5.743141,18.046857,70.973152,152.032515,0,3.4257748776509
2009-04-02,sz.000056,6.3400,6.4500,6.2700,6.2800,6.3400,3806396,24243417.5300,3,3.201551,1,-0.946400,5.688789,17.876066,70.301481,150.593721,0,-0.9463722397476282
2009-04-03,sz.000056,6.3100,6.4400,6.1300,6.3500,6.2800,4349943,27561186.1200,3,3.658728,1,1.114600,5.752199,18.075322,71.085097,152.272314,0,1.1146496815286566
2009-04-07,sz.000056,6.3600,6.7900,6.3100,6.6800,6.3500,5808683,38035520.8900,3,4.885671,1,5.196900,6.051132,19.014669,74.779283,160.185678,0,5.1968503937007915
2009-04-08,sz.000056,6.6800,6.6800,6.2700,6.2700,6.6800,3548178,22952136.1500,3,2.984365,1,-6.137700,5.679731,17.847601,70.189536,150.353922,0,-6.137724550898205
2009-04-09,sz.000056,6.3000,6.4000,6.0800,6.2700,6.2700,2390871,14891708.9900,3,2.010956,1,0.000000,5.679731,17.847601,70.189536,150.353922,0,0.0
2009-04-10,sz.000056,6.4900,6.7500,6.3100,6.6200,6.2700,4364841,28340725.0200,3,3.671258,1,5.582100,5.996781,18.843879,74.107612,158.746885,0,5.582137161084533
2009-04-13,sz.000056,6.5700,6.8700,6.5200,6.6300,6.6200,4951083,32895507.4400,3,4.164345,1,0.151100,6.005840,18.872344,74.219558,158.986684,0,0.15105740181269312
2009-04-14,sz.000056,6.6800,6.7200,6.5500,6.6100,6.6300,3077186,20375688.2900,3,2.588215,1,-0.301700,5.987722,18.815414,73.995667,158.507086,0,-0.3016591251885359
2009-04-15,sz.000056,6.6100,6.6500,6.3800,6.5200,6.6100,3414576,22216602.7400,3,2.871993,1,-1.361600,5.906195,18.559228,72.988162,156.348895,0,-1.3615733736762614
2009-04-16,sz.000056,6.5200,6.7300,6.4800,6.6700,6.5200,4773119,31517108.2900,3,4.014660,1,2.300600,6.042074,18.986204,74.667338,159.945879,0,2.300613496932513
2009-04-17,sz.000056,6.8800,7.2600,6.7500,6.7900,6.6700,8668611,60566587.9000,3,7.291150,1,1.799100,6.582236,-102.264268,54.884708,55.560633,0,1.799100449775115
2009-04-20,sz.000056,6.7200,7.1900,6.6600,7.0500,6.7900,6128339,43106880.0700,3,5.154533,1,3.829200,6.834280,-106.180131,56.986332,57.688139,0,3.8291605301914444
2009-04-21,sz.000056,7.0000,7.3200,6.9200,7.3200,7.0500,7823356,56119620.9900,3,6.580208,1,3.829800,7.096019,-110.246604,59.168787,59.897472,0,3.82978723404257
2009-04-22,sz.000056,7.6200,7.8000,7.0000,7.0800,7.3200,13063203,98170236.4300,3,10.987432,1,-3.278700,6.863362,-106.631961,57.228827,57.933620,0,-3.2786885245901676
2009-04-23,sz.000056,6.8400,7.0600,6.5500,6.9800,7.0800,5067559,34297033.5300,3,4.262313,1,-1.412400,6.766422,-105.125860,56.420510,57.115349,0,-1.412429378531066
2009-04-24,sz.000056,6.9500,7.0100,6.7000,6.7600,6.9800,2984930,20381007.6600,3,2.510618,1,-3.151900,6.553154,-101.812438,54.642213,55.315152,0,-3.151862464183386
2009-04-27,sz.000056,6.9500,7.1500,6.8500,7.0100,6.7600,4216898,29753388.8600,3,3.546824,1,3.698200,6.795504,-105.577691,56.663005,57.360830,0,3.698224852071008
2009-04-28,sz.000056,7.0100,7.0100,7.0100,7.0100,7.0100,0,0.0000,3,,0,0.000000,6.795504,-105.577691,56.663005,57.360830,0,0.0
2009-04-29,sz.000056,7.0100,7.0100,7.0100,7.0100,7.0100,0,0.0000,3,,0,0.000000,6.795504,-105.577691,56.663005,57.360830,0,0.0
2009-04-30,sz.000056,7.7100,7.7100,7.5500,7.7100,7.0100,2587726,19947053.4600,3,2.176531,1,9.985700,7.474085,-116.120399,62.321222,63.088731,0,9.985734664764623
2009-05-04,sz.000056,8.3900,8.3900,7.7000,8.0800,7.7100,11578609,93121690.5700,3,9.738743,1,4.799000,7.832764,-121.692973,65.311994,66.116335,0,4.79896238651103
2009-05-05,sz.000056,8.0000,8.8900,7.9100,8.8900,8.0800,12972566,112273216.2800,3,10.911197,1,10.024800,8.617979,-133.892392,71.859360,72.744334,0,10.024752475247523
2009-05-06,sz.000056,8.8800,8.9600,8.5000,8.6200,8.8900,9548262,83493774.1300,3,8.031023,1,-3.037100,8.356241,-129.825919,69.676905,70.535001,0,-3.0371203599550256
2009-05-07,sz.000056,8.5700,9.2900,8.5700,8.9100,8.6200,7555798,67604587.8600,3,6.355165,1,3.364300,8.637367,-134.193613,72.021024,72.907988,0,3.3642691415313397
2009-05-08,sz.000056,8.7000,9.0400,8.4000,8.6100,8.9100,5722752,49620837.3300,3,4.813394,1,-3.367000,8.346547,-129.675309,69.596073,70.453174,0,-3.367003367003374
2009-05-11,sz.000056,8.6200,8.6200,7.9000,7.9000,8.6100,5505094,44999737.3300,3,4.630323,1,-8.246200,7.658272,-118.981991,63.857024,64.643446,0,-8.24622531939604
2009-05-12,sz.000056,7.8300,8.1600,7.7100,8.1300,7.9000,2930592,23324200.9900,3,2.464915,1,2.911400,7.881234,-122.446024,65.716153,66.525471,0,2.9113924050633067
2009-05-13,sz.000056,8.0300,8.3600,8.0300,8.3000,8.1300,3589869,29493788.0400,3,3.019431,1,2.091000,8.046032,-125.006396,67.090291,67.916532,0,2.091020910209096
2009-05-14,sz.000056,8.0600,8.2500,8.0600,8.1700,8.3000,2237722,18237365.3800,3,1.882143,1,-1.566300,7.920010,-123.048464,66.039480,66.852779,0,-1.5662650602409678
2009-05-15,sz.000056,8.1800,8.2400,8.0300,8.0700,8.1700,2085321,16937417.5000,3,1.753959,1,-1.224000,7.823070,-121.542363,65.231163,66.034508,0,-1.2239902080783294
2009-05-18,sz.000056,8.0700,8.3900,7.9100,8.2800,8.0700,2928254,23987034.9400,3,2.462948,1,2.602200,8.026644,-124.705175,66.928628,67.752878,0,2.6022304832713727
2009-05-19,sz.000056,8.3300,8.3800,8.0500,8.1900,8.2800,3009413,24745298.9800,3,2.531211,1,-1.087000,7.939398,-123.349684,66.201143,67.016434,0,-1.0869565217391242
2009-05-20,sz.000056,8.1900,8.2600,8.1000,8.1500,8.1900,1876834,15358621.9500,3,1.578601,1,-0.488400,7.900622,-122.747244,65.877816,66.689125,0,-0.48840048840047556
2009-05-21,sz.000056,8.0300,8.1700,7.7200,7.8000,8.1500,2428274,19169312.9100,3,2.042416,1,-4.294500,7.561331,-117.475890,63.048708,63.825175,0,-4.294478527607371
2009-05-22,sz.000056,7.7800,7.9900,7.6100,7.9700,7.8000,2263018,17577572.9600,3,1.903420,1,2.179500,7.726130,-120.036262,64.422846,65.216237,0,2.1794871794871717
2009-05-25,sz.000056,7.8000,7.9300,7.6800,7.8900,7.9700,1795985,14014963.1900,3,1.510599,1,-1.003800,7.648578,-118.831381,63.776193,64.561619,0,-1.0037641154328703
2009-05-26,sz.000056,7.8200,8.1500,7.8200,7.9700,7.8900,2147223,17241158.0000,3,1.806025,1,1.013900,7.726130,-120.036262,64.422846,65.216237,0,1.0139416983523386
2009-05-27,sz.000056,8.3000,8.7200,8.1600,8.6300,7.9700,11883044,100078801.5600,3,9.994803,1,8.281100,8.365935,-129.976529,69.757737,70.616828,0,8.281053952321216
2009-06-01,sz.000056,8.5900,9.0100,8.4000,8.9100,8.6300,13895477,122477349.0800,3,11.687456,1,3.244500,8.637367,-134.193613,72.021024,72.907988,0,3.2444959443800547
2009-06-02,sz.000056,8.9500,9.2700,8.8100,9.0000,8.9100,12127635,109964496.3100,3,10.200528,1,1.010100,8.724613,-135.549104,72.748509,73.644433,0,1.0101010101010166
2009-06-03,sz.000056,9.0000,9.4700,8.8500,9.2500,9.0000,15021109,138989980.8900,3,12.634222,1,2.777800,8.966964,-139.314356,74.769301,75.690111,0,2.777777777777768
2009-06-04,sz.000056,9.1100,9.4100,9.0100,9.0700,9.2500,11853739,109219578.2300,3,9.970154,1,-1.945900,8.792471,-136.603374,73.314330,74.217223,0,-1.9459459459459483
2009-06-05,sz.000056,9.0700,9.5200,8.7600,9.4800,9.0700,17090168,158833362.7600,3,14.374503,1,4.520400,9.189926,-142.778389,76.628429,77.572136,0,4.520396912899671
2009-06-08,sz.000056,9.4800,9.8700,9.2600,9.8000,9.4800,13410970,130269396.7000,3,11.279938,1,3.375500,9.500134,-147.597913,79.215043,80.190605,0,3.3755274261603407
2009-06-09,sz.000056,9.8900,10.0000,9.4700,9.5700,9.8000,10982488,106538265.8300,3,9.237347,1,-2.346900,9.277172,-144.133880,77.355914,78.308580,0,-2.34693877551021
2009-06-10,sz.000056,9.6000,9.7500,9.3400,9.5800,9.5700,7823248,74627137.4200,3,6.580117,1,0.104500,9.286866,-144.284490,77.436746,78.390407,0,0.10449320794148065
2009-06-11,sz.000056,9.6200,10.2500,9.6000,9.7900,9.5800,15079408,150158266.3500,3,12.683258,1,2.192100,9.490440,-147.447303,79.134211,80.108777,0,2.192066805845494
2009-06-12,sz.000056,9.8500,9.9700,9.3000,9.7000,9.7900,9799043,94489690.1400,3,8.241954,1,-0.919300,9.403194,-146.091812,78.406726,79.372333,0,-0.9193054136874323
2009-06-15,sz.000056,9.7000,9.7500,9.4100,9.5000,9.7000,6103562,58305568.3200,3,5.133693,1,-2.061900,9.209314,-143.079609,76.790093,77.735790,0,-2.0618556701030855
2009-06-16,sz.000056,9.5300,9.7500,9.2500,9.6700,9.5000,8958864,85768141.6600,3,7.535281,1,1.789500,9.374112,-145.639981,78.164231,79.126852,0,1.7894736842105186
2009-06-17,sz.000056,9.5600,9.9000,9.4000,9.4900,9.6700,12493036,120480385.1900,3,10.507866,1,-1.861400,9.199620,-142.928999,76.709261,77.653963,0,-1.8614270941054833
2009-06-18,sz.000056,9.4500,9.5000,9.1600,9.1700,9.4900,9670083,89826496.0500,3,8.133486,1,-3.372000,8.889411,-138.109476,74.122647,75.035494,0,-3.3719704952581697
2009-06-19,sz.000056,9.2500,9.2800,9.1100,9.1300,9.1700,4678007,42919556.4300,3,3.934662,1,-0.436200,8.850635,-137.507035,73.799320,74.708186,0,-0.4362050163576825
2009-06-22,sz.000056,9.2500,9.2500,9.1200,9.1300,9.1300,3501578,32114389.7800,3,2.945170,1,0.000000,8.850635,-137.507035,73.799320,74.708186,0,0.0
2009-06-23,sz.000056,9.0500,9.1900,8.9800,9.1100,9.1300,3316205,30171806.1800,3,2.789253,1,-0.219100,8.831247,-137.205815,73.637657,74.544531,0,-0.21905805038336945
2009-06-24,sz.000056,9.1500,9.2900,9.0700,9.2900,9.1100,3504045,32283340.5400,3,2.947245,1,1.975900,9.005740,-139.916797,75.092627,76.017420,0,1.9758507135016368
2009-06-25,sz.000056,9.2900,9.4400,8.9800,9.0600,9.2900,3985003,36681191.5800,3,3.351777,1,-2.475800,8.782777,-136.452764,73.233499,74.135396,0,-2.475780409041961
2009-06-26,sz.000056,9.0600,9.0600,9.0600,9.0600,9.0600,0,0.0000,3,,0,0.000000,8.782777,-136.452764,73.233499,74.135396,0,0.0
2009-06-29,sz.000056,9.1000,9.1500,8.6800,8.9000,9.0600,5292382,46893606.7500,3,4.451411,1,-1.766000,8.627673,-134.043002,71.940192,72.826161,0,-1.7660044150110354
2009-06-30,sz.000056,8.8800,8.9000,8.7200,8.8500,8.9000,2027456,17877363.4800,3,1.705289,1,-0.561800,8.579203,-133.289952,71.536034,72.417025,0,-0.5617977528090012
2009-07-01,sz.000056,8.8000,9.1800,8.7700,9.1100,8.8500,4014346,36449112.7700,3,3.376458,1,2.937900,8.831247,-137.205815,73.637657,74.544531,0,2.9378531073446235
2009-07-02,sz.000056,9.1600,9.2000,8.9800,9.0600,9.1100,2845741,25793977.4400,3,2.393547,1,-0.548800,8.782777,-136.452764,73.233499,74.135396,0,-0.548847420417109
2009-07-03,sz.000056,9.0600,9.1000,8.8000,9.0900,9.0600,2922838,26164328.7700,3,2.458393,1,0.331100,8.811859,-136.904595,73.475994,74.380877,0,0.3311258278145601
2009-07-06,sz.000056,9.0900,9.1600,8.9100,8.9400,9.0900,3059640,27708586.0000,3,2.573457,1,-1.650200,8.666449,-134.645443,72.263519,73.153470,0,-1.650165016501659
2009-07-07,sz.000056,8.9000,8.9100,8.7200,8.7900,8.9400,3457857,30427738.6600,3,2.908396,1,-1.677848,8.521039,-132.386291,71.051044,71.926063,0,-1.6778523489932917
2009-07-08,sz.000056,8.7900,8.9300,8.7200,8.9100,8.7900,2084570,18422358.8000,3,1.753327,1,1.365200,8.637367,-134.193613,72.021024,72.907988,0,1.3651877133106005
2009-07-09,sz.000056,8.9200,9.1400,8.9100,9.1100,8.9100,3320946,30106116.4700,3,2.793241,1,2.244700,8.831247,-137.205815,73.637657,74.544531,0,2.244668911335568
2009-07-10,sz.000056,10.0100,10.0200,9.7300,9.7800,9.1100,19136384,190687181.9500,3,16.095571,1,7.354600,9.480746,-147.296693,79.053379,80.026950,0,7.354555433589471
2009-07-13,sz.000056,9.3100,9.6700,9.2500,9.4400,9.7800,9838445,92905290.7700,3,8.275095,1,-3.476500,9.151150,-142.175949,76.305102,77.244827,0,-3.476482617586907
2009-07-14,sz.000056,9.4000,9.5100,9.3300,9.4600,9.4400,4736779,44687841.4000,3,3.984095,1,0.211900,9.170538,-142.477169,76.466766,77.408481,0,0.21186440677967155
2009-07-15,sz.000056,9.8600,9.8800,9.5300,9.5800,9.4600,10560337,102348740.6000,3,8.882277,1,1.268500,9.286866,-144.284490,77.436746,78.390407,0,1.2684989429175397
2009-07-16,sz.000056,9.6000,9.6300,9.3800,9.4400,9.5800,4557629,43059920.6000,3,3.833412,1,-1.461400,9.151150,-142.175949,76.305102,77.244827,0,-1.4613778705636848
2009-07-17,sz.000056,9.4300,9.5400,9.3800,9.4700,9.4400,3266201,30866514.1100,3,2.747195,1,0.317800,9.180232,-142.627779,76.547597,77.490309,0,0.31779661016950733
2009-07-20,sz.000056,9.4700,9.6600,9.4700,9.6200,9.4700,5588547,53504312.5600,3,4.700515,1,1.583900,9.325642,-144.886931,77.760073,78.717716,0,1.5839493136219573
2009-07-21,sz.000056,9.6100,9.6200,9.2000,9.2100,9.6200,3988148,37584859.6500,3,3.354423,1,-4.262000,8.928187,-138.711916,74.445974,75.362803,0,-4.261954261954248
2009-07-22,sz.000056,9.1800,9.2900,9.1000,9.2200,9.2100,2630479,24258545.7300,3,2.212490,1,0.108600,8.937881,-138.862526,74.526806,75.444630,0,0.10857763300760048
2009-07-23,sz.000056,9.2300,9.4300,9.1500,9.3600,9.2200,3025201,28202165.8400,3,2.544490,1,1.518400,9.073598,-140.971068,75.658449,76.590210,0,1.5184381778741818
2009-07-24,sz.000056,9.3600,9.4300,8.9600,9.1100,9.3600,3240052,29743252.8800,3,2.725201,1,-2.670900,8.831247,-137.205815,73.637657,74.544531,0,-2.6709401709401726
2009-07-27,sz.000056,9.1100,9.2400,9.1100,9.1900,9.1100,2416296,22173275.9500,3,2.032341,1,0.878200,8.908799,-138.410696,74.284311,75.199149,0,0.8781558726673966
2009-07-28,sz.000056,9.2200,9.3400,9.1100,9.3400,9.1900,3736839,34391974.0300,3,3.143047,1,1.632200,9.054210,-140.669847,75.496786,76.426556,0,1.6322089227421177
2009-07-29,sz.000056,9.3000,9.3000,8.4200,8.7100,9.3400,3923066,35450860.8200,3,3.299682,1,-6.745200,8.443487,-131.181410,70.404390,71.271445,0,-6.74518201284795
2009-07-30,sz.000056,8.7500,8.8600,8.3100,8.6600,8.7100,2843144,24403994.8200,3,2.391362,1,-0.574100,8.395017,-130.428360,70.000232,70.862310,0,-0.5740528128587941
2009-07-31,sz.000056,8.6800,8.8900,8.6000,8.8700,8.6600,2522301,22071455.9700,3,2.121502,1,2.424900,8.598591,-133.591172,71.697697,72.580680,0,2.424942263279428
2009-08-03,sz.000056,8.9000,8.9300,8.7800,8.9000,8.8700,2320496,20544980.8300,3,1.951764,1,0.338200,8.627673,-134.043002,71.940192,72.826161,0,0.33821871476888976
2009-08-04,sz.000056,8.9400,8.9400,8.7500,8.8600,8.9000,2588528,22825914.2500,3,2.177205,1,-0.449400,8.588897,-133.440562,71.616865,72.498853,0,-0.44943820224719877
2009-08-05,sz.000056,8.8800,9.1600,8.8500,9.0500,8.8600,3725768,33679250.0500,3,3.133735,1,2.144500,8.773083,-136.302154,73.152667,74.053568,0,2.1444695259593916
2009-08-06,sz.000056,9.0000,9.1300,8.8000,9.0000,9.0500,2931467,26197781.8300,3,2.465651,1,-0.552500,8.724613,-135.549104,72.748509,73.644433,0,-0.5524861878453136
2009-08-07,sz.000056,9.0000,9.0700,8.7000,8.7100,9.0000,2325393,20631717.5500,3,1.955883,1,-3.222200,8.443487,-131.181410,70.404390,71.271445,0,-3.222222222222215
2009-08-10,sz.000056,8.9000,8.9000,8.7000,8.8000,8.7100,1761460,15488558.1500,3,1.481560,1,1.033300,8.530733,-132.536901,71.131875,72.007890,0,1.0332950631458004
2009-08-11,sz.000056,8.8700,8.9300,8.7700,8.9300,8.8000,1493671,13204305.9400,3,1.256323,1,1.477300,8.656755,-134.494833,72.182687,73.071643,0,1.477272727272716
2009-08-12,sz.000056,8.9000,8.9800,8.3800,8.4000,8.9300,2301113,20070124.9100,3,1.935461,1,-5.935100,8.142972,-126.512497,67.898608,68.734804,0,-5.9350503919372795
2009-08-13,sz.000056,8.4200,8.5400,8.1600,8.3700,8.4000,1404548,11734374.4300,3,1.181362,1,-0.357100,8.113890,-126.060666,67.656113,68.489322,0,-0.357142857142867
2009-08-14,sz.000056,8.3700,8.5100,7.8100,7.8300,8.3700,1778028,14470930.8400,3,1.495496,1,-6.451600,7.590413,-117.927720,63.291203,64.070656,0,-6.451612903225801
2009-08-17,sz.000056,7.9900,7.9900,7.3800,7.3900,7.8300,1791284,13712491.7100,3,1.506645,1,-5.619400,7.163877,-111.300875,59.734609,60.470262,0,-5.6194125159642505
2009-08-18,sz.000056,7.0700,7.5500,7.0700,7.5000,7.3900,1356542,9931085.0400,3,1.140985,1,1.488500,7.270511,-112.957586,60.623757,61.370361,0,1.4884979702300516
2009-08-19,sz.000056,7.5000,7.5000,6.8800,6.9100,7.5000,1257451,9068949.0800,3,1.057639,1,-7.866700,6.698564,-104.071590,55.854688,56.542559,0,-7.866666666666666
2009-08-20,sz.000056,6.8900,7.1800,6.8900,7.1700,6.9100,1521464,10745104.9000,3,1.279700,1,3.762700,6.950608,-107.987453,57.956312,58.670065,0,3.76266280752533
2009-08-21,sz.000056,7.1400,7.3500,7.0600,7.3200,7.1700,1692705,12232014.9700,3,1.423731,1,2.092100,7.096019,-110.246604,59.168787,59.897472,0,2.092050209205021
2009-08-24,sz.000056,7.4900,8.0500,7.4800,8.0500,7.3200,4385409,34124358.4400,3,3.688558,1,9.972700,7.803682,-121.241143,65.069499,65.870854,0,9.97267759562841
2009-08-25,sz.000056,8.0300,8.0300,7.4400,7.7600,8.0500,3858467,29838289.4700,3,3.245348,1,-3.602500,7.522555,-116.873449,62.725381,63.497866,0,-3.602484472049705
2009-08-26,sz.000056,7.8400,8.0800,7.6700,7.9300,7.7600,2925969,23181223.2800,3,2.461026,1,2.190700,7.620141,-115.362465,60.141171,54.476931,0,2.1907216494845283
2009-08-27,sz.000056,7.8500,8.0100,7.7100,7.8900,7.9300,2263449,17850514.9100,3,1.903782,1,-0.504400,7.581704,-114.780561,59.837811,54.202142,0,-0.5044136191677207
2009-08-28,sz.000056,7.7800,7.9400,7.5800,7.6100,7.8900,1463976,11224699.8100,3,1.231347,1,-3.548800,7.312644,-110.707233,57.714289,52.278619,0,-3.548795944233196
2009-08-31,sz.000056,7.5700,7.5700,7.0100,7.0500,7.6100,1477790,10627538.6200,3,1.242966,1,-7.358700,6.774526,-102.560577,53.467246,48.431572,0,-7.3587385019710965
2009-09-01,sz.000056,7.0000,7.2000,6.9200,7.0500,7.0500,1331221,9404107.2600,3,1.119687,1,0.000000,6.774526,-102.560577,53.467246,48.431572,0,0.0
2009-09-02,sz.000056,7.0200,7.1800,7.0000,7.1400,7.0500,1034129,7354876.6700,3,0.869804,1,1.276600,6.861009,-103.869861,54.149806,49.049848,0,1.2765957446808418
2009-09-03,sz.000056,7.1500,7.4500,7.0600,7.4300,7.1400,2467615,18114981.8300,3,2.075506,1,4.061600,7.139678,-108.088665,56.349168,51.042068,0,4.061624649859952
2009-09-04,sz.000056,7.4300,7.5700,7.3100,7.5400,7.4300,2626299,19577375.1000,3,2.208974,1,1.480500,7.245380,-109.688901,57.183409,51.797738,0,1.4804845222072816
2009-09-07,sz.000056,7.6400,7.6800,7.4500,7.5000,7.5400,2310112,17486229.9900,3,1.943030,1,-0.530500,7.206942,-109.106997,56.880049,51.522949,0,-0.5305039787798393
2009-09-08,sz.000056,7.4600,7.6900,7.3900,7.6600,7.5000,2342989,17773360.6300,3,1.970683,1,2.133300,7.360691,-111.434613,58.093490,52.622105,0,2.1333333333333426
2009-09-09,sz.000056,7.6600,7.7400,7.4600,7.6200,7.6600,2275314,17237575.4300,3,1.913762,1,-0.522200,7.322254,-110.852709,57.790129,52.347316,0,-0.5221932114882533
2009-09-10,sz.000056,7.5600,7.6500,7.4800,7.5000,7.6200,1651740,12493194.3600,3,1.389275,1,-1.574800,7.206942,-109.106997,56.880049,51.522949,0,-1.5748031496062964
2009-09-11,sz.000056,7.5300,7.7400,7.5000,7.6200,7.5000,2195871,16799390.6400,3,1.846942,1,1.600000,7.322254,-110.852709,57.790129,52.347316,0,1.6000000000000014
2009-09-14,sz.000056,7.7000,7.8500,7.6100,7.8500,7.6200,3025600,23524998.7500,3,2.544826,1,3.018400,7.543266,-114.198657,59.534451,53.927353,0,3.0183727034120755
2009-09-15,sz.000056,7.7900,8.0800,7.7400,8.0800,7.8500,4263057,33766624.0500,3,3.585648,1,2.929900,7.764279,-117.544605,61.278772,55.507390,0,2.9299363057324834
2009-09-16,sz.000056,8.4500,8.7700,8.3100,8.6300,8.0800,13399835,114689386.9000,3,11.270572,1,6.806900,8.292789,-125.545785,65.449976,59.285740,0,6.806930693069324
2009-09-17,sz.000056,8.5000,8.6000,8.3500,8.5400,8.6300,6224351,52962124.8500,3,5.235288,1,-1.042900,8.206305,-124.236501,64.767415,58.667465,0,-1.0428736964078977
2009-09-18,sz.000056,8.5400,8.5500,8.1000,8.1600,8.5400,4738118,39442199.6900,3,3.985221,1,-4.449600,7.841153,-118.708413,61.885493,56.056969,0,-4.449648711943787
2009-09-21,sz.000056,8.0000,8.7000,7.9700,8.6500,8.1600,5451420,45845587.8500,3,4.585178,1,6.004900,8.312007,-125.836737,65.601656,59.423135,0,6.004901960784315
2009-09-22,sz.000056,8.6800,8.8000,8.3300,8.3300,8.6500,5138851,44253596.5300,3,4.322276,1,-3.699400,8.004511,-121.181505,63.174774,57.224822,0,-3.6994219653179172
2009-09-23,sz.000056,8.2300,8.4900,7.9200,8.1000,8.3300,2332000,19069720.7100,3,1.961440,1,-2.761100,7.783498,-117.835557,61.430452,55.644785,0,-2.7611044417767183
2009-09-24,sz.000056,8.1000,8.1900,7.7700,8.0500,8.1000,1889654,15090092.8400,3,1.589384,1,-0.617300,7.735452,-117.108177,61.051252,55.301299,0,-0.6172839506172756
2009-09-25,sz.000056,8.0000,8.1900,7.8100,8.0300,8.0500,1739920,14098045.1100,3,1.463443,1,-0.248400,7.716233,-116.817225,60.899572,55.163904,0,-0.2484472049689601
2009-09-28,sz.000056,8.0300,8.3800,7.9700,7.9800,8.0300,2548440,20957768.4200,3,2.143487,1,-0.622700,7.668187,-116.089845,60.520372,54.820418,0,-0.6226650062266414
2009-09-29,sz.000056,7.9800,8.3500,7.9200,8.3000,7.9800,2760952,22509589.1100,3,2.322231,1,4.010000,7.975683,-120.745077,62.947254,57.018730,0,4.010025062656641
2009-09-30,sz.000056,8.2500,8.4000,8.2000,8.2100,8.3000,2283295,18913467.4600,3,1.920475,1,-1.084300,7.889200,-119.435793,62.264693,56.400455,0,-1.0843373493975905
2009-10-09,sz.000056,8.2900,8.6300,8.2000,8.5500,8.2100,4367864,36889606.3200,3,3.673801,1,4.141300,8.215914,-124.381977,64.843255,58.736162,0,4.141291108404377
2009-10-12,sz.000056,8.7000,9.4100,8.7000,9.4100,8.5500,19461892,179870390.8000,3,16.369355,1,10.058500,9.042311,-136.892913,71.365501,64.644127,0,10.058479532163744
2009-10-13,sz.000056,9.4100,9.4100,9.4100,9.4100,9.4100,0,0.0000,3,,0,0.000000,9.042311,-136.892913,71.365501,64.644127,0,0.0
2009-10-14,sz.000056,9.4100,9.4100,9.4100,9.4100,9.4100,0,0.0000,3,,0,0.000000,9.042311,-136.892913,71.365501,64.644127,0,0.0
2009-10-15,sz.000056,9.4100,9.4100,9.4100,9.4100,9.4100,0,0.0000,3,,0,0.000000,9.042311,-136.892913,71.365501,64.644127,0,0.0
2009-10-16,sz.000056,9.4100,9.4100,9.4100,9.4100,9.4100,0,0.0000,3,,0,0.000000,9.042311,-136.892913,71.365501,64.644127,0,0.0
2009-10-19,sz.000056,9.4100,9.4100,9.4100,9.4100,9.4100,0,0.0000,3,,0,0.000000,9.042311,-136.892913,71.365501,64.644127,0,0.0
2009-10-20,sz.000056,9.4100,9.4100,9.4100,9.4100,9.4100,0,0.0000,3,,0,0.000000,9.042311,-136.892913,71.365501,64.644127,0,0.0
2009-10-21,sz.000056,9.4100,9.4100,9.4100,9.4100,9.4100,0,0.0000,3,,0,0.000000,9.042311,-136.892913,71.365501,64.644127,0,0.0
2009-10-22,sz.000056,9.4100,9.4100,9.4100,9.4100,9.4100,0,0.0000,3,,0,0.000000,9.042311,-136.892913,71.365501,64.644127,0,0.0
2009-10-23,sz.000056,9.4100,9.4100,9.4100,9.4100,9.4100,0,0.0000,3,,0,0.000000,9.042311,-136.892913,71.365501,64.644127,0,0.0
2009-10-26,sz.000056,9.4100,9.4100,9.4100,9.4100,9.4100,0,0.0000,3,,0,0.000000,9.042311,-136.892913,71.365501,64.644127,0,0.0
2009-10-27,sz.000056,9.4100,9.4100,9.4100,9.4100,9.4100,0,0.0000,3,,0,0.000000,9.042311,-136.892913,71.365501,64.644127,0,0.0
2009-10-28,sz.000056,9.4100,9.4100,9.4100,9.4100,9.4100,0,0.0000,3,,0,0.000000,9.042311,-136.892913,71.365501,64.644127,0,0.0
2009-10-29,sz.000056,9.4100,9.4100,9.4100,9.4100,9.4100,0,0.0000,3,,0,0.000000,9.117999,-130.874619,71.040339,-25.219625,0,0.0
2009-10-30,sz.000056,9.4100,9.4100,9.4100,9.4100,9.4100,0,0.0000,3,,0,0.000000,9.117999,-130.874619,71.040339,-25.219625,0,0.0
2009-11-02,sz.000056,9.4100,9.4100,9.4100,9.4100,9.4100,0,0.0000,3,,0,0.000000,9.117999,-130.874619,71.040339,-25.219625,0,0.0
2009-11-03,sz.000056,9.4100,9.4100,9.4100,9.4100,9.4100,0,0.0000,3,,0,0.000000,9.117999,-130.874619,71.040339,-25.219625,0,0.0
2009-11-04,sz.000056,9.4100,9.4100,9.4100,9.4100,9.4100,0,0.0000,3,,0,0.000000,9.117999,-130.874619,71.040339,-25.219625,0,0.0
2009-11-05,sz.000056,9.4100,9.4100,9.4100,9.4100,9.4100,0,0.0000,3,,0,0.000000,9.117999,-130.874619,71.040339,-25.219625,0,0.0
2009-11-06,sz.000056,9.4100,9.4100,9.4100,9.4100,9.4100,0,0.0000,3,,0,0.000000,9.117999,-130.874619,71.040339,-25.219625,0,0.0
2009-11-09,sz.000056,9.4100,9.4100,9.4100,9.4100,9.4100,0,0.0000,3,,0,0.000000,9.117999,-130.874619,71.040339,-25.219625,0,0.0
2009-11-10,sz.000056,9.4100,9.4100,9.4100,9.4100,9.4100,0,0.0000,3,,0,0.000000,9.117999,-130.874619,71.040339,-25.219625,0,0.0
2009-11-11,sz.000056,9.4100,9.4100,9.4100,9.4100,9.4100,0,0.0000,3,,0,0.000000,9.117999,-130.874619,71.040339,-25.219625,0,0.0
2009-11-12,sz.000056,9.4100,9.4100,9.4100,9.4100,9.4100,0,0.0000,3,,0,0.000000,9.117999,-130.874619,71.040339,-25.219625,0,0.0
2009-11-13,sz.000056,9.4100,9.4100,9.4100,9.4100,9.4100,0,0.0000,3,,0,0.000000,9.117999,-130.874619,71.040339,-25.219625,0,0.0
2009-11-16,sz.000056,9.4100,9.4100,9.4100,9.4100,9.4100,0,0.0000,3,,0,0.000000,9.117999,-130.874619,71.040339,-25.219625,0,0.0
2009-11-17,sz.000056,9.4100,9.4100,9.4100,9.4100,9.4100,0,0.0000,3,,0,0.000000,9.117999,-130.874619,71.040339,-25.219625,0,0.0
2009-11-18,sz.000056,9.4100,9.4100,9.4100,9.4100,9.4100,0,0.0000,3,,0,0.000000,9.117999,-130.874619,71.040339,-25.219625,0,0.0
2009-11-19,sz.000056,9.4100,9.4100,9.4100,9.4100,9.4100,0,0.0000,3,,0,0.000000,9.117999,-130.874619,71.040339,-25.219625,0,0.0
2009-11-20,sz.000056,9.4100,9.4100,9.4100,9.4100,9.4100,0,0.0000,3,,0,0.000000,9.117999,-130.874619,71.040339,-25.219625,0,0.0
2009-11-23,sz.000056,9.4100,9.4100,9.4100,9.4100,9.4100,0,0.0000,3,,0,0.000000,9.117999,-130.874619,71.040339,-25.219625,0,0.0
2009-11-24,sz.000056,9.4100,9.4100,9.4100,9.4100,9.4100,0,0.0000,3,,0,0.000000,9.117999,-130.874619,71.040339,-25.219625,0,0.0
2009-11-25,sz.000056,9.9900,10.3500,8.9500,10.3500,9.4100,21547016,213576768.9100,3,18.123149,1,9.989400,10.028830,-143.948172,78.136824,-27.738908,0,9.989373007438896
2009-11-26,sz.000056,10.6300,11.3900,10.6000,11.1900,10.3500,27537442,309150681.2600,3,23.161683,1,8.115900,10.842764,-155.630923,84.478363,-29.990181,0,8.115942028985511
2009-11-27,sz.000056,10.5500,10.7000,10.0700,10.0700,11.1900,15170886,154355984.2300,3,12.760200,1,-10.008900,9.757518,-140.053922,76.022977,-26.988483,0,-10.008936550491498
2009-11-30,sz.000056,9.9000,10.2500,9.7000,10.1400,10.0700,11591467,115899488.3100,3,9.749558,1,0.695100,9.825346,-141.027485,76.551439,-27.176089,0,0.6951340615690249
2009-12-01,sz.000056,9.9900,10.5000,9.8000,10.3800,10.1400,12848202,131204236.2000,3,10.806595,1,2.366900,10.057899,-144.365413,78.363307,-27.819310,0,2.366863905325456
2009-12-02,sz.000056,10.2000,10.4600,10.1400,10.2100,10.3800,11422193,117207923.6400,3,9.607182,1,-1.637800,9.893174,-142.001047,77.079900,-27.363695,0,-1.6377649325626242
2009-12-03,sz.000056,10.2000,10.3400,9.9900,10.2900,10.2100,8243101,83802661.8900,3,6.933254,1,0.783500,9.970691,-143.113690,77.683857,-27.578102,0,0.7835455435847072
2009-12-04,sz.000056,10.3200,10.7300,9.6000,9.8000,10.2900,11547286,117600507.2900,3,9.712397,1,-4.761900,9.495897,-136.298753,73.984625,-26.264859,0,-4.761904761904745
2009-12-07,sz.000056,9.7900,9.9900,9.6000,9.9500,9.8000,4486112,43839022.1900,3,3.773259,1,1.530600,9.641242,-138.384958,75.117043,-26.666872,0,1.5306122448979442
2009-12-08,sz.000056,9.9500,10.0200,9.7800,9.8700,9.9500,4420313,43820731.9900,3,3.717916,1,-0.804000,9.563724,-137.272315,74.513087,-26.452465,0,-0.8040201005025116
2009-12-09,sz.000056,9.7300,9.8000,9.4900,9.5700,9.8700,3389407,32733170.5100,3,2.850823,1,-3.039500,9.273034,-133.099904,72.248251,-25.648439,0,-3.039513677811545
2009-12-10,sz.000056,9.5700,9.9900,9.5700,9.8900,9.5700,4837037,47683323.1100,3,4.068421,1,3.343800,9.583104,-137.550476,74.664076,-26.506067,0,3.3437826541274918
2009-12-11,sz.000056,10.0000,10.0700,9.7200,9.7800,9.8900,2958280,29091101.2500,3,2.488203,1,-1.112200,9.476517,-136.020592,73.833636,-26.211258,0,-1.1122345803842415
2009-12-14,sz.000056,9.7200,9.7900,9.2500,9.4800,9.7800,3495106,33136534.4600,3,2.939726,1,-3.067500,9.185826,-131.848181,71.568801,-25.407231,0,-3.0674846625766805
2009-12-15,sz.000056,9.5500,9.8400,9.4300,9.6000,9.4800,3532424,34033528.0300,3,2.971114,1,1.265800,9.302103,-133.517145,72.474735,-25.728842,0,1.2658227848101111
2009-12-16,sz.000056,9.5900,9.7200,9.4300,9.4900,9.6000,3020503,28811260.5400,3,2.540539,1,-1.145800,9.195516,-131.987261,71.644295,-25.434032,0,-1.1458333333333237
2009-12-17,sz.000056,9.3600,9.4900,9.0500,9.1000,9.4900,3973320,36712781.5000,3,3.341951,1,-4.109600,8.817618,-126.563127,68.700009,-24.388798,0,-4.109589041095896
2009-12-18,sz.000056,9.0000,9.0000,8.6000,8.6400,9.1000,3208009,28177262.8700,3,2.698249,1,-5.054900,8.371892,-120.165431,65.227261,-23.155958,0,-5.054945054945048
2009-12-21,sz.000056,8.6400,9.0700,8.6400,9.0300,8.6400,3263121,29015385.2900,3,2.744604,1,4.513900,8.749790,-125.589565,68.171548,-24.201192,0,4.513888888888884
2009-12-22,sz.000056,9.0500,9.1000,8.5600,8.6600,9.0300,3227175,28454841.0200,3,2.714370,1,-4.097500,8.391272,-120.443592,65.378251,-23.209559,0,-4.097452934662227
2009-12-23,sz.000056,8.5200,8.8600,8.5200,8.8200,8.6600,2846362,24705063.8700,3,2.394069,1,1.847600,8.546307,-122.668877,66.586163,-23.638373,0,1.8475750577367167
2009-12-24,sz.000056,8.7600,9.0400,8.6500,8.9300,8.8200,4115362,36658202.5500,3,3.461422,1,1.247200,8.652894,-124.198761,67.416602,-23.933183,0,1.2471655328798015
2009-12-25,sz.000056,8.9400,9.2600,8.8100,9.1000,8.9300,5657114,51035519.1000,3,4.758186,1,1.903700,8.817618,-126.563127,68.700009,-24.388798,0,1.903695408734607
2009-12-28,sz.000056,9.1100,9.7100,9.0600,9.5100,9.1000,7876048,74216641.2700,3,6.624527,1,4.505500,9.214896,-132.265422,71.795284,-25.487634,0,4.505494505494512
2009-12-29,sz.000056,9.4500,9.8500,9.4100,9.7700,9.5100,6572838,63799665.2300,3,5.528400,1,2.734000,9.466827,-135.881512,73.758142,-26.184457,0,2.733964248159837
2009-12-30,sz.000056,9.7000,10.2900,9.6400,9.9800,9.7700,8230458,82542043.4800,3,6.922620,1,2.149400,9.670311,-138.802199,75.343527,-26.747275,0,2.149437052200631
2009-12-31,sz.000056,9.9800,10.1500,9.7300,10.0900,9.9800,4478940,44641217.7800,3,3.767227,1,1.102200,9.776898,-140.332083,76.173966,-27.042085,0,1.1022044088176308
2010-01-04,sz.000056,10.0500,10.2800,9.9700,9.9800,10.0900,5860084,59031289.6500,3,4.928904,1,-1.090200,9.670311,-138.802199,75.343527,-26.747275,0,-1.090188305252715
2010-01-05,sz.000056,10.0000,10.1500,9.6500,10.1400,9.9800,4811020,47648614.5600,3,4.046539,1,1.603200,9.825346,-141.027485,76.551439,-27.176089,0,1.603206412825653
2010-01-06,sz.000056,10.0800,10.1800,9.8900,9.9500,10.1400,4185801,42067064.7600,3,3.520668,1,-1.873800,9.641242,-138.384958,75.117043,-26.666872,0,-1.8737672583826526
2010-01-07,sz.000056,9.8800,9.9500,9.6300,9.6800,9.9500,2877222,28168999.6700,3,2.420025,1,-2.713600,9.379620,-134.629788,73.078691,-25.943249,0,-2.713567839195974
2010-01-08,sz.000056,9.6500,9.8800,9.5400,9.8300,9.6800,2511279,24513793.5200,3,2.112231,1,1.549600,9.524966,-136.715994,74.211109,-26.345262,0,1.5495867768595017
2010-01-11,sz.000056,9.8300,9.8300,9.8300,9.8300,9.8300,0,0.0000,3,,0,0.000000,9.524966,-136.715994,74.211109,-26.345262,0,0.0
2010-01-12,sz.000056,9.8300,9.8300,9.8300,9.8300,9.8300,0,0.0000,3,,0,0.000000,9.524966,-136.715994,74.211109,-26.345262,0,0.0
2010-01-13,sz.000056,9.8300,9.8300,9.8300,9.8300,9.8300,0,0.0000,3,,0,0.000000,9.524966,-136.715994,74.211109,-26.345262,0,0.0
2010-01-14,sz.000056,9.8000,10.0900,9.0100,10.0400,9.8300,6057105,60004100.2800,3,5.094618,1,2.136300,9.728449,-139.636681,75.796494,-26.908080,0,2.1363173957273496
2010-01-15,sz.000056,9.9500,10.1500,9.9000,10.1400,10.0400,4496053,45265750.3700,3,3.781620,1,0.996000,9.825346,-141.027485,76.551439,-27.176089,0,0.9960159362550014
2010-01-18,sz.000056,10.1400,10.4000,10.0400,10.3700,10.1400,6102417,62359417.9300,3,5.132730,1,2.268200,10.048209,-144.226333,78.287813,-27.792509,0,2.268244575936862
2010-01-19,sz.000056,10.4000,10.6000,10.2200,10.4800,10.3700,5350103,55894333.6100,3,4.499960,1,1.060800,10.154796,-145.756217,79.118252,-28.087319,0,1.0607521697203692
2010-01-20,sz.000056,10.4800,10.6400,10.1500,10.2300,10.4800,4954465,51811969.9300,3,4.167190,1,-2.385500,9.912553,-142.279208,77.230889,-27.417297,0,-2.385496183206104
2010-01-21,sz.000056,10.3500,10.7800,9.9100,10.7600,10.2300,4238216,44382884.4100,3,3.564754,1,5.180800,10.426107,-149.650467,81.232099,-28.837744,0,5.180840664711628
2010-01-22,sz.000056,10.6000,10.9700,10.5000,10.7400,10.7600,4989003,53437643.2600,3,4.196240,1,-0.185900,10.406727,-149.372306,81.081110,-28.784142,0,-0.18587360594795044
2010-01-25,sz.000056,10.5500,10.5900,10.2800,10.3500,10.7400,2695900,28160462.1400,3,2.267516,1,-3.631300,10.028830,-143.948172,78.136824,-27.738908,0,-3.6312849162011274
2010-01-26,sz.000056,10.3000,10.4300,9.8000,10.0000,10.3500,2540581,25724047.7000,3,2.136877,1,-3.381600,9.689690,-139.080360,75.494516,-26.800877,0,-3.3816425120772875
2010-01-27,sz.000056,10.1000,10.2000,9.9300,10.0200,10.0000,1873618,18894127.4900,3,1.575896,1,0.200000,9.709070,-139.358521,75.645505,-26.854479,0,0.20000000000000018
2010-01-28,sz.000056,10.0200,10.1600,9.9000,10.0800,10.0200,1427853,14306829.2700,3,1.200964,1,0.598800,9.767208,-140.193003,76.098472,-27.015284,0,0.5988023952095967
2010-01-29,sz.000056,10.0500,10.5000,9.9100,10.4300,10.0800,3238814,33297222.5400,3,2.724159,1,3.472200,10.106347,-145.060815,78.740780,-27.953315,0,3.47222222222221
2010-02-01,sz.000056,10.3800,11.0000,10.3200,10.9200,10.4300,5508074,59090537.7400,3,4.632829,1,4.698000,10.581142,-151.875753,82.440011,-29.266558,0,4.697986577181212
2010-02-02,sz.000056,10.9800,11.1500,10.7000,10.7500,10.9200,4531231,49544072.2400,3,3.811209,1,-1.556800,10.416417,-149.511387,81.156604,-28.810943,0,-1.5567765567765512
2010-02-03,sz.000056,10.7600,11.8300,10.7600,11.8300,10.7500,9143439,104384265.2600,3,7.690527,1,10.046500,11.462904,-164.532066,89.310012,-31.705437,0,10.046511627906973
2010-02-04,sz.000056,11.8300,12.8900,11.6200,12.0600,11.8300,9228957,113077557.2600,3,7.762456,1,1.944200,11.685767,-167.730914,91.046386,-32.321858,0,1.9442096365173356
2010-02-05,sz.000056,11.5500,11.9800,11.5500,11.8400,12.0600,5250096,61763301.9600,3,4.415844,1,-1.824200,11.472593,-164.671146,89.385506,-31.732238,0,-1.8242122719734688
2010-02-08,sz.000056,11.7600,12.8000,11.6000,12.5400,11.8400,4989861,61205508.1200,3,4.196961,1,5.912200,12.150872,-174.406771,94.670123,-33.608300,0,5.912162162162149
2010-02-09,sz.000056,12.5500,12.7800,12.2500,12.5800,12.5400,3326972,41487803.9900,3,2.798309,1,0.319000,12.189630,-174.963093,94.972101,-33.715503,0,0.31897926634769647
2010-02-10,sz.000056,12.4000,12.5800,11.7900,11.8800,12.5800,3909954,47362045.0500,3,3.288654,1,-5.564400,11.511352,-165.227467,89.687485,-31.839442,0,-5.564387917329084
2010-02-11,sz.000056,11.8900,12.1900,11.6300,11.7100,11.8800,3781911,44866934.7400,3,3.180957,1,-1.431000,11.346627,-162.863101,88.404078,-31.383827,0,-1.4309764309764272
2010-02-12,sz.000056,11.7000,11.9500,11.4000,11.7600,11.7100,2243437,26312313.2700,3,1.886950,1,0.427000,11.395076,-163.558503,88.781550,-31.517831,0,0.42698548249358037
2010-02-22,sz.000056,11.7100,12.0200,11.4500,12.0200,11.7600,2988903,35082266.4900,3,2.513960,1,2.210900,11.647008,-167.174592,90.744408,-32.214654,0,2.2108843537415046
2010-02-23,sz.000056,12.0200,12.3000,11.8600,12.2900,12.0200,3679445,44603941.6300,3,3.094773,1,2.246300,11.908629,-170.929762,92.782760,-32.938278,0,2.2462562396006636
2010-02-24,sz.000056,12.0300,12.5000,12.0300,12.1900,12.2900,3058784,37540894.6600,3,2.572737,1,-0.813700,11.811733,-169.538959,92.027815,-32.670269,0,-0.8136696501220508
2010-02-25,sz.000056,12.3000,12.9900,12.1300,12.8400,12.1900,5141680,64285575.6000,3,4.324656,1,5.332200,12.441562,-178.579182,96.934958,-34.412326,0,5.332239540607064
2010-02-26,sz.000056,12.7000,13.1200,12.5600,12.9000,12.8400,3788913,48784263.5800,3,3.186847,1,0.467300,12.499701,-179.413664,97.387925,-34.573131,0,0.4672897196261738
2010-03-01,sz.000056,12.9500,13.0300,12.5000,12.6800,12.9000,2970925,37898622.1500,3,2.498839,1,-1.705400,12.286527,-176.353896,95.727046,-33.983512,0,-1.705426356589157
2010-03-02,sz.000056,12.6100,12.7800,11.9000,12.2700,12.6800,4749593,58232920.0100,3,3.994872,1,-3.233400,11.889250,-170.651601,92.631771,-32.884676,0,-3.2334384858044185
2010-03-03,sz.000056,12.1700,12.3500,12.1200,12.2000,12.2700,3392364,41395941.0500,3,2.853310,1,-0.570500,11.821422,-169.678039,92.103309,-32.697070,0,-0.5704971475142595
2010-03-04,sz.000056,12.2700,12.5700,11.3500,11.4200,12.2000,4888735,58780602.5100,3,4.111904,1,-6.393400,11.065626,-158.829771,86.214737,-30.606601,0,-6.393442622950818
2010-03-05,sz.000056,11.4000,11.6900,10.9000,11.2300,11.4200,6474362,72408238.1500,3,5.445572,1,-1.663700,10.881522,-156.187244,84.780341,-30.097385,0,-1.6637478108581405
2010-03-08,sz.000056,11.2300,11.3900,11.1000,11.3000,11.2300,5801460,65079477.9900,3,4.879595,1,0.623300,10.949350,-157.160807,85.308803,-30.284991,0,0.6233303650934996
2010-03-09,sz.000056,11.3100,11.5400,11.1500,11.4400,11.3000,4412389,50285349.2200,3,3.711251,1,1.238900,11.085006,-159.107932,86.365726,-30.660203,0,1.2389380530973382
2010-03-10,sz.000056,11.4400,11.5400,11.1700,11.1900,11.4400,2849726,32270820.9400,3,2.396898,1,-2.185300,10.842764,-155.630923,84.478363,-29.990181,0,-2.1853146853146876
2010-03-11,sz.000056,11.1100,11.2500,10.8500,10.9000,11.1900,2893986,31843551.0200,3,2.434125,1,-2.591600,10.561763,-151.597592,82.289022,-29.212956,0,-2.5915996425379784
2010-03-12,sz.000056,10.9100,11.2400,10.9000,10.9700,10.9000,2852308,31584352.0500,3,2.399070,1,0.642200,10.629590,-152.571155,82.817484,-29.400562,0,0.6422018348623881
2010-03-15,sz.000056,11.0200,11.4500,10.9100,11.4500,10.9700,4103599,46033925.1400,3,3.451528,1,4.375600,11.094695,-159.247012,86.441220,-30.687004,0,4.375569735642659
2010-03-16,sz.000056,11.4500,11.9000,11.4000,11.7600,11.4500,5475014,63888845.2800,3,4.605022,1,2.707400,11.395076,-163.558503,88.781550,-31.517831,0,2.707423580786039
2010-03-17,sz.000056,11.5900,11.8100,11.5100,11.8100,11.7600,3846351,44883950.9800,3,3.235158,1,0.425200,11.443524,-164.253905,89.159023,-31.651836,0,0.42517006802722523
2010-03-18,sz.000056,11.7600,11.9300,11.5400,11.5500,11.8100,2883690,33643895.0600,3,2.425465,1,-2.201500,11.191592,-160.637816,87.196166,-30.955013,0,-2.201524132091448
2010-03-19,sz.000056,11.5100,11.6400,11.3100,11.4500,11.5500,2999474,34238662.6900,3,2.522851,1,-0.865800,11.094695,-159.247012,86.441220,-30.687004,0,-0.8658008658008809
2010-03-22,sz.000056,11.3800,11.4300,11.1200,11.2400,11.4500,3837929,43177782.8000,3,3.228074,1,-1.834100,10.891212,-156.326324,84.855836,-30.124186,0,-1.8340611353711678
2010-03-23,sz.000056,11.3100,11.4700,11.2000,11.4000,11.2400,2961130,33591689.8900,3,2.490600,1,1.423500,11.046247,-158.551610,86.063748,-30.553000,0,1.4234875444839812
2010-03-24,sz.000056,11.4200,11.4600,11.1200,11.1500,11.4000,2452822,27579464.4200,3,2.063063,1,-2.193000,10.804005,-155.074601,84.176385,-29.882978,0,-2.1929824561403466
2010-03-25,sz.000056,11.1100,11.2600,10.9300,11.1600,11.1500,2274513,25245326.2100,3,1.913088,1,0.089700,10.813694,-155.213682,84.251879,-29.909779,0,0.08968609865471766
2010-03-26,sz.000056,11.1600,11.3500,11.0800,11.3300,11.1600,1873601,21056577.7200,3,1.575882,1,1.523300,10.978419,-157.578048,85.535286,-30.365394,0,1.5232974910394326
2010-03-29,sz.000056,11.3800,11.4200,11.1500,11.2400,11.3300,2212600,24957298.4200,3,1.861013,1,-0.794400,10.891212,-156.326324,84.855836,-30.124186,0,-0.7943512797881747
2010-03-30,sz.000056,11.2600,11.3000,11.1600,11.2000,11.2400,2012836,22551794.5500,3,1.692992,1,-0.355900,10.852453,-155.770003,84.553857,-30.016982,0,-0.3558718861210064
2010-03-31,sz.000056,11.2000,11.2000,11.2000,11.2000,11.2000,0,0.0000,3,,0,0.000000,10.852453,-155.770003,84.553857,-30.016982,0,0.0
2010-04-01,sz.000056,11.2000,11.4900,11.2000,11.4800,11.2000,3064671,34747313.8600,3,2.577688,1,2.500000,11.123765,-159.664253,86.667704,-30.767407,0,2.5000000000000133
2010-04-02,sz.000056,11.4800,11.6800,11.3600,11.5900,11.4800,3557537,41063854.5000,3,2.992237,1,0.958200,11.230351,-161.194137,87.498144,-31.062216,0,0.9581881533101022
2010-04-06,sz.000056,11.5900,11.8200,11.5900,11.8000,11.5900,4019848,47157308.0400,3,3.381085,1,1.811900,11.433835,-164.114825,89.083528,-31.625035,0,1.8119068162208984
2010-04-07,sz.000056,11.8000,11.8800,11.6100,11.7400,11.8000,2409617,28170875.5700,3,2.026724,1,-0.508500,11.375696,-163.280342,88.630561,-31.464229,0,-0.5084745762711895
2010-04-08,sz.000056,11.7300,11.7400,11.4100,11.4500,11.7400,2584886,29791838.5500,3,2.174142,1,-2.470200,11.094695,-159.247012,86.441220,-30.687004,0,-2.470187393526413
2010-04-09,sz.000056,11.4300,11.6500,11.4000,11.5900,11.4500,1857704,21407079.0400,3,1.562511,1,1.222700,11.230351,-161.194137,87.498144,-31.062216,0,1.2227074235807933
2010-04-12,sz.000056,11.6800,12.3400,11.4500,12.3000,11.5900,5740915,67722123.7900,3,4.828671,1,6.126000,11.918319,-171.068843,92.858254,-32.965079,0,6.125970664365843
2010-04-13,sz.000056,12.1000,12.4000,11.6000,12.2900,12.3000,8707227,105495709.8100,3,7.323630,1,-0.081300,11.908629,-170.929762,92.782760,-32.938278,0,-0.08130081300814496
2010-04-14,sz.000056,12.2900,12.3000,12.0100,12.2300,12.2900,3687804,44864322.9900,3,3.101804,1,-0.488200,11.850491,-170.095280,92.329793,-32.777472,0,-0.4882017900732172
2010-04-15,sz.000056,12.2200,12.4900,12.1300,12.2400,12.2300,3855880,47472769.6700,3,3.243172,1,0.081800,11.860181,-170.234360,92.405287,-32.804273,0,0.08176614881438837
2010-04-16,sz.000056,12.2000,12.2500,11.7700,11.7700,12.2400,2701134,32136373.3700,3,2.271918,1,-3.839900,11.404766,-163.697583,88.857045,-31.544632,0,-3.83986928104576
2010-04-19,sz.000056,11.6300,11.7000,10.7200,10.8100,11.7700,4012053,45047594.5000,3,3.374529,1,-8.156300,10.474555,-150.345869,81.609571,-28.971748,0,-8.156329651656746
2010-04-20,sz.000056,10.8000,10.9000,10.1900,10.2700,10.8100,3418410,35637586.3000,3,2.875217,1,-4.995400,9.951312,-142.835530,77.532868,-27.524501,0,-4.9953746530989935
2010-04-21,sz.000056,10.2100,10.7600,10.2000,10.6700,10.2700,2724579,28542239.3600,3,2.291638,1,3.894800,10.338900,-148.398744,80.552648,-28.596536,0,3.8948393378773094
2010-04-22,sz.000056,10.5000,10.8700,10.5000,10.8500,10.6700,2779509,29808167.6000,3,2.337839,1,1.687000,10.513314,-150.902190,81.911549,-29.078951,0,1.6869728209934376
2010-04-23,sz.000056,10.8500,11.2700,10.7100,10.9300,10.8500,3042222,33566307.6400,3,2.558806,1,0.737300,10.590832,-152.014833,82.515506,-29.293358,0,0.7373271889400845
2010-04-26,sz.000056,10.9900,11.2300,10.7400,11.1700,10.9300,2544232,28081009.5900,3,2.139948,1,2.195800,10.823384,-155.352762,84.327374,-29.936579,0,2.1957913998170264
2010-04-27,sz.000056,11.1400,11.2500,10.9800,11.1600,11.1700,2494213,27702758.3100,3,2.097877,1,-0.089500,10.813694,-155.213682,84.251879,-29.909779,0,-0.08952551477170445
2010-04-28,sz.000056,11.0000,11.0000,10.4100,10.5200,11.1600,2233355,23804102.4900,3,1.878470,1,-5.734800,10.814161,-179.015734,107.989171,-105.177728,0,-5.7347670250896154
2010-04-29,sz.000056,10.5100,10.7400,10.4400,10.5500,10.5200,1678864,17767260.3400,3,1.412089,1,0.285200,10.844999,-179.526235,108.297125,-105.477665,0,0.2851711026616188
2010-04-30,sz.000056,10.5600,10.6100,9.9300,10.0700,10.5500,1464698,14858855.6600,3,1.231954,1,-4.549800,10.351578,-171.358216,103.369862,-100.678681,0,-4.549763033175358
2010-05-04,sz.000056,9.9700,10.1500,9.6000,9.9400,10.0700,659890,6559787.5000,3,0.555032,1,-1.291000,10.217943,-169.146045,102.035395,-99.378956,0,-1.2909632571996066
2010-05-05,sz.000056,9.9400,10.4800,9.9400,10.4800,9.9400,1501372,15409731.7800,3,1.262801,1,5.432600,10.773042,-178.335065,107.578566,-104.777813,0,5.432595573440646
2010-05-06,sz.000056,10.4500,10.6600,10.3000,10.3800,10.4800,2054418,21610267.3300,3,1.727967,1,-0.954200,10.670246,-176.633395,106.552053,-103.778024,0,-0.9541984732824416
2010-05-07,sz.000056,10.2200,10.6000,9.9600,10.3200,10.3800,1230232,12766328.7000,3,1.034745,1,-0.578000,10.608568,-175.612393,105.936145,-103.178152,0,-0.5780346820809301
2010-05-10,sz.000056,10.1700,10.5400,10.0000,10.5400,10.3200,1258734,12979165.5600,3,1.058718,1,2.131800,10.834720,-179.356068,108.194473,-105.377686,0,2.1317829457364157
2010-05-11,sz.000056,10.7400,10.7800,10.1800,10.2400,10.5400,1625291,17123637.8500,3,1.367029,1,-2.846300,10.526331,-174.251056,105.114934,-102.378321,0,-2.8462998102466663
2010-05-12,sz.000056,9.9100,10.6400,9.9100,10.6200,10.2400,2245985,23216685.3700,3,1.889093,1,3.710900,10.916957,-180.717404,109.015684,-106.177516,0,3.7109375
2010-05-13,sz.000056,10.5500,10.7200,10.2700,10.6300,10.6200,1770951,18687263.7500,3,1.489543,1,0.094200,10.927236,-180.887571,109.118335,-106.277495,0,0.09416195856875031
2010-05-14,sz.000056,10.6500,10.6500,10.2800,10.3400,10.6300,1295272,13531689.3500,3,1.089450,1,-2.728100,10.629127,-175.952727,106.141447,-103.378109,0,-2.728127939793046
2010-05-17,sz.000056,10.0500,10.2000,9.3100,9.3100,10.3400,1507646,14754499.4800,3,1.268078,1,-9.961300,9.570327,-158.425521,95.568363,-93.080290,0,-9.96131528046421
2010-05-18,sz.000056,9.1900,9.4600,8.5200,9.2500,9.3100,1335849,12079130.7800,3,1.123580,1,-0.644500,9.508649,-157.404519,94.952455,-92.480417,0,-0.6444683136412555
2010-05-19,sz.000056,9.0600,9.3100,8.9900,9.0800,9.2500,1012487,9250819.1400,3,0.851601,1,-1.837800,9.333895,-154.511679,93.207383,-90.780777,0,-1.8378378378378413
2010-05-20,sz.000056,8.8500,9.1400,8.5200,8.6200,9.0800,994242,8817778.6100,3,0.836255,1,-5.066100,8.861033,-146.683995,88.485423,-86.181751,0,-5.066079295154191
2010-05-21,sz.000056,8.2400,8.6700,8.1900,8.5900,8.6200,1513237,12710001.5000,3,1.272780,1,-0.348000,8.830194,-146.173493,88.177469,-85.881814,0,-0.34802784222737193
2010-05-24,sz.000056,8.4800,9.3000,8.4800,9.1900,8.5900,1814470,16388742.0800,3,1.526147,1,6.984900,9.446971,-156.383516,94.336548,-91.880544,0,6.984866123399303
2010-05-25,sz.000056,9.0500,9.8500,8.9200,9.6700,9.1900,2312179,21632544.8900,3,1.944769,1,5.223100,9.940393,-164.551535,99.263810,-96.679528,0,5.223068552774768
2010-05-26,sz.000056,9.6000,9.7000,9.3500,9.5000,9.6700,988145,9400945.1200,3,0.831127,1,-1.758000,9.765639,-161.658695,97.518738,-94.979888,0,-1.7580144777662898
2010-05-27,sz.000056,9.4000,9.6500,9.2700,9.5300,9.5000,1039164,9822737.4300,3,0.874039,1,0.315800,9.796478,-162.169196,97.826692,-95.279824,0,0.3157894736842026
2010-05-28,sz.000056,9.6700,10.0000,9.5300,9.8100,9.5300,1931428,18919774.4300,3,1.624520,1,2.938100,10.084308,-166.933873,100.700928,-98.079231,0,2.9380902413431498
2010-05-31,sz.000056,9.8100,9.9800,9.2500,9.2600,9.8100,930800,9014778.9300,3,0.782894,1,-5.606500,9.518928,-157.574686,95.055107,-92.580396,0,-5.6065239551478125
2010-06-01,sz.000056,9.1300,9.3800,8.7000,9.1200,9.2600,791974,7205265.7000,3,0.666128,1,-1.511900,9.375014,-155.192347,93.617988,-91.180692,0,-1.5118790496760348
2010-06-02,sz.000056,8.8000,9.6500,8.7500,9.6500,9.1200,852714,7972679.5000,3,0.717216,1,5.811400,9.919834,-164.211200,99.058507,-96.479570,0,5.81140350877194
2010-06-03,sz.000056,9.7500,10.5600,9.5100,10.1600,9.6500,3875726,39627779.9800,3,3.259865,1,5.285000,10.444094,-172.889720,104.293724,-101.578490,0,5.28497409326425
2010-06-04,sz.000056,10.1200,10.5900,10.0200,10.4400,10.1600,2803972,29295860.1700,3,2.358415,1,2.755900,10.731924,-177.654397,107.167960,-104.377897,0,2.7559055118110187
2010-06-07,sz.000056,10.1000,11.1000,10.0300,10.8800,10.4400,3675829,39563326.5200,3,3.091732,1,4.214600,11.184227,-185.141747,111.684618,-108.776966,0,4.214559386973193
2010-06-08,sz.000056,10.7300,11.0000,10.4000,10.5000,10.8800,3171856,33814197.6300,3,2.667841,1,-3.492600,10.793601,-178.675399,107.783868,-104.977770,0,-3.492647058823539
2010-06-09,sz.000056,10.5000,10.7800,10.4500,10.6400,10.5000,1707808,18115886.5000,3,1.436434,1,1.333337,10.937516,-181.057738,109.220986,-106.377474,0,1.333333333333342
2010-06-10,sz.000056,10.6000,10.9900,10.5000,10.8200,10.6400,1463169,15818110.5200,3,1.230668,1,1.691700,11.122549,-184.120745,111.068710,-108.177093,0,1.6917293233082775
2010-06-11,sz.000056,10.9000,10.9000,10.7100,10.7500,10.8200,1234455,13306238.1000,3,1.038297,1,-0.647000,11.050592,-182.929576,110.350151,-107.477241,0,-0.6469500924214389
2010-06-17,sz.000056,10.8100,10.8800,10.4300,10.5300,10.7500,1034769,10968496.0800,3,0.870342,1,-2.046500,10.824440,-179.185901,108.091822,-105.277707,0,-2.0465116279069773
2010-06-18,sz.000056,10.4800,10.6900,10.0000,10.1500,10.5300,810669,8456130.3500,3,0.681852,1,-3.608700,10.433815,-172.719553,104.191073,-101.478511,0,-3.6087369420702675
2010-06-21,sz.000056,10.1000,11.0000,10.1000,10.9900,10.1500,1714482,18383457.9000,3,1.442047,1,8.275900,11.297303,-187.013585,112.813782,-109.876733,0,8.275862068965512
2010-06-22,sz.000056,10.9900,10.9900,10.9900,10.9900,10.9900,0,0.0000,3,,0,0.000000,11.297303,-187.013585,112.813782,-109.876733,0,0.0
2010-06-23,sz.000056,11.1000,11.1500,10.7000,10.8200,10.9900,1483409,16172365.6500,3,1.247692,1,-1.546900,11.122549,-184.120745,111.068710,-108.177093,0,-1.5468607825295688
2010-06-24,sz.000056,10.9000,11.0800,10.8000,10.8200,10.8200,1113785,12136039.5000,3,0.936802,1,0.000000,11.122549,-184.120745,111.068710,-108.177093,0,0.0
2010-06-25,sz.000056,10.9800,11.0900,10.7300,10.9500,10.8200,1277759,13935179.9000,3,1.074720,1,1.201500,11.256184,-186.332917,112.403177,-109.476818,0,1.2014787430683738
2010-06-28,sz.000056,10.9500,11.1200,10.8200,10.8900,10.9500,2030330,22305701.7700,3,1.707706,1,-0.547900,11.194507,-185.311914,111.787269,-108.876945,0,-0.5479452054794387
2010-06-29,sz.000056,10.9000,10.9700,9.8000,9.8500,10.8900,2271179,23147445.4500,3,1.910284,1,-9.550000,10.125426,-167.614541,101.111534,-98.479147,0,-9.55004591368228
2010-06-30,sz.000056,9.8500,9.9300,9.1500,9.7900,9.8500,934261,8894214.3000,3,0.785805,1,-0.609100,10.063748,-166.593539,100.495626,-97.879274,0,-0.6091370558375719
2010-07-01,sz.000056,9.6000,9.8600,9.5000,9.6000,9.7900,351609,3399414.8700,3,0.295738,1,-1.940800,9.868435,-163.360365,98.545251,-95.979676,0,-1.9407558733401387
2010-07-02,sz.000056,9.6500,9.7500,9.1600,9.6900,9.6000,616217,5837667.1700,3,0.518299,1,0.937500,9.960952,-164.891869,99.469113,-96.879485,0,0.9374999999999911
2010-07-05,sz.000056,9.6800,9.8600,9.4100,9.7600,9.6900,852065,8224250.6400,3,0.716670,1,0.722400,10.032909,-166.083038,100.187672,-97.579337,0,0.7223942208462342
2010-07-06,sz.000056,9.6500,10.1000,9.6500,9.9500,9.7600,578710,5745014.8900,3,0.486752,1,1.946700,10.228222,-169.316212,102.138047,-99.478935,0,1.9467213114753967
2010-07-07,sz.000056,10.0300,10.0800,9.7500,9.9000,9.9500,640525,6346475.9100,3,0.538744,1,-0.502500,10.176824,-168.465377,101.624790,-98.979041,0,-0.5025125628140614
2010-07-08,sz.000056,9.8500,10.0500,9.7100,9.7700,9.9000,631651,6241987.2300,3,0.531280,1,-1.313100,10.043189,-166.253205,100.290323,-97.679316,0,-1.3131313131313216
2010-07-09,sz.000056,9.7500,10.0900,9.6500,10.0000,9.7700,917600,9127389.5800,3,0.771791,1,2.354100,10.279620,-170.167047,102.651303,-99.978829,0,2.3541453428863823
2010-07-12,sz.000056,9.9500,10.2600,9.9500,10.1900,10.0000,786431,8003528.0900,3,0.661465,1,1.900000,10.474933,-173.400221,104.601678,-101.878427,0,1.8999999999999906
2010-07-13,sz.000056,10.2100,10.2100,9.8900,10.0000,10.1900,712944,7126291.4200,3,0.599656,1,-1.864600,10.279620,-170.167047,102.651303,-99.978829,0,-1.8645731108930308
2010-07-14,sz.000056,10.0400,10.2700,9.9000,10.1700,10.0000,1107403,11243412.3900,3,0.931434,1,1.700000,10.454374,-173.059887,104.396375,-101.678469,0,1.6999999999999904
2010-07-15,sz.000056,10.1500,10.1500,9.8200,9.8200,10.1700,739052,7366564.7600,3,0.621615,1,-3.441500,10.094587,-167.104040,100.803580,-98.179210,0,-3.4414945919370665
2010-07-16,sz.000056,10.0800,10.7600,9.9500,10.3200,9.8200,2478683,25716908.9100,3,2.084815,1,5.091650,10.608568,-175.612393,105.936145,-103.178152,0,5.0916496945010215
2010-07-19,sz.000056,9.6000,10.3000,9.3500,10.1300,10.3200,3281788,32157090.5500,3,2.760305,1,-1.841100,10.413255,-172.379219,103.985770,-101.278554,0,-1.8410852713178216
2010-07-20,sz.000056,10.1300,10.1300,10.1300,10.1300,10.1300,0,0.0000,3,,0,0.000000,10.413255,-172.379219,103.985770,-101.278554,0,0.0
2010-07-21,sz.000056,10.2000,10.6000,10.0000,10.0400,10.1300,2922067,30083203.8000,3,2.457744,1,-0.888500,10.320739,-170.847715,103.061908,-100.378744,0,-0.8884501480750373
2010-07-22,sz.000056,9.8100,10.0800,9.6400,9.9800,10.0400,3403061,33490551.6800,3,2.862307,1,-0.597600,10.259061,-169.826713,102.446000,-99.778871,0,-0.5976095617529764
2010-07-23,sz.000056,9.9100,10.9800,9.7600,10.9800,9.9800,5433721,55832865.8300,3,4.570291,1,10.020000,11.287023,-186.843418,112.711131,-109.776754,0,10.020040080160332
2010-07-26,sz.000056,10.7700,11.0000,10.7000,10.8300,10.9800,4910955,53195669.9000,3,4.130594,1,-1.366100,11.132829,-184.290912,111.171361,-108.277072,0,-1.3661202185792365
2010-07-27,sz.000056,10.7900,11.3100,10.6100,11.0000,10.8300,5923038,65665829.6600,3,4.981854,1,1.569700,11.307582,-187.183752,112.916433,-109.976712,0,1.5697137580794163
2010-07-28,sz.000056,10.9300,11.3600,10.7300,11.2400,11.0000,4279584,47745442.0900,3,3.599549,1,2.181800,11.554293,-191.267761,115.380065,-112.376204,0,2.1818181818181737
2010-07-29,sz.000056,11.2200,11.4800,11.0400,11.1500,11.2400,3493604,39143683.6100,3,2.938463,1,-0.800700,11.461777,-189.736258,114.456203,-111.476394,0,-0.8007117437722422
2010-07-30,sz.000056,11.2900,11.2900,10.8500,10.8900,11.1500,2404600,26389707.4500,3,2.022504,1,-2.331800,11.194507,-185.311914,111.787269,-108.876945,0,-2.331838565022415
2010-08-02,sz.000056,10.9900,11.2700,10.8600,11.0900,10.8900,2359033,26049996.1600,3,1.984178,1,1.836500,11.400099,-188.715255,113.840295,-110.876521,0,1.8365472910927494
2010-08-03,sz.000056,11.0600,11.1900,10.8000,10.8000,11.0900,2344262,25671187.3200,3,1.971754,1,-2.615000,11.101990,-183.780411,110.863407,-107.977135,0,-2.6149684400360584
2010-08-04,sz.000056,10.8200,11.1000,10.6900,11.0400,10.8000,2424529,26385420.3100,3,2.039266,1,2.222200,11.348701,-187.864420,113.327039,-110.376627,0,2.2222222222222143
2010-08-05,sz.000056,11.0800,11.3600,10.9500,10.9700,11.0400,2955090,32958648.4600,3,2.485520,1,-0.634100,11.276743,-186.673251,112.608479,-109.676775,0,-0.6340579710144789
2010-08-06,sz.000056,11.2000,11.5000,11.1300,11.3800,10.9700,4156480,47084024.9500,3,3.496006,1,3.737500,11.698208,-193.650100,116.817183,-113.775907,0,3.7374658158614515
2010-08-09,sz.000056,11.1800,11.3300,11.1500,11.2600,11.3800,2562236,28801601.1800,3,2.155091,1,-1.054500,11.574852,-191.608095,115.585367,-112.576161,0,-1.0544815465729385
2010-08-10,sz.000056,11.3000,11.4500,10.7500,10.8000,11.2600,2596035,28950269.2100,3,2.183519,1,-4.085300,11.101990,-183.780411,110.863407,-107.977135,0,-4.085257548845467
2010-08-11,sz.000056,10.7800,10.9900,10.7000,10.9100,10.8000,1392652,15147664.5000,3,1.171357,1,1.018500,11.215066,-185.652248,111.992572,-109.076902,0,1.0185185185185075
2010-08-12,sz.000056,10.8000,11.0300,10.6000,10.6500,10.9100,1469520,15923769.7600,3,1.236010,1,-2.383100,10.947796,-181.227905,109.323638,-106.477453,0,-2.383134738771764
2010-08-13,sz.000056,11.2500,11.6900,11.0000,11.1200,10.6500,3041951,34056503.6800,3,2.558578,1,4.413100,11.430938,-189.225756,114.148249,-111.176458,0,4.413145539906083
2010-08-16,sz.000056,11.0000,11.4100,10.9400,11.3600,11.1200,3295240,37156559.5900,3,2.771619,1,2.158300,11.677649,-193.309766,116.611880,-113.575950,0,2.158273381294973
2010-08-17,sz.000056,11.4500,11.4500,11.2700,11.4100,11.3600,3345450,38056105.9500,3,2.813851,1,0.440100,11.729047,-194.160601,117.125137,-114.075844,0,0.4401408450704247
2010-08-18,sz.000056,11.3500,11.3700,11.1100,11.2500,11.4100,2171379,24402890.0800,3,1.826342,1,-1.402300,11.564573,-191.437928,115.482716,-112.476183,0,-1.4022787028922012
2010-08-19,sz.000056,11.3500,11.7600,11.2000,11.5900,11.2500,4583311,52808385.7800,3,3.855013,1,3.022200,11.914080,-197.223608,118.972860,-115.875463,0,3.022222222222215
2010-08-20,sz.000056,11.5100,11.7400,11.2000,11.3500,11.5900,3480461,40015518.0800,3,2.927408,1,-2.070800,12.288090,-97.004711,128.828264,-64.464280,0,-2.070750647109576
2010-08-23,sz.000056,11.3500,11.9900,11.3500,11.7000,11.3500,4282585,50389616.9500,3,3.602073,1,3.083700,12.667018,-99.996046,132.800942,-66.452166,0,3.083700440528636
2010-08-24,sz.000056,11.6000,12.2000,11.5500,12.2000,11.7000,6186757,73818073.8600,3,5.203668,1,4.273500,13.208344,-104.269381,138.476195,-69.292002,0,4.2735042735042805
2010-08-25,sz.000056,12.2500,12.3000,11.8500,11.9100,12.2000,4255786,51327074.8400,3,3.579532,1,-2.377000,12.894375,-101.790846,135.184548,-67.644897,0,-2.3770491803278615
2010-08-26,sz.000056,11.8500,12.1800,11.6600,11.7800,11.9100,2397598,28417134.4500,3,2.016615,1,-1.091500,12.753630,-100.679779,133.708982,-66.906539,0,-1.0915197313182246
2010-08-27,sz.000056,11.8800,11.8800,11.4000,11.5900,11.7800,1927733,22314092.0300,3,1.621412,1,-1.612900,12.547926,-99.055912,131.552386,-65.827402,0,-1.6129032258064502
2010-08-30,sz.000056,11.5900,11.7800,11.5500,11.6500,11.5900,2152589,25118874.7900,3,1.810538,1,0.517700,12.612885,-99.568712,132.233416,-66.168182,0,0.5176876617773996
2010-08-31,sz.000056,11.6600,11.7400,11.3600,11.4700,11.6500,3159205,36370160.7100,3,2.657201,1,-1.545100,12.418008,-98.030311,130.190325,-65.145841,0,-1.5450643776824036
2010-09-01,sz.000056,11.4700,12.5500,11.4300,12.2500,11.4700,6056280,72519272.6200,3,5.093924,1,6.800300,13.262476,-104.696714,139.043721,-69.575985,0,6.800348735832595
2010-09-02,sz.000056,12.1500,12.3000,12.0200,12.1600,12.2500,3805530,46179589.6000,3,3.200823,1,-0.734700,13.165037,-103.927514,138.022175,-69.064815,0,-0.7346938775510181
2010-09-03,sz.000056,12.1800,12.4000,11.9500,12.1200,12.1600,2379903,28837547.3500,3,2.001731,1,-0.328900,13.121731,-103.585647,137.568155,-68.837628,0,-0.328947368421062
2010-09-06,sz.000056,12.1600,12.7200,12.0600,12.3800,12.1200,4626674,57444022.2900,3,3.891486,1,2.145200,13.403221,-105.807782,140.519287,-70.314343,0,2.1452145214521545
2010-09-07,sz.000056,12.5000,12.5000,11.8000,12.0000,12.3800,3510331,42283190.9300,3,2.952532,1,-3.069500,12.991813,-102.560047,136.206094,-68.156067,0,-3.0694668820678617
2010-09-08,sz.000056,12.0000,12.1100,11.8300,11.9900,12.0000,1834580,21982251.8200,3,1.543061,1,-0.083335,12.980987,-102.474580,136.092589,-68.099271,0,-0.08333333333333526
2010-09-09,sz.000056,12.0000,12.2200,11.8000,11.8000,11.9900,2691891,32228061.0900,3,2.264144,1,-1.584700,12.775283,-100.850713,133.935992,-67.020133,0,-1.5846538782318564
2010-09-10,sz.000056,11.8000,11.8000,11.8000,11.8000,11.8000,0,0.0000,3,,0,0.000000,12.775283,-100.850713,133.935992,-67.020133,0,0.0
2010-09-13,sz.000056,11.9100,12.6000,11.9100,12.1600,11.8000,2538055,31025200.5400,3,2.134753,1,3.050800,13.165037,-103.927514,138.022175,-69.064815,0,3.050847457627115
2010-09-14,sz.000056,12.0700,12.1900,11.9800,12.0200,12.1600,1854284,22358732.4200,3,1.559634,1,-1.151300,13.013466,-102.730980,136.433104,-68.269661,0,-1.1513157894736836
2010-09-15,sz.000056,11.9600,12.1500,11.8500,11.8700,12.0200,1697820,20349648.7200,3,1.428033,1,-1.247900,12.851069,-101.448980,134.730528,-67.417710,0,-1.2479201331114798
2010-09-16,sz.000056,11.8200,11.9200,11.0700,11.1200,11.8700,2420545,27548701.9300,3,2.035915,1,-6.318400,12.039080,-95.038977,126.217647,-63.157956,0,-6.318449873631005
2010-09-17,sz.000056,11.1500,11.2500,11.0000,11.1200,11.1200,1044616,11645766.6000,3,0.878624,1,0.000000,12.039080,-95.038977,126.217647,-63.157956,0,0.0
2010-09-20,sz.000056,11.5500,11.7500,11.1600,11.1800,11.1200,2152884,24681725.9900,3,1.810786,1,0.539600,12.104039,-95.551777,126.898677,-63.498736,0,0.5395683453237377
2010-09-21,sz.000056,11.2000,11.2500,11.0000,11.0400,11.1800,808521,8979985.7600,3,0.680045,1,-1.252200,11.952468,-94.355243,125.309606,-62.703582,0,-1.2522361359570744
2010-09-27,sz.000056,11.0800,11.3100,11.0800,11.3100,11.0400,1275923,14310968.4500,3,1.073176,1,2.445700,12.244784,-96.662844,128.374243,-64.237093,0,2.44565217391306
2010-09-28,sz.000056,11.4200,11.6000,10.9300,11.4600,11.3100,2842975,32149493.1600,3,2.391220,1,1.326300,12.407182,-97.944845,130.076820,-65.089044,0,1.326259946949615
2010-09-29,sz.000056,11.4000,11.4000,10.7000,10.7700,11.4600,2429952,26957306.5500,3,2.043827,1,-6.020900,11.660152,-92.047642,122.244969,-61.170070,0,-6.020942408376973
2010-09-30,sz.000056,10.7700,10.9700,10.7100,10.9300,10.7700,1313792,14279467.0500,3,1.105028,1,1.485600,11.833377,-93.415109,124.061051,-62.078818,0,1.485608170844932
2010-10-08,sz.000056,10.9300,11.2000,10.7600,11.0600,10.9300,2501888,27637004.3000,3,2.104333,1,1.189400,11.974121,-94.526177,125.536617,-62.817175,0,1.1893870082342328
2010-10-11,sz.000056,11.1200,11.2400,11.0000,11.2000,11.0600,2431912,27145389.0400,3,2.045476,1,1.265800,12.125692,-95.722710,127.125688,-63.612329,0,1.2658227848101111
2010-10-12,sz.000056,11.2000,11.3100,11.0000,11.0300,11.2000,2083950,23135824.5000,3,1.752806,1,-1.517900,11.941642,-94.269776,125.196101,-62.646785,0,-1.5178571428571375
2010-10-13,sz.000056,11.0900,11.4000,11.0300,11.3400,11.0300,3111449,35031040.5900,3,2.617033,1,2.810500,12.277264,-96.919244,128.714759,-64.407484,0,2.810516772438798
2010-10-14,sz.000056,11.3400,11.4000,10.5400,10.6700,11.3400,2916989,31871223.0500,3,2.453473,1,-5.908300,11.551887,-91.192975,121.109918,-60.602103,0,-5.908289241622578
2010-10-15,sz.000056,10.6700,10.6700,10.0000,10.0100,10.6700,3383792,34479383.8600,3,2.846100,1,-6.185600,10.837338,-85.552172,113.618583,-56.853519,0,-6.185567010309279
2010-10-18,sz.000056,10.1300,10.1600,9.6000,10.0000,10.0100,2356806,23232965.4500,3,1.982304,1,-0.099900,10.826511,-85.466706,113.505078,-56.796723,0,-0.09990009990009652
2010-10-19,sz.000056,10.0500,10.3000,9.8200,10.2500,10.0000,1491965,15175085.2700,3,1.254889,1,2.500000,11.097174,-87.603373,116.342705,-58.216641,0,2.499999999999991
2010-10-20,sz.000056,10.1000,10.3800,10.0000,10.2000,10.2500,1962457,19982832.2100,3,1.650618,1,-0.487800,11.043041,-87.176040,115.775180,-57.932657,0,-0.487804878048792
2010-10-21,sz.000056,10.2800,10.3500,10.0200,10.1100,10.2000,1612160,16288824.1200,3,1.355984,1,-0.882400,10.945603,-86.406839,114.753634,-57.421487,0,-0.8823529411764675
2010-10-22,sz.000056,10.3600,10.3600,10.1000,10.1700,10.1100,1480413,15078940.8400,3,1.245172,1,0.593500,11.010562,-86.919640,115.434665,-57.762267,0,0.5934718100890191
2010-10-25,sz.000056,10.2500,10.3600,10.1600,10.3400,10.1700,2177287,22380846.8700,3,1.831311,1,1.671600,11.194612,-88.372574,117.364251,-58.727811,0,1.6715830875122961
2010-10-26,sz.000056,10.4600,10.4600,10.2700,10.4100,10.3400,2034703,21064094.0400,3,1.711384,1,0.677000,11.270398,-88.970841,118.158786,-59.125388,0,0.6769825918762074
2010-10-27,sz.000056,10.4200,10.5200,10.2900,10.3900,10.4100,2190577,22817484.7200,3,1.842490,1,-0.192100,11.248745,-88.799907,117.931776,-59.011795,0,-0.19212295869356355
2010-10-28,sz.000056,10.4000,10.4800,10.2200,10.4000,10.3900,1850526,19130586.1900,3,1.556473,1,0.096200,15.091402,-30.330375,118.980888,11.395642,0,0.09624639076033503
2010-10-29,sz.000056,10.5200,10.5200,10.2500,10.3000,10.4000,1471028,15186021.8800,3,1.237278,1,-0.961500,14.946292,-30.038736,117.836841,11.286068,0,-0.9615384615384581
2010-11-01,sz.000056,10.2900,10.4400,10.2100,10.4400,10.3000,2687718,27734621.3700,3,2.260634,1,1.359200,15.149446,-30.447030,119.438507,11.439471,0,1.3592233009708687
2010-11-02,sz.000056,10.4000,10.6100,10.3300,10.5700,10.4400,3482807,36556555.3000,3,2.929381,1,1.245200,15.338088,-30.826160,120.925768,11.581917,0,1.245210727969348
2010-11-03,sz.000056,10.5300,10.6500,10.3600,10.3900,10.5700,2375896,24977810.6800,3,1.998361,1,-1.702900,15.076891,-30.301211,118.866484,11.384684,0,-1.7029328287606393
2010-11-04,sz.000056,10.3800,10.6000,10.2700,10.5500,10.3900,2437105,25387782.9300,3,2.049844,1,1.539900,15.309066,-30.767832,120.696959,11.560002,0,1.5399422521655382
2010-11-05,sz.000056,10.5700,10.6600,10.4800,10.6400,10.5500,2130561,22604716.8500,3,1.792010,1,0.853100,15.439665,-31.030306,121.726601,11.658618,0,0.8530805687203769
2010-11-08,sz.000056,10.6400,10.9800,10.6000,10.8700,10.6400,3467975,37558015.1900,3,2.916906,1,2.161700,15.773417,-31.701074,124.357909,11.910637,0,2.161654135338331
2010-11-09,sz.000056,10.8200,10.9600,10.7100,10.9400,10.8700,2872868,31166229.4200,3,2.416363,1,0.644000,15.874994,-31.905221,125.158742,11.987338,0,0.6439742410303539
2010-11-10,sz.000056,10.9800,11.1000,10.8000,11.0600,10.9400,3505678,38473596.3200,3,2.948618,1,1.096900,16.049125,-32.255187,126.531599,12.118827,0,1.0968921389396868
2010-11-11,sz.000056,11.0100,11.0400,10.6000,10.6000,11.0600,3324060,36261584.4100,3,2.795860,1,-4.159100,15.381621,-30.913651,121.268982,11.614789,0,-4.159132007233279
2010-11-12,sz.000056,10.6000,10.6500,9.8300,9.9800,10.6000,3026106,31136346.3400,3,2.545251,1,-5.849100,14.481941,-29.105494,114.175891,10.935433,0,-5.8490566037735725
2010-11-15,sz.000056,10.0500,10.5700,9.7300,10.5700,9.9800,2455020,25012896.2200,3,2.064912,1,5.911800,15.338088,-30.826160,120.925768,11.581917,0,5.9118236472945895
2010-11-16,sz.000056,10.6000,10.9800,10.3100,10.5500,10.5700,6212526,66506065.5200,3,5.225342,1,-0.189200,15.309066,-30.767832,120.696959,11.560002,0,-0.18921475875117721
2010-11-17,sz.000056,10.4000,10.4000,9.8600,9.9600,10.5500,2397509,24057118.9200,3,2.016540,1,-5.592400,14.452919,-29.047166,113.947081,10.913518,0,-5.592417061611377
2010-11-18,sz.000056,9.9800,10.6000,9.8600,10.4500,9.9600,2558051,25840139.2700,3,2.151571,1,4.919700,15.163956,-30.476194,119.552912,11.450428,0,4.919678714859432
2010-11-19,sz.000056,10.4600,10.7700,10.1400,10.7200,10.4500,4936647,52358759.6900,3,4.152203,1,2.583700,15.555752,-31.263617,122.641839,11.746277,0,2.583732057416288
2010-11-22,sz.000056,10.5500,10.8800,10.3000,10.7100,10.7200,3826572,40668310.8400,3,3.218521,1,-0.093300,15.541242,-31.234453,122.527434,11.735319,0,-0.0932835820895539
2010-11-23,sz.000056,10.5800,10.7000,10.2000,10.2800,10.7100,1631108,16941142.6100,3,1.371921,1,-4.014900,14.917270,-29.980409,117.608032,11.264154,0,-4.014939309056976
2010-11-24,sz.000056,10.1500,10.4800,10.0500,10.3900,10.2800,2541672,26097638.9800,3,2.137795,1,1.070000,15.076891,-30.301211,118.866484,11.384684,0,1.070038910505855
2010-11-25,sz.000056,10.4500,10.6200,10.3000,10.5100,10.3900,2616217,27404834.8800,3,2.200494,1,1.155000,15.251022,-30.651177,120.239340,11.516173,0,1.1549566891241536
2010-11-26,sz.000056,10.4800,10.4800,10.1500,10.2900,10.5100,1618900,16676716.4100,3,1.361653,1,-2.093200,14.931781,-30.009573,117.722437,11.275111,0,-2.0932445290199886
2010-11-29,sz.000056,10.3000,10.3800,10.1600,10.2300,10.2900,1182079,12129710.4300,3,0.994244,1,-0.583100,14.844715,-29.834590,117.036008,11.209367,0,-0.5830903790087327
2010-11-30,sz.000056,10.2000,10.2900,9.5800,9.7700,10.2300,2942419,28815139.9700,3,2.474862,1,-4.496600,14.177211,-28.493054,111.773392,10.705329,0,-4.496578690127084
2010-12-01,sz.000056,9.6600,10.2000,9.6100,10.1800,9.7700,2182674,21635233.6300,3,1.835842,1,4.196500,14.772160,-29.688771,116.463985,11.154580,0,4.196519959058342
2010-12-02,sz.000056,10.1500,10.4500,10.1100,10.4200,10.1800,2321646,23847946.7700,3,1.952731,1,2.357600,15.120424,-30.388702,119.209698,11.417556,0,2.357563850687616
2010-12-03,sz.000056,10.3700,10.6800,10.2000,10.3900,10.4200,6393958,67411545.5700,3,5.377944,1,-0.287900,15.076891,-30.301211,118.866484,11.384684,0,-0.2879078694817627
2010-12-06,sz.000056,10.2500,10.5000,9.9400,10.4000,10.3900,3183692,32313049.5300,3,2.677796,1,0.096200,15.091402,-30.330375,118.980888,11.395642,0,0.09624639076033503
2010-12-07,sz.000056,10.3800,10.5900,10.1500,10.4800,10.4000,3514053,36615986.6800,3,2.955662,1,0.769200,15.207489,-30.563685,119.896126,11.483300,0,0.7692307692307665
2010-12-08,sz.000056,10.5800,11.0700,10.5300,10.7700,10.4800,6802431,73882067.5400,3,5.721510,1,2.767200,15.628307,-31.409436,123.213862,11.801064,0,2.767175572519065
2010-12-09,sz.000056,10.4500,10.6600,10.3500,10.4800,10.7700,2737097,28781051.8600,3,2.302166,1,-2.692700,15.207489,-30.563685,119.896126,11.483300,0,-2.692664809656442
2010-12-10,sz.000056,10.4600,10.4600,10.0100,10.2300,10.4800,1963253,20069260.0900,3,1.651288,1,-2.385500,14.844715,-29.834590,117.036008,11.209367,0,-2.385496183206104
2010-12-13,sz.000056,10.2300,10.3800,10.1900,10.3600,10.2300,2197284,22620252.4900,3,1.848131,1,1.270800,15.033358,-30.213719,118.523269,11.351812,0,1.2707722385141729
2010-12-14,sz.000056,10.3300,10.6200,10.1400,10.6100,10.3600,4105258,42712756.4500,3,3.452924,1,2.413100,15.396132,-30.942815,121.383387,11.625746,0,2.4131274131274028
2010-12-15,sz.000056,10.5600,10.6600,10.4300,10.4500,10.6100,2643067,27762590.7300,3,2.223078,1,-1.508000,15.163956,-30.476194,119.552912,11.450428,0,-1.5080113100848225
2010-12-16,sz.000056,10.3900,10.5500,10.3600,10.4500,10.4500,1820793,19044355.2800,3,1.531465,1,0.000000,15.163956,-30.476194,119.552912,11.450428,0,0.0
2010-12-17,sz.000056,10.5000,10.8200,10.3900,10.6600,10.4500,2933455,31241925.6200,3,2.467323,1,2.009600,15.468687,-31.088634,121.955410,11.680533,0,2.009569377990439
2010-12-20,sz.000056,10.6800,10.9400,10.2500,10.5500,10.6600,2667318,28307837.8100,3,2.243475,1,-1.031900,15.309066,-30.767832,120.696959,11.560002,0,-1.0318949343339545
2010-12-21,sz.000056,10.7600,11.1900,10.5900,11.0300,10.5500,8050588,88453533.1100,3,6.771332,1,4.549800,16.005592,-32.167695,126.188384,12.085955,0,4.549763033175336
2010-12-22,sz.000056,10.9500,11.2500,10.8500,11.0400,11.0300,4973183,55065912.7700,3,4.182933,1,0.090700,16.020103,-32.196859,126.302789,12.096912,0,0.09066183136898776
2010-12-23,sz.000056,11.0400,11.4500,10.9300,11.3800,11.0400,6068745,68033142.9900,3,5.104408,1,3.079700,16.513476,-33.188429,130.192549,12.469462,0,3.079710144927561
2010-12-24,sz.000056,11.2900,12.2000,11.1500,12.0000,11.3800,11655774,137012884.2400,3,9.803646,1,5.448200,17.413156,-34.996586,137.285640,13.148817,0,5.448154657293491
2010-12-27,sz.000056,11.8600,12.3300,11.6100,12.1700,12.0000,9535028,113842861.2100,3,8.019891,1,1.416700,17.659842,-35.492371,139.230520,13.335092,0,1.416666666666666
2010-12-28,sz.000056,12.0000,12.1700,11.4300,11.4300,12.1700,4649079,54568033.7000,3,3.910330,1,-6.080500,16.586031,-33.334248,130.764572,12.524249,0,-6.080525883319643
2010-12-29,sz.000056,11.3300,11.9100,11.3100,11.7800,11.4300,4176740,48887728.7900,3,3.513047,1,3.062100,17.093915,-34.354982,134.768737,12.907756,0,3.062117235345574
2010-12-30,sz.000056,11.7000,12.1500,11.5200,11.5900,11.7800,4689413,55574166.4700,3,3.944255,1,-1.612900,16.818206,-33.800869,132.595048,12.699566,0,-1.6129032258064502
2010-12-31,sz.000056,11.5900,11.5900,11.5900,11.5900,11.5900,0,0.0000,3,,0,0.000000,16.818206,-33.800869,132.595048,12.699566,0,0.0
2011-01-04,sz.000056,11.7500,11.7900,11.0700,11.6100,11.5900,5156969,59118350.7600,3,4.341420,1,0.172600,16.847228,-33.859197,132.823857,12.721481,0,0.17256255392579245
2011-01-05,sz.000056,11.4100,11.4900,11.2000,11.2600,11.6100,3574845,40346211.0300,3,3.009501,1,-3.014600,16.339344,-32.838463,128.819693,12.337974,0,-3.0146425495262696
2011-01-06,sz.000056,11.2500,12.1300,11.2000,12.0200,11.2600,6309893,74447171.7700,3,5.312015,1,6.749600,17.442178,-35.054914,137.514450,13.170732,0,6.749555950266428
2011-01-07,sz.000056,11.9000,12.1200,11.6100,11.8300,12.0200,3600135,42668266.2500,3,3.030791,1,-1.580700,17.166469,-34.500801,135.340760,12.962542,0,-1.580698835274541
2011-01-10,sz.000056,11.8000,11.9100,11.5200,11.5500,11.8300,1912982,22286313.9300,3,1.610453,1,-2.366900,16.760162,-33.684214,132.137429,12.655737,0,-2.3668639053254337
2011-01-11,sz.000056,11.3200,11.5300,11.0100,11.1000,11.5500,2613171,29430755.1300,3,2.199911,1,-3.896100,16.107169,-32.371842,126.989217,12.162656,0,-3.8961038961039085
2011-01-12,sz.000056,11.2000,11.3500,11.0800,11.3400,11.1000,1539888,17268070.4600,3,1.296362,1,2.162200,16.455432,-33.071774,129.734930,12.425632,0,2.1621621621621623
2011-01-13,sz.000056,11.3600,11.5000,11.0600,11.1200,11.3400,1493734,16753639.9200,3,1.257507,1,-1.940000,16.136191,-32.430170,127.218027,12.184571,0,-1.9400352733686121
2011-01-14,sz.000056,11.1200,11.4000,10.9100,11.2500,11.1200,1725797,19253171.4300,3,1.452871,1,1.169100,16.324834,-32.809299,128.705288,12.327016,0,1.1690647482014427
2011-01-17,sz.000056,11.2300,11.2300,10.5000,10.6400,11.2500,1310199,14256542.2700,3,1.102997,1,-5.422200,15.439665,-31.030306,121.726601,11.658618,0,-5.422222222222217
2011-01-18,sz.000056,10.6400,10.6900,10.1100,10.2000,10.6400,2116181,21855878.8200,3,1.781517,1,-4.135300,14.801182,-29.747098,116.692794,11.176495,0,-4.135338345864669
2011-01-19,sz.000056,10.2700,10.4200,10.0800,10.3700,10.2000,1421957,14605878.2300,3,1.197082,1,1.666700,15.047869,-30.242883,118.637674,11.362770,0,1.6666666666666607
2011-01-20,sz.000056,10.3000,10.3600,9.7500,9.7500,10.3700,1600109,15989508.9000,3,1.347060,1,-5.978800,14.148189,-28.434726,111.544583,10.683414,0,-5.978784956605587
2011-01-21,sz.000056,9.8000,10.0400,9.7300,9.8100,9.7500,1503807,14876234.3200,3,1.265987,1,0.615400,14.235255,-28.609709,112.231011,10.749158,0,0.6153846153846176
2011-01-24,sz.000056,9.8500,10.0400,9.7600,9.8700,9.8100,1321067,13068797.3300,3,1.112147,1,0.611600,14.322321,-28.784692,112.917439,10.814902,0,0.6116207951070152
2011-01-25,sz.000056,9.9100,9.9100,9.3600,9.4700,9.8700,1106101,10549902.3600,3,0.931177,1,-4.052700,13.741882,-27.618139,108.341251,10.376608,0,-4.052684903748716
2011-01-26,sz.000056,9.4800,9.6500,9.4100,9.5700,9.4700,903326,8617848.5300,3,0.760469,1,1.056000,13.886992,-27.909777,109.485298,10.486182,0,1.055966209081305
2011-01-27,sz.000056,9.5000,9.6400,9.3800,9.5900,9.5700,1001700,9560348.9900,3,0.843286,1,0.209000,13.916014,-27.968105,109.714108,10.508097,0,0.2089864158829613
2011-01-28,sz.000056,9.4800,9.5700,9.4000,9.5600,9.5900,1082300,10283823.9900,3,0.911140,1,-0.312800,13.872481,-27.880614,109.370893,10.475224,0,-0.31282586027110426
2011-01-31,sz.000056,9.5600,9.7500,9.5300,9.7500,9.5600,1038912,10040710.3800,3,0.874613,1,1.987400,14.148189,-28.434726,111.544583,10.683414,0,1.987447698744771
2011-02-01,sz.000056,9.7600,9.8500,9.6800,9.7800,9.7500,1114684,10900258.5800,3,0.938402,1,0.307700,14.191722,-28.522218,111.887797,10.716286,0,0.3076923076922977
2011-02-09,sz.000056,9.7000,10.2600,9.7000,10.0700,9.7800,1505576,15097130.3500,3,1.267477,1,2.965200,14.612540,-29.367969,115.205533,11.034049,0,2.9652351738241434
2011-02-10,sz.000056,10.0600,10.1700,9.9000,10.1700,10.0700,1196768,12045024.6000,3,1.007505,1,0.993000,14.757650,-29.659607,116.349580,11.143623,0,0.9930486593842991
2011-02-11,sz.000056,10.1700,10.2600,10.0700,10.1500,10.1700,998472,10139018.8200,3,0.840569,1,-0.196700,14.728628,-29.601279,116.120771,11.121708,0,-0.1966568338249708
2011-02-14,sz.000056,10.1500,10.5900,10.1100,10.5800,10.1500,2005157,20924481.7600,3,1.688051,1,4.236500,15.352599,-30.855323,121.040173,11.592874,0,4.236453201970436
2011-02-15,sz.000056,10.5700,10.9000,10.5700,10.7900,10.5800,2385765,25660575.5200,3,2.008468,1,1.984900,15.657329,-31.467764,123.442672,11.822978,0,1.98487712665405
2011-02-16,sz.000056,10.7800,11.0000,10.6500,10.9100,10.7900,1545355,16735321.5600,3,1.300965,1,1.112100,15.831461,-31.817730,124.815528,11.954466,0,1.1121408711770142
2011-02-17,sz.000056,11.9000,12.0000,11.1500,12.0000,10.9100,3424524,40337390.9700,3,2.882952,1,9.990800,17.413156,-34.996586,137.285640,13.148817,0,9.990834097158574
2011-02-18,sz.000056,12.7900,13.0800,12.0000,12.6000,12.0000,6846720,86924950.8000,3,5.763945,1,5.000000,18.283814,-36.746415,144.149922,13.806258,0,5.000000000000004
2011-02-21,sz.000056,12.6000,13.8600,12.6000,13.8600,12.6000,4687390,64292374.9300,3,3.946102,1,10.000000,20.112195,-40.421057,158.564915,15.186884,0,10.000000000000009
2011-02-22,sz.000056,14.5000,15.2500,14.2800,14.9500,13.8600,11740658,174919203.4600,3,9.883931,1,7.864400,21.693890,-43.599914,171.035027,16.381235,0,7.864357864357863
2011-02-23,sz.000056,14.5400,14.8700,13.9300,14.6100,14.9500,6294390,90820157.4900,3,5.298963,1,-2.274200,21.200517,-42.608344,167.145267,16.008685,0,-2.2742474916387923
2011-02-24,sz.000056,14.3800,14.3800,13.9100,14.1000,14.6100,5018383,70846943.5300,3,4.224750,1,-3.490800,20.460458,-41.120989,161.310627,15.449860,0,-3.490759753593431
2011-02-25,sz.000056,14.1800,14.1800,13.5000,13.9000,14.1000,4747985,65266020.7700,3,3.997115,1,-1.418400,20.170239,-40.537712,159.022533,15.230713,0,-1.4184397163120477
2011-02-28,sz.000056,13.7300,14.1800,13.7300,14.0800,13.9000,3567693,49751509.1500,3,3.003480,1,1.295000,20.431436,-41.062661,161.081818,15.427946,0,1.2949640287769792
2011-03-01,sz.000056,14.0500,14.1600,13.7600,14.0800,14.0800,2812938,39358446.2700,3,2.368086,1,0.000000,20.431436,-41.062661,161.081818,15.427946,0,0.0
2011-03-02,sz.000056,13.9000,14.5300,13.8500,14.2300,14.0800,3557365,50745104.5700,3,2.994785,1,1.065300,20.649101,-41.500118,162.797888,15.592306,0,1.0653409090909172
2011-03-03,sz.000056,14.2500,14.4200,13.8200,13.9000,14.2300,2116134,29518412.3700,3,1.781478,1,-2.319000,20.170239,-40.537712,159.022533,15.230713,0,-2.319044272663384
2011-03-04,sz.000056,13.8900,14.1600,13.6100,14.0000,13.9000,1688372,23437568.8800,3,1.421364,1,0.719400,20.315348,-40.829350,160.166580,15.340287,0,0.7194244604316502
2011-03-07,sz.000056,14.0000,14.1200,13.8000,14.0200,14.0000,1977769,27693936.7200,3,1.664995,1,0.142900,20.344370,-40.887678,160.395390,15.362202,0,0.14285714285713347
2011-03-08,sz.000056,14.0200,15.3000,13.9500,14.5900,14.0200,5328748,78680538.6200,3,4.486033,1,4.065600,21.171495,-42.550016,166.916458,15.986770,0,4.0656205420827485
2011-03-09,sz.000056,14.3300,14.5800,14.0000,14.3500,14.5900,2562979,36597658.7500,3,2.157656,1,-1.645000,20.823232,-41.850084,164.170745,15.723794,0,-1.6449623029472282
2011-03-10,sz.000056,14.3400,14.9400,14.1100,14.7000,14.3500,3618549,53058382.7100,3,3.046293,1,2.439000,21.331116,-42.870818,168.174909,16.107301,0,2.4390243902439046
2011-03-11,sz.000056,14.6900,16.1700,14.5200,16.1700,14.7000,9487559,151401686.8500,3,7.987148,1,10.000000,23.464227,-47.157900,184.992400,17.718031,0,10.000000000000009
2011-03-14,sz.000056,16.1700,17.5900,15.8000,17.5600,16.1700,7467123,126081654.6700,3,6.286234,1,8.596200,25.481251,-51.211671,200.894654,19.241103,0,8.596165739022865
2011-03-15,sz.000056,17.3500,18.8000,16.0500,18.0000,17.5600,6771839,118530063.1300,3,5.700906,1,2.505700,26.119734,-52.494879,205.928460,19.723226,0,2.505694760820054
2011-03-16,sz.000056,18.2500,18.2500,17.2100,17.5100,18.0000,3586072,63394815.9200,3,3.018952,1,-2.722200,25.408696,-51.065852,200.322630,19.186316,0,-2.7222222222222148
2011-03-17,sz.000056,17.4000,17.5000,16.7000,16.9400,17.5100,2790126,47390365.1000,3,2.348881,1,-3.255300,24.581572,-49.403514,193.801562,18.561747,0,-3.2552826956025127
2011-03-18,sz.000056,16.9000,17.9300,16.7000,16.8000,16.9400,3208700,55352281.2500,3,2.701260,1,-0.826400,24.378418,-48.995221,192.199896,18.408344,0,-0.8264462809917439
2011-03-21,sz.000056,16.8000,17.0800,16.5000,17.0800,16.8000,2066573,34669041.8000,3,1.739755,1,1.666700,24.784725,-49.811808,195.403228,18.715150,0,1.6666666666666607
2011-03-22,sz.000056,17.0000,17.3400,16.7200,17.1000,17.0800,2294091,39200642.6100,3,1.931292,1,0.117100,24.813747,-49.870135,195.632037,18.737065,0,0.11709601873537423
2011-03-23,sz.000056,17.1300,18.6800,17.1300,17.8400,17.1000,3962773,71008127.5300,3,3.336080,1,4.327500,25.887558,-52.028258,204.097985,19.547908,0,4.327485380116958
2011-03-24,sz.000056,18.0900,18.0900,17.4500,17.5000,17.8400,2675324,47077989.7400,3,2.252235,1,-1.905800,25.394185,-51.036688,200.208225,19.175359,0,-1.905829596412556
2011-03-25,sz.000056,17.5000,17.5000,16.7500,16.9200,17.5000,3470701,58874165.0200,3,2.921827,1,-3.314300,24.552550,-49.345186,193.572753,18.539832,0,-3.314285714285703
2011-03-28,sz.000056,16.7000,16.9700,16.0900,16.5000,16.9200,4221722,69607772.4300,3,3.554077,1,-2.482300,23.943089,-48.120306,188.767755,18.079624,0,-2.4822695035461084
2011-03-29,sz.000056,16.2300,16.7700,16.2300,16.5600,16.5000,2300236,38097127.0500,3,1.936465,1,0.363600,24.030155,-48.295289,189.454184,18.145368,0,0.363636363636366
2011-03-30,sz.000056,16.4500,16.8600,16.4000,16.6000,16.5600,1325290,21957141.5700,3,1.115702,1,0.241500,24.088199,-48.411944,189.911802,18.189197,0,0.24154589371983004
2011-03-31,sz.000056,16.5000,16.7800,15.0200,15.5100,16.6000,2188878,34778422.4500,3,1.842718,1,-6.566300,22.506504,-45.233088,177.441690,16.994846,0,-6.566265060240973
2011-04-01,sz.000056,15.5300,15.7600,14.7600,15.2700,15.5100,2472386,37254701.3400,3,2.081390,1,-1.547400,22.158241,-44.533156,174.695977,16.731870,0,-1.5473887814313358
2011-04-06,sz.000056,15.2000,15.5500,14.9200,15.3400,15.2700,1479866,22459589.5500,3,1.245832,1,0.458400,22.259817,-44.737303,175.496810,16.808571,0,0.4584151931892544
2011-04-07,sz.000056,15.3500,16.2800,15.0600,16.0500,15.3400,1842944,28874295.4000,3,1.551491,1,4.628400,23.290096,-46.807934,183.619544,17.586543,0,4.628422425032608
2011-04-08,sz.000056,15.8600,16.2000,15.8000,16.0000,16.0500,1068135,17101128.8300,3,0.899215,1,-0.311500,23.217541,-46.662115,183.047520,17.531756,0,-0.31152647975077885
2011-04-11,sz.000056,15.9600,16.4500,15.8500,16.0800,16.0000,1005466,16270649.3600,3,0.846457,1,0.500000,23.333629,-46.895425,183.962758,17.619415,0,0.49999999999998934
2011-04-12,sz.000056,16.0000,16.2000,15.8100,15.9500,16.0800,686142,10958098.3900,3,0.577632,1,-0.808500,23.144986,-46.516296,182.475497,17.476970,0,-0.8084577114427782
2011-04-13,sz.000056,15.9500,16.2800,15.7500,16.1800,15.9500,1244434,19894184.9500,3,1.047633,1,1.442000,23.478738,-47.187064,185.106805,17.728989,0,1.4420062695924774
2011-04-14,sz.000056,16.1900,16.1900,15.5000,15.5600,16.1800,1316933,20817368.1200,3,1.108667,1,-3.831900,22.579059,-20.914256,187.703227,17.049633,0,-3.831891223732997
2011-04-15,sz.000056,15.4000,15.6500,15.0000,15.1000,15.5600,1643963,24975922.9600,3,1.383978,1,-2.956300,21.911554,-20.295968,182.154160,16.545595,0,-2.9562982005141403
2011-04-18,sz.000056,15.1000,15.7700,14.5100,15.7000,15.1000,2565317,38392692.7500,3,2.159625,1,3.973500,22.782212,-21.102430,189.392074,17.203036,0,3.9735099337748325
2011-04-19,sz.000056,15.5500,16.2500,14.9400,16.0200,15.7000,2671695,42733608.9300,3,2.249180,1,2.038200,23.246563,-21.532544,193.252294,17.553671,0,2.0382165605095537
2011-04-20,sz.000056,16.1000,16.2700,15.6600,16.1000,16.0200,1563395,25074734.0500,3,1.316152,1,0.499400,23.362651,-21.640072,194.217350,17.641330,0,0.4993757802746579
2011-04-21,sz.000056,16.1500,16.3000,15.7100,15.7800,16.1000,1147455,18214561.8900,3,0.965991,1,-1.987600,22.898300,-21.209959,190.357129,17.290695,0,-1.9875776397515699
2011-04-22,sz.000056,15.7400,16.2400,15.7400,16.1800,15.7800,1414308,22643722.1400,3,1.190642,1,2.534900,23.478738,-21.747600,195.182405,17.728989,0,2.5348542458808687
2011-04-25,sz.000056,16.1800,16.2600,15.6800,16.0700,16.1800,1357568,21610299.7400,3,1.142875,1,-0.679900,23.319118,-21.599749,193.855454,17.608458,0,-0.6798516687268163
2011-04-26,sz.000056,15.9000,16.0700,15.4500,15.6500,16.0700,906131,14193683.1100,3,0.762831,1,-2.613600,75.965394,-20.926030,181.086385,47.351985,0,-2.6135656502800253
2011-04-27,sz.000056,15.6500,17.2200,15.4800,16.7400,15.6500,4337080,73268879.2200,3,3.651192,1,6.964900,81.256275,-22.383498,193.698792,50.649983,0,6.964856230031935
2011-04-28,sz.000056,16.6900,18.1000,16.4600,18.1000,16.7400,5671822,100502118.1600,3,4.774851,1,8.124300,87.857740,-24.201990,209.435372,54.764916,0,8.124253285543626
2011-04-29,sz.000056,18.6000,18.6000,17.3100,17.6900,18.1000,4110436,73479463.4700,3,3.460391,1,-2.265200,85.867593,-23.653768,204.691256,53.524385,0,-2.265193370165741
2011-05-03,sz.000056,17.7800,19.4600,17.7800,19.4600,17.6900,6179902,117910720.1100,3,5.202581,1,10.005700,94.459206,-26.020482,225.171953,58.879849,0,10.005652911249285
2011-05-04,sz.000056,19.6000,20.6400,19.0100,19.8100,19.4600,6811001,136012614.2700,3,5.733875,1,1.798600,96.158112,-26.488476,229.221808,59.938839,0,1.7985611510791255
2011-05-05,sz.000056,19.7000,19.8000,18.9500,19.7800,19.8100,4182475,81149314.4900,3,3.521037,1,-0.151400,96.012492,-26.448362,228.874678,59.848068,0,-0.15143866733972056
2011-05-06,sz.000056,19.0100,19.7800,18.8900,19.6000,19.7800,3077747,59508380.7300,3,2.591016,1,-0.910000,95.138769,-26.207679,226.791895,59.303445,0,-0.9100101112234582
2011-05-09,sz.000056,19.7900,21.5600,19.7100,21.5600,19.6000,2663579,56701190.9700,3,2.242347,1,10.000000,104.652645,-28.828447,249.471084,65.233789,0,9.999999999999986
2011-05-10,sz.000056,23.0000,23.7200,22.0300,23.7200,21.5600,11837117,277371840.0900,3,9.965135,1,10.018600,115.137326,-31.716641,274.464477,71.769271,0,10.018552875695729
2011-05-11,sz.000056,22.9500,23.9000,21.7300,23.4800,23.7200,8778913,202703882.9200,3,7.390571,1,-1.011800,113.972361,-31.395730,271.687433,71.043106,0,-1.0118043844856595
2011-05-12,sz.000056,22.8000,23.0000,22.2400,22.6000,23.4800,5615167,127145162.8200,3,4.727156,1,-3.747900,109.700825,-30.219059,261.504940,68.380503,0,-3.7478705281090208
2011-05-13,sz.000056,22.4600,24.8000,22.0000,23.0200,22.6000,7337788,171294762.8700,3,6.177353,1,1.858400,111.739513,-30.780652,266.364766,69.651291,0,1.8584070796460184
2011-05-16,sz.000056,22.6000,23.7900,22.2000,23.3500,23.0200,4370029,100234624.1200,3,3.678930,1,1.433500,113.341339,-31.221904,270.183201,70.649767,0,1.4335360556038346
2011-05-17,sz.000056,23.2800,24.5300,23.0000,23.5100,23.3500,5351312,127415870.8100,3,4.505028,1,0.685200,114.117982,-31.435844,272.034564,71.133877,0,0.6852248394004334
2011-05-18,sz.000056,23.0300,25.8600,22.7000,25.8400,23.5100,10615835,266602655.5100,3,8.936993,1,9.910700,125.427846,-34.551349,298.995029,78.183725,0,9.91067630795406
2011-05-19,sz.000056,25.2500,26.3000,25.1200,25.4000,25.8400,7231529,185029586.5700,3,6.087898,1,-1.702800,123.292078,-33.963013,293.903782,76.852423,0,-1.7027863777089869
2011-05-20,sz.000056,25.0200,25.9700,24.8000,24.8400,25.4000,4163710,105442929.0100,3,3.505240,1,-2.204700,120.573827,-33.214222,287.424014,75.158039,0,-2.2047244094488105
2011-05-23,sz.000056,24.6000,24.9800,22.3600,22.3600,24.8400,5147896,119753290.3100,3,4.333782,1,-9.983900,108.535860,-29.898149,258.727896,67.654338,0,-9.98389694041868
2011-05-24,sz.000056,21.6400,22.9900,21.2200,22.9100,22.3600,6176870,135134871.4000,3,5.200028,1,2.459700,111.205571,-30.633568,265.091955,69.318465,0,2.4597495527728164
2011-05-25,sz.000056,22.4000,22.7200,21.1000,21.4000,22.9100,3988240,87705762.6500,3,3.357519,1,-6.591000,103.876002,-28.614507,247.619722,64.749680,0,-6.591008293321698
2011-05-26,sz.000056,21.6000,22.4900,21.0800,21.8900,21.4000,3394870,74145490.2100,3,2.857988,1,2.289700,106.254472,-29.269699,253.289519,66.232266,0,2.2897196261682407
2011-05-27,sz.000056,21.6800,21.8800,19.8000,19.8300,21.8900,3460848,71248964.1900,3,2.913532,1,-9.410700,96.255193,-26.515219,229.453228,59.999353,0,-9.410689812699868
2011-05-30,sz.000056,19.5500,20.3500,19.2000,19.7500,19.8300,2315750,46255736.8400,3,1.949526,1,-0.403400,95.866871,-26.408248,228.527547,59.757298,0,-0.4034291477559182
2011-05-31,sz.000056,20.0500,21.7300,19.6000,21.7300,19.7500,3122845,64670823.1100,3,2.628982,1,10.025300,105.477829,-29.055759,251.438157,65.748156,0,10.0253164556962
2011-06-01,sz.000056,21.6800,23.4400,21.5000,22.9800,21.7300,5379102,122256498.9000,3,4.528424,1,5.752400,111.545352,-30.727167,265.901926,69.530263,0,5.7524160147261805
2011-06-02,sz.000056,22.4600,22.8200,21.5800,22.6000,22.9800,3585008,79657246.9500,3,3.018057,1,-1.653600,109.700825,-30.219059,261.504940,68.380503,0,-1.6536118363794539
2011-06-03,sz.000056,22.7000,23.6800,22.2300,22.9500,22.6000,3094479,71404086.6700,3,2.605102,1,1.548700,111.399731,-30.687053,265.554795,69.439493,0,1.5486725663716783
2011-06-07,sz.000056,22.4500,24.6700,22.3800,23.9700,22.9500,3069212,73324165.0700,3,2.583831,1,4.444400,116.350831,-32.050922,277.357231,72.525692,0,4.444444444444451
2011-06-08,sz.000056,23.7000,24.5000,23.5600,24.2600,23.9700,3073197,74320235.7200,3,2.587186,1,1.209800,117.758496,-32.438689,280.712825,73.403141,0,1.209845640383822
2011-06-09,sz.000056,24.2100,25.8000,24.2000,24.8700,24.2600,4597940,115190333.0900,3,3.870798,1,2.514400,120.719448,-33.254336,287.771144,75.248810,0,2.514427040395706
2011-06-10,sz.000056,24.9000,25.2500,22.8000,24.0500,24.8700,3609864,86678704.8300,3,3.038982,1,-3.297100,116.739152,-32.157892,278.282912,72.767747,0,-3.2971451548049924
2011-06-13,sz.000056,23.6600,23.9400,23.0000,23.8000,24.0500,1906190,44664539.4600,3,1.604735,1,-1.039500,115.525647,-31.823611,275.390158,72.011326,0,-1.039501039501034
2011-06-14,sz.000056,23.7800,25.3000,23.6500,24.8600,23.8000,3341072,82719923.8500,3,2.812698,1,4.453800,120.670907,-33.240965,287.655434,75.218553,0,4.453781512605026
2011-06-15,sz.000056,24.7000,25.2000,24.3200,25.1200,24.8600,2759344,68516591.3100,3,2.322967,1,1.045900,121.932952,-33.588618,290.663898,76.005231,0,1.045856798069189
2011-06-16,sz.000056,24.9000,25.3800,24.0600,24.2900,25.1200,2667462,65544469.3600,3,2.245616,1,-3.304100,117.904117,-32.478803,281.059955,73.493912,0,-3.304140127388544
2011-06-17,sz.000056,24.0200,24.4000,22.7000,22.8300,24.2900,2553720,59469473.5900,3,2.149862,1,-6.010700,110.817249,-30.526598,264.166273,69.076410,0,-6.010703993412935
2011-06-20,sz.000056,22.6600,22.7900,21.6800,21.9000,22.8300,2055080,45271068.3900,3,1.730079,1,-4.073600,106.303012,-29.283070,253.405229,66.262523,0,-4.073587385019706
2011-06-21,sz.000056,21.9600,24.0900,21.9600,24.0900,21.9000,3183615,73658278.5800,3,2.680142,1,10.000000,116.933313,-32.211377,278.745752,72.888775,0,10.000000000000009
2011-06-22,sz.000056,24.6200,25.3500,23.8500,23.8500,24.0900,4402093,108520234.7600,3,3.705924,1,-0.996300,115.768348,-31.890467,275.968709,72.162610,0,-0.996264009962633
2011-06-23,sz.000056,23.7800,24.5700,23.0300,23.8600,23.8500,2776107,65879400.1900,3,2.337079,1,0.041900,115.816889,-31.903838,276.084419,72.192867,0,0.04192872117398938
2011-06-24,sz.000056,23.8600,23.8600,23.8600,23.8600,23.8600,0,0.0000,3,,0,0.000000,115.816889,-31.903838,276.084419,72.192867,0,0.0
2011-06-27,sz.000056,25.0000,25.8800,23.6900,23.9100,23.8600,4858332,118754287.8400,3,4.090011,1,0.209600,116.059590,-31.970695,276.662970,72.344151,0,0.2095557418273275
2011-06-28,sz.000056,23.9100,24.8700,23.6500,24.4900,23.9100,3685060,89490301.8400,3,3.102286,1,2.425800,118.874920,-32.746228,283.374158,74.099049,0,2.425763278962778
2011-06-29,sz.000056,24.2800,25.0900,23.0000,23.2200,24.4900,4855003,114272259.4700,3,4.087208,1,-5.185800,112.710317,-31.048077,268.678969,70.256428,0,-5.185790118415678
2011-06-30,sz.000056,22.7100,23.6800,22.7100,23.4100,23.2200,1867149,43530336.5600,3,1.566229,1,0.818300,113.632580,-31.302131,270.877462,70.831308,0,0.818260120585701
2011-07-01,sz.000056,23.3200,23.9200,23.0000,23.2100,23.4100,1570910,36891440.5200,3,1.317734,1,-0.854300,112.661776,-31.034706,268.563259,70.226171,0,-0.8543357539512964
2011-07-04,sz.000056,23.1800,23.4600,22.7200,23.2500,23.2100,3066821,71131820.2700,3,2.572556,1,0.172300,112.855937,-31.088191,269.026100,70.347199,0,0.17233950883239757
2011-07-05,sz.000056,23.2500,24.5000,23.2500,24.3900,23.2500,4785336,115924998.6200,3,4.014106,1,4.903200,118.389519,-32.612515,282.217057,73.796481,0,4.9032258064516165
2011-07-06,sz.000056,24.3000,24.3900,23.6100,24.2500,24.3900,2820007,67764364.5900,3,2.365520,1,-0.574000,117.709956,-32.425318,280.597115,73.372885,0,-0.5740057400574039
2011-07-07,sz.000056,24.0700,26.1200,23.8000,25.3000,24.2500,6403572,159684776.0100,3,5.371539,1,4.329900,122.806676,-33.829301,292.746681,76.549855,0,4.329896907216502
2011-07-08,sz.000056,25.2000,26.0900,24.8100,25.8600,25.3000,4844392,123935374.6700,3,4.063644,1,2.213444,125.524926,-34.578091,299.226449,78.244239,0,2.213438735177853
2011-07-11,sz.000056,25.8000,28.4500,25.6100,28.0600,25.8600,7636288,209207711.7400,3,6.405584,1,8.507300,136.203768,-37.519770,324.682682,84.900748,0,8.507347254447017
2011-07-12,sz.000056,27.6700,28.0900,27.1000,27.1700,28.0600,4795409,131544583.7100,3,4.022556,1,-3.171800,131.883691,-36.329727,314.384479,82.207888,0,-3.171774768353519
2011-07-13,sz.000056,27.1800,28.9800,27.1800,27.9100,27.1700,4359574,122804760.1800,3,3.656962,1,2.723600,135.475665,-37.319201,322.947030,84.446895,0,2.7235921972764032
2011-07-14,sz.000056,27.4500,27.7400,27.0500,27.3800,27.9100,3459481,94509639.1500,3,2.901933,1,-1.899000,132.903035,-36.610524,316.814392,82.843282,0,-1.898960945897532
2011-07-15,sz.000056,27.3700,28.3000,27.1100,27.2300,27.3800,2817285,77790872.3200,3,2.363237,1,-0.547800,132.174932,-36.409955,315.078740,82.389429,0,-0.547845142439729
2011-07-18,sz.000056,27.0200,27.9500,26.5500,27.5000,27.2300,2809507,76456140.3400,3,2.356712,1,0.991600,133.485517,-36.770979,318.202914,83.206364,0,0.9915534337128218
2011-07-19,sz.000056,27.5500,27.8500,27.0000,27.5500,27.5000,1677097,45930801.3300,3,1.406807,1,0.181800,133.728218,-36.837835,318.781464,83.357648,0,0.1818181818181941
2011-07-20,sz.000056,27.6500,28.5000,27.6100,27.9200,27.5500,2736595,76653689.5300,3,2.295551,1,1.343000,135.524205,-37.332572,323.062740,84.477152,0,1.343012704174229
2011-07-21,sz.000056,27.7000,28.4800,27.7000,27.9600,27.9200,2225132,62552492.2300,3,1.866518,1,0.143300,135.718366,-37.386057,323.525581,84.598179,0,0.14326647564468775
2011-07-22,sz.000056,27.8000,27.9600,26.0000,26.2000,27.9600,4760058,126896076.5400,3,3.992902,1,-6.294700,127.175293,-35.032714,303.160594,79.272972,0,-6.294706723891275
2011-07-25,sz.000056,25.9400,25.9400,23.5800,24.2100,26.2000,4835322,117652322.1200,3,4.056036,1,-7.595400,117.515795,-32.371833,280.134274,73.251857,0,-7.595419847328233
2011-07-26,sz.000056,24.0000,25.1000,23.3800,23.4400,24.2100,5421472,130420888.2300,3,4.547719,1,-3.180500,113.778201,-31.342245,271.224593,70.922079,0,-3.1805039239983457
2011-07-27,sz.000056,23.4100,24.4000,22.9500,24.1600,23.4400,3655878,86716295.1800,3,3.066677,1,3.071700,117.273094,-32.304976,279.555723,73.100573,0,3.0716723549488067
2011-07-28,sz.000056,23.8800,24.4700,23.6900,23.9900,24.1600,1742288,41980185.3100,3,1.461492,1,-0.703600,116.447911,-32.077665,277.588651,72.586206,0,-0.7036423841059625
2011-07-29,sz.000056,24.0000,24.9900,23.9900,24.0800,23.9900,1415758,34384186.0800,3,1.187587,1,0.375200,116.884773,-32.198006,278.630042,72.858518,0,0.37515631513129755
2011-08-01,sz.000056,23.7800,24.2800,23.7600,23.9200,24.0800,1267693,30344569.7300,3,1.063385,1,-0.664500,116.108130,-31.984066,276.778680,72.374408,0,-0.6644518272425071
2011-08-02,sz.000056,23.8000,23.8000,21.5300,21.8300,23.9200,6440371,141460688.7400,3,5.402407,1,-8.737500,105.963230,-29.189472,252.595258,66.050725,0,-8.737458193979952
2011-08-03,sz.000056,21.4000,21.4500,20.4100,20.9200,21.8300,4515410,94688501.1000,3,3.787683,1,-4.168600,101.546073,-27.972686,242.065635,63.297350,0,-4.168575355016014
2011-08-04,sz.000056,20.7000,21.4200,20.6600,21.0800,20.9200,4090999,86538869.0600,3,3.431672,1,0.764800,102.322716,-28.186627,243.916997,63.781460,0,0.7648183556405286
2011-08-05,sz.000056,20.0500,20.4600,19.6300,20.2400,21.0800,3385132,68324951.6300,3,2.839566,1,-3.984800,98.245341,-27.063440,234.197344,61.239884,0,-3.984819734345346
2011-08-08,sz.000056,20.1700,20.1700,18.2200,18.2200,20.2400,5129145,95926137.6600,3,4.302505,1,-9.980200,88.440223,-24.362445,210.823894,55.127998,0,-9.980237154150196
2011-08-09,sz.000056,17.5000,18.9000,17.0500,18.2300,18.2200,5054181,90557035.4100,3,4.239623,1,0.054900,88.488763,-24.375816,210.939604,55.158255,0,0.05488474204171645
2011-08-10,sz.000056,18.5900,19.0800,18.2600,18.4500,18.2300,4804598,89712071.2500,3,4.030264,1,1.206800,89.556647,-24.669984,213.485228,55.823906,0,1.206801974766858
2011-08-11,sz.000056,17.8000,18.8000,17.6600,18.4900,18.4500,6226249,113761238.4100,3,5.222794,1,0.216800,89.750808,-24.723469,213.948068,55.944933,0,0.21680216802166807
2011-08-12,sz.000056,18.8200,19.5600,18.5800,19.4300,18.4900,6748557,128529791.8300,3,5.660924,1,5.083800,94.313585,-25.980368,224.824822,58.789078,0,5.083829096809089
2011-08-15,sz.000056,19.7600,19.7600,19.0900,19.5700,19.4300,4534131,87844948.7300,3,3.803387,1,0.720500,94.993148,-26.167566,226.444764,59.212674,0,0.7205352547606791
2011-08-16,sz.000056,19.4900,20.2000,19.3400,20.0100,19.5700,4385150,87001073.2700,3,3.678416,1,2.248300,97.128916,-26.755901,231.536011,60.543976,0,2.2483392948390524
2011-08-17,sz.000056,19.9000,20.2000,19.5200,19.8500,20.0100,3309242,65793868.3700,3,2.775907,1,-0.799600,96.352273,-26.541961,229.684649,60.059866,0,-0.7996001999000524
2011-08-18,sz.000056,19.8000,19.9300,18.6100,19.0100,19.8500,3453405,66259225.6500,3,2.896836,1,-4.231700,92.274897,-25.418775,219.964996,57.518290,0,-4.231738035264487
2011-08-19,sz.000056,18.4000,18.6800,17.9600,18.2900,19.0100,2371167,43418444.8600,3,1.989017,1,-3.787500,88.780004,-24.456044,211.633865,55.339796,0,-3.7874802735402557
2011-08-22,sz.000056,18.4300,18.7000,17.9200,18.0900,18.2900,1370068,25128959.2100,3,1.149261,1,-1.093500,87.809200,-24.188618,209.319662,54.734659,0,-1.0934937124111532
2011-08-23,sz.000056,18.0000,18.6100,17.8200,18.6100,18.0900,1780693,32711230.9200,3,1.493707,1,2.874500,90.333290,-24.883924,215.336590,56.308016,0,2.874516307352115
2011-08-24,sz.000056,18.9500,20.4700,18.8000,19.9100,18.6100,5316953,105566364.8800,3,4.460045,1,6.985500,113.382802,-27.235225,234.060670,27.850065,0,6.98549167114455
2011-08-25,sz.000056,19.6000,20.1800,19.6000,19.9100,19.9100,2947362,58562558.6900,3,2.472350,1,0.000000,113.382802,-27.235225,234.060670,27.850065,0,0.0
2011-08-26,sz.000056,19.9200,20.7600,19.9100,20.1900,19.9100,3316312,67342584.4600,3,2.781838,1,1.406332,114.977337,-27.618241,237.352332,28.241729,0,1.4063284781516971
2011-08-29,sz.000056,19.5000,20.1900,19.5000,20.0700,20.1900,2467166,48941593.0700,3,2.069545,1,-0.594400,114.293965,-27.454091,235.941619,28.073873,0,-0.5943536404160565
2011-08-30,sz.000056,20.0700,20.6800,20.0700,20.2000,20.0700,2649138,54048037.7400,3,2.222189,1,0.647700,115.034285,-27.631921,237.469891,28.255717,0,0.64773293472844
2011-08-31,sz.000056,20.1000,20.3000,19.5800,19.9100,20.2000,1351148,26787617.1100,3,1.133390,1,-1.435600,113.382802,-27.235225,234.060670,27.850065,0,-1.435643564356437
2011-09-01,sz.000056,19.9100,20.1300,19.6000,19.6300,19.9100,1195470,23626776.7400,3,1.002802,1,-1.406300,111.788268,-26.852208,230.769008,27.458402,0,-1.406328478151686
2011-09-02,sz.000056,19.6000,19.6300,18.6700,19.0300,19.6300,1870015,35607019.0500,3,1.568634,1,-3.056500,108.371408,-26.031458,223.715447,26.619123,0,-3.056546102903712
2011-09-05,sz.000056,18.7000,18.9700,18.4000,18.9700,19.0300,1135265,21150681.2000,3,0.952300,1,-0.315300,108.029722,-25.949383,223.010091,26.535195,0,-0.31529164477142047
2011-09-06,sz.000056,18.4200,19.1500,18.4200,18.6300,18.9700,776847,14525549.4400,3,0.651646,1,-1.792300,106.093501,-25.484291,219.013073,26.059604,0,-1.7923036373220902
2011-09-07,sz.000056,18.5900,19.3000,18.5900,19.3000,18.6300,1097852,20869571.9200,3,0.920916,1,3.596300,109.908995,-26.400795,226.889549,26.996798,0,3.5963499731615833
2011-09-08,sz.000056,19.5400,19.5400,18.6000,18.6100,19.3000,1268070,24103205.4600,3,1.063701,1,-3.575123,105.979606,-25.456933,218.777954,26.031628,0,-3.575129533678767
2011-09-09,sz.000056,18.7500,19.0000,18.4000,18.4700,18.6100,923063,17228017.0900,3,0.774297,1,-0.752300,105.182338,-25.265424,217.132123,25.835796,0,-0.7522837184309572
2011-09-13,sz.000056,18.3000,18.3000,17.5100,17.5600,18.4700,1070156,19075660.4300,3,0.897684,1,-4.926900,100.000101,-24.020620,206.434222,24.562890,0,-4.92690850027071
2011-09-14,sz.000056,17.6800,17.9800,16.9800,17.6500,17.5600,1221704,21251206.2800,3,1.024808,1,0.512500,100.512630,-24.143733,207.492256,24.688782,0,0.5125284738040969
2011-09-15,sz.000056,17.4200,17.9300,17.4200,17.5000,17.6500,1049687,18585188.8100,3,0.880514,1,-0.849900,99.658415,-23.938545,205.728866,24.478962,0,-0.8498583569405027
2011-09-16,sz.000056,17.6000,17.9000,17.4500,17.7000,17.5000,809223,14326024.9400,3,0.678804,1,1.142900,100.797368,-24.212128,208.080053,24.758722,0,1.1428571428571344
2011-09-19,sz.000056,17.5000,17.6400,16.7000,16.7000,17.7000,1319796,22472144.4300,3,1.107091,1,-5.649700,95.102602,-22.844212,196.324118,23.359924,0,-5.649717514124298
2011-09-20,sz.000056,16.5500,16.9900,16.4200,16.5500,16.7000,1178384,19686136.8400,3,0.988469,1,-0.898200,94.248387,-22.639024,194.560727,23.150104,0,-0.8982035928143617
2011-09-21,sz.000056,16.7200,17.2800,16.3000,17.2300,16.5500,2068381,34797676.8100,3,1.735030,1,4.108800,98.120828,-23.569207,202.554763,24.101287,0,4.108761329305133
2011-09-22,sz.000056,16.9400,17.1400,16.4500,16.4700,17.2300,1310850,22053959.8800,3,1.099587,1,-4.410900,93.792805,-22.529591,193.620253,23.038201,0,-4.410911201392931
2011-09-23,sz.000056,16.1500,16.4500,15.6000,16.0300,16.4700,1670461,26633359.5100,3,1.401241,1,-2.671500,91.287108,-21.927707,188.447641,22.422729,0,-2.6715239829993798
2011-09-26,sz.000056,16.0000,16.4000,15.5200,15.6600,16.0300,1481431,23667149.1300,3,1.242676,1,-2.308200,89.180044,-21.421578,184.097945,21.905174,0,-2.308172177167811
2011-09-27,sz.000056,15.8200,16.1000,15.5800,15.7800,15.6600,1412079,22293670.9500,3,1.184501,1,0.766300,89.863416,-21.585728,185.508657,22.073030,0,0.7662835249041988
2011-09-28,sz.000056,15.8800,16.2000,15.8000,16.1000,15.7800,2052478,32862240.8700,3,1.721690,1,2.027900,91.685742,-22.023461,189.270557,22.520645,0,2.0278833967046994
2011-09-29,sz.000056,15.9600,15.9900,14.5800,14.6000,16.1000,2745810,41475082.2100,3,2.303281,1,-9.316800,83.143592,-19.971586,171.636654,20.422449,0,-9.316770186335411
2011-09-30,sz.000056,14.5000,14.9000,14.4900,14.7400,14.6000,1071138,15795294.2400,3,0.898508,1,0.958900,83.940859,-20.163094,173.282485,20.618280,0,0.9589041095890538
2011-10-10,sz.000056,14.8100,15.1400,14.3000,14.5800,14.7400,924965,13643839.5900,3,0.775893,1,-1.085500,83.029697,-19.944228,171.401535,20.394473,0,-1.085481682496614
2011-10-11,sz.000056,14.9800,15.1800,14.1800,14.4900,14.5800,1269443,18741144.7900,3,1.064853,1,-0.617300,82.517168,-19.821115,170.343501,20.268581,0,-0.6172839506172867
2011-10-12,sz.000056,14.2000,15.2600,14.2000,15.2000,14.4900,1809430,27135820.7300,3,1.517813,1,4.899900,86.560452,-20.792336,178.690215,21.261727,0,4.899930986887502
2011-10-13,sz.000056,15.1500,15.7200,15.1000,15.5200,15.2000,1999054,30962027.8000,3,1.676876,1,2.105300,88.382777,-21.230070,182.452114,21.709343,0,2.1052631578947434
2011-10-14,sz.000056,15.4500,15.4900,15.0000,15.3300,15.5200,1114213,16977505.5600,3,0.934641,1,-1.224200,87.300771,-20.970165,180.218487,21.443571,0,-1.224226804123707
2011-10-17,sz.000056,15.2400,15.7800,15.2400,15.4800,15.3300,1520321,23704253.1300,3,1.275298,1,0.978500,88.154986,-21.175353,181.981877,21.653391,0,0.9784735812133016
2011-10-18,sz.000056,15.4300,15.7300,14.7700,14.9600,15.4800,1905834,29111260.7200,3,1.598680,1,-3.359200,85.193708,-20.464036,175.868790,20.926016,0,-3.3591731266149893
2011-10-19,sz.000056,14.6000,15.1000,14.4400,14.7900,14.9600,1232190,18192315.5800,3,1.033604,1,-1.136400,84.225598,-20.231490,173.870282,20.688220,0,-1.1363636363636465
2011-10-20,sz.000056,14.9300,15.0400,14.4100,14.8000,14.7900,1475627,21730736.1300,3,1.237807,1,0.067600,84.282545,-20.245169,173.987841,20.702208,0,0.06761325219744041
2011-10-21,sz.000056,14.8000,14.8000,14.3800,14.7000,14.8000,854788,12484477.4400,3,0.717026,1,-0.675700,83.713069,-20.108378,172.812247,20.562328,0,-0.6756756756756799
2011-10-24,sz.000056,14.8300,15.1000,14.5500,15.1000,14.7000,1393757,20799964.1900,3,1.169132,1,2.721100,85.990975,-20.655545,177.514621,21.121847,0,2.7210884353741527
2011-10-25,sz.000056,15.0800,16.6100,15.0200,16.6100,15.1000,5302158,86739271.7200,3,4.447634,1,10.000000,94.590073,-22.721099,195.266084,23.234032,0,10.000000000000009
2011-10-26,sz.000056,16.7000,17.3500,16.5600,17.1600,16.6100,6396611,108477704.1600,3,5.365700,1,3.311300,140.664841,-31.193090,184.423653,-26.350299,0,3.31125827814569
2011-10-27,sz.000056,17.0400,17.1500,16.7900,16.8900,17.1600,2697158,45662037.2500,3,2.262470,1,-1.573400,138.451583,-30.702290,181.521883,-25.935697,0,-1.5734265734265729
2011-10-28,sz.000056,17.2100,17.7800,16.9000,17.3100,16.8900,3727460,65004507.8500,3,3.126723,1,2.486700,141.894428,-31.465757,186.035748,-26.580634,0,2.48667850799289
2011-10-31,sz.000056,16.9100,17.2500,16.7000,17.0400,17.3100,2323450,39356546.3400,3,1.948991,1,-1.559800,139.681170,-30.974957,183.133978,-26.166031,0,-1.559792027729634
2011-11-01,sz.000056,16.8000,17.6500,16.6200,17.4800,17.0400,2723452,47043216.2800,3,2.284526,1,2.582200,143.287961,-31.774779,187.862789,-26.841680,0,2.5821596244131495
2011-11-02,sz.000056,17.1800,17.7300,16.8900,17.7300,17.4800,1998254,34648449.5900,3,1.676205,1,1.430200,145.337274,-32.229224,190.549614,-27.225571,0,1.4302059496567487
2011-11-03,sz.000056,17.9000,18.4600,17.5000,17.5500,17.7300,2617931,47029595.8400,3,2.196011,1,-1.015200,143.861769,-31.902024,188.615100,-26.949170,0,-1.0152284263959421
2011-11-04,sz.000056,17.5500,17.9000,17.4000,17.6000,17.5500,1239023,21841306.1900,3,1.039336,1,0.284900,144.271631,-31.992913,189.152465,-27.025948,0,0.2849002849002913
2011-11-07,sz.000056,17.4700,18.3000,17.4000,17.5900,17.6000,1256282,22425655.4100,3,1.053813,1,-0.056800,144.189659,-31.974735,189.044992,-27.010592,0,-0.056818181818185653
2011-11-08,sz.000056,17.5200,17.7700,17.1900,17.2000,17.5900,910985,15908604.9700,3,0.764166,1,-2.217200,140.992731,-31.265801,184.853545,-26.411722,0,-2.2171688459351913
2011-11-09,sz.000056,17.2000,17.4000,16.7000,17.2100,17.2000,1220183,20757245.4500,3,1.023532,1,0.058100,141.074703,-31.283979,184.961018,-26.427077,0,0.0581395348837388
2011-11-10,sz.000056,17.1000,17.6500,16.7100,17.3500,17.2100,1660242,28463760.3000,3,1.392669,1,0.813500,142.222318,-31.538468,186.465640,-26.642057,0,0.8134805345729301
2011-11-11,sz.000056,17.3900,17.9800,17.3900,17.9500,17.3500,1996379,35502577.1200,3,1.674632,1,3.458200,147.140670,-32.629136,192.914020,-27.563396,0,3.458213256484144
2011-11-14,sz.000056,18.0100,18.4500,17.8800,18.2400,17.9500,1773210,32185699.6300,3,1.487430,1,1.615600,149.517873,-33.156291,196.030737,-28.008710,0,1.6155988857938564
2011-11-15,sz.000056,18.2200,18.4000,17.7500,18.1800,18.2400,1804579,32551520.4300,3,1.513744,1,-0.328900,149.026037,-33.047225,195.385899,-27.916576,0,-0.3289473684210509
2011-11-16,sz.000056,18.1500,18.8000,17.4000,18.5000,18.1800,3656525,66876166.4800,3,3.067220,1,1.760200,151.649158,-33.628914,198.825034,-28.407957,0,1.7601760176017667
2011-11-17,sz.000056,18.3000,18.5100,17.8500,18.0400,18.5000,1864558,33849285.9900,3,1.564056,1,-2.486500,147.878422,-32.792736,193.881277,-27.701597,0,-2.4864864864864944
2011-11-18,sz.000056,18.0700,18.0700,17.3000,17.3000,18.0400,1306608,22956203.1100,3,1.096028,1,-4.102000,141.812456,-31.447579,185.928275,-26.565278,0,-4.1019955654101885
2011-11-21,sz.000056,17.0900,17.2800,16.8800,16.9800,17.3000,717676,12237208.9200,3,0.602012,1,-1.849700,139.189335,-30.865890,182.489140,-26.073897,0,-1.8497109826589586
2011-11-22,sz.000056,16.8100,17.1000,16.6300,17.0800,16.9800,639532,10770322.0100,3,0.536462,1,0.588900,140.009060,-31.047668,183.563870,-26.227454,0,0.5889281507655886
2011-11-23,sz.000056,17.2700,17.2700,16.6700,16.7200,17.0800,431144,7287971.3500,3,0.361659,1,-2.107700,137.058050,-30.393267,179.694842,-25.674651,0,-2.1077283372365363
2011-11-24,sz.000056,16.6000,16.8900,16.2000,16.7500,16.7200,751410,12485182.2900,3,0.630309,1,0.179400,137.303967,-30.447801,180.017261,-25.720717,0,0.17942583732057926
2011-11-25,sz.000056,16.8900,16.9500,16.7000,16.8200,16.7500,388398,6532645.6400,3,0.325802,1,0.417900,137.877775,-30.575045,180.769572,-25.828207,0,0.417910447761205
2011-11-28,sz.000056,16.8600,16.9500,16.4000,16.5600,16.8200,446513,7429193.9200,3,0.374551,1,-1.545800,135.746490,-30.102423,177.975274,-25.428960,0,-1.5457788347205792
2011-11-29,sz.000056,16.8900,16.9500,16.7100,16.8700,16.5600,632876,10643237.8000,3,0.530878,1,1.872000,138.287638,-30.665934,181.306937,-25.904985,0,1.8719806763285218
2011-11-30,sz.000056,16.7600,16.8100,15.5200,16.0500,16.8700,1008261,16422937.1000,3,0.845764,1,-4.860700,131.565891,-29.175355,172.494151,-24.645822,0,-4.8606994665086
2011-12-01,sz.000056,16.3800,16.6900,16.1200,16.1900,16.0500,845363,13895000.4100,3,0.709120,1,0.872300,132.713506,-29.429844,173.998773,-24.860801,0,0.8722741433021763
2011-12-02,sz.000056,16.2600,16.3400,15.5000,15.5500,16.1900,747621,11733926.9800,3,0.627130,1,-3.953100,127.467265,-28.266466,167.120502,-23.878039,0,-3.9530574428659704
2011-12-05,sz.000056,15.3000,15.8000,15.2000,15.2200,15.5500,566952,8780647.6900,3,0.475579,1,-2.122200,124.762172,-27.666598,163.573893,-23.371303,0,-2.1221864951768477
2011-12-06,sz.000056,15.0600,15.2800,14.3000,14.9200,15.2200,1133451,16734141.6300,3,0.950778,1,-1.971100,122.302997,-27.121265,160.349703,-22.910633,0,-1.9710906701708275
2011-12-07,sz.000056,15.1000,16.4000,15.0000,15.6500,14.9200,1319584,20792180.1700,3,1.106913,1,4.892800,128.286990,-28.448244,168.195232,-24.031596,0,4.8927613941018855
2011-12-08,sz.000056,15.6000,15.6000,15.0200,15.3600,15.6500,746096,11415770.0100,3,0.625851,1,-1.853000,125.909787,-27.921088,165.078515,-23.586282,0,-1.8530351437699766
2011-12-09,sz.000056,15.3300,15.3600,15.0000,15.1500,15.3600,422735,6396280.2800,3,0.354605,1,-1.367200,124.188365,-27.539354,162.821582,-23.263813,0,-1.367187499999989
2011-12-12,sz.000056,15.0000,15.2000,14.7800,14.8500,15.1500,213841,3210925.2000,3,0.179377,1,-1.980200,121.729189,-26.994020,159.597392,-22.803144,0,-1.980198019801982
2011-12-13,sz.000056,14.9800,14.9800,14.0100,14.1900,14.8500,754533,10794960.1800,3,0.632928,1,-4.444400,116.319003,-25.794286,152.504175,-21.789671,0,-4.444444444444451
2011-12-14,sz.000056,14.6300,14.6300,13.8600,14.0800,14.1900,530619,7566426.2900,3,0.445102,1,-0.775200,115.417305,-25.594330,151.321972,-21.620758,0,-0.7751937984496138
2011-12-15,sz.000056,13.6900,13.9000,13.1800,13.3400,14.0800,693105,9419559.7400,3,0.581401,1,-5.255700,109.351339,-24.249174,143.368971,-20.484440,0,-5.255681818181824
2011-12-16,sz.000056,13.3400,13.9000,13.2000,13.9000,13.3400,580102,7864601.1700,3,0.486610,1,4.197900,113.941800,-25.267130,149.387458,-21.344357,0,4.197901049475261
2011-12-19,sz.000056,13.9900,14.0000,13.4600,13.7600,13.9000,505496,6897721.2800,3,0.424028,1,-1.007200,112.794185,-25.012641,147.882836,-21.129377,0,-1.0071942446043258
2011-12-20,sz.000056,13.7600,14.1000,13.6000,13.9000,13.7600,616584,8621229.7600,3,0.517212,1,1.017400,113.941800,-25.267130,149.387458,-21.344357,0,1.0174418604651292
2011-12-21,sz.000056,14.1600,14.5500,13.7100,13.7500,13.9000,447395,6284302.0700,3,0.375290,1,-1.079100,112.712212,-24.994463,147.775363,-21.114022,0,-1.0791366906474864
2011-12-22,sz.000056,13.7500,13.7500,13.7500,13.7500,13.7500,0,0.0000,3,,0,0.000000,112.712212,-24.994463,147.775363,-21.114022,0,0.0
2011-12-23,sz.000056,13.6000,14.1000,13.6000,14.0000,13.7500,437972,6112554.9600,3,0.367386,1,1.818200,114.761525,-25.448908,150.462188,-21.497913,0,1.8181818181818077
2011-12-26,sz.000056,14.0000,14.2800,13.9000,14.1100,14.0000,277553,3917037.0600,3,0.232821,1,0.785700,115.663223,-25.648864,151.644391,-21.666825,0,0.7857142857142785
2011-12-27,sz.000056,14.0100,14.1900,13.5600,13.5600,14.1100,238812,3304677.1700,3,0.200324,1,-3.897900,111.154734,-24.649085,145.733376,-20.822264,0,-3.8979447200566897
2011-12-28,sz.000056,13.4500,13.7300,13.2100,13.5400,13.5600,246357,3316481.2500,3,0.206653,1,-0.147500,110.990789,-24.612730,145.518431,-20.791553,0,-0.1474926253687392
2011-12-29,sz.000056,13.4500,13.7300,13.4500,13.4800,13.5400,188301,2553510.6300,3,0.157953,1,-0.443100,110.498954,-24.503663,144.873593,-20.699419,0,-0.4431314623338123
2011-12-30,sz.000056,13.6200,14.7900,13.6200,13.9800,13.4800,636268,9021563.8200,3,0.533724,1,3.709200,114.597580,-25.412552,150.247242,-21.467202,0,3.70919881305638
2012-01-04,sz.000056,13.9500,14.3000,13.8300,14.1000,13.9800,470945,6663146.8700,3,0.395045,1,0.858400,115.581250,-25.630686,151.536918,-21.651470,0,0.8583690987124415
2012-01-05,sz.000056,13.8000,14.1900,13.5100,13.6800,14.1000,492620,6817631.6800,3,0.413227,1,-2.978700,112.138404,-24.867219,147.023052,-21.006532,0,-2.9787234042553234
2012-01-06,sz.000056,13.6800,13.7300,13.2500,13.6800,13.6800,311925,4197006.0400,3,0.261654,1,0.000000,112.138404,-24.867219,147.023052,-21.006532,0,0.0
2012-01-09,sz.000056,13.8700,14.2500,13.4300,14.2100,13.6800,646845,9021971.5000,3,0.542596,1,3.874300,116.482948,-25.830642,152.719121,-21.820382,0,3.8742690058479523
2012-01-10,sz.000056,14.0800,14.9000,14.0800,14.8000,14.2100,985139,14359182.0600,3,0.826369,1,4.152000,121.319326,-26.903131,159.060027,-22.726365,0,4.152005629838151
2012-01-11,sz.000056,14.6100,15.2700,14.6000,15.2300,14.8000,1191061,17852362.9100,3,0.999103,1,2.905400,124.844145,-27.684776,163.681366,-23.386658,0,2.9054054054054035
2012-01-12,sz.000056,15.2400,15.7000,14.9800,15.1700,15.2300,735361,11273314.5000,3,0.616846,1,-0.394000,124.352310,-27.575710,163.036528,-23.294524,0,-0.3939592908732803
2012-01-13,sz.000056,15.0000,15.1700,14.2800,14.3900,15.1700,732085,10698854.6900,3,0.614098,1,-5.141700,117.958453,-26.157842,154.653635,-22.096784,0,-5.141727092946602
2012-01-16,sz.000056,14.2000,14.4000,13.7700,13.7900,14.3900,430677,6061033.9500,3,0.361267,1,-4.169600,113.040102,-25.067174,148.205255,-21.175444,0,-4.169562195969434
2012-01-17,sz.000056,13.7100,14.7100,13.6800,14.7000,13.7900,978648,13885715.1800,3,0.820924,1,6.599000,120.499601,-26.721353,157.985298,-22.572809,0,6.598984771573613
2012-01-18,sz.000056,14.7000,14.8700,14.2000,14.2200,14.7000,606147,8840252.8000,3,0.508457,1,-3.265300,116.564920,-25.848819,152.826594,-21.835737,0,-3.2653061224489743
2012-01-19,sz.000056,14.0900,14.2900,13.8000,13.9600,14.2200,621080,8692809.9600,3,0.520983,1,-1.828400,114.433635,-25.376197,150.032296,-21.436491,0,-1.828410689170179
2012-01-20,sz.000056,13.9500,14.2700,13.7900,14.2500,13.9600,507163,7106891.7300,3,0.425426,1,2.077400,116.810838,-25.903353,153.149013,-21.881804,0,2.077363896848139
2012-01-30,sz.000056,14.2000,14.3700,14.1000,14.1000,14.2500,321033,4571566.1600,3,0.269294,1,-1.052600,115.581250,-25.630686,151.536918,-21.651470,0,-1.0526315789473717
2012-01-31,sz.000056,14.0000,14.1700,13.8800,14.1000,14.1000,225814,3167689.9600,3,0.189421,1,0.000000,115.581250,-25.630686,151.536918,-21.651470,0,0.0
2012-02-01,sz.000056,14.0000,14.1900,13.9000,13.9700,14.1000,270609,3801604.8000,3,0.226996,1,-0.922000,114.515607,-25.394375,150.139769,-21.451846,0,-0.9219858156028327
2012-02-02,sz.000056,13.9600,14.1900,13.8300,14.1800,13.9700,260693,3665925.5900,3,0.218678,1,1.503200,116.237030,-25.776108,152.396702,-21.774315,0,1.5032211882605617
2012-02-03,sz.000056,14.3000,14.8800,14.2700,14.5500,14.1800,914134,13346145.5300,3,0.766807,1,2.609300,119.270013,-26.448686,156.373203,-22.342474,0,2.609308885754591
2012-02-06,sz.000056,14.4000,14.6200,14.3000,14.6000,14.5500,483656,7007838.0800,3,0.405707,1,0.343600,119.679876,-26.539575,156.910568,-22.419252,0,0.3436426116838476
2012-02-07,sz.000056,14.5800,14.5800,14.1500,14.2000,14.6000,442220,6318586.8000,3,0.370950,1,-2.739700,116.400975,-25.812464,152.611648,-21.805026,0,-2.73972602739726
2012-02-08,sz.000056,14.1900,14.4800,14.1100,14.4700,14.2000,494148,7098441.0400,3,0.414509,1,1.901400,118.614233,-26.303264,155.513419,-22.219629,0,1.901408450704234
2012-02-09,sz.000056,14.4700,14.8600,14.4000,14.7400,14.4700,1018840,15017043.7400,3,0.854638,1,1.865900,120.827491,-26.794064,158.415189,-22.634231,0,1.8659295093296446
2012-02-10,sz.000056,14.8800,15.2200,14.5000,15.2200,14.7400,1729529,25819185.5200,3,1.450789,1,3.256400,124.762172,-27.666598,163.573893,-23.371303,0,3.256445047489831
2012-02-13,sz.000056,15.1200,15.1300,14.8000,15.0700,15.2200,1210012,18092928.8200,3,1.015000,1,-0.985500,123.532584,-27.393932,161.961798,-23.140968,0,-0.9855453350854138
2012-02-14,sz.000056,15.0700,15.0700,15.0700,15.0700,15.0700,0,0.0000,3,,0,0.000000,123.532584,-27.393932,161.961798,-23.140968,0,0.0
2012-02-15,sz.000056,14.8900,15.9500,14.4800,15.8000,15.0700,2198624,32926370.5500,3,1.844282,1,4.844100,129.516578,-28.720910,169.807327,-24.261931,0,4.844061048440618
2012-02-16,sz.000056,15.5100,15.7600,15.2000,15.3000,15.8000,1520981,23447715.1800,3,1.275852,1,-3.164600,125.417952,-27.812021,164.433677,-23.494148,0,-3.164556962025311
2012-02-17,sz.000056,15.2900,15.3000,14.8800,15.0900,15.3000,970140,14602670.3400,3,0.813787,1,-1.372500,123.696529,-27.430287,162.176744,-23.171679,0,-1.3725490196078494
2012-02-20,sz.000056,15.1700,15.2800,14.9500,15.0000,15.0900,1489710,22457805.1300,3,1.249621,1,-0.596400,122.958777,-27.266687,161.209487,-23.033478,0,-0.5964214711729587
2012-02-21,sz.000056,15.0100,15.0800,14.7100,14.9800,15.0000,977940,14559382.2000,3,0.820330,1,-0.133300,122.794832,-27.230331,160.994541,-23.002767,0,-0.13333333333332975
2012-02-22,sz.000056,14.9900,15.6000,14.9300,15.2000,14.9800,3187991,48637340.8900,3,2.674198,1,1.468600,124.598227,-27.630243,163.358947,-23.340591,0,1.4686248331108098
2012-02-23,sz.000056,15.1500,15.2300,14.9600,15.1100,15.2000,1884358,28428584.2200,3,1.580665,1,-0.592100,123.860474,-27.466643,162.391690,-23.202391,0,-0.5921052631578938
2012-02-24,sz.000056,15.1000,15.9900,15.0700,15.6800,15.1100,5232070,81398977.1300,3,4.388842,1,3.772300,128.532908,-28.502777,168.517651,-24.077663,0,3.772336201191262
2012-02-27,sz.000056,15.5900,16.0900,15.3000,15.5900,15.6800,5519791,86225434.6400,3,4.630192,1,-0.574000,127.795155,-28.339177,167.550394,-23.939462,0,-0.5739795918367374
2012-02-28,sz.000056,15.5000,17.0500,15.4100,16.6000,15.5900,7359822,119333722.8700,3,6.173674,1,6.478500,136.074380,-30.175134,178.405166,-25.490383,0,6.478511866581149
2012-02-29,sz.000056,16.4500,17.9700,16.3500,17.0400,16.6000,6741836,116486970.7900,3,5.655286,1,2.650600,139.681170,-30.974957,183.133978,-26.166031,0,2.650602409638547
2012-03-01,sz.000056,16.9800,17.5900,16.5100,16.9800,17.0400,2809394,48089248.5800,3,2.356617,1,-0.352100,139.189335,-30.865890,182.489140,-26.073897,0,-0.35211267605632646
2012-03-02,sz.000056,16.9200,17.7400,16.7800,17.4400,16.9800,3071406,53295749.0200,3,2.576402,1,2.709100,142.960071,-31.702068,187.432897,-26.780257,0,2.7090694935217874
2012-03-05,sz.000056,17.2900,17.9000,17.1300,17.2100,17.4400,2083378,36208947.0400,3,1.747610,1,-1.318800,141.074703,-31.283979,184.961018,-26.427077,0,-1.3188073394495459
2012-03-06,sz.000056,17.0700,17.4700,16.9200,17.1100,17.2100,2589410,44586100.4600,3,2.172087,1,-0.581100,140.254978,-31.102201,183.886288,-26.273521,0,-0.5810575246949501
2012-03-07,sz.000056,16.9000,17.4100,16.7700,17.3000,17.1100,3509059,60333842.9600,3,2.943521,1,1.110500,141.812456,-31.447579,185.928275,-26.565278,0,1.1104617182934096
2012-03-08,sz.000056,17.6600,17.8800,16.8500,17.0600,17.3000,2467778,42394511.7500,3,2.070058,1,-1.387300,139.845115,-31.011312,183.348924,-26.196743,0,-1.38728323699423
2012-03-09,sz.000056,17.0100,17.3000,16.7100,16.8300,17.0600,1867716,31428743.9200,3,1.566705,1,-1.348200,137.959748,-30.593223,180.877045,-25.843563,0,-1.348182883939042
2012-03-12,sz.000056,16.9000,17.5500,16.8800,17.5400,16.8300,2823120,48696093.3300,3,2.368131,1,4.218700,143.779796,-31.883846,188.507627,-26.933814,0,4.2186571598336275
2012-03-13,sz.000056,17.9000,19.2900,17.9000,19.2900,17.5400,5754075,107511987.1900,3,4.826718,1,9.977200,158.124987,-35.064960,207.315401,-29.621053,0,9.977194982896243
2012-03-14,sz.000056,19.6200,20.1700,18.4000,19.1000,19.2900,7376981,144248315.9900,3,6.188068,1,-0.985000,156.567509,-34.719582,205.273414,-29.329296,0,-0.9849663037843293
2012-03-15,sz.000056,18.8500,19.4400,18.4100,18.9600,19.1000,3104293,58592015.5200,3,2.603989,1,-0.733000,155.419894,-34.465092,203.768792,-29.114317,0,-0.7329842931937169
2012-03-16,sz.000056,19.0500,20.6800,19.0500,19.2900,18.9600,8668758,171790608.4000,3,7.271655,1,1.740500,158.124987,-35.064960,207.315401,-29.621053,0,1.7405063291139111
2012-03-19,sz.000056,19.2800,19.7000,18.1000,18.2700,19.2900,9855847,182678529.0700,3,8.267427,1,-5.287700,149.763790,-33.210825,196.353155,-28.054777,0,-5.28771384136858
2012-03-20,sz.000056,18.2000,18.3000,17.4500,17.4800,18.2700,5378637,95695740.8300,3,4.511788,1,-4.324000,143.287961,-31.774779,187.862789,-26.841680,0,-4.324028461959495
2012-03-21,sz.000056,17.6500,17.8900,16.4600,17.0000,17.4800,5552401,94343231.5200,3,4.657547,1,-2.746000,139.353280,-30.902245,182.704086,-26.104609,0,-2.7459954233409634
2012-03-22,sz.000056,16.8500,17.0500,16.3600,16.9100,17.0000,4548553,75812402.4300,3,3.815484,1,-0.529400,138.615528,-30.738645,181.736829,-25.966408,0,-0.5294117647058783
2012-03-23,sz.000056,16.9100,16.9100,16.9100,16.9100,16.9100,0,0.0000,3,,0,0.000000,138.615528,-30.738645,181.736829,-25.966408,0,0.0
2012-03-26,sz.000056,16.6700,17.2400,16.5800,16.7800,16.9100,3464872,58547712.2100,3,2.906455,1,-0.768800,137.549885,-30.502334,180.339680,-25.766784,0,-0.7687758722649263
2012-03-27,sz.000056,16.8500,17.2700,16.6300,16.7100,16.7800,1983088,33677429.1700,3,1.663483,1,-0.417200,136.976077,-30.375089,179.587369,-25.659295,0,-0.41716328963051774
2012-03-28,sz.000056,16.6000,16.6000,15.3400,15.3800,16.7100,3221317,50691969.7900,3,2.702153,1,-7.959300,126.073732,-27.957443,165.293461,-23.616993,0,-7.959305804907246
2012-03-29,sz.000056,15.2500,15.2500,14.5800,14.8700,15.3800,2556214,37921293.9500,3,2.144241,1,-3.316000,121.893134,-27.030376,159.812338,-22.833855,0,-3.3159947984395366
2012-03-30,sz.000056,14.9600,15.1300,14.7800,15.0900,14.8700,1319589,19737011.8100,3,1.106917,1,1.479500,123.696529,-27.430287,162.176744,-23.171679,0,1.479488903833226
2012-04-05,sz.000056,15.1000,15.4600,14.9800,15.4000,15.0900,2087090,31963974.4700,3,1.750724,1,2.054300,126.237677,-27.993799,165.508407,-23.647704,0,2.054340622929085
2012-04-06,sz.000056,15.3000,15.7300,15.2800,15.4600,15.4000,1428602,22172505.7500,3,1.198361,1,0.389600,126.729513,-28.102865,166.153245,-23.739838,0,0.3896103896103842
2012-04-09,sz.000056,15.4000,15.4100,14.8200,14.8600,15.4600,1257353,18866855.8100,3,1.054711,1,-3.881000,121.811162,-27.012198,159.704865,-22.818499,0,-3.880983182406217
2012-04-10,sz.000056,14.8000,15.1000,14.4000,15.0900,14.8600,1467486,21568354.2000,3,1.230978,1,1.547800,123.696529,-27.430287,162.176744,-23.171679,0,1.5477792732166984
2012-04-11,sz.000056,14.9000,15.5500,14.6000,15.3800,15.0900,1754589,26760606.9300,3,1.471810,1,1.921800,126.073732,-27.957443,165.293461,-23.616993,0,1.9218025182240028
2012-04-12,sz.000056,15.4000,16.5000,15.1000,16.4400,15.3800,6991529,110284715.8900,3,5.864737,1,6.892100,134.762819,-29.884289,176.685598,-25.244692,0,6.892067620286091
2012-04-13,sz.000056,16.3000,17.2600,16.0600,16.3900,16.4400,6390966,106630450.8300,3,5.360964,1,-0.304100,134.352957,-29.793400,176.148233,-25.167914,0,-0.30413625304136493
2012-04-16,sz.000056,15.2000,16.6000,15.2000,15.9100,16.3900,4204126,66662558.9800,3,3.526567,1,-2.928600,130.418276,-29.267321,180.568189,-24.430843,0,-2.9286150091519247
2012-04-17,sz.000056,15.8200,16.5600,15.8200,16.2300,15.9100,4007422,65065871.5600,3,3.361565,1,2.011300,133.041396,-29.855979,184.199981,-24.922224,0,2.0113136392206243
2012-04-18,sz.000056,16.2300,16.4500,15.9800,16.3600,16.2300,2656563,43083254.6000,3,2.228417,1,0.801000,134.107039,-30.095121,185.675397,-25.121847,0,0.800985828712264
2012-04-19,sz.000056,16.3300,16.3900,15.8300,15.8700,16.3600,2342147,37582507.6400,3,1.964674,1,-2.995100,130.090386,-29.193739,180.114215,-24.369420,0,-2.9951100244498763
2012-04-20,sz.000056,15.8700,15.8700,15.8700,15.8700,15.8700,0,0.0000,3,,0,0.000000,-38.953390,-28.963377,176.922039,32.992860,0,0.0
2012-04-23,sz.000056,15.5000,15.7100,15.0800,15.0800,15.8700,2769079,42124001.1400,3,2.322800,1,-4.977900,-37.014311,-27.521596,168.114956,31.350494,1,-4.977945809703844
2012-04-24,sz.000056,14.3300,14.3300,14.3300,14.3300,15.0800,235900,3380447.0000,3,0.197881,1,-4.973500,-35.173414,-26.152816,159.753801,29.791285,1,-4.973474801061006
2012-04-25,sz.000056,13.6100,14.5900,13.6100,14.2800,14.3300,5693702,79062314.0300,3,4.776075,1,-0.348900,-35.050687,-26.061564,159.196390,29.687337,1,-0.34891835310537633
2012-04-26,sz.000056,14.1200,14.2700,13.5700,13.5700,14.2800,2521447,34919178.3000,3,2.115077,1,-4.972000,-33.307971,-24.765786,151.281164,28.211286,1,-4.9719887955182
2012-04-27,sz.000056,13.2000,13.4800,12.8900,13.3700,13.5700,3819090,50045507.4700,3,3.203585,1,-1.473800,-32.817065,-24.400778,149.051522,27.795497,1,-1.4738393515106973
2012-05-02,sz.000056,12.7000,13.0000,12.7000,12.7000,13.3700,3028848,38540391.6300,3,2.540703,1,-5.011200,-31.172530,-23.178002,141.582224,26.402604,1,-5.011219147344804
2012-05-03,sz.000056,12.2700,13.2000,12.0700,13.0000,12.7000,5706777,71027785.0800,3,4.787043,1,2.362200,-31.908889,-23.725514,144.926686,27.026288,1,2.3622047244094446
2012-05-04,sz.000056,12.8400,13.6000,12.8400,13.3900,13.0000,3516144,46785137.4300,3,2.949464,1,3.000000,-32.866156,-24.437279,149.274486,27.837076,1,3.0000000000000027
2012-05-07,sz.000056,13.4400,13.9600,12.9100,13.7000,13.3900,2458154,33037798.9700,3,2.061985,1,2.315200,-33.627060,-25.003041,152.730430,28.481549,1,2.3151605675877374
2012-05-08,sz.000056,13.7700,14.2200,13.6100,13.9100,13.7000,1963545,27512559.7900,3,1.647090,1,1.532800,-34.142511,-25.386299,155.071554,28.918128,1,1.532846715328473
2012-05-09,sz.000056,13.9000,14.1900,13.8600,14.0700,13.9100,1470600,20666930.9500,3,1.233590,1,1.150300,-34.535236,-25.678306,156.855267,29.250759,1,1.1502516175413424
2012-05-10,sz.000056,14.0700,14.5000,14.0300,14.4900,14.0700,1846889,26403799.5500,3,1.549235,1,2.985100,-35.566139,-26.444822,161.537514,30.123916,1,2.9850746268656803
2012-05-11,sz.000056,14.4900,14.4900,14.4900,14.4900,14.4900,0,0.0000,3,,0,0.000000,-35.566139,-26.444822,161.537514,30.123916,1,0.0
2012-05-14,sz.000056,14.8000,14.8000,13.7700,13.7700,14.4900,2527360,35800700.4800,3,2.120037,1,-4.968900,-33.798877,-25.130794,153.510805,28.627075,1,-4.968944099378891
2012-05-15,sz.000056,13.5000,14.2700,13.4200,14.0000,13.7700,1321697,18516295.3800,3,1.108685,1,1.670300,-34.363419,-25.550553,156.074892,29.105233,1,1.6702977487291326
2012-05-16,sz.000056,13.9900,14.1600,13.8800,13.8900,14.0000,940358,13147269.6300,3,0.788805,1,-0.785700,-34.093421,-25.349799,154.848590,28.876549,1,-0.7857142857142785
2012-05-17,sz.000056,14.0000,14.0200,13.7900,13.9000,13.8900,935032,13011296.0300,3,0.784337,1,0.072000,-34.117966,-25.368049,154.960072,28.897338,1,0.07199424046075986
2012-05-18,sz.000056,13.8700,13.9700,13.8000,13.8400,13.9000,698645,9687464.3400,3,0.586048,1,-0.431700,-33.970694,-25.258547,154.291179,28.772602,1,-0.4316546762589968
2012-05-21,sz.000056,13.8800,14.3000,13.7200,14.0000,13.8400,1150978,16111215.5400,3,0.965480,1,1.156100,-34.363419,-25.550553,156.074892,29.105233,1,1.1560693641618602
2012-05-22,sz.000056,14.0200,14.4500,14.0200,14.2500,14.0000,1129750,16063220.3200,3,0.947674,1,1.785700,-34.977052,-26.006813,158.861944,29.624969,1,1.7857142857142794
2012-05-23,sz.000056,14.2400,14.3500,14.0100,14.2100,14.2500,792964,11238267.0300,3,0.665166,1,-0.280700,-34.878870,-25.933811,158.416016,29.541811,1,-0.2807017543859591
2012-05-24,sz.000056,14.2100,14.2700,13.7300,13.8000,14.2100,885820,12380261.5200,3,0.743057,1,-2.885300,-33.872513,-25.185545,153.845251,28.689444,1,-2.885292047853627
2012-05-25,sz.000056,13.6400,13.8300,13.4000,13.5800,13.8000,946959,12894245.3800,3,0.794342,1,-1.594200,-33.332516,-24.784036,151.392646,28.232076,1,-1.594202898550734
2012-05-28,sz.000056,13.3600,13.5900,13.1300,13.4700,13.5800,871621,11663650.6700,3,0.731146,1,-0.810000,-33.062518,-24.583282,150.166343,28.003392,1,-0.8100147275404979
2012-05-29,sz.000056,13.4700,14.0000,13.4000,13.6900,13.4700,791510,10904694.8200,3,0.663946,1,1.633300,-33.602515,-24.984791,152.618948,28.460760,1,1.633259094283579
2012-05-30,sz.000056,13.6300,13.9500,13.6300,13.8500,13.6900,549130,7588856.1000,3,0.460629,1,1.168700,-33.995240,-25.276797,154.402661,28.793391,1,1.1687363038714427
2012-05-31,sz.000056,13.8000,14.0800,13.7000,13.9300,13.8500,671764,9302564.6900,3,0.563499,1,0.577600,-34.191602,-25.422800,155.294518,28.959707,1,0.5776173285198638
2012-06-01,sz.000056,14.2800,14.6100,14.1500,14.3500,13.9300,1973616,28367642.5300,3,1.655538,1,3.015100,-35.222505,-26.189317,159.976765,29.832864,1,3.015075376884413
2012-06-04,sz.000056,14.1400,14.4700,13.7600,13.8100,14.3500,1018149,14328742.1200,3,0.854059,1,-3.763100,-33.897058,-25.203796,153.956733,28.710233,1,-3.7630662020905814
2012-06-05,sz.000056,13.8900,14.4000,13.8100,14.2200,13.8100,1506249,21389675.3500,3,1.263494,1,2.968900,-34.903416,-25.952062,158.527498,29.562601,1,2.9688631426502576
2012-06-06,sz.000056,14.2200,14.5300,14.2200,14.4200,14.2200,1237148,17817474.9600,3,1.037763,1,1.406500,-35.394322,-26.317070,160.757139,29.978390,1,1.4064697609001309
2012-06-07,sz.000056,14.4200,14.4200,14.4200,14.4200,14.4200,0,0.0000,3,,0,0.000000,-35.394322,-26.317070,160.757139,29.978390,1,0.0
2012-06-08,sz.000056,14.4200,14.4200,14.4200,14.4200,14.4200,0,0.0000,3,,0,0.000000,-35.394322,-26.317070,160.757139,29.978390,1,0.0
2012-06-11,sz.000056,14.4200,14.4200,14.4200,14.4200,14.4200,0,0.0000,3,,0,0.000000,-35.394322,-26.317070,160.757139,29.978390,1,0.0
2012-06-12,sz.000056,14.4200,14.4200,14.4200,14.4200,14.4200,0,0.0000,3,,0,0.000000,-35.394322,-26.317070,160.757139,29.978390,1,0.0
2012-06-13,sz.000056,14.4200,14.4200,14.4200,14.4200,14.4200,0,0.0000,3,,0,0.000000,-35.394322,-26.317070,160.757139,29.978390,1,0.0
2012-06-14,sz.000056,14.4200,14.4200,14.4200,14.4200,14.4200,0,0.0000,3,,0,0.000000,-35.394322,-26.317070,160.757139,29.978390,1,0.0
2012-06-15,sz.000056,15.1400,15.1400,15.1400,15.1400,14.4200,1522755,23054510.7000,3,1.277340,1,4.993100,-37.161583,-27.631098,168.783848,31.475230,1,4.993065187239942
2012-06-18,sz.000056,15.9000,15.9000,15.9000,15.9000,15.1400,422490,6717591.0000,3,0.354399,1,5.019800,-39.027026,-29.018128,177.256485,33.055229,1,5.019815059445176
2012-06-19,sz.000056,16.7000,16.7000,16.7000,16.7000,15.9000,139272,2325842.4000,3,0.116826,1,5.031400,-40.990650,-30.478160,186.175050,34.718385,1,5.031446540880502
2012-06-20,sz.000056,16.7000,16.7000,16.7000,16.7000,16.7000,0,0.0000,3,,0,0.000000,-40.990650,-30.478160,186.175050,34.718385,1,0.0
2012-06-21,sz.000056,17.5400,17.5400,17.5400,17.5400,16.7000,378241,6634347.1400,3,0.317282,1,5.029900,-43.052455,-32.011193,195.539544,36.464699,1,5.029940119760479
2012-06-25,sz.000056,18.4200,18.4200,16.9900,17.1000,17.5400,8402973,149168899.9200,3,7.048706,1,-2.508600,-41.972462,-31.208175,190.634333,35.549963,1,-2.5085518814139007
2012-06-26,sz.000056,16.5000,17.3200,16.5000,17.1400,17.1000,2804924,47874134.2500,3,2.352868,1,0.233900,-42.070643,-31.281177,191.080261,35.633121,1,0.23391812865496409
2012-06-27,sz.000056,17.1400,17.1900,16.3300,16.6900,17.1400,1805433,30264881.6200,3,1.514460,1,-2.625400,-40.966105,-30.459909,186.063568,34.697595,1,-2.6254375729288126
2012-06-28,sz.000056,16.7200,17.5200,16.5500,17.2400,16.6900,2690935,46536240.1300,3,2.257250,1,3.295400,-42.316096,-31.463681,192.195082,35.841015,1,3.295386458957439
2012-06-29,sz.000056,17.0900,17.8000,16.9100,17.7000,17.2400,1793983,31437794.7400,3,1.504855,1,2.668200,-43.445180,-32.303199,197.323257,36.797330,1,2.6682134570765736
2012-07-02,sz.000056,17.7000,17.7000,17.7000,17.7000,17.7000,0,0.0000,3,,0,0.000000,-43.445180,-32.303199,197.323257,36.797330,1,0.0
2012-07-03,sz.000056,18.4000,18.4000,16.8800,17.3000,17.7000,2870140,50409742.4500,3,2.407573,1,-2.259900,-42.463368,-31.573183,192.863974,35.965752,1,-2.259887005649708
2012-07-04,sz.000056,17.3000,17.5000,17.1600,17.2600,17.3000,900991,15589091.4700,3,0.755783,1,-0.231200,-42.365187,-31.500182,192.418046,35.882594,1,-0.23121387283236983
2012-07-05,sz.000056,17.2900,17.3100,16.7500,17.1200,17.2600,845018,14427131.9900,3,0.708830,1,-0.811100,-42.021552,-31.244676,190.857297,35.591542,1,-0.8111239860950192
2012-07-06,sz.000056,17.1100,17.4700,16.9300,17.4500,17.1200,852026,14735163.1700,3,0.714709,1,1.927600,-42.831547,-31.846939,194.536205,36.277594,1,1.927570093457942
2012-07-09,sz.000056,17.3200,17.8800,17.1600,17.2500,17.4500,797109,13904293.4500,3,0.668643,1,-1.146100,-42.340641,-31.481931,192.306564,35.861805,1,-1.1461318051575908
2012-07-10,sz.000056,17.2100,17.3500,17.1400,17.2000,17.2500,332352,5734738.9400,3,0.278788,1,-0.289900,-42.217915,-31.390679,191.749154,35.757857,1,-0.28985507246377384
2012-07-11,sz.000056,17.0100,17.1000,16.8000,16.9300,17.2000,705260,11929314.8000,3,0.591597,1,-1.569800,-41.555192,-30.897919,188.739138,35.196542,1,-1.569767441860459
2012-07-12,sz.000056,16.9300,17.4600,16.8000,17.4000,16.9300,617732,10635953.4900,3,0.518175,1,2.776100,-42.708821,-31.755687,193.978795,36.173647,1,2.7761370348493797
2012-07-13,sz.000056,17.4000,17.8600,17.1500,17.2900,17.4000,808566,14151878.8600,3,0.678253,1,-0.632200,-42.438823,-31.554933,192.752492,35.944963,1,-0.632183908045969
2012-07-16,sz.000056,17.3100,17.4000,16.6100,16.7400,17.2900,538723,9160289.3200,3,0.451900,1,-3.181000,-41.088831,-30.551161,186.620978,34.801543,1,-3.1810294968189767
2012-07-17,sz.000056,16.6000,17.0000,16.5100,16.7600,16.7400,493056,8272967.2000,3,0.413593,1,0.119500,-41.137922,-30.587662,186.843943,34.843122,1,0.11947431302272715
2012-07-18,sz.000056,16.6700,16.7700,16.4600,16.4700,16.7600,641352,10647961.0600,3,0.537988,1,-1.730300,-40.426108,-30.058401,183.610963,34.240227,1,-1.7303102625298439
2012-07-19,sz.000056,16.3700,17.2900,16.3700,17.2900,16.4700,1400041,23940749.6000,3,1.174403,1,4.978700,-42.438823,-31.554933,192.752492,35.944963,1,4.9787492410443335
2012-07-20,sz.000056,17.3800,17.6000,17.1100,17.1600,17.2900,544836,9433042.0600,3,0.457027,1,-0.751900,-42.119734,-31.317678,191.303225,35.674700,1,-0.7518796992481147
2012-07-23,sz.000056,17.1900,17.2700,16.9400,17.0300,17.1600,187027,3190108.2900,3,0.156885,1,-0.757600,-41.800645,-31.080423,189.853958,35.404437,1,-0.7575757575757569
2012-07-24,sz.000056,17.0100,17.4000,16.9100,17.2300,17.0300,391026,6754936.0000,3,0.328006,1,1.174400,-42.291551,-31.445431,192.083600,35.820226,1,1.174398120963005
2012-07-25,sz.000056,17.3000,17.3000,16.7800,16.9200,17.2300,487902,8322165.3800,3,0.409269,1,-1.799200,-41.530646,-30.879668,188.627656,35.175753,1,-1.7991874637260485
2012-07-26,sz.000056,16.8200,17.1500,16.5400,16.7500,16.9200,322606,5458241.5200,3,0.270613,1,-1.004700,-41.113376,-30.569412,186.732461,34.822332,1,-1.0047281323877222
2012-07-27,sz.000056,16.7900,16.9700,16.7500,16.7800,16.7500,341239,5736718.3300,3,0.286243,1,0.179100,-41.187012,-30.624163,187.066907,34.884700,1,0.1791044776119577
2012-07-30,sz.000056,15.9400,15.9500,15.9400,15.9400,16.7800,523200,8339814.0000,3,0.438878,1,-5.006000,-39.125207,-29.091130,177.702413,33.138387,1,-5.005959475566158
2012-07-31,sz.000056,15.1500,15.4000,15.1400,15.1400,15.9400,1969743,29874207.1000,3,1.652289,1,-5.018800,-37.161583,-27.631098,168.783848,31.475230,1,-5.018820577164362
2012-08-01,sz.000056,15.1000,15.3500,14.9300,14.9500,15.1400,1265071,19205338.7200,3,1.061186,1,-1.255000,-36.695222,-27.284341,166.665689,31.080231,1,-1.2549537648612996
2012-08-02,sz.000056,14.8300,15.3400,14.8300,15.2800,14.9500,850436,12837023.5900,3,0.713375,1,2.207400,-37.505217,-27.886604,170.344597,31.766283,1,2.2073578595317667
2012-08-03,sz.000056,15.2800,15.5900,15.1400,15.5200,15.2800,753543,11616383.9900,3,0.632098,1,1.570700,-38.094305,-28.324613,173.020166,32.265230,1,1.5706806282722585
2012-08-06,sz.000056,15.5000,16.3000,15.3100,16.0900,15.5200,1128965,18074817.9700,3,0.947015,1,3.672700,-39.493387,-29.364886,179.374644,33.450228,1,3.672680412371143
2012-08-07,sz.000056,16.1200,16.2700,15.7500,15.9400,16.0900,851207,13585388.5000,3,0.714022,1,-0.932300,-39.125207,-29.091130,177.702413,33.138387,1,-0.9322560596643936
2012-08-08,sz.000056,15.8500,16.1200,15.8000,15.8500,15.9400,548623,8738929.7700,3,0.460204,1,-0.564600,-38.904299,-28.926876,176.699075,32.951281,1,-0.564617314930993
2012-08-09,sz.000056,15.8100,16.0700,15.7600,15.8600,15.8500,835466,13293692.0600,3,0.700818,1,0.063100,-38.928845,-28.945127,176.810557,32.972071,1,0.06309148264984632
2012-08-10,sz.000056,15.8300,16.0200,15.7500,15.8700,15.8600,882359,14034172.1000,3,0.740153,1,0.063100,-38.953390,-28.963377,176.922039,32.992860,1,0.06305170239595537
2012-08-13,sz.000056,15.7700,16.0300,15.3100,15.3100,15.8700,826184,13030760.1900,3,0.693032,1,-3.528700,-37.578853,-27.941355,170.679043,31.828651,1,-3.528670447384996
2012-08-14,sz.000056,15.3100,15.6000,14.8600,15.2000,15.3100,709140,10805927.8000,3,0.594851,1,-0.718500,-37.308855,-27.740600,169.452740,31.599967,1,-0.7184846505551956
2012-08-15,sz.000056,15.3000,15.3000,14.9800,15.0000,15.2000,665850,10089398.3400,3,0.558538,1,-1.315800,-36.817949,-27.375593,167.223099,31.184178,1,-1.3157894736842035
2012-08-16,sz.000056,14.9500,15.1000,14.3000,14.7300,15.0000,902628,13245559.6800,3,0.757156,1,-1.800000,-36.155226,-26.882832,164.213083,30.622863,1,-1.8000000000000016
2012-08-17,sz.000056,14.7300,14.9600,14.5300,14.7200,14.7300,733536,10751546.5200,3,0.615315,1,-0.067900,-36.130681,-26.864581,164.101601,30.602073,1,-0.06788866259334059
2012-08-20,sz.000056,14.6200,14.8000,14.1200,14.3100,14.7200,631712,9126044.9600,3,0.529902,1,-2.785300,-35.124323,-26.116315,159.530836,29.749706,1,-2.785326086956519
2012-08-21,sz.000056,14.1900,14.9500,14.1900,14.8800,14.3100,748782,10913453.1400,3,0.628104,1,3.983200,-36.523405,-27.156588,165.885314,30.934705,1,3.98322851153039
2012-08-22,sz.000056,14.9400,15.0700,14.7700,14.9300,14.8800,599708,8954790.1700,3,0.503056,1,0.336000,-36.646132,-27.247840,166.442725,31.038652,1,0.33602150537632713
2012-08-23,sz.000056,15.1000,15.1000,14.3300,14.4000,14.9300,946501,13929939.7600,3,0.793958,1,-3.549900,-177.916704,-78.363738,67.811809,-68.667522,1,-3.5498995311453396
2012-08-24,sz.000056,14.4500,14.4500,13.8700,13.9300,14.4000,741452,10389537.8100,3,0.621956,1,-3.263900,-172.109701,-75.806032,65.598507,-66.426291,1,-3.2638888888888884
2012-08-27,sz.000056,13.8400,14.1100,13.7100,13.7200,13.9300,554511,7699274.9400,3,0.465143,1,-1.507500,-169.515082,-74.663228,64.609585,-65.424889,1,-1.5075376884422065
2012-08-28,sz.000056,13.7200,13.7400,13.2000,13.4500,13.7200,880691,11869165.0300,3,0.738754,1,-1.967900,-166.179144,-73.193908,63.338114,-64.137373,1,-1.9679300291545299
2012-08-29,sz.000056,13.4400,13.5800,13.1100,13.1100,13.4500,639190,8550543.7000,3,0.536175,1,-2.527900,-161.978333,-71.343653,61.737002,-62.516057,1,-2.527881040892188
2012-08-30,sz.000056,13.1000,13.1900,12.8400,12.8400,13.1100,1130295,14751386.9300,3,0.948131,1,-2.059493,-158.642395,-69.874333,60.465530,-61.228541,1,-2.059496567505714
2012-08-31,sz.000056,12.7600,13.2300,12.7600,13.1500,12.8400,971996,12638769.3500,3,0.815344,1,2.414300,-162.472546,-71.561330,61.925368,-62.706800,1,2.414330218068539
2012-09-03,sz.000056,13.2800,13.5000,13.1600,13.4100,13.1500,768628,10237118.3400,3,0.644752,1,1.977200,-165.684931,-72.976231,63.149748,-63.946630,1,1.9771863117870714
2012-09-04,sz.000056,13.4100,13.4800,12.9300,12.9700,13.4100,705839,9271665.3600,3,0.592082,1,-3.281100,-160.248587,-70.581783,61.077720,-61.848456,1,-3.281133482475762
2012-09-05,sz.000056,12.9700,13.1400,12.8300,13.0500,12.9700,278802,3630622.4100,3,0.233869,1,0.616800,-161.237013,-71.017137,61.454452,-62.229942,1,0.6168080185042335
2012-09-06,sz.000056,13.0000,13.1900,12.9500,13.0900,13.0500,528020,6901857.1900,3,0.442922,1,0.306500,-161.731226,-71.234814,61.642818,-62.420685,1,0.30651340996168397
2012-09-07,sz.000056,13.2600,13.6900,13.1100,13.5300,13.0900,1259622,16964787.8500,3,1.056615,1,3.361300,-167.167570,-73.629262,63.714846,-64.518859,1,3.361344537815114
2012-09-10,sz.000056,13.5300,13.7500,13.4100,13.7000,13.5300,727917,9928184.9900,3,0.610602,1,1.256500,-169.267976,-74.554389,64.515402,-65.329518,1,1.2564671101256364
2012-09-11,sz.000056,13.7000,13.7000,13.4600,13.5600,13.7000,715501,9690808.9100,3,0.600187,1,-1.021900,-167.538230,-73.792520,63.856121,-64.661917,1,-1.0218978102189746
2012-09-12,sz.000056,13.5200,14.1500,13.5100,13.9100,13.5600,1229602,16938024.8800,3,1.031433,1,2.581100,-171.862594,-75.697194,65.504324,-66.330919,1,2.581120943952797
2012-09-13,sz.000056,13.9200,14.0300,13.7300,13.7700,13.9100,721052,9973916.6600,3,0.604843,1,-1.006500,-170.132849,-74.935324,64.845043,-65.663318,1,-1.0064701653486718
2012-09-14,sz.000056,13.8400,14.0900,13.6600,13.7300,13.7700,950768,13139508.6100,3,0.797537,1,-0.290500,-169.638636,-74.717647,64.656677,-65.472575,1,-0.2904865649963617
2012-09-17,sz.000056,13.5600,13.7000,13.0400,13.0800,13.7300,1176480,15789403.9500,3,0.986872,1,-4.734200,-161.607673,-71.180395,61.595727,-62.372999,1,-4.734158776402042
2012-09-18,sz.000056,13.0800,13.1400,12.9600,13.0300,13.0800,827300,10782433.0000,3,0.693968,1,-0.382300,-160.989907,-70.908299,61.360269,-62.134570,1,-0.3822629969419067
2012-09-19,sz.000056,13.1000,13.1100,12.9800,13.0200,13.0300,443711,5784621.0800,3,0.372200,1,-0.076700,-160.866354,-70.853880,61.313178,-62.086885,1,-0.07674597083653367
2012-09-20,sz.000056,13.0200,13.1600,12.7100,12.7300,13.0200,387940,5007783.2800,3,0.325418,1,-2.227300,-157.283309,-69.275721,59.947523,-60.703997,1,-2.2273425499231836
2012-09-21,sz.000056,12.6300,12.9900,12.6300,12.8000,12.7300,380898,4891879.7200,3,0.319510,1,0.549900,-158.148182,-69.656656,60.277164,-61.037798,1,0.54988216810683
2012-09-24,sz.000056,12.8000,12.8900,12.5200,12.8000,12.8000,322807,4115481.6000,3,0.270782,1,0.000000,-158.148182,-69.656656,60.277164,-61.037798,1,0.0
2012-09-25,sz.000056,12.8300,13.0600,12.8000,12.9100,12.8000,297053,3836540.6600,3,0.249178,1,0.859400,-159.507268,-70.255268,60.795171,-61.562341,1,0.8593749999999956
2012-09-26,sz.000056,12.8300,12.9600,12.4100,12.4400,12.9100,335800,4256332.6000,3,0.281681,1,-3.640600,-153.700264,-67.697562,58.581869,-59.321109,1,-3.640588690937263
2012-09-27,sz.000056,12.4500,12.7000,12.4500,12.5500,12.4400,600162,7547139.0400,3,0.503437,1,0.884200,-155.059350,-68.296174,59.099876,-59.845653,1,0.8842443729903726
2012-09-28,sz.000056,12.5600,12.9400,12.5600,12.9000,12.5500,488377,6251733.4500,3,0.409668,1,2.788800,-159.383714,-70.200848,60.748079,-61.514655,1,2.7888446215139417
2012-10-08,sz.000056,12.9000,13.2100,12.9000,13.0800,12.9000,932583,12179525.7500,3,0.782283,1,1.395300,-161.607673,-71.180395,61.595727,-62.372999,1,1.3953488372093092
2012-10-09,sz.000056,13.2400,13.4000,13.1000,13.3900,13.0800,601402,7974007.3500,3,0.504477,1,2.370000,-165.437824,-72.867392,63.055564,-63.851258,1,2.3700305810397504
2012-10-10,sz.000056,13.2300,13.5100,13.2300,13.4100,13.3900,429531,5748275.9600,3,0.360306,1,0.149400,-165.684931,-72.976231,63.149748,-63.946630,1,0.14936519790889058
2012-10-11,sz.000056,13.3500,13.4500,13.2500,13.3700,13.4100,478722,6391759.6500,3,0.401569,1,-0.298300,-165.190718,-72.758554,62.961381,-63.755887,1,-0.2982848620432632
2012-10-12,sz.000056,13.3000,13.5900,13.3000,13.5300,13.3700,614993,8294800.3800,3,0.515877,1,1.196700,-167.167570,-73.629262,63.714846,-64.518859,1,1.196709050112199
2012-10-15,sz.000056,13.5000,13.6000,13.2300,13.3800,13.5300,346346,4616209.8000,3,0.290527,1,-1.108600,-165.314271,-72.812973,63.008473,-63.803573,1,-1.1086474501108556
2012-10-16,sz.000056,13.4000,13.5300,13.2500,13.3800,13.3800,315380,4215939.4000,3,0.264552,1,0.000000,-165.314271,-72.812973,63.008473,-63.803573,1,0.0
2012-10-17,sz.000056,13.3300,13.4200,13.2000,13.3600,13.3800,302123,4015214.2100,3,0.253431,1,-0.149500,-165.067165,-72.704134,62.914290,-63.708201,1,-0.1494768310911887
2012-10-18,sz.000056,13.3800,13.5300,13.3000,13.5300,13.3600,654347,8824634.3600,3,0.548889,1,1.272500,-167.167570,-73.629262,63.714846,-64.518859,1,1.272455089820368
2012-10-19,sz.000056,13.5400,13.5600,13.3600,13.4100,13.5300,555699,7476458.5700,3,0.466140,1,-0.886917,-165.684931,-72.976231,63.149748,-63.946630,1,-0.8869179600886845
2012-10-22,sz.000056,13.3900,14.0800,13.3000,14.0800,13.4100,1238910,17193048.4700,3,1.039241,1,4.996300,-173.963000,-76.622321,66.304880,-67.141577,1,4.996271439224453
2012-10-23,sz.000056,14.3700,14.6700,14.0000,14.0000,14.0800,1691468,24201601.9300,3,1.418862,1,-0.568200,-172.974574,-76.186967,65.928148,-66.760091,1,-0.5681818181818232
2012-10-24,sz.000056,13.8600,14.0300,13.7800,13.8500,14.0000,682203,9478018.6900,3,0.572256,1,-1.071400,-82.524541,-63.812282,45.872414,-80.768083,1,-1.0714285714285787
2012-10-25,sz.000056,13.7600,14.5400,13.7600,14.1400,13.8500,2085060,29934291.8800,3,1.749021,1,2.093900,-84.252492,-65.148423,46.832920,-82.459256,1,2.093862815884484
2012-10-26,sz.000056,14.0200,14.3200,13.7100,14.0000,14.1400,1341427,18838577.0600,3,1.125236,1,-0.990100,-83.418309,-64.503390,46.369228,-81.642828,1,-0.990099009900991
2012-10-29,sz.000056,14.1500,14.3900,13.8000,13.9400,14.0000,434079,6068379.0400,3,0.364121,1,-0.428600,-83.060802,-64.226946,46.170502,-81.292930,1,-0.4285714285714337
2012-10-30,sz.000056,13.8200,14.5400,13.8200,14.2800,13.9400,910012,13009600.5400,3,0.763350,1,2.439000,-85.086675,-65.793457,47.296612,-83.275684,1,2.4390243902439046
2012-10-31,sz.000056,14.3200,14.3800,14.0400,14.1700,14.2800,835604,11818207.4400,3,0.700934,1,-0.770300,-84.431246,-65.286645,46.932282,-82.634205,1,-0.770308123249297
2012-11-01,sz.000056,14.1100,14.3800,13.9600,14.1700,14.1700,855895,12083633.3500,3,0.717954,1,0.000000,-84.431246,-65.286645,46.932282,-82.634205,1,0.0
2012-11-02,sz.000056,14.0600,14.3000,14.0200,14.1900,14.1700,725770,10245075.7700,3,0.608801,1,0.141100,-84.550415,-65.378793,46.998524,-82.750837,1,0.14114326040930436
2012-11-05,sz.000056,14.1900,14.1900,13.8200,13.8800,14.1900,1033282,14422443.3000,3,0.866753,1,-2.184600,-82.703295,-63.950503,45.971777,-80.943032,1,-2.1846370683579863
2012-11-06,sz.000056,13.9200,13.9200,13.3000,13.6000,13.8800,701446,9558479.5400,3,0.588397,1,-2.017300,-81.034929,-62.660436,45.044392,-79.310175,1,-2.017291066282434
2012-11-07,sz.000056,13.6000,13.6900,13.5100,13.5200,13.6000,527659,7164835.5800,3,0.442619,1,-0.588200,-80.558253,-62.291845,44.779425,-78.843645,1,-0.588235294117645
2012-11-08,sz.000056,13.3400,13.4500,12.8400,12.8400,13.5200,1742679,22663321.1200,3,1.461820,1,-5.029600,-76.506506,-59.158823,42.527206,-74.878136,1,-5.029585798816571
2012-11-09,sz.000056,12.8000,13.2300,12.7600,13.0400,12.8400,763635,9941424.0200,3,0.640564,1,1.557600,-77.698196,-60.080300,43.189623,-76.044462,1,1.5576323987538832
2012-11-12,sz.000056,12.9800,13.0700,12.6400,12.7900,13.0400,587556,7533703.7300,3,0.492862,1,-1.917200,-76.208584,-58.928454,42.361601,-74.586555,1,-1.917177914110435
2012-11-13,sz.000056,12.5600,13.3400,12.5600,12.9900,12.7900,1313831,17202923.8400,3,1.102087,1,1.563700,-77.400274,-59.849931,43.024019,-75.752881,1,1.5637216575449697
2012-11-14,sz.000056,12.9400,13.3300,12.8700,12.9300,12.9900,496652,6493698.5200,3,0.416609,1,-0.461900,-77.042767,-59.573488,42.825294,-75.402983,1,-0.46189376443418473
2012-11-15,sz.000056,12.9800,13.5800,12.9800,13.5800,12.9300,2166769,29191171.4400,3,1.817561,1,5.027100,-80.915760,-62.568288,44.978151,-79.193543,1,5.027068832173254
2012-11-16,sz.000056,13.4700,13.4700,12.9000,12.9000,13.5800,1513073,19934066.6400,3,1.269218,1,-5.007400,-76.864013,-59.435266,42.725931,-75.228034,1,-5.007363770250361
2012-11-19,sz.000056,12.9000,12.9900,12.3900,12.5400,12.9000,1400017,17625517.7400,3,1.174383,1,-2.790700,-74.718971,-57.776607,41.533580,-73.128647,1,-2.7906976744186185
2012-11-20,sz.000056,12.5900,12.7700,12.4700,12.6300,12.5400,1026284,12929882.8200,3,0.860883,1,0.717700,-75.255232,-58.191272,41.831667,-73.653494,1,0.717703349282317
2012-11-21,sz.000056,12.6200,12.6200,12.0000,12.1700,12.6300,1791411,21714073.0100,3,1.502698,1,-3.642100,-72.514344,-56.071875,40.308107,-70.970944,1,-3.64212193190816
2012-11-22,sz.000056,12.0100,12.1600,11.7800,12.0800,12.1700,733543,8767792.5900,3,0.615321,1,-0.739500,-71.978084,-55.657210,40.010019,-70.446097,1,-0.7395234182415722
2012-11-23,sz.000056,11.9600,12.4000,11.9400,12.2400,12.0800,625685,7627264.0900,3,0.524846,1,1.324500,-72.931436,-56.394392,40.539953,-71.379158,1,1.324503311258285
2012-11-26,sz.000056,12.6000,12.8000,12.3100,12.5500,12.2400,1457736,18345566.3800,3,1.222800,1,2.532700,-74.778555,-57.822681,41.566700,-73.186963,1,2.5326797385621047
2012-11-27,sz.000056,12.5500,12.5500,11.9500,12.1000,12.5500,916268,11171140.0700,3,0.768597,1,-3.585700,-72.097253,-55.749358,40.076261,-70.562730,1,-3.585657370517936
2012-11-28,sz.000056,12.1000,12.3800,11.7100,11.9200,12.1000,786598,9399917.7000,3,0.659826,1,-1.487600,-71.024732,-54.920029,39.480085,-69.513036,1,-1.4876033057851235
2012-11-29,sz.000056,11.9900,11.9900,11.6000,11.6000,11.9200,440400,5190039.2200,3,0.369423,1,-2.684600,-69.118027,-53.445666,38.420217,-67.646914,1,-2.684563758389269
2012-11-30,sz.000056,11.6000,11.7800,11.5500,11.6000,11.6000,424604,4944907.1400,3,0.356173,1,0.000000,-69.118027,-53.445666,38.420217,-67.646914,1,0.0
2012-12-03,sz.000056,11.5300,11.7600,11.4500,11.4900,11.6000,371500,4309318.6000,3,0.311627,1,-0.948300,-68.462598,-52.938853,38.055887,-67.005435,1,-0.9482758620689591
2012-12-04,sz.000056,11.3500,11.3900,10.9200,11.1800,11.4900,901025,9935140.4200,3,0.755811,1,-2.698000,-66.615478,-51.510564,37.029140,-65.197629,1,-2.6979982593559715
2012-12-05,sz.000056,11.0200,11.5600,11.0200,11.5100,11.1800,1169182,13358384.2000,3,0.980750,1,2.951700,-68.581767,-53.031001,38.122129,-67.122068,1,2.951699463327362
2012-12-06,sz.000056,11.5200,11.6800,11.2300,11.3000,11.5100,604238,6899565.2300,3,0.506856,1,-1.824500,-67.330492,-52.063450,37.426591,-65.897425,1,-1.824500434404852
2012-12-07,sz.000056,11.1100,11.5200,11.1100,11.4100,11.3000,994186,11307637.2000,3,0.833958,1,0.973500,-67.985922,-52.570262,37.790920,-66.538905,1,0.9734513274336276
2012-12-10,sz.000056,11.3300,11.9800,11.3200,11.8900,11.4100,1589283,18710869.7300,3,1.333146,1,4.206800,-70.845978,-54.781807,39.380723,-69.338087,1,4.206836108676604
2012-12-11,sz.000056,11.8600,12.1900,11.8100,11.9900,11.8900,1119994,13447457.6800,3,0.939490,1,0.841000,-71.441823,-55.242546,39.711931,-69.921250,1,0.8410428931875602
2012-12-12,sz.000056,11.9600,12.2800,11.8000,12.2000,11.9900,1399812,16826440.8300,3,1.174211,1,1.751500,-72.693098,-56.210097,40.407470,-71.145893,1,1.7514595496246788
2012-12-13,sz.000056,12.1500,12.8100,12.1500,12.7200,12.2000,2649320,33681898.1200,3,2.222342,1,4.262300,-75.791492,-58.605937,42.129755,-74.178341,1,4.262295081967227
2012-12-14,sz.000056,12.6600,13.1600,12.6000,13.1000,12.7200,2429027,31366117.3000,3,2.037552,1,2.987400,-78.055703,-60.356743,43.388349,-76.394360,1,2.9874213836477814
2012-12-17,sz.000056,12.9500,13.2700,12.9500,13.1200,13.1000,1460249,19218314.0800,3,1.224908,1,0.152700,-78.174872,-60.448891,43.454590,-76.510993,1,0.15267175572519776
2012-12-18,sz.000056,13.1300,13.5200,12.4600,12.4700,13.1200,2766012,35391325.4800,3,2.320227,1,-4.954300,-74.301879,-57.454091,41.301733,-72.720433,1,-4.954268292682917
2012-12-19,sz.000056,13.0000,13.0000,12.4000,12.8000,12.4700,1681477,21370064.5000,3,1.410481,1,2.646400,-76.268168,-58.974528,42.394722,-74.644871,1,2.646351242983158
2012-12-20,sz.000056,12.7000,12.9700,12.7000,12.8100,12.8000,703511,9023136.7400,3,0.590129,1,0.078100,-76.327753,-59.020601,42.427843,-74.703187,1,0.07812499999999556
2012-12-21,sz.000056,12.7100,12.8800,12.7000,12.7900,12.8100,437187,5585672.0000,3,0.366728,1,-0.156100,-76.208584,-58.928454,42.361601,-74.586555,1,-0.15612802498049527
2012-12-24,sz.000056,12.7900,13.0700,12.7700,12.8500,12.7900,608400,7863872.6000,3,0.510347,1,0.469100,-76.566091,-59.204897,42.560327,-74.936452,1,0.4691164972634887
2012-12-25,sz.000056,12.8500,13.3200,12.7700,13.0300,12.8500,1083652,14101485.8500,3,0.909005,1,1.400800,-77.638612,-60.034226,43.156502,-75.986146,1,1.4007782101167265
2012-12-26,sz.000056,13.1000,13.3600,13.1000,13.1500,13.0300,843549,11146872.8900,3,0.707598,1,0.921000,-78.353626,-60.587112,43.553953,-76.685942,1,0.9209516500383819
2012-12-27,sz.000056,13.2000,13.8100,13.2000,13.7700,13.1500,2987222,41006750.2500,3,2.505786,1,4.714800,-82.047865,-63.443691,45.607447,-80.301553,1,4.714828897338408
2012-12-28,sz.000056,13.7900,13.9500,13.6000,13.7900,13.7700,1205538,16515907.6800,3,1.011247,1,0.145200,-82.167034,-63.535839,45.673689,-80.418185,1,0.1452432824981864
2012-12-31,sz.000056,13.8700,14.3800,13.8700,14.1600,13.7900,1333834,18895162.9300,3,1.118866,1,2.683100,-84.371661,-65.240571,46.899162,-82.575888,1,2.6831036983321344
2013-01-04,sz.000056,14.1900,14.4000,13.6000,13.8000,14.1600,1265303,17576572.2700,3,1.061380,1,-2.542400,-82.226619,-63.581913,45.706810,-80.476502,1,-2.5423728813559254
2013-01-07,sz.000056,13.7400,14.1800,13.7300,14.0900,13.8000,1469179,20600704.2800,3,1.232398,1,2.101400,-83.954569,-64.918054,46.667315,-82.167674,1,2.1014492753623104
2013-01-08,sz.000056,14.0000,14.3600,13.9000,14.0800,14.0900,937096,13171368.4700,3,0.786069,1,-0.071000,-83.894985,-64.871980,46.634195,-82.109358,1,-0.07097232079489313
2013-01-09,sz.000056,14.0500,14.3900,13.9500,14.1600,14.0800,1254777,17786961.1900,3,1.052551,1,0.568200,-84.371661,-65.240571,46.899162,-82.575888,1,0.5681818181818121
2013-01-10,sz.000056,14.3500,14.8700,14.1100,14.7500,14.1600,1819232,26698361.1500,3,1.526035,1,4.166700,-87.887147,-67.958928,48.853293,-86.016551,1,4.166666666666674
2013-01-11,sz.000056,14.7700,15.4900,14.7700,15.4900,14.7500,2927509,45020367.2800,3,2.455696,1,5.016900,-92.296400,-71.368393,51.304238,-90.331957,1,5.016949152542383
2013-01-14,sz.000056,15.7000,16.1800,15.3900,15.5000,15.4900,3039716,47633238.1800,3,2.549819,1,0.064600,-92.355985,-71.414467,51.337359,-90.390273,1,0.06455777921239303
2013-01-15,sz.000056,15.4600,16.2000,15.3800,15.9100,15.5000,2392179,37872017.4000,3,2.006643,1,2.645200,-94.798950,-73.303495,52.695315,-92.781242,1,2.645161290322573
2013-01-16,sz.000056,15.9500,16.4000,15.7100,16.0100,15.9100,2036624,32858993.3500,3,1.708391,1,0.628500,-95.394795,-73.764233,53.026524,-93.364405,1,0.6285355122564562
2013-01-17,sz.000056,16.0500,16.0500,15.2100,15.3500,16.0100,1948686,30428469.7700,3,1.634626,1,-4.122400,-91.462217,-70.723359,50.840546,-89.515529,1,-4.12242348532168
2013-01-18,sz.000056,15.3000,15.5400,15.0600,15.4000,15.3500,1891235,28929924.5700,3,1.586434,1,0.325700,-91.760140,-70.953728,51.006150,-89.807110,1,0.32573289902280145
2013-01-21,sz.000056,15.4400,16.0300,15.4400,15.8000,15.4000,1440857,22830714.6900,3,1.208641,1,2.597400,-94.143520,-72.796682,52.330985,-92.139763,1,2.5974025974025983
2013-01-22,sz.000056,15.8000,15.8300,15.5000,15.6600,15.8000,661494,10377055.5800,3,0.554884,1,-0.886100,-93.309337,-72.151649,51.867293,-91.323334,1,-0.8860759493670933
2013-01-23,sz.000056,15.6600,15.9900,15.5500,15.7200,15.6600,1155857,18219879.1800,3,0.969573,1,0.383100,-93.666844,-72.428092,52.066018,-91.673232,1,0.3831417624521105
2013-01-24,sz.000056,15.6800,15.9700,15.0500,15.1400,15.7200,1510900,23421606.3600,3,1.267395,1,-3.689600,-90.210943,-69.755808,50.145008,-88.290886,1,-3.689567430025442
2013-01-25,sz.000056,15.1400,15.3500,14.8800,15.3400,15.1400,1016616,15382461.4400,3,0.852773,1,1.321000,-91.402633,-70.677285,50.807425,-89.457213,1,1.3210039630118908
2013-01-28,sz.000056,15.5200,15.6600,15.3600,15.6300,15.3400,1300350,20202999.3800,3,1.090779,1,1.890500,-93.130583,-72.013427,51.767930,-91.148385,1,1.890482398956972
2013-01-29,sz.000056,15.6500,16.4100,15.5000,16.4100,15.6300,2695667,43567487.8100,3,2.261219,1,4.990400,-97.778175,-75.607187,54.351359,-95.697057,1,4.99040307101728
2013-01-30,sz.000056,16.5700,16.8100,16.3100,16.3800,16.4100,2381849,39390300.3400,3,1.997978,1,-0.182800,-97.599421,-75.468966,54.251996,-95.522108,1,-0.1828153564899515
2013-01-31,sz.000056,15.7700,15.9700,15.5600,15.5600,16.3800,3463763,54215507.4700,3,2.905525,1,-5.006100,-92.713492,-71.690910,51.536084,-90.740171,1,-5.006105006104999
2013-02-01,sz.000056,15.5300,15.5600,15.1000,15.3900,15.5600,1961245,30048033.8400,3,1.645160,1,-1.092500,-91.700555,-70.907655,50.973029,-89.748794,1,-1.0925449871465265
2013-02-04,sz.000056,15.3700,15.7700,15.3000,15.5700,15.3900,1579829,24604439.6300,3,1.325215,1,1.169600,-92.773076,-71.736984,51.569205,-90.798488,1,1.1695906432748426
2013-02-05,sz.000056,15.4400,15.6900,15.3500,15.5500,15.5700,1207376,18734154.8500,3,1.012789,1,-0.128500,-92.653907,-71.644836,51.502963,-90.681855,1,-0.12845215157353262
2013-02-06,sz.000056,15.5000,15.6700,15.2500,15.3700,15.5500,1311356,20246094.7900,3,1.100011,1,-1.157600,-91.581386,-70.815507,50.906788,-89.632161,1,-1.1575562700964714
2013-02-07,sz.000056,15.3000,15.5600,15.1800,15.3700,15.3700,1384309,21265696.8600,3,1.161206,1,0.000000,-91.581386,-70.815507,50.906788,-89.632161,1,0.0
2013-02-08,sz.000056,15.4500,15.4500,15.2600,15.3800,15.3700,1268226,19435688.1500,3,1.063832,1,0.065100,-91.640971,-70.861581,50.939909,-89.690478,1,0.06506180871830303
2013-02-18,sz.000056,15.4000,15.4200,15.2000,15.2600,15.3800,782664,11960230.5100,3,0.656526,1,-0.780200,-90.925957,-70.308695,50.542458,-88.990682,1,-0.7802340702210753
2013-02-19,sz.000056,15.2000,15.2700,14.8500,14.9400,15.2600,1249750,18793444.6600,3,1.048334,1,-2.097000,-89.019253,-68.834331,49.482590,-87.124560,1,-2.09698558322412
2013-02-20,sz.000056,14.8900,15.1900,14.8800,15.1300,14.9400,1414530,21252583.6500,3,1.186557,1,1.271800,-90.151358,-69.709735,50.111887,-88.232570,1,1.2717536813922514
2013-02-21,sz.000056,15.0800,15.3000,14.7000,14.7800,15.1300,1374901,20500619.9000,3,1.153315,1,-2.313300,-88.065900,-68.097150,48.952656,-86.191499,1,-2.3132848645076143
2013-02-22,sz.000056,14.8800,15.0000,14.7000,14.8800,14.7800,841362,12508678.4000,3,0.705764,1,0.676600,-88.661745,-68.557888,49.283865,-86.774662,1,0.6765899864682012
2013-02-25,sz.000056,14.8900,14.9400,14.7800,14.9400,14.8800,912531,13565684.7700,3,0.765463,1,0.403200,-89.019253,-68.834331,49.482590,-87.124560,1,0.40322580645160144
2013-02-26,sz.000056,14.8800,15.5600,14.8000,15.2500,14.9400,1507985,23046789.5700,3,1.264950,1,2.075000,-90.866372,-70.262621,50.509337,-88.932366,1,2.0749665327978617
2013-02-27,sz.000056,15.3500,15.4500,15.1800,15.4000,15.2500,658519,10091849.7400,3,0.552389,1,0.983600,-91.760140,-70.953728,51.006150,-89.807110,1,0.9836065573770592
2013-02-28,sz.000056,15.4000,15.5300,15.3200,15.4100,15.4000,1028979,15844801.8600,3,0.863143,1,0.064900,-91.819724,-70.999802,51.039271,-89.865427,1,0.06493506493505663
2013-03-01,sz.000056,15.4900,15.5500,15.0000,15.1700,15.4100,1253255,19046913.0500,3,1.051274,1,-1.557400,-90.389696,-69.894030,50.244370,-88.465835,1,-1.5574302401038298
2013-03-04,sz.000056,14.9000,14.9300,14.4100,14.4100,15.1700,1407400,20574063.8600,3,1.180576,1,-5.009900,-85.861274,-66.392417,47.727184,-84.033796,1,-5.009887936717206
2013-03-05,sz.000056,14.1600,14.5900,14.1000,14.4600,14.4100,1287677,18500631.3700,3,1.080148,1,0.347000,-86.159196,-66.622787,47.892788,-84.325378,1,0.346981263011803
2013-03-06,sz.000056,14.4700,14.8500,14.3800,14.5700,14.4600,1457331,21258597.6200,3,1.222460,1,0.760700,-86.814626,-67.129599,48.257118,-84.966857,1,0.7607192254495132
2013-03-07,sz.000056,14.5800,14.7700,14.2600,14.3700,14.5700,1190613,17266282.0000,3,0.998728,1,-1.372700,-85.622936,-66.208122,47.594700,-83.800531,1,-1.3726835964310347
2013-03-08,sz.000056,14.4200,14.9800,14.3900,14.8000,14.3700,1529328,22587487.3600,3,1.282853,1,2.992300,-88.185069,-68.189297,49.018898,-86.308132,1,2.9923451635351483
2013-03-11,sz.000056,14.8000,14.8500,14.6500,14.7500,14.8000,1187541,17538545.4100,3,0.996151,1,-0.337800,-87.887147,-67.958928,48.853293,-86.016551,1,-0.33783783783783994
2013-03-12,sz.000056,14.8200,15.1400,14.5200,14.6200,14.7500,2016352,29809140.4500,3,1.691386,1,-0.881400,-87.112548,-67.359968,48.422722,-85.258439,1,-0.8813559322033981
2013-03-13,sz.000056,14.6100,14.6800,14.1000,14.1500,14.6200,894112,12818059.8200,3,0.750012,1,-3.214800,-84.312077,-65.194497,46.866041,-82.517572,1,-3.2147742818057434
2013-03-14,sz.000056,14.2700,14.8600,14.2200,14.8600,14.1500,2044983,29651977.2500,3,1.715403,1,5.017700,-88.542576,-68.465741,49.217623,-86.658030,1,5.017667844522955
2013-03-15,sz.000056,14.9100,15.4000,14.7300,15.1700,14.8600,2521861,38171368.7500,3,2.115425,1,2.086100,-90.389696,-69.894030,50.244370,-88.465835,1,2.0861372812920553
2013-03-18,sz.000056,15.1700,15.7400,15.1600,15.6000,15.1700,3008911,46734148.0000,3,2.523979,1,2.834500,-92.951830,-71.875205,51.668568,-90.973436,1,2.8345418589321048
2013-03-19,sz.000056,15.6600,16.3800,15.6000,16.3500,15.6000,5531388,89499216.0000,3,4.639920,1,4.807700,-97.420668,-75.330744,54.152634,-95.347159,1,4.807692307692313
2013-03-20,sz.000056,16.3000,16.4800,15.9600,16.3800,16.3500,2544774,41351644.0000,3,2.134645,1,0.183500,-97.599421,-75.468966,54.251996,-95.522108,1,0.18348623853210455
2013-03-21,sz.000056,16.3200,16.4500,16.1300,16.2000,16.3800,2098991,34104204.0000,3,1.760707,1,-1.098900,-96.526900,-74.639636,53.655820,-94.472415,1,-1.098901098901095
2013-03-22,sz.000056,16.1800,16.7100,16.1800,16.4900,16.2000,2332655,38425180.0000,3,1.956712,1,1.790100,-98.254851,-75.975778,54.616326,-96.163588,1,1.790123456790127
2013-03-25,sz.000056,16.5500,17.3100,16.4500,17.3100,16.4900,2483781,42456388.0000,3,2.083482,1,4.972700,-103.140781,-79.753834,57.332238,-100.945525,1,4.972710733778052
2013-03-26,sz.000056,17.4000,17.9900,17.3000,17.4900,17.3100,3157038,55474376.0000,3,2.648233,1,1.039900,-104.213302,-80.583163,57.928414,-101.995218,1,1.0398613518197486
2013-03-27,sz.000056,17.5400,18.2700,17.4900,18.1500,17.4900,3674318,65631412.0000,3,3.082146,1,3.773600,-108.145879,-83.624037,60.114391,-105.844094,1,3.7735849056603765
2013-03-28,sz.000056,18.0000,18.2000,17.6100,17.8000,18.1500,3085591,55278724.0000,3,2.588301,1,-1.928400,-106.060421,-82.011452,58.955161,-103.803024,1,-1.928374655647369
2013-03-29,sz.000056,17.9000,18.3900,17.6500,17.6700,17.8000,2549821,45894884.0000,3,2.138878,1,-0.730300,-105.285823,-81.412492,58.524589,-103.044912,1,-0.7303370786516772
2013-04-01,sz.000056,17.5100,17.9000,17.2700,17.4100,17.6700,2341053,40944060.0000,3,1.963757,1,-1.471400,-103.736626,-80.214572,57.663447,-101.528688,1,-1.4714204867006364
2013-04-02,sz.000056,17.5300,18.1400,17.5300,17.8100,17.4100,2043265,36470024.0000,3,1.713962,1,2.297500,-106.120006,-82.057526,58.988282,-103.861340,1,2.2975301550832716
2013-04-03,sz.000056,17.8100,18.1400,17.7800,18.1200,17.8100,1549504,27853876.0000,3,1.299778,1,1.740600,-107.967126,-83.485816,60.015029,-105.669145,1,1.7405951712521128
2013-04-08,sz.000056,17.9400,19.0300,17.9200,19.0000,18.1200,3593337,67101684.0000,3,3.014216,1,4.856500,-113.210562,-87.540314,62.929666,-110.800980,1,4.856512141280356
2013-04-09,sz.000056,19.0500,19.1300,18.4600,18.8600,19.0000,2111650,39799256.0000,3,1.771325,1,-0.736800,-112.376379,-86.895280,62.465974,-109.984552,1,-0.736842105263158
2013-04-10,sz.000056,18.9200,19.5600,18.9200,19.4800,18.8600,2284103,44063568.0000,3,1.915985,1,3.287400,-116.070618,-89.751859,64.519468,-113.600163,1,3.2873806998939603
2013-04-11,sz.000056,19.4800,19.8400,19.2200,19.2600,19.4800,2000746,39104640.0000,3,1.678295,1,-1.129400,-114.759759,-88.738234,63.790809,-112.317204,1,-1.129363449691989
2013-04-12,sz.000056,19.2700,19.6800,19.1100,19.3500,19.2600,2209246,42646996.0000,3,1.853192,1,0.467290,-115.296020,-89.152899,64.088897,-112.842051,1,0.4672897196261738
2013-04-15,sz.000056,18.5000,18.7000,18.3800,18.3800,19.3500,3026300,55796876.0000,3,2.538566,1,-5.012900,-109.516323,222.743591,50.360209,-107.185369,1,-5.0129198966408435
2013-04-16,sz.000056,18.1100,19.1400,17.4600,18.9200,18.3800,5839823,105107208.0000,3,4.898646,1,2.937981,-112.733886,229.287744,51.839780,-110.334450,1,2.9379760609358208
2013-04-17,sz.000056,18.8500,19.1000,18.7500,19.0500,18.9200,1902984,36024408.0000,3,1.596289,1,0.687100,-113.508485,230.863189,52.195973,-111.092562,1,0.6871035940803294
2013-04-18,sz.000056,19.0100,20.0000,18.8100,19.9900,19.0500,4141461,80690720.0000,3,3.474001,1,4.934400,-119.109428,242.254863,54.771522,-116.574295,1,4.934383202099735
2013-04-19,sz.000056,20.1200,20.5000,19.7100,20.1500,19.9900,3182242,63671328.0000,3,2.669375,1,0.800400,-43.277420,914.179153,52.603378,-22.179209,1,0.8004002001000599
2013-04-22,sz.000056,20.1800,20.4500,19.9400,20.0500,20.1500,2315582,46809656.0000,3,1.942391,1,-0.496300,-43.062644,909.642284,52.342319,-22.069138,1,-0.4962779156327479
2013-04-23,sz.000056,20.0500,20.1600,19.3800,19.6800,20.0500,2489085,48904984.0000,3,2.087931,1,-1.845400,-42.267972,892.855868,51.376401,-21.661877,1,-1.8453865336658382
2013-04-24,sz.000056,19.7100,20.2700,19.7100,20.0800,19.6800,2078073,41680416.0000,3,1.743160,1,2.032500,-43.127077,911.003345,52.420637,-22.102159,1,2.0325203252032464
2013-04-25,sz.000056,20.1000,20.6800,19.9300,20.2800,20.0800,2667940,54199360.0000,3,2.237961,1,0.996000,-43.556629,920.077083,52.942755,-22.322300,1,0.9960159362550014
2013-04-26,sz.000056,20.2000,20.6500,20.1300,20.3000,20.2800,1301844,26494316.0000,3,1.092032,1,0.098612,-43.599585,920.984457,52.994966,-22.344314,1,0.09861932938854956
2013-05-02,sz.000056,20.4000,20.4000,19.9600,20.1800,20.3000,1954813,39352580.0000,3,1.639765,1,-0.591100,-43.341853,915.540214,52.681696,-22.212230,1,-0.5911330049261143
2013-05-03,sz.000056,20.0700,20.6300,20.0700,20.3900,20.1800,1508057,30901242.0000,3,1.265011,1,1.040630,-43.792883,925.067640,53.229920,-22.443378,1,1.0406342913775957
2013-05-06,sz.000056,20.5000,20.7900,20.2900,20.4100,20.3900,1146430,23506264.0000,3,0.961665,1,0.098100,-43.835839,925.975013,53.282131,-22.465392,1,0.09808729769493763
2013-05-07,sz.000056,20.4000,20.5300,19.3900,19.3900,20.4100,4408410,87484056.0000,3,3.697927,1,-4.997600,-41.645121,879.698947,50.619330,-21.342673,1,-4.997550220480152
2013-05-08,sz.000056,19.3300,19.7500,18.7500,19.6700,19.3900,2257228,43701764.0000,3,1.893441,1,1.444000,-42.246494,892.402181,51.350295,-21.650870,1,1.4440433212996373
2013-05-09,sz.000056,19.6100,20.2500,19.3000,20.2000,19.6700,1684453,33414712.0000,3,1.412978,1,2.694500,-43.384808,916.447588,52.733908,-22.234244,1,2.6944585663446707
2013-05-10,sz.000056,20.0800,20.9000,20.0700,20.6900,20.2000,2236893,46183040.0000,3,1.876384,1,2.425700,-44.437212,938.678247,54.013096,-22.773589,1,2.425742574257428
2013-05-13,sz.000056,20.8500,20.8700,20.4200,20.4200,20.6900,1073898,22152522.0000,3,0.900823,1,-1.305000,-43.857316,926.428700,53.308237,-22.476399,1,-1.3049782503624874
2013-05-14,sz.000056,20.4500,20.5000,20.0300,20.2500,20.4200,1015136,20561464.0000,3,0.851531,1,-0.832500,-43.492197,918.716023,52.864437,-22.289279,1,-0.832517140058775
2013-05-15,sz.000056,20.3000,20.4800,20.0000,20.1800,20.2500,1041467,21035886.0000,3,0.873619,1,-0.345700,-43.341853,915.540214,52.681696,-22.212230,1,-0.34567901234567877
2013-05-16,sz.000056,20.1800,20.2300,19.7500,20.1300,20.1800,1284233,25748634.0000,3,1.077259,1,-0.247800,-43.234465,913.271780,52.551166,-22.157195,1,-0.24777006937561907
2013-05-17,sz.000056,20.2500,20.9600,20.2500,20.9500,20.1300,2600104,53858400.0000,3,2.181058,1,4.073500,-44.995631,950.474107,54.691850,-23.059773,1,4.073522106309002
2013-05-20,sz.000056,21.2000,21.8000,21.1500,21.7000,20.9500,3005743,64529944.0000,3,2.521322,1,3.580000,-46.606453,984.500627,56.649792,-23.885302,1,3.5799522673030992
2013-05-21,sz.000056,21.7300,21.9900,21.4600,21.7400,21.7000,1592164,34447260.0000,3,1.335562,1,0.184327,-46.692363,986.315374,56.754215,-23.929330,1,0.18433179723502668
2013-05-22,sz.000056,21.7400,22.1100,21.6200,22.0400,21.7400,2114794,46310360.0000,3,1.773963,1,1.379900,-47.336692,999.925982,57.537392,-24.259541,1,1.3799448022079108
2013-05-23,sz.000056,22.0200,22.0200,21.0000,21.7700,22.0400,1056717,22965772.0000,3,0.886411,1,-1.225000,-46.756796,987.676435,56.832533,-23.962351,1,-1.2250453720508148
2013-05-24,sz.000056,21.5200,22.4000,21.5200,22.2400,21.7700,1261764,27962310.0000,3,1.058411,1,2.158900,-47.766245,1008.999721,58.059510,-24.479682,1,2.1589343132751404
2013-05-27,sz.000056,22.2900,23.2600,22.2400,23.1900,22.2400,2008930,45788400.0000,3,1.685160,1,4.271600,-49.806619,1052.099978,60.539570,-25.525352,1,4.271582733812962
2013-05-28,sz.000056,23.3400,24.1000,23.2900,23.9200,23.1900,1926637,45767260.0000,3,1.616130,1,3.147900,-51.374486,1085.219124,62.445300,-26.328867,1,3.1479085812850416
2013-05-29,sz.000056,23.8700,24.0200,23.6000,23.9000,23.9200,956615,22807808.0000,3,0.802442,1,-0.083600,-51.331531,1084.311750,62.393089,-26.306853,1,-0.08361204013379586
2013-05-30,sz.000056,23.6700,24.1500,23.6500,24.0900,23.9000,1221353,29127280.0000,3,1.024513,1,0.795000,-51.739606,1092.931802,62.889101,-26.515987,1,0.7949790794979039
2013-05-31,sz.000056,24.0000,25.2900,23.8600,25.2900,24.0900,2667105,66199656.0000,3,2.237260,1,4.981323,-54.316921,1147.374233,66.021808,-27.836833,1,4.981320049813198
2013-06-03,sz.000056,25.4000,26.5500,25.4000,25.8000,25.2900,6278737,165068592.0000,3,5.266823,1,2.016600,-55.412280,1170.512266,67.353209,-28.398193,1,2.016607354685651
2013-06-04,sz.000056,25.5000,26.2000,25.2900,25.9800,25.8000,2436775,62882588.0000,3,2.044052,1,0.697700,-55.798877,1178.678630,67.823115,-28.596320,1,0.6976744186046435
2013-06-05,sz.000056,25.8400,26.2900,25.7000,26.2000,25.9800,1153940,30050176.0000,3,0.967965,1,0.846800,-56.271385,1188.659743,68.397444,-28.838475,1,0.8468052347959887
2013-06-06,sz.000056,26.1500,26.2900,24.8900,25.4000,26.2000,2333113,59692720.0000,3,1.957096,1,-3.053400,-54.553175,1152.364789,66.308973,-27.957911,1,-3.053435114503822
2013-06-07,sz.000056,25.4000,25.7300,24.8000,24.8300,25.4000,2015317,50594692.0000,3,1.690518,1,-2.244100,-53.328950,1126.504634,64.820937,-27.330509,1,-2.2440944881889746
2013-06-13,sz.000056,24.7000,24.7000,23.5900,23.5900,24.8300,2532443,60440728.0000,3,2.124301,1,-4.994000,-50.665724,1070.247455,61.583806,-25.965634,1,-4.993958920660491
2013-06-14,sz.000056,23.5000,24.7700,23.4000,24.7000,23.5900,2730997,66188616.0000,3,2.290855,1,4.705400,-53.049741,1120.606704,64.481560,-27.187417,1,4.705383637134375
2013-06-17,sz.000056,24.8000,25.7000,24.7000,25.2000,24.7000,2019035,51066512.0000,3,1.693637,1,2.024300,-54.123622,1143.291050,65.786855,-27.737770,1,2.0242914979757165
2013-06-18,sz.000056,25.4000,26.2000,25.1500,26.1000,25.2000,1632183,42159580.0000,3,1.369132,1,3.571400,-56.056609,1184.122874,68.136385,-28.728404,1,3.571428571428581
2013-06-19,sz.000056,25.9000,26.4800,25.6300,26.0300,26.1000,1631189,42444184.0000,3,1.368298,1,-0.268200,-55.906266,1180.947065,67.953644,-28.651355,1,-0.2681992337164707
2013-06-20,sz.000056,26.0300,26.2000,25.5000,25.5000,26.0300,1255675,32390054.0000,3,1.053304,1,-2.036100,-54.767951,1156.901658,66.570032,-28.067981,1,-2.0361121782558667
2013-06-21,sz.000056,25.1000,25.3300,24.2400,25.2900,25.5000,1839578,45701068.0000,3,1.543102,1,-0.823500,-54.316921,1147.374233,66.021808,-27.836833,1,-0.8235294117647118
2013-06-24,sz.000056,25.3500,25.4000,24.0300,24.0300,25.2900,1737223,42650132.0000,3,1.457243,1,-4.982200,-51.610740,1090.209680,62.732465,-26.449945,1,-4.982206405693946
2013-06-25,sz.000056,23.0000,23.7000,22.8300,23.2800,24.0300,3111216,71756400.0000,3,2.609796,1,-3.121100,-49.999918,1056.183161,60.774523,-25.624416,1,-3.1210986267166008
2013-06-26,sz.000056,23.3100,23.9900,22.8300,23.8000,23.2800,2506635,58823436.0000,3,2.102653,1,2.233700,-51.116755,1079.774881,62.132030,-26.196782,1,2.2336769759450092
2013-06-27,sz.000056,23.8000,23.8000,23.8000,23.8000,23.8000,0,0.0000,3,,0,0.000000,-51.116755,1079.774881,62.132030,-26.196782,1,0.0
2013-06-28,sz.000056,23.8000,23.8000,23.8000,23.8000,23.8000,0,0.0000,3,,0,0.000000,-51.116755,1079.774881,62.132030,-26.196782,1,0.0
2013-07-01,sz.000056,23.8000,23.8000,23.8000,23.8000,23.8000,0,0.0000,3,,0,0.000000,-51.116755,1079.774881,62.132030,-26.196782,1,0.0
2013-07-02,sz.000056,23.8000,23.8000,23.8000,23.8000,23.8000,0,0.0000,3,,0,0.000000,-51.116755,1079.774881,62.132030,-26.196782,1,0.0
2013-07-03,sz.000056,23.8000,23.8000,23.8000,23.8000,23.8000,0,0.0000,3,,0,0.000000,-51.116755,1079.774881,62.132030,-26.196782,1,0.0
2013-07-04,sz.000056,23.8000,23.8000,23.8000,23.8000,23.8000,0,0.0000,3,,0,0.000000,-51.116755,1079.774881,62.132030,-26.196782,1,0.0
2013-07-05,sz.000056,23.8000,23.8000,23.8000,23.8000,23.8000,0,0.0000,3,,0,0.000000,-51.116755,1079.774881,62.132030,-26.196782,1,0.0
2013-07-08,sz.000056,23.8000,23.8000,23.8000,23.8000,23.8000,0,0.0000,3,,0,0.000000,-51.116755,1079.774881,62.132030,-26.196782,1,0.0
2013-07-09,sz.000056,23.8000,23.8000,23.8000,23.8000,23.8000,0,0.0000,3,,0,0.000000,-51.116755,1079.774881,62.132030,-26.196782,1,0.0
2013-07-10,sz.000056,23.8000,23.8000,23.8000,23.8000,23.8000,0,0.0000,3,,0,0.000000,-51.116755,1079.774881,62.132030,-26.196782,1,0.0
2013-07-11,sz.000056,23.8000,23.8000,23.8000,23.8000,23.8000,0,0.0000,3,,0,0.000000,-51.116755,1079.774881,62.132030,-26.196782,1,0.0
2013-07-12,sz.000056,23.8000,23.8000,23.8000,23.8000,23.8000,0,0.0000,3,,0,0.000000,-51.116755,1079.774881,62.132030,-26.196782,1,0.0
2013-07-15,sz.000056,24.6000,24.6000,22.6100,24.4600,23.8000,3622546,86438888.0000,3,3.038717,1,2.773100,-52.534278,1109.718218,63.855019,-26.923248,1,2.773109243697469
2013-07-16,sz.000056,24.5000,25.6800,24.2100,25.5500,24.4600,2170319,54838548.0000,3,1.820539,1,4.456300,-54.875339,1159.170093,66.700561,-28.123016,1,4.4562551103842996
2013-07-17,sz.000056,25.5400,26.5800,25.5400,26.1100,25.5500,2155630,56608408.0000,3,1.808217,1,2.191800,-56.078087,1184.576561,68.162491,-28.739411,1,2.191780821917799
2013-07-18,sz.000056,26.1900,26.3800,25.6600,25.7800,26.1100,1669562,43406896.0000,3,1.400487,1,-1.263900,-55.369325,1169.604892,67.300997,-28.376179,1,-1.2638835695135908
2013-07-19,sz.000056,25.7000,26.3000,25.4600,25.9000,25.7800,1535276,39682760.0000,3,1.287843,1,0.465500,-55.627056,1175.049135,67.614268,-28.508263,1,0.46547711404187897
2013-07-22,sz.000056,25.8000,26.0700,25.0000,25.5800,25.9000,964837,24636428.0000,3,0.809339,1,-1.235500,-54.939772,1160.531153,66.778879,-28.156038,1,-1.235521235521242
2013-07-23,sz.000056,25.5000,25.8900,24.6800,25.2800,25.5800,1160768,29328772.0000,3,0.973693,1,-1.172800,-54.295443,1146.920546,65.995702,-27.825826,1,-1.1727912431587106
2013-07-24,sz.000056,25.1000,25.7500,24.5400,24.8600,25.2800,2002823,50061148.0000,3,1.680038,1,-1.661400,-53.393383,1127.865695,64.899255,-27.363530,1,-1.6613924050633
2013-07-25,sz.000056,24.9700,25.6000,24.8400,25.0100,24.8600,1314759,33083822.0000,3,1.102866,1,0.603400,-53.715547,1134.670999,65.290843,-27.528636,1,0.6033789219630048
2013-07-26,sz.000056,25.4500,25.5400,23.7600,23.7600,25.0100,2761017,66966104.0000,3,2.316037,1,-4.998000,-51.030844,1077.960133,62.027606,-26.152754,1,-4.998000799680124
2013-07-29,sz.000056,23.2100,24.1400,22.6600,23.9000,23.7600,1367411,32107836.0000,3,1.147032,1,0.589200,-51.331531,1084.311750,62.393089,-26.306853,1,0.5892255892255838
2013-07-30,sz.000056,23.9000,24.2000,23.5200,23.9100,23.9000,636380,15212040.0000,3,0.533818,1,0.041800,-51.353008,1084.765437,62.419194,-26.317860,1,0.041841004184117736
2013-07-31,sz.000056,24.1000,24.4000,23.8000,23.8600,23.9100,910301,21982968.0000,3,0.763592,1,-0.209100,-51.245620,1082.497002,62.288665,-26.262825,1,-0.2091175240485188
2013-08-01,sz.000056,23.7200,24.1000,23.4000,23.6500,23.8600,858166,20303256.0000,3,0.719859,1,-0.880100,-50.794590,1072.969577,61.740441,-26.031677,1,-0.8801341156747688
2013-08-02,sz.000056,23.6500,23.8500,22.4700,22.4700,23.6500,2583942,58836512.0000,3,2.167500,1,-4.989400,-48.260230,1019.434520,58.659946,-24.732845,1,-4.98942917547569
2013-08-05,sz.000056,22.0400,22.1700,21.3500,21.3500,22.4700,2466689,53384544.0000,3,2.069144,1,-4.984400,-45.854736,968.621584,55.736085,-23.500055,1,-4.984423676012451
2013-08-06,sz.000056,21.0000,22.4100,20.9600,22.2000,21.3500,1910211,41937052.0000,3,1.602351,1,3.981300,-47.680334,1007.184973,57.955086,-24.435654,1,3.981264637002324
2013-08-07,sz.000056,22.0400,22.9700,22.0000,22.4800,22.2000,1481912,33565004.0000,3,1.243079,1,1.261300,-48.281708,1019.888207,58.686052,-24.743852,1,1.2612612612612706
2013-08-08,sz.000056,22.5000,22.7000,22.2400,22.5000,22.4800,542360,12133865.0000,3,0.454950,1,0.089000,-48.324663,1020.795581,58.738263,-24.765866,1,0.0889679715302405
2013-08-09,sz.000056,22.7000,23.6300,22.6800,23.6300,22.5000,2041361,47783964.0000,3,1.712365,1,5.022200,-50.751635,1072.062203,61.688229,-26.009663,1,5.022222222222217
2013-08-12,sz.000056,23.6400,24.8100,23.6400,24.7200,23.6300,2519867,62100648.0000,3,2.113752,1,4.612800,-53.092696,1121.514078,64.533772,-27.209431,1,4.612780363944147
2013-08-13,sz.000056,24.9200,25.4500,24.6000,24.9900,24.7200,1384549,34604728.0000,3,1.161408,1,1.092200,-53.672592,1133.763625,65.238631,-27.506622,1,1.0922330097087318
2013-08-14,sz.000056,24.7500,24.9900,24.3000,24.6900,24.9900,934177,22991270.0000,3,0.783620,1,-1.200500,-53.028263,1120.153017,64.455454,-27.176410,1,-1.2004801920768249
2013-08-15,sz.000056,24.5200,25.0000,24.5200,24.7500,24.6900,1029985,25518540.0000,3,0.863987,1,0.243000,-53.157129,1122.875139,64.612090,-27.242452,1,0.2430133657351119
2013-08-16,sz.000056,24.4900,24.9000,24.0400,24.0600,24.7500,693083,16954744.0000,3,0.581382,1,-2.787900,-51.675173,1091.570741,62.810783,-26.482966,1,-2.7878787878787947
2013-08-19,sz.000056,24.0000,24.8100,23.7400,24.7300,24.0600,605291,14834060.0000,3,0.507739,1,2.784700,-53.114174,1121.967765,64.559878,-27.220438,1,2.784704904405655
2013-08-20,sz.000056,24.7300,25.1500,24.4600,25.0000,24.7300,658463,16316573.0000,3,0.552342,1,1.091800,-53.694070,1134.217312,65.264737,-27.517629,1,1.0917913465426698
2013-08-21,sz.000056,24.9000,25.0100,24.3400,24.7800,25.0000,785823,19422068.0000,3,0.659176,1,-0.880000,-53.221562,1124.236200,64.690407,-27.275473,1,-0.8799999999999919
2013-08-22,sz.000056,23.9600,24.7100,23.8000,24.2000,24.7800,1058734,25549748.0000,3,0.888103,1,-2.340600,-43.312304,-60.055736,90.600555,-45.782754,1,-2.3405972558514954
2013-08-23,sz.000056,24.2000,24.8100,23.8100,24.0500,24.2000,742430,17892440.0000,3,0.622776,1,-0.619800,-43.043839,-59.683490,90.038982,-45.498977,1,-0.619834710743794
2013-08-26,sz.000056,23.6900,24.4500,23.2900,23.9600,24.0500,1209851,28969992.0000,3,1.014865,1,-0.374200,-42.882760,-59.460142,89.702037,-45.328710,1,-0.3742203742203687
2013-08-27,sz.000056,23.9600,24.0700,23.5200,23.6300,23.9600,546587,12948105.0000,3,0.458496,1,-1.377300,-42.292138,-58.641200,88.466575,-44.704400,1,-1.3772954924874847
2013-08-28,sz.000056,23.6200,24.2000,23.1800,23.7000,23.6300,801190,18983404.0000,3,0.672066,1,0.296200,-42.417421,-58.814915,88.728643,-44.836829,1,0.29623360135420107
2013-08-29,sz.000056,24.0100,24.8900,23.9000,24.8900,23.7000,1971705,48743404.0000,3,1.653935,1,5.021100,-44.547241,-61.768069,93.183794,-47.088130,1,5.021097046413514
2013-08-30,sz.000056,25.4400,26.0000,25.3000,25.4000,24.8900,2294438,59038440.0000,3,1.924654,1,2.049000,-45.460021,-63.033707,95.093145,-48.052973,1,2.0490156689433325
2013-09-02,sz.000056,24.8200,25.4000,24.5400,24.8000,25.4000,765906,19020888.0000,3,0.642469,1,-2.362200,-44.386162,-61.544722,92.846850,-46.917864,1,-2.3622047244094446
2013-09-03,sz.000056,25.1400,25.5100,24.8000,25.0500,24.8000,1466789,36949492.0000,3,1.230394,1,1.008100,-44.833604,-62.165132,93.782806,-47.390826,1,1.0080645161290258
2013-09-04,sz.000056,24.7800,25.0900,24.6600,24.8000,25.0500,954436,23689870.0000,3,0.800614,1,-0.998000,-44.386162,-61.544722,92.846850,-46.917864,1,-0.9980039920159722
2013-09-05,sz.000056,24.9800,25.3000,24.7000,24.9800,24.8000,539928,13494077.0000,3,0.452910,1,0.725800,-44.708320,-61.991417,93.520739,-47.258397,1,0.7258064516129092
2013-09-06,sz.000056,25.1000,25.1000,24.5000,24.8100,24.9800,1057006,26123908.0000,3,0.886653,1,-0.680500,-44.404060,-61.569538,92.884288,-46.936782,1,-0.6805444355484469
2013-09-09,sz.000056,24.5000,24.9200,24.4000,24.7200,24.8100,846077,20854080.0000,3,0.709719,1,-0.362800,-44.242981,-61.346190,92.547344,-46.766516,1,-0.36275695284159193
2013-09-10,sz.000056,24.5400,24.7800,24.2000,24.5400,24.7200,787280,19291464.0000,3,0.660398,1,-0.728200,-43.920824,-60.899495,91.873456,-46.425983,1,-0.7281553398058249
2013-09-11,sz.000056,24.6700,24.8600,24.2100,24.5800,24.5400,736930,18139789.0000,3,0.618162,1,0.163000,-43.992414,-60.998760,92.023209,-46.501657,1,0.16299918500406463
2013-09-12,sz.000056,24.5800,24.6000,24.0300,24.0900,24.5800,811400,19693671.0000,3,0.680631,1,-1.993500,-43.115430,-59.782756,90.188735,-45.574651,1,-1.9934906427990229
2013-09-13,sz.000056,24.2000,25.2900,24.1500,25.2900,24.0900,2183015,54701205.0000,3,1.831189,1,4.981300,-45.263147,-62.760726,94.681324,-47.844870,1,4.981320049813198
2013-09-16,sz.000056,25.2900,25.4000,24.7500,25.1100,25.2900,1018929,25493434.0000,3,0.854713,1,-0.711700,-44.940989,-62.314031,94.007436,-47.504337,1,-0.7117437722419906
2013-09-17,sz.000056,25.0000,25.1500,24.7200,24.9900,25.1100,550422,13744154.0000,3,0.461713,1,-0.477900,-44.726218,-62.016234,93.558177,-47.277315,1,-0.4778972520908087
2013-09-18,sz.000056,24.9900,25.5000,24.9000,25.1400,24.9900,726213,18227264.0000,3,0.609173,1,0.600200,-44.994682,-62.388480,94.119750,-47.561093,1,0.6002400960384291
2013-09-23,sz.000056,24.9900,25.0300,24.5800,24.8700,25.1400,827040,20488722.0000,3,0.693750,1,-1.074000,-44.511446,-61.718436,93.108918,-47.050293,1,-1.0739856801909253
2013-09-24,sz.000056,25.5200,26.1000,25.2800,25.4500,24.8700,1325059,33936191.0000,3,1.111506,1,2.332100,-45.549509,-63.157789,95.280336,-48.147566,1,2.332127060715705
2013-09-25,sz.000056,25.3100,26.2000,25.1600,26.0000,25.4500,1709729,44275617.0000,3,1.434180,1,2.161100,-46.533880,-64.522692,97.339440,-49.188083,1,2.16110019646365
2013-09-26,sz.000056,26.5000,26.6600,25.3300,25.3800,26.0000,1361340,35258430.0000,3,1.141939,1,-2.384600,-45.424226,-62.984074,95.018268,-48.015136,1,-2.384615384615385
2013-09-27,sz.000056,25.4800,26.6500,25.4800,26.6500,25.3800,2969939,78589232.0000,3,2.491288,1,5.003900,-47.697227,-66.135759,99.772926,-50.417785,1,5.00394011032308
2013-09-30,sz.000056,26.7200,27.5000,26.5100,27.5000,26.6500,2066702,56130886.0000,3,1.733621,1,3.189500,-49.218527,-68.245155,102.955176,-52.025857,1,3.1894934333958735
2013-10-08,sz.000056,27.5000,27.5000,26.8200,26.9600,27.5000,1451843,39285558.0000,3,1.217856,1,-1.963600,-48.252054,-66.905068,100.933511,-51.004258,1,-1.9636363636363563
2013-10-09,sz.000056,26.9000,27.1800,26.3000,26.6500,26.9600,1176941,31353546.0000,3,0.987259,1,-1.149900,-47.697227,-66.135759,99.772926,-50.417785,1,-1.1498516320474828
2013-10-10,sz.000056,26.6600,26.8000,25.9600,26.2600,26.6500,1230389,32421311.0000,3,1.032093,1,-1.463400,-46.999219,-65.167919,98.312834,-49.679964,1,-1.4634146341463317
2013-10-11,sz.000056,26.3500,27.2000,26.3500,26.7400,26.2600,1197211,32087735.0000,3,1.004262,1,1.827900,-47.858306,-66.359107,100.109870,-50.588051,1,1.8278750952018141
2013-10-14,sz.000056,26.7400,26.7400,26.7400,26.7400,26.7400,0,0.0000,3,,0,0.000000,-47.858306,-66.359107,100.109870,-50.588051,1,0.0
2013-10-15,sz.000056,28.0800,28.0800,25.4000,25.4000,26.7400,5728444,149376751.0000,3,4.805218,1,-5.011200,-45.460021,-63.033707,95.093145,-48.052973,1,-5.011219147344804
2013-10-16,sz.000056,24.2000,25.3800,24.2000,24.4800,25.4000,3119990,76856618.0000,3,2.617156,1,-3.622000,-43.813438,-60.750596,91.648826,-46.312472,1,-3.622047244094484
2013-10-17,sz.000056,24.4000,24.7000,23.2600,23.2600,24.4800,2316901,55470489.0000,3,1.943497,1,-4.983700,-41.629925,-57.722993,87.081360,-44.004416,1,-4.983660130718947
2013-10-18,sz.000056,22.2500,24.3000,22.1000,22.9900,23.2600,6350505,141219640.0000,3,5.327024,1,-1.160800,-41.146688,-57.052950,86.070528,-43.493616,1,-1.1607910576096447
2013-10-21,sz.000056,22.8700,23.8000,22.6600,22.9600,22.9900,2785618,64316868.0000,3,2.336673,1,-0.130500,-41.092996,-56.978500,85.958213,-43.436861,1,-0.1304915180513122
2013-10-22,sz.000056,22.9000,22.9700,21.8100,21.8100,22.9600,2700900,59613923.0000,3,2.265609,1,-5.008700,-39.034766,-54.124612,81.652815,-41.261234,1,-5.008710801393734
2013-10-23,sz.000056,21.6000,22.4800,20.8100,21.9800,21.8100,2652817,57738211.0000,3,2.225275,1,0.779500,-39.339026,-54.546491,82.289265,-41.582849,1,0.7794589637780902
2013-10-24,sz.000056,21.7000,22.1200,21.6200,21.9300,21.9800,1010062,22098195.0000,3,0.847275,1,-0.227500,-39.249538,-54.422409,82.102073,-41.488256,1,-0.22747952684258888
2013-10-25,sz.000056,22.0000,22.4500,22.0000,22.2300,21.9300,1399908,31137286.0000,3,1.174291,1,1.368000,-39.786467,-55.166902,83.225221,-42.055811,1,1.3679890560875485
2013-10-28,sz.000056,22.3400,22.9000,22.2300,22.6900,22.2300,1515937,34321393.0000,3,1.271621,1,2.069300,-40.609759,-56.308457,84.947380,-42.926062,1,2.069275753486277
2013-10-29,sz.000056,22.6000,22.6000,21.5600,21.5600,22.6900,1552891,33769419.0000,3,1.302619,1,-4.980200,2.035435,1.989849,123.773619,-192.668487,1,-4.9801674746584474
2013-10-30,sz.000056,21.0000,21.3000,20.4800,20.5400,21.5600,2585961,53368475.0000,3,2.169194,1,-4.731000,1.939139,1.895709,117.917910,-183.553373,1,-4.7309833024118735
2013-10-31,sz.000056,20.5500,20.7700,19.8200,19.9300,20.5400,1743290,35409058.0000,3,1.462332,1,-2.969800,1.881550,1.839410,114.415966,-178.102178,1,-2.969814995131448
2013-11-01,sz.000056,19.7800,20.4900,19.5100,20.1300,19.9300,1949594,38987217.0000,3,1.635387,1,1.003500,1.900432,1.857869,115.564144,-179.889455,1,1.0035122930255769
2013-11-04,sz.000056,20.1700,20.2400,19.4200,19.6100,20.1300,1444697,28505282.0000,3,1.211862,1,-2.583200,1.851340,1.809876,112.578881,-175.242534,1,-2.5832091405861846
2013-11-05,sz.000056,19.6100,20.0400,18.8500,19.9500,19.6100,3157903,60843306.0000,3,2.648959,1,1.733800,1.883438,1.841256,114.530784,-178.280905,1,1.7338092809790817
2013-11-06,sz.000056,19.7300,19.9500,19.5000,19.5500,19.9500,1455644,28639437.0000,3,1.221045,1,-2.005000,1.845675,1.804339,112.234427,-174.706351,1,-2.0050125313283096
2013-11-07,sz.000056,19.5900,19.7400,19.2000,19.4700,19.5500,1320783,25774350.0000,3,1.107919,1,-0.409200,1.838123,1.796955,111.775156,-173.991440,1,-0.4092071611253245
2013-11-08,sz.000056,19.4000,19.5400,19.0000,19.0000,19.4700,1169565,22440647.0000,3,0.981072,1,-2.414000,1.793751,1.753577,109.076937,-169.791339,1,-2.413970210580374
2013-11-11,sz.000056,19.0100,19.2000,18.0500,18.1000,19.0000,2144931,39286528.0000,3,1.799243,1,-4.736800,1.708784,1.670513,103.910135,-161.748591,1,-4.73684210526315
2013-11-12,sz.000056,17.9900,19.0100,17.8000,19.0100,18.1000,3892109,72362812.0000,3,3.264836,1,5.027600,1.794695,1.754500,109.134346,-169.880702,1,5.027624309392276
2013-11-13,sz.000056,19.0000,19.9600,18.8800,19.9600,19.0100,3990572,78273655.0000,3,3.347430,1,4.997400,1.884382,1.842179,114.588193,-178.370269,1,4.9973698053656035
2013-11-14,sz.000056,20.1000,20.9600,20.0500,20.9600,19.9600,2959397,61376345.0000,3,2.482445,1,5.010000,1.978790,1.934472,120.329084,-187.306656,1,5.010020040080154
2013-11-15,sz.000056,22.0100,22.0100,20.6000,20.9100,20.9600,4923403,105402782.0000,3,4.129922,1,-0.238500,1.974070,1.929858,120.042040,-186.859836,1,-0.23854961832061594
2013-11-18,sz.000056,20.8800,21.3900,20.6100,21.0500,20.9100,3006098,62812332.0000,3,2.521619,1,0.669500,1.987287,1.942779,120.845765,-188.110930,1,0.6695361071257899
2013-11-19,sz.000056,21.2700,21.2700,20.4100,20.6000,21.0500,2022652,41773400.0000,3,1.696671,1,-2.137800,1.944803,1.901247,118.262363,-184.089556,1,-2.137767220902609
2013-11-20,sz.000056,20.5000,21.6300,20.1000,21.6200,20.6000,3401094,71636461.0000,3,2.852956,1,4.951500,2.041100,1.995386,124.118073,-193.204670,1,4.951456310679614
2013-11-21,sz.000056,21.5200,22.1400,21.2200,21.6200,21.6200,2492268,54222100.0000,3,2.090601,1,0.000000,2.041100,1.995386,124.118073,-193.204670,1,0.0
2013-11-22,sz.000056,21.6200,21.6400,21.0500,21.3000,21.6200,1366103,29145372.0000,3,1.145935,1,-1.480100,2.010889,1.965852,122.280987,-190.345027,1,-1.4801110083256241
2013-11-25,sz.000056,21.1000,21.7100,20.5000,21.3700,21.3000,1805000,37987473.0000,3,1.514097,1,0.328600,2.017498,1.972313,122.682850,-190.970574,1,0.3286384976525891
2013-11-26,sz.000056,21.1100,21.6200,20.8000,20.9000,21.3700,1105513,23361069.0000,3,0.927343,1,-2.199300,1.973126,1.928935,119.984631,-186.770472,1,-2.199344875994391
2013-11-27,sz.000056,20.8700,21.2500,20.3000,20.9900,20.9000,1284987,26819009.0000,3,1.077892,1,0.430600,1.981623,1.937241,120.501311,-187.574747,1,0.43062200956938135
2013-11-28,sz.000056,20.9600,21.1500,20.8100,20.9200,20.9900,1221047,25558760.0000,3,1.024257,1,-0.333500,1.975014,1.930781,120.099449,-186.949200,1,-0.33349213911384457
2013-11-29,sz.000056,20.9100,21.8400,20.8500,21.4000,20.9200,1933508,41360329.0000,3,1.621894,1,2.294500,2.020330,1.975082,122.855077,-191.238665,1,2.2944550669215857
2013-12-02,sz.000056,20.8300,21.0800,20.3300,20.3400,21.4000,2484541,51137000.0000,3,2.084119,1,-4.953300,1.920257,1.877250,116.769732,-181.766096,1,-4.953271028037376
2013-12-03,sz.000056,20.1000,20.6600,19.6600,20.3200,20.3400,1817255,36775331.0000,3,1.524377,1,-0.098300,1.918369,1.875405,116.654914,-181.587368,1,-0.0983284169124854
2013-12-04,sz.000056,20.1000,21.1000,20.0000,20.5500,20.3200,1449338,29944618.0000,3,1.215755,1,1.131900,1.940083,1.896632,117.975319,-183.642737,1,1.1318897637795367
2013-12-05,sz.000056,20.6100,21.4800,20.4700,21.2500,20.5500,2572887,54462220.0000,3,2.158227,1,3.406300,2.006169,1.961238,121.993943,-189.898208,1,3.406326034063256
2013-12-06,sz.000056,21.2800,21.9300,21.2100,21.7600,21.2500,1873453,40579346.0000,3,1.571517,1,2.400000,2.054317,2.008307,124.921797,-194.455765,1,2.400000000000002
2013-12-09,sz.000056,21.7800,21.9900,21.1300,21.6300,21.7600,1596726,34367412.0000,3,1.339389,1,-0.597400,2.042044,1.996309,124.175482,-193.294034,1,-0.597426470588247
2013-12-10,sz.000056,21.7000,22.0200,21.5400,21.8300,21.6300,1765844,38563279.0000,3,1.481251,1,0.924600,2.060925,2.014768,125.323660,-195.081312,1,0.9246417013407227
2013-12-11,sz.000056,21.8200,21.8200,21.2000,21.3500,21.8300,1027508,21983016.0000,3,0.861909,1,-2.198800,2.015609,1.970467,122.568032,-190.791846,1,-2.1988089784699794
2013-12-12,sz.000056,21.7500,21.9600,21.4000,21.6600,21.3500,1335411,29021833.0000,3,1.120189,1,1.452000,2.044876,1.999078,124.347708,-193.562126,1,1.4519906323184895
2013-12-13,sz.000056,21.5200,21.7600,21.2600,21.3000,21.6600,1247720,26718103.0000,3,1.046631,1,-1.662000,2.010889,1.965852,122.280987,-190.345027,1,-1.66204986149584
2013-12-16,sz.000056,21.4900,22.1600,20.8300,21.8900,21.3000,3272725,70952866.0000,3,2.745275,1,2.770000,2.066590,2.020305,125.668113,-195.617495,1,2.7699530516431814
2013-12-17,sz.000056,21.8700,22.2800,21.7400,21.8600,21.8900,1527483,33683397.0000,3,1.281306,1,-0.137000,2.063757,2.017537,125.495887,-195.349403,1,-0.13704888076747634
2013-12-18,sz.000056,21.8600,21.9800,21.5100,21.6000,21.8600,771071,16729440.0000,3,0.646801,1,-1.189400,2.039211,1.993540,124.003255,-193.025943,1,-1.1893870082342106
2013-12-19,sz.000056,21.5700,21.8800,21.3000,21.3600,21.6000,1034881,22208656.0000,3,0.868094,1,-1.111100,2.016554,1.971390,122.625441,-190.881210,1,-1.1111111111111183
2013-12-20,sz.000056,21.3700,21.4400,21.0100,21.4200,21.3600,733773,15549369.0000,3,0.615514,1,0.280900,2.022218,1.976927,122.969894,-191.417393,1,0.2808988764045006
2013-12-23,sz.000056,21.7000,21.7000,20.5000,20.5000,21.4200,1318979,27475177.0000,3,1.106405,1,-4.295100,1.935363,1.892017,117.688274,-183.195918,1,-4.29505135387489
2013-12-24,sz.000056,20.4400,20.8700,20.3400,20.6000,20.5000,1334297,27450973.0000,3,1.119255,1,0.487800,1.944803,1.901247,118.262363,-184.089556,1,0.4878048780487809
2013-12-25,sz.000056,20.6700,20.6700,19.8000,20.1600,20.6000,1934359,38827816.0000,3,1.622608,1,-2.135900,1.903264,1.860638,115.736371,-180.157547,1,-2.1359223300970953
2013-12-26,sz.000056,20.1400,20.3000,19.6300,19.7600,20.1600,1188053,23685459.0000,3,0.996580,1,-1.984100,1.865501,1.823720,113.440015,-176.582992,1,-1.984126984126977
2013-12-27,sz.000056,19.7500,20.2000,19.7000,20.0400,19.7600,913786,18226348.0000,3,0.766515,1,1.417000,1.891935,1.849562,115.047464,-179.085180,1,1.4170040485829816
2013-12-30,sz.000056,19.8900,20.1500,19.6900,19.7200,20.0400,835755,16616572.0000,3,0.701060,1,-1.596800,1.861725,1.820028,113.210379,-176.225537,1,-1.5968063872255467
2013-12-31,sz.000056,19.6400,19.6400,19.0000,19.6000,19.7200,2196956,42275083.0000,3,1.842883,1,-0.608500,1.850396,1.808953,112.521472,-175.153170,1,-0.6085192697768638
2014-01-02,sz.000056,19.4900,19.4900,19.0100,19.3900,19.6000,859800,16548217.0000,3,0.721230,1,-1.071400,1.830570,1.789572,111.315885,-173.276529,1,-1.0714285714285787
2014-01-03,sz.000056,19.3000,19.4800,18.6400,19.4800,19.3900,2108352,40040243.0000,3,1.768559,1,0.464200,1.839067,1.797878,111.832565,-174.080804,1,0.46415678184630327
2014-01-06,sz.000056,19.1000,19.1500,18.8500,18.9400,19.4800,1038146,19701789.0000,3,0.870833,1,-2.772100,1.788086,1.748039,108.732484,-169.255155,1,-2.772073921971252
2014-01-07,sz.000056,18.9000,18.9300,18.3700,18.3700,18.9400,1082751,20147664.0000,3,0.908249,1,-3.009500,1.734274,1.695432,105.460176,-164.161415,1,-3.0095036958817323
2014-01-08,sz.000056,18.3800,18.6500,18.1800,18.3000,18.3700,1130049,20755611.0000,3,0.947924,1,-0.381100,1.727665,1.688972,105.058313,-163.535868,1,-0.3810560696788312
2014-01-09,sz.000056,18.1900,19.1800,18.0600,18.8600,18.3000,1692575,31690549.0000,3,1.419791,1,3.060100,1.780534,1.740656,108.273212,-168.540244,1,3.0601092896174853
2014-01-10,sz.000056,18.8200,19.2200,18.7000,18.8000,18.8600,1099030,20875447.0000,3,0.921905,1,-0.318100,1.774869,1.735118,107.928759,-168.004061,1,-0.31813361611876534
2014-01-13,sz.000056,18.8000,18.8500,18.0000,18.1100,18.8000,1226434,22510935.0000,3,1.028775,1,-3.670200,1.709728,1.671436,103.967544,-161.837955,1,-3.670212765957448
2014-01-14,sz.000056,18.1100,18.2600,17.8100,18.2500,18.1100,850443,15367174.0000,3,0.713381,1,0.773100,1.722945,1.684357,104.771269,-163.089049,1,0.7730535615682044
2014-01-15,sz.000056,18.2500,18.3600,18.0100,18.1300,18.2500,554793,10067213.0000,3,0.465380,1,-0.657500,1.711616,1.673282,104.082362,-162.016682,1,-0.6575342465753531
2014-01-16,sz.000056,18.1300,18.9000,18.1300,18.3800,18.1300,818942,15153731.0000,3,0.686957,1,1.378900,1.735218,1.696355,105.517584,-164.250779,1,1.3789299503585317
2014-01-17,sz.000056,18.3000,18.4700,18.0100,18.1100,18.3800,615634,11178752.0000,3,0.516415,1,-1.469000,1.709728,1.671436,103.967544,-161.837955,1,-1.4689880304678993
2014-01-20,sz.000056,18.5000,19.0200,18.0200,19.0200,18.1100,1895013,35736953.0000,3,1.589603,1,5.024800,1.795639,1.755423,109.191755,-169.970066,1,5.024848150193262
2014-01-21,sz.000056,19.8000,19.9700,19.3000,19.9700,19.0200,622304,12367386.0000,3,0.522010,1,4.994700,1.885326,1.843102,114.645602,-178.459633,1,4.994742376445838
2014-01-22,sz.000056,20.7900,20.8500,19.4900,19.5000,19.9700,4009828,80363175.0000,3,3.363583,1,-2.353500,1.840955,1.799724,111.947383,-174.259532,1,-2.3535302954431625
2014-01-23,sz.000056,19.4900,19.9900,19.3800,19.9900,19.5000,2153315,42433912.0000,3,1.806275,1,2.512800,1.887215,1.844948,114.760420,-178.638361,1,2.5128205128205128
2014-01-24,sz.000056,19.8200,20.3000,19.7100,20.3000,19.9900,1785521,35774591.0000,3,1.497757,1,1.550800,1.916481,1.873559,116.540096,-181.408641,1,1.550775387693859
2014-01-27,sz.000056,20.0600,20.2400,19.7800,19.8000,20.3000,1397571,27812700.0000,3,1.172331,1,-2.463100,1.869277,1.827412,113.669650,-176.940448,1,-2.463054187192115
2014-01-28,sz.000056,19.8000,19.8700,19.3300,19.3300,19.8000,1002307,19541999.0000,3,0.840770,1,-2.373700,1.824905,1.784034,110.971431,-172.740346,1,-2.3737373737373835
2014-01-29,sz.000056,19.3300,19.5000,19.2400,19.2900,19.3300,1268369,24497239.0000,3,1.063952,1,-0.206900,1.821129,1.780342,110.741796,-172.382891,1,-0.20693222969476732
2014-01-30,sz.000056,19.3100,19.4800,18.9900,19.0100,19.2900,880932,16895354.0000,3,0.738956,1,-1.451500,1.794695,1.754500,109.134346,-169.880702,1,-1.4515292897874454
2014-02-07,sz.000056,18.8500,19.1700,18.5100,19.0000,19.0100,982813,18482155.0000,3,0.824418,1,-0.052600,1.793751,1.753577,109.076937,-169.791339,1,-0.052603892688063425
2014-02-10,sz.000056,19.1300,19.5900,19.1200,19.4300,19.0000,1602656,31108329.0000,3,1.344364,1,2.263200,1.834346,1.793263,111.545520,-173.633985,1,2.2631578947368336
2014-02-11,sz.000056,19.3900,19.8300,19.2600,19.6900,19.4300,2005327,39228935.0000,3,1.682138,1,1.338100,1.858892,1.817260,113.038152,-175.957445,1,1.3381369016984168
2014-02-12,sz.000056,19.7000,19.8000,19.4100,19.6400,19.6900,1575960,30854863.0000,3,1.321970,1,-0.253900,1.854172,1.812645,112.751108,-175.510626,1,-0.2539360081259545
2014-02-13,sz.000056,19.5200,19.8500,19.3600,19.3800,19.6400,1586239,30982224.0000,3,1.330592,1,-1.323800,1.829626,1.788649,111.258476,-173.187165,1,-1.3238289205702691
2014-02-14,sz.000056,19.3800,19.5700,19.3500,19.3900,19.3800,1144126,22262631.0000,3,0.959733,1,0.051600,1.830570,1.789572,111.315885,-173.276529,1,0.05159958720331037
2014-02-17,sz.000056,19.3500,19.5000,19.1200,19.2600,19.3900,2299501,44320873.0000,3,1.928901,1,-0.670400,1.818297,1.777573,110.569569,-172.114799,1,-0.6704486848891134
2014-02-18,sz.000056,19.3800,19.3800,18.8000,18.8800,19.2600,2502295,47736374.0000,3,2.099012,1,-1.973000,1.782422,1.742502,108.388030,-168.718972,1,-1.9730010384216068
2014-02-19,sz.000056,18.8600,18.8900,18.5500,18.7100,18.8800,2069270,38649093.0000,3,1.735776,1,-0.900400,1.766372,1.726812,107.412079,-167.199787,1,-0.9004237288135486
2014-02-20,sz.000056,18.6500,18.7500,18.3500,18.4900,18.7100,1882778,34827822.0000,3,1.579340,1,-1.175800,1.745603,1.706507,106.149083,-165.233782,1,-1.175841795831123
2014-02-21,sz.000056,18.4400,18.5200,17.9200,18.0700,18.4900,1950423,35463668.0000,3,1.636083,1,-2.271500,1.705951,1.667744,103.737908,-161.480499,1,-2.2714981070849016
2014-02-24,sz.000056,18.0100,18.0100,17.5500,17.8000,18.0700,1974632,35093733.0000,3,1.656390,1,-1.494200,1.680461,1.642825,102.187867,-159.067675,1,-1.4941892639734333
2014-02-25,sz.000056,17.8000,18.3000,17.6000,17.7400,17.8000,1961505,35207790.0000,3,1.645379,1,-0.337100,1.674797,1.637287,101.843414,-158.531492,1,-0.3370786516854074
2014-02-26,sz.000056,17.7400,18.2700,17.7400,17.9600,17.7400,1735593,31354959.0000,3,1.455876,1,1.240100,1.695567,1.657592,103.106410,-160.497497,1,1.2401352874859217
2014-02-27,sz.000056,17.9900,18.1000,17.7000,17.7300,17.9600,1668835,29654966.0000,3,1.399877,1,-1.280600,1.673853,1.636364,101.786005,-158.442128,1,-1.2806236080178168
2014-02-28,sz.000056,17.7100,17.8300,17.1300,17.4500,17.7300,1590385,27636747.0000,3,1.334070,1,-1.579200,1.647418,1.610522,100.178555,-155.939940,1,-1.5792442188381384
2014-03-03,sz.000056,17.3000,17.3500,17.1000,17.1500,17.4500,1591383,27370282.0000,3,1.334907,1,-1.719200,1.619096,1.582834,98.456288,-153.259024,1,-1.7191977077363974
2014-03-04,sz.000056,17.1200,17.8100,17.1000,17.6100,17.1500,1781410,31300584.0000,3,1.494309,1,2.682200,1.662524,1.625289,101.097098,-157.369762,1,2.6822157434402305
2014-03-05,sz.000056,17.6300,17.7000,17.2000,17.2200,17.6100,1118644,19435042.0000,3,0.938357,1,-2.214700,1.625705,1.589295,98.858150,-153.884571,1,-2.2146507666098825
2014-03-06,sz.000056,17.2200,18.0800,17.1200,18.0800,17.2200,1508014,26899206.0000,3,1.264975,1,4.994200,1.706895,1.668667,103.795317,-161.569863,1,4.994192799070851
2014-03-07,sz.000056,18.9800,18.9800,18.9800,18.9800,18.0800,357158,6778858.0000,3,0.299597,1,4.977900,1.791863,1.751731,108.962119,-169.612611,1,4.977876106194712
2014-03-10,sz.000056,19.9300,19.9300,19.0200,19.3600,18.9800,5229688,102735424.0000,3,4.386844,1,2.002100,1.827738,1.786803,111.143658,-173.008438,1,2.002107481559534
2014-03-11,sz.000056,19.7200,20.3300,19.3600,19.9200,19.3600,8875650,176604817.0000,3,7.445204,1,2.892600,1.880606,1.838487,114.358557,-178.012814,1,2.892561983471076
2014-03-12,sz.000056,19.9200,20.8500,19.6300,20.0900,19.9200,5783399,116006195.0000,3,4.851316,1,0.853400,1.896655,1.854177,115.334509,-179.532000,1,0.8534136546184623
2014-03-13,sz.000056,20.0000,20.4500,19.8300,20.1300,20.0900,4376695,88162088.0000,3,3.671324,1,0.199100,1.900432,1.857869,115.564144,-179.889455,1,0.19910403185663395
2014-03-14,sz.000056,19.9700,20.3800,19.8800,20.3400,20.1300,3105493,62618226.0000,3,2.604995,1,1.043200,1.920257,1.877250,116.769732,-181.766096,1,1.0432190760059745
2014-03-17,sz.000056,20.3000,20.3000,19.3300,19.9000,20.3400,4601668,91665211.0000,3,3.860039,1,-2.163200,1.965270,1.894230,124.555938,13715.147132,1,-2.163225172074734
2014-03-18,sz.000056,19.7000,20.0500,19.5600,19.6600,19.9000,2621340,51804200.0000,3,2.198871,1,-1.206000,1.941568,1.871385,123.053755,13549.738322,1,-1.2060301507537563
2014-03-19,sz.000056,19.6600,19.6600,18.6800,18.8800,19.6600,3259418,62025341.0000,3,2.734113,1,-3.967500,1.864538,1.797139,118.171663,13012.159691,1,-3.967446592065116
2014-03-20,sz.000056,18.8000,19.2000,18.7500,19.1200,18.8800,2571203,49007286.0000,3,2.156814,1,1.271200,1.888239,1.819984,119.673846,13177.568501,1,1.271186440677985
2014-03-21,sz.000056,19.0800,20.0800,18.9200,19.9800,19.1200,3693735,72742565.0000,3,3.098433,1,4.497900,1.973171,1.901845,125.056665,13770.283402,1,4.4979079497907914
2014-03-24,sz.000056,20.0100,20.2800,19.8200,20.0000,19.9800,3069453,61558713.0000,3,2.574764,1,0.100100,1.975146,1.903749,125.181847,13784.067469,1,0.10010010010010895
2014-03-25,sz.000056,19.8200,19.9800,19.5700,19.7200,20.0000,1532019,30178872.0000,3,1.285111,1,-1.400000,1.947494,1.877096,123.429301,13591.090525,1,-1.4000000000000012
2014-03-26,sz.000056,19.5500,19.5800,19.0400,19.2700,19.7200,1728063,33239511.0000,3,1.449559,1,-2.281900,1.903053,1.834262,120.612709,13280.949007,1,-2.2819472616632863
2014-03-27,sz.000056,19.1600,19.9800,19.0000,19.5000,19.2700,2590270,50492183.0000,3,2.172808,1,1.193600,1.925767,1.856155,122.052301,13439.465783,1,1.193565127140639
2014-03-28,sz.000056,19.5000,19.5000,19.5000,19.5000,19.5000,0,0.0000,3,,0,0.000000,1.925767,1.856155,122.052301,13439.465783,1,0.0
2014-03-31,sz.000056,19.8000,19.9700,17.9300,18.0000,19.5000,5282627,99985864.0000,3,4.431251,1,-7.692300,1.777631,1.713374,112.663662,12405.660722,0,-7.692307692307687
2014-04-01,sz.000056,17.5100,17.9100,17.4400,17.8900,18.0000,2277255,40259294.0000,3,1.910241,1,-0.611100,1.766768,1.702903,111.975162,12329.848351,0,-0.6111111111111067
2014-04-02,sz.000056,17.8400,19.6800,17.5000,19.6800,17.8900,10948465,211401616.0000,3,9.183953,1,10.005600,1.943543,1.873289,123.178937,13563.522390,0,10.005589714924534
2014-04-03,sz.000056,19.6800,19.8500,19.0300,19.2600,19.6800,6370258,123467133.0000,3,5.343594,1,-2.134100,1.902065,1.833310,120.550119,13274.056973,0,-2.1341463414634054
2014-04-04,sz.000056,19.3000,19.3000,18.4800,18.5100,19.2600,4634730,86508949.0000,3,3.887773,1,-3.894100,1.827997,1.761919,115.855799,12757.154443,0,-3.89408099688473
2014-04-08,sz.000056,18.4900,18.6900,18.0700,18.5100,18.5100,4736816,86922840.0000,3,3.973406,1,0.000000,1.827997,1.761919,115.855799,12757.154443,0,0.0
2014-04-09,sz.000056,18.3200,18.7000,18.2300,18.3900,18.5100,3407527,62830869.0000,3,2.858352,1,-0.648300,1.816147,1.750497,115.104708,12674.450038,0,-0.6482982171799101
2014-04-10,sz.000056,18.4200,18.5900,18.2400,18.3000,18.3900,3186388,58537697.0000,3,2.672853,1,-0.489400,1.807258,1.741930,114.541390,12612.421734,0,-0.4893964110929794
2014-04-11,sz.000056,18.2800,18.3700,17.9000,18.0800,18.3000,2787351,50393413.0000,3,2.338127,1,-1.202200,1.785532,1.720989,113.164390,12460.796992,0,-1.2021857923497414
2014-04-14,sz.000056,18.0800,18.3200,17.9500,18.1500,18.0800,2607265,47186359.0000,3,2.187064,1,0.387200,1.792445,1.727652,113.602526,12509.041228,0,0.38716814159291957
2014-04-15,sz.000056,17.7000,18.0000,17.4800,17.7800,18.1500,3963726,69927877.0000,3,3.324911,1,-2.038600,1.755905,1.692433,111.286662,12254.035980,0,-2.0385674931129305
2014-04-16,sz.000056,17.7200,17.8900,17.5600,17.7200,17.7800,2305310,40761322.0000,3,1.933774,1,-0.337500,1.749979,1.686721,110.911116,12212.683778,0,-0.3374578177727905
2014-04-17,sz.000056,17.7700,18.2500,17.5000,18.0000,17.7200,4551844,81277194.0000,3,3.818245,1,1.580100,1.777631,1.713374,112.663662,12405.660722,0,1.5801354401805856
2014-04-18,sz.000056,17.8700,17.9400,17.6600,17.7600,18.0000,1925686,34240891.0000,3,1.615332,1,-1.333300,1.753929,1.690529,111.161480,12240.251913,0,-1.3333333333333197
2014-04-21,sz.000056,17.6700,17.9300,17.5200,17.6600,17.7600,1960466,34713538.0000,3,1.644507,1,-0.563100,1.744054,1.681010,110.535571,12171.331575,0,-0.563063063063074
2014-04-22,sz.000056,17.5900,17.7400,17.5500,17.7000,17.6600,1428454,25182782.0000,3,1.198237,1,0.226500,1.748004,1.684818,110.785934,12198.899710,0,0.22650056625141968
2014-04-23,sz.000056,17.7700,17.7700,17.1900,17.1900,17.7000,2397556,41934095.0000,3,2.011153,1,-2.881400,1.697638,1.636272,107.593797,11847.405990,0,-2.8813559322033777
2014-04-24,sz.000056,17.0500,17.0500,16.1500,16.1500,17.1900,4029045,65906257.0000,3,3.379703,1,-6.050000,1.594930,1.537277,101.084341,11130.634481,0,-6.050029086678322
2014-04-25,sz.000056,16.1600,16.2000,14.7300,14.9800,16.1500,4717999,71679892.0000,3,3.957621,1,-7.244600,1.505174,1.437904,70.849723,2.743875,0,-7.244582043343639
2014-04-28,sz.000056,14.5000,14.7600,14.2900,14.2900,14.9800,2520764,36445644.0000,3,2.114504,1,-4.606100,1.435843,1.371672,67.586285,2.617489,0,-4.606141522029383
2014-04-29,sz.000056,14.2000,14.5500,14.1200,14.3500,14.2900,1575788,22606640.0000,3,1.321826,1,0.419900,1.441872,1.377432,67.870062,2.628479,0,0.41987403778867005
2014-04-30,sz.000056,14.3500,15.0900,14.3500,14.9600,14.3500,2649828,39179769.0000,3,2.222768,1,4.250900,1.503164,1.435984,70.755131,2.740212,0,4.250871080139373
2014-05-05,sz.000056,14.8600,15.2100,14.7000,14.9500,14.9600,1502700,22420133.0000,3,1.260517,1,-0.066800,1.502159,1.435025,70.707835,2.738380,0,-0.06684491978610207
2014-05-06,sz.000056,14.9500,15.0500,14.8200,14.9600,14.9500,1326422,19850145.0000,3,1.112649,1,0.066900,1.503164,1.435984,70.755131,2.740212,0,0.06688963210703669
2014-05-07,sz.000056,14.8600,14.9300,14.3000,14.5600,14.9600,1562772,22775362.0000,3,1.310907,1,-2.673800,1.462973,1.397589,68.863282,2.666944,0,-2.67379679144385
2014-05-08,sz.000056,14.4800,14.6900,14.3800,14.5700,14.5600,1450978,21100279.0000,3,1.217131,1,0.068700,1.463977,1.398549,68.910579,2.668776,0,0.06868131868131844
2014-05-09,sz.000056,14.4500,14.6600,14.3600,14.5300,14.5700,1077844,15629844.0000,3,0.904133,1,-0.274500,1.459958,1.394710,68.721394,2.661449,0,-0.2745367192862114
2014-05-12,sz.000056,14.6000,14.8500,14.4100,14.7500,14.5300,1267526,18595481.0000,3,1.063245,1,1.514100,1.482064,1.415827,69.761910,2.701747,0,1.5141087405368348
2014-05-13,sz.000056,14.7400,15.3000,14.7000,15.0400,14.7500,2478969,37262826.0000,3,2.079445,1,1.966100,1.511203,1.443664,71.133501,2.754866,0,1.9661016949152454
2014-05-14,sz.000056,15.0000,15.1100,14.8500,14.9000,15.0400,1076867,16115485.0000,3,0.903313,1,-0.930900,1.497135,1.430225,70.471354,2.729222,0,-0.930851063829774
2014-05-15,sz.000056,14.8400,14.9000,14.2300,14.2700,14.9000,1455026,21085468.0000,3,1.220526,1,-4.228200,1.433834,1.369753,67.491692,2.613825,0,-4.228187919463089
2014-05-16,sz.000056,14.2700,14.6600,14.2600,14.5000,14.2700,1077872,15539695.0000,3,0.904156,1,1.611800,1.456944,1.391830,68.579505,2.655954,0,1.6117729502452827
2014-05-19,sz.000056,14.4000,14.5900,14.3000,14.4400,14.5000,936190,13498775.0000,3,0.785309,1,-0.413800,1.450915,1.386071,68.295728,2.644964,0,-0.4137931034482789
2014-05-20,sz.000056,14.3600,14.5600,14.3600,14.4500,14.4400,845488,12204347.0000,3,0.709225,1,0.069300,1.451920,1.387030,68.343024,2.646796,0,0.06925207756232066
2014-05-21,sz.000056,14.4500,14.5400,14.3300,14.4500,14.4500,548851,7926209.0000,3,0.460395,1,0.000000,1.451920,1.387030,68.343024,2.646796,0,0.0
2014-05-22,sz.000056,14.4700,14.6900,14.4000,14.4500,14.4500,1503741,21910478.0000,3,1.261390,1,0.000000,1.451920,1.387030,68.343024,2.646796,0,0.0
2014-05-23,sz.000056,14.4900,14.6000,14.4400,14.5400,14.4500,1058157,15353545.0000,3,0.887619,1,0.622800,1.460963,1.395669,68.768690,2.663281,0,0.6228373702422241
2014-05-26,sz.000056,14.6000,14.6200,14.3700,14.4000,14.5400,1682024,24291319.0000,3,1.410940,1,-0.962900,1.446896,1.382231,68.106543,2.637637,0,-0.9628610729023324
2014-05-27,sz.000056,14.4100,14.6500,14.4100,14.4300,14.4000,1159772,16800418.0000,3,0.972857,1,0.208300,1.449910,1.385111,68.248432,2.643132,0,0.2083333333333215
2014-05-28,sz.000056,14.4300,14.6400,14.3800,14.5900,14.4300,2268315,32906768.0000,3,1.902741,1,1.108800,1.465987,1.400469,69.005171,2.672439,0,1.1088011088011163
2014-05-29,sz.000056,14.6000,14.6000,14.3100,14.4000,14.5900,1676687,24179335.0000,3,1.406463,1,-1.302300,1.446896,1.382231,68.106543,2.637637,0,-1.3022618231665506
2014-05-30,sz.000056,14.4500,14.4500,13.9400,13.9600,14.4000,2137098,30111431.0000,3,1.792672,1,-3.055600,1.402685,1.339996,66.025510,2.557043,0,-3.055555555555556
2014-06-03,sz.000056,13.9400,13.9500,13.6300,13.6500,13.9600,1802590,24776510.0000,3,1.512075,1,-2.220600,1.371537,1.310240,64.559327,2.500260,0,-2.220630372492838
2014-06-04,sz.000056,13.6100,13.9600,13.5100,13.9600,13.6500,1981922,27268934.0000,3,1.662505,1,2.271100,1.402685,1.339996,66.025510,2.557043,0,2.271062271062285
2014-06-05,sz.000056,13.8600,14.1000,13.7800,13.9700,13.9600,1632871,22683658.0000,3,1.369709,1,0.071600,1.403690,1.340956,66.072806,2.558875,0,0.07163323782235498
2014-06-06,sz.000056,14.0100,15.3700,13.9500,14.7900,13.9700,9175132,136649668.0000,3,7.696420,1,5.869700,1.486083,1.419666,69.951095,2.709073,0,5.869720830350733
2014-06-09,sz.000056,14.5000,15.1900,14.1400,14.2200,14.7900,5180253,75825215.0000,3,4.345376,1,-3.854000,1.428810,1.364953,67.255211,2.604667,0,-3.853955375253537
2014-06-10,sz.000056,14.1000,14.2900,13.1500,13.8100,14.2200,5517602,75618230.0000,3,4.628356,1,-2.883300,1.387614,1.325598,65.316067,2.529567,0,-2.883263009845294
2014-06-11,sz.000056,13.6500,13.7000,13.4800,13.6100,13.8100,2079815,28265123.0000,3,1.744621,1,-1.448200,1.367518,1.306400,64.370142,2.492934,0,-1.4482259232440287
2014-06-12,sz.000056,13.6500,13.6700,13.3800,13.5600,13.6100,1614738,21820475.0000,3,1.354498,1,-0.367400,1.362494,1.301601,64.133661,2.483775,0,-0.3673769287288686
2014-06-13,sz.000056,13.5300,13.7800,13.5300,13.5800,13.5600,1279232,17477654.0000,3,1.073064,1,0.147500,1.364503,1.303521,64.228254,2.487439,0,0.1474926253687281
2014-06-16,sz.000056,13.5600,13.8700,13.5000,13.7900,13.5800,1448743,19875004.0000,3,1.215256,1,1.546400,1.385604,1.323678,65.221474,2.525904,0,1.546391752577314
2014-06-17,sz.000056,13.7400,13.8200,13.5500,13.6000,13.7900,1345307,18339861.0000,3,1.128490,1,-1.377800,1.366513,1.305440,64.322846,2.491102,0,-1.377810007251623
2014-06-18,sz.000056,13.5500,14.0000,13.5000,13.7800,13.6000,2291967,31658082.0000,3,1.922582,1,1.323500,1.384599,1.322718,65.174178,2.524072,0,1.3235294117647012
2014-06-19,sz.000056,13.6900,13.8500,12.5000,12.9900,13.7800,2144068,28359038.0000,3,1.798519,1,-5.732900,1.305221,1.246888,61.437777,2.379369,0,-5.732946298984032
2014-06-20,sz.000056,13.0400,13.0400,12.6500,12.8000,12.9900,1617597,20696687.0000,3,1.356897,1,-1.462700,1.286130,1.228650,60.539149,2.344566,0,-1.4626635873749017
2014-06-23,sz.000056,12.8000,13.0700,12.7700,12.9300,12.8000,1458750,18895651.0000,3,1.223650,1,1.015600,1.299192,1.241128,61.154000,2.368378,0,1.0156249999999867
2014-06-24,sz.000056,12.9300,13.0000,12.7800,12.9600,12.9300,1661744,21449128.0000,3,1.393929,1,0.232000,1.302206,1.244008,61.295889,2.373874,0,0.23201856148493682
2014-06-25,sz.000056,12.9500,12.9500,12.7500,12.7700,12.9600,1042434,13362978.0000,3,0.874430,1,-1.466000,1.283115,1.225770,60.397261,2.339071,0,-1.4660493827160614
2014-06-26,sz.000056,12.7500,12.9500,12.7500,12.9200,12.7700,1829489,23592934.0000,3,1.534639,1,1.174600,1.298187,1.240168,61.106704,2.366547,0,1.1746280344557603
2014-06-27,sz.000056,12.8900,13.2000,12.8600,13.1100,12.9200,2041230,26637670.0000,3,1.712255,1,1.470600,1.317278,1.258406,62.005332,2.401349,0,1.4705882352941124
2014-06-30,sz.000056,13.1900,13.2800,13.0000,13.2700,13.1100,2124036,27929909.0000,3,1.781715,1,1.220400,1.333355,1.273764,62.762071,2.430656,0,1.2204424103737566
2014-07-01,sz.000056,13.2700,13.6500,13.1200,13.4500,13.2700,2621742,35008750.0000,3,2.199208,1,1.356400,1.351441,1.291042,63.613403,2.463626,0,1.35644310474754
2014-07-02,sz.000056,13.4800,13.5500,13.3000,13.5000,13.4500,2569896,34442712.0000,3,2.155718,1,0.371700,1.356465,1.295842,63.849884,2.472785,0,0.3717472118959231
2014-07-03,sz.000056,13.6200,13.6400,13.2900,13.3700,13.5000,4008986,54197476.0000,3,3.362877,1,-0.963000,1.343403,1.283363,63.235033,2.448973,0,-0.9629629629629655
2014-07-04,sz.000056,13.3100,13.3200,12.9000,13.2800,13.3700,3338744,43917338.0000,3,2.800654,1,-0.673200,1.334360,1.274724,62.809367,2.432488,0,-0.6731488406881092
2014-07-07,sz.000056,13.2600,13.5200,13.1800,13.5200,13.2800,3757142,50302058.0000,3,3.151621,1,1.807200,1.358475,1.297761,63.944477,2.476448,0,1.8072289156626509
2014-07-08,sz.000056,13.5200,13.5200,13.5200,13.5200,13.5200,0,0.0000,3,,0,0.000000,1.358475,1.297761,63.944477,2.476448,0,0.0
2014-07-09,sz.000056,13.5200,13.5200,13.5200,13.5200,13.5200,0,0.0000,3,,0,0.000000,1.358475,1.297761,63.944477,2.476448,0,0.0
2014-07-10,sz.000056,13.5200,13.5200,13.5200,13.5200,13.5200,0,0.0000,3,,0,0.000000,1.358475,1.297761,63.944477,2.476448,0,0.0
2014-07-11,sz.000056,13.5200,13.5200,13.5200,13.5200,13.5200,0,0.0000,3,,0,0.000000,1.358475,1.297761,63.944477,2.476448,0,0.0
2014-07-14,sz.000056,13.5200,13.5200,13.5200,13.5200,13.5200,0,0.0000,3,,0,0.000000,1.358475,1.297761,63.944477,2.476448,0,0.0
2014-07-15,sz.000056,13.5200,13.5200,13.5200,13.5200,13.5200,0,0.0000,3,,0,0.000000,1.358475,1.297761,63.944477,2.476448,0,0.0
2014-07-16,sz.000056,13.5200,13.5200,13.5200,13.5200,13.5200,0,0.0000,3,,0,0.000000,1.358475,1.297761,63.944477,2.476448,0,0.0
2014-07-17,sz.000056,13.5200,13.5200,13.5200,13.5200,13.5200,0,0.0000,3,,0,0.000000,1.358475,1.297761,63.944477,2.476448,0,0.0
2014-07-18,sz.000056,13.5200,13.5200,13.5200,13.5200,13.5200,0,0.0000,3,,0,0.000000,1.358475,1.297761,63.944477,2.476448,0,0.0
2014-07-21,sz.000056,13.5200,13.5200,13.5200,13.5200,13.5200,0,0.0000,3,,0,0.000000,1.358475,1.297761,63.944477,2.476448,0,0.0
2014-07-22,sz.000056,13.5200,13.5200,13.5200,13.5200,13.5200,0,0.0000,3,,0,0.000000,1.358475,1.297761,63.944477,2.476448,0,0.0
2014-07-23,sz.000056,13.5200,13.5200,13.5200,13.5200,13.5200,0,0.0000,3,,0,0.000000,1.358475,1.297761,63.944477,2.476448,0,0.0
2014-07-24,sz.000056,13.5200,13.5200,13.5200,13.5200,13.5200,0,0.0000,3,,0,0.000000,1.358475,1.297761,63.944477,2.476448,0,0.0
2014-07-25,sz.000056,13.5200,13.5200,13.5200,13.5200,13.5200,0,0.0000,3,,0,0.000000,1.358475,1.297761,63.944477,2.476448,0,0.0
2014-07-28,sz.000056,13.5200,13.5200,13.5200,13.5200,13.5200,0,0.0000,3,,0,0.000000,1.358475,1.297761,63.944477,2.476448,0,0.0
2014-07-29,sz.000056,13.5200,13.5200,13.5200,13.5200,13.5200,0,0.0000,3,,0,0.000000,1.358475,1.297761,63.944477,2.476448,0,0.0
2014-07-30,sz.000056,13.5200,13.5200,13.5200,13.5200,13.5200,0,0.0000,3,,0,0.000000,1.358475,1.297761,63.944477,2.476448,0,0.0
2014-07-31,sz.000056,13.5200,13.5200,13.5200,13.5200,13.5200,0,0.0000,3,,0,0.000000,1.358475,1.297761,63.944477,2.476448,0,0.0
2014-08-01,sz.000056,13.5200,13.5200,13.5200,13.5200,13.5200,0,0.0000,3,,0,0.000000,1.358475,1.297761,63.944477,2.476448,0,0.0
2014-08-04,sz.000056,13.5200,13.5200,13.5200,13.5200,13.5200,0,0.0000,3,,0,0.000000,1.358475,1.297761,63.944477,2.476448,0,0.0
2014-08-05,sz.000056,13.5200,13.5200,13.5200,13.5200,13.5200,0,0.0000,3,,0,0.000000,1.358475,1.297761,63.944477,2.476448,0,0.0
2014-08-06,sz.000056,13.5200,13.5200,13.5200,13.5200,13.5200,0,0.0000,3,,0,0.000000,1.358475,1.297761,63.944477,2.476448,0,0.0
2014-08-07,sz.000056,13.5200,13.5200,13.5200,13.5200,13.5200,0,0.0000,3,,0,0.000000,1.358475,1.297761,63.944477,2.476448,0,0.0
2014-08-08,sz.000056,11.2700,11.2700,11.2700,11.2700,11.2700,0,0.0000,3,,0,0.000000,1.358877,1.298145,63.963395,2.477181,0,-16.642011834319526
2014-08-11,sz.000056,11.2700,11.2700,11.2700,11.2700,11.2700,0,0.0000,3,,0,0.000000,1.358877,1.298145,63.963395,2.477181,0,0.0
2014-08-12,sz.000056,11.2700,11.2700,11.2700,11.2700,11.2700,0,0.0000,3,,0,0.000000,1.358877,1.298145,63.963395,2.477181,0,0.0
2014-08-13,sz.000056,11.2700,11.2700,11.2700,11.2700,11.2700,0,0.0000,3,,0,0.000000,1.358877,1.298145,63.963395,2.477181,0,0.0
2014-08-14,sz.000056,11.2700,11.2700,11.2700,11.2700,11.2700,0,0.0000,3,,0,0.000000,1.358877,1.298145,63.963395,2.477181,0,0.0
2014-08-15,sz.000056,11.2700,11.2700,11.2700,11.2700,11.2700,0,0.0000,3,,0,0.000000,1.358877,1.298145,63.963395,2.477181,0,0.0
2014-08-18,sz.000056,11.2700,11.2700,11.2700,11.2700,11.2700,0,0.0000,3,,0,0.000000,1.396105,1.319971,49.513894,389.939986,0,0.0
2014-08-19,sz.000056,12.4000,12.4000,12.4000,12.4000,11.2700,284115,3523026.0000,3,0.198605,1,10.026600,1.536088,1.452319,54.478464,429.037784,0,10.02661934338953
2014-08-20,sz.000056,13.6400,13.6400,13.6400,13.6400,12.4000,181330,2473341.0000,3,0.126755,1,10.000000,1.689696,1.597551,59.926310,471.941562,0,10.000000000000009
2014-08-21,sz.000056,15.0000,15.0000,15.0000,15.0000,13.6400,1036076,15541140.0000,3,0.724247,1,9.970700,1.858171,1.756838,65.901367,518.997319,0,9.97067448680351
2014-08-22,sz.000056,14.8800,14.9300,14.0100,14.4000,15.0000,17670896,256855988.0000,3,12.352468,1,-4.000000,1.783844,1.686565,63.265313,498.237426,0,-3.9999999999999925
2014-08-25,sz.000056,14.2500,15.7900,14.1500,15.3300,14.4000,19774016,300049744.0000,3,13.822610,1,6.458300,1.899050,1.795488,67.351197,530.415260,0,6.4583333333333215
2014-08-26,sz.000056,15.0000,15.0700,14.4100,14.6700,15.3300,8904591,131200661.0000,3,6.224567,1,-4.305300,1.817291,1.718188,64.451537,507.579378,0,-4.305283757338552
2014-08-27,sz.000056,14.7300,14.7300,14.0800,14.4600,14.6700,6753792,96990850.0000,3,4.721096,1,-1.431500,1.791276,1.693592,63.528918,500.313416,0,-1.4314928425357865
2014-08-28,sz.000056,14.2900,14.5500,13.8000,13.8200,14.4600,5320562,75472685.0000,3,3.719227,1,-4.426000,1.711994,1.618633,60.717126,478.169530,0,-4.426002766251735
2014-08-29,sz.000056,13.6800,13.7800,13.2800,13.5100,13.8200,5411038,72957264.0000,3,3.782472,1,-2.243100,1.673592,1.582325,59.355165,467.443585,0,-2.243125904486254
2014-09-01,sz.000056,13.5600,13.9400,13.5400,13.7900,13.5100,3789517,52134066.0000,3,2.648982,1,2.072500,1.708278,1.615120,60.585324,477.131535,0,2.072538860103612
2014-09-02,sz.000056,13.8000,14.0700,13.6000,14.0700,13.7900,5920047,82046608.0000,3,4.138284,1,2.030500,1.742964,1.647914,61.815482,486.819485,0,2.0304568527918843
2014-09-03,sz.000056,14.0400,15.4700,13.9400,15.0500,14.0700,15089246,223434846.0000,3,10.547820,1,6.965200,1.864364,1.762694,66.121038,520.727310,0,6.9651741293532465
2014-09-04,sz.000056,14.9000,15.2800,14.7600,15.0100,15.0500,9135916,136773314.0000,3,6.386270,1,-0.265800,1.859409,1.758009,65.945301,519.343317,0,-0.26578073089701393
2014-09-05,sz.000056,15.1000,15.4700,14.8400,15.2500,15.0100,9504349,144077987.0000,3,6.643815,1,1.598900,1.889140,1.786119,66.999723,527.647275,0,1.59893404397069
2014-09-09,sz.000056,15.2000,15.5900,14.9700,15.5900,15.2500,9042683,138868130.0000,3,6.321097,1,2.229500,1.931259,1.825940,68.493488,539.411214,0,2.2295081967213193
2014-09-10,sz.000056,15.5800,16.4900,15.4100,16.1300,15.5900,11765731,188331703.0000,3,8.224587,1,3.463800,1.998153,1.889187,70.865937,558.095117,0,3.4637588197562463
2014-09-11,sz.000056,15.8000,16.1300,15.3500,15.4500,16.1300,9601920,150856574.0000,3,6.712020,1,-4.215700,1.913916,1.809543,67.878408,534.567239,0,-4.2157470551766885
2014-09-12,sz.000056,15.3700,15.6300,15.2000,15.5000,15.4500,4519015,69799945.0000,3,3.158922,1,0.323600,1.920110,1.815399,68.098079,536.297230,0,0.3236245954692629
2014-09-15,sz.000056,15.5100,15.9300,15.3000,15.7000,15.5000,5619671,87780007.0000,3,3.928313,1,1.290300,1.944885,1.838824,68.976764,543.217194,0,1.2903225806451646
2014-09-16,sz.000056,15.7000,16.1400,15.5300,16.0800,15.7000,11131128,176687518.0000,3,7.780981,1,2.420400,1.991959,1.883330,70.646266,556.365126,0,2.420382165605095
2014-09-17,sz.000056,16.0300,16.9800,15.7600,16.6400,16.0800,17312680,284387968.0000,3,12.102065,1,3.482600,2.061331,1.948919,73.106583,575.741026,0,3.4825870646766344
2014-09-18,sz.000056,16.2900,16.3800,15.9000,16.0500,16.6400,8573671,138565659.0000,3,5.993244,1,-3.545700,1.988243,1.879817,70.514463,555.327132,0,-3.5456730769230727
2014-09-19,sz.000056,16.0600,16.0600,15.5100,15.7800,16.0500,6003366,94366516.0000,3,4.196527,1,-1.682200,1.954795,1.848194,69.328238,545.985180,0,-1.6822429906542147
2014-09-22,sz.000056,15.6900,15.9800,15.3800,15.8100,15.7800,4984744,78540981.0000,3,3.484480,1,0.190100,1.958512,1.851707,69.460041,547.023174,0,0.19011406844107182
2014-09-23,sz.000056,15.8200,16.1800,15.7800,16.1000,15.8100,4835519,77194988.0000,3,3.380168,1,1.834300,1.994436,1.885673,70.734134,557.057123,0,1.834282099936746
2014-09-24,sz.000056,15.9600,16.7700,15.9600,16.6200,16.1000,10509506,172396383.0000,3,7.346449,1,3.229800,2.058853,1.946577,73.018715,575.049030,0,3.2298136645962705
2014-09-25,sz.000056,16.5000,16.9500,16.3100,16.8200,16.6200,9087960,151106191.0000,3,6.352747,1,1.203400,2.083629,1.970001,73.897400,581.968994,0,1.2033694344163681
2014-09-26,sz.000056,16.7000,17.4900,16.7000,16.9300,16.8200,15703893,268189984.0000,3,10.977476,1,0.654000,2.097255,1.982885,74.380676,585.774974,0,0.6539833531510109
2014-09-29,sz.000056,16.8600,17.2000,16.5100,16.7100,16.9300,10490080,176470894.0000,3,7.332870,1,-1.299500,2.070002,1.957118,73.414123,578.163014,0,-1.2994683992911926
2014-09-30,sz.000056,16.6800,16.8800,16.4000,16.8800,16.7100,5637915,93609749.0000,3,3.941066,1,1.017400,2.091061,1.977028,74.161005,584.044983,0,1.0173548773189545
2014-10-08,sz.000056,16.8800,17.1000,16.6000,17.0600,16.8800,5659128,95438134.0000,3,3.955894,1,1.066400,2.113359,1.998110,74.951822,590.272951,0,1.0663507109004655
2014-10-09,sz.000056,17.0000,17.4800,16.9300,17.3700,17.0600,10341489,178281399.0000,3,7.229000,1,1.817100,2.151762,2.034418,76.313783,600.998896,0,1.8171160609613324
2014-10-10,sz.000056,17.1400,17.3600,16.7800,16.8300,17.3700,7782595,132558248.0000,3,5.440259,1,-3.108800,2.084867,1.971172,73.941334,582.314992,0,-3.1088082901554515
2014-10-13,sz.000056,16.7500,16.7500,15.6400,16.1000,16.8300,7878787,126581334.0000,3,5.507500,1,-4.337500,1.994436,1.885673,70.734134,557.057123,0,-4.337492572786672
2014-10-14,sz.000056,16.0000,16.8900,16.0000,16.8300,16.1000,9716650,160450608.0000,3,6.792220,1,4.534200,2.084867,1.971172,73.941334,582.314992,0,4.5341614906832195
2014-10-15,sz.000056,16.6000,17.1400,16.5800,17.0200,16.8300,7019314,117995015.0000,3,4.906704,1,1.128900,2.108404,1.993426,74.776085,588.888958,0,1.1289364230540722
2014-10-16,sz.000056,16.9300,17.4200,16.5100,16.5500,17.0200,13730074,235163159.0000,3,9.597719,1,-2.761500,2.050182,1.938378,72.711175,572.627042,0,-2.761457109283194
2014-10-17,sz.000056,16.4600,16.9900,16.0900,16.9600,16.5500,7477874,123582469.0000,3,5.227250,1,2.477300,2.100972,1.986398,74.512479,586.812969,0,2.477341389728105
2014-10-20,sz.000056,16.8800,17.3000,16.7800,17.1800,16.9600,13429990,229163647.0000,3,9.387952,1,1.297200,2.128225,2.012165,75.479033,594.424930,0,1.297169811320753
2014-10-21,sz.000056,17.0500,17.3700,16.8000,17.3200,17.1800,7297082,124546507.0000,3,5.100872,1,0.814900,2.209427,-17.533826,50.729130,791.632861,0,0.8149010477299212
2014-10-22,sz.000056,17.2200,18.3300,17.2000,17.9400,17.3200,19771674,349594720.0000,3,13.820973,1,3.579700,2.288517,-18.161481,52.545068,819.970758,0,3.5796766743648956
2014-10-23,sz.000056,17.5000,17.7900,16.8600,17.0000,17.9400,11160791,193147004.0000,3,7.801716,1,-5.239700,2.168606,-17.209876,49.791871,777.006850,0,-5.239687848383512
2014-10-24,sz.000056,16.9500,17.2200,16.6000,17.2100,17.0000,4439413,74977245.0000,3,3.103278,1,1.235300,2.195395,-17.422468,50.406947,786.605170,0,1.2352941176470678
2014-10-27,sz.000056,17.2200,17.2700,16.5700,16.5700,17.2100,3784460,63700390.0000,3,2.645447,1,-3.718800,2.113753,-16.774567,48.532429,757.353147,0,-3.7187681580476473
2014-10-28,sz.000056,16.5400,16.9200,16.5200,16.7400,16.5700,4068400,68068274.0000,3,2.843929,1,1.026000,2.135439,-16.946666,49.030348,765.123216,0,1.0259505129752489
2014-10-29,sz.000056,16.7600,16.9300,16.6300,16.7200,16.7400,4868600,81462903.0000,3,3.403292,1,-0.119500,2.132888,-16.926419,48.971769,764.209090,0,-0.11947431302269385
2014-10-30,sz.000056,16.7200,16.9200,16.3200,16.8000,16.7200,6481858,107591164.0000,3,4.531006,1,0.478500,2.143093,-17.007407,49.206084,767.865593,0,0.4784688995215447
2014-10-31,sz.000056,16.8000,17.0800,16.4600,17.0400,16.8000,6690551,112382745.0000,3,4.676889,1,1.428600,2.173709,-17.250370,49.909028,778.835101,0,1.4285714285714235
2014-11-03,sz.000056,17.0100,17.4800,17.0100,17.2900,17.0400,9617759,165963353.0000,3,6.723092,1,1.467100,2.205600,-17.503456,50.641262,790.261672,0,1.467136150234749
2014-11-04,sz.000056,17.0800,17.2400,16.6200,16.6200,17.2900,6767828,113891941.0000,3,4.730908,1,-3.875100,2.120131,-16.825184,48.678876,759.638461,0,-3.875072296124915
2014-11-05,sz.000056,16.4800,16.5400,16.1000,16.2000,16.6200,4995634,81256540.0000,3,3.492093,1,-2.527100,2.066554,-16.399999,47.448724,740.441822,0,-2.527075812274382
2014-11-06,sz.000056,16.1300,16.5400,15.9000,16.4300,16.2000,4628264,75023057.0000,3,3.235291,1,1.419800,2.095894,-16.632839,48.122379,750.954267,0,1.4197530864197505
2014-11-07,sz.000056,16.3300,16.8000,16.3200,16.6100,16.4300,5053174,83810594.0000,3,3.532315,1,1.095600,2.118856,-16.815061,48.649587,759.181399,0,1.0955569080949523
2014-11-10,sz.000056,16.6200,16.9800,16.5000,16.9400,16.6100,5914114,99254388.0000,3,4.134137,1,1.986800,2.160952,-17.149135,49.616135,774.264473,0,1.9867549668874274
2014-11-11,sz.000056,16.8800,17.0600,16.6100,16.9200,16.9400,12345229,208780609.0000,3,8.629673,1,-0.118100,2.158401,-17.128888,49.557556,773.350347,0,-0.11806375442738881
2014-11-12,sz.000056,16.9100,17.3600,16.7100,17.3600,16.9200,14349978,244507620.0000,3,10.031050,1,2.600500,2.214530,-17.574320,50.846287,793.461112,0,2.6004728132387633
2014-11-13,sz.000056,17.0000,17.0500,16.1000,16.1100,17.3600,11106481,185241518.0000,3,7.763752,1,-7.200500,2.055073,-16.308888,47.185120,736.328256,0,-7.200460829493083
2014-11-14,sz.000056,16.1100,16.1800,15.4000,15.6000,16.1100,6250296,98112709.0000,3,4.369138,1,-3.165700,1.990015,-15.792592,45.691364,713.018050,0,-3.165735567970207
2014-11-17,sz.000056,15.6200,15.9400,15.4000,15.8700,15.6000,2563237,40282312.0000,3,1.791777,1,1.730800,2.024458,-16.065925,46.482176,725.358747,0,1.7307692307692246
2014-11-18,sz.000056,15.8000,15.8600,15.5000,15.5500,15.8700,2491504,38951017.0000,3,1.741633,1,-2.016400,1.983637,-15.741975,45.544917,710.732736,0,-2.01638311279142
2014-11-19,sz.000056,15.5200,15.7800,15.5100,15.5800,15.5500,1955799,30503572.0000,3,1.367160,1,0.192900,1.987464,-15.772345,45.632785,712.103925,0,0.19292604501608412
2014-11-20,sz.000056,15.5700,15.6500,15.3100,15.4200,15.5800,2417331,37436782.0000,3,1.689784,1,-1.027000,1.967053,-15.610370,45.164156,704.790919,0,-1.0269576379974388
2014-11-21,sz.000056,15.4200,15.8700,15.3200,15.7400,15.4200,4332846,67310756.0000,3,3.028785,1,2.075200,2.007874,-15.934320,46.101414,719.416930,0,2.075226977950706
2014-11-24,sz.000056,15.7700,16.4100,15.7200,16.1600,15.7400,6556354,104986419.0000,3,4.583081,1,2.668400,2.061452,-16.359505,47.331567,738.613570,0,2.668360864040653
2014-11-25,sz.000056,16.1100,16.1500,15.8000,15.8400,16.1600,3976174,63353518.0000,3,2.779461,1,-1.980200,2.020631,-16.035555,46.394308,723.987559,0,-1.980198019801982
2014-11-26,sz.000056,15.8500,15.9900,15.4800,15.6800,15.8400,5113022,80341837.0000,3,3.574150,1,-1.010100,2.000220,-15.873579,45.925678,716.674553,0,-1.0101010101010055
2014-11-27,sz.000056,15.6600,16.6000,15.6100,16.5500,15.6800,10971907,178252693.0000,3,7.669681,1,5.548500,2.111202,-16.754320,48.473851,756.439021,0,5.548469387755106
2014-11-28,sz.000056,16.4000,16.8800,16.3600,16.8800,16.5500,10180741,169041357.0000,3,7.116633,1,1.994000,2.153298,-17.088394,49.440399,771.522096,0,1.9939577039274736
2014-12-01,sz.000056,16.8100,17.0600,16.6600,16.9500,16.8800,14513911,245336991.0000,3,10.145644,1,0.414700,2.162228,-17.159258,49.645424,774.721536,0,0.4146919431279539
2014-12-02,sz.000056,16.8300,17.2900,16.8200,16.9800,16.9500,18025680,306745536.0000,3,12.600472,1,0.177000,2.166055,-17.189629,49.733292,776.092724,0,0.1769911504424737
2014-12-03,sz.000056,16.9700,17.0000,16.4500,16.4900,16.9800,11380354,189044082.0000,3,7.955197,1,-2.885700,2.103548,-16.693579,48.298115,753.696644,0,-2.8857479387514817
2014-12-04,sz.000056,16.4000,16.7600,16.1400,16.5300,16.4900,11601727,191245380.0000,3,8.109943,1,0.242600,2.108651,-16.734073,48.415272,755.524896,0,0.24257125530626755
2014-12-05,sz.000056,16.4400,16.4400,15.3100,15.9200,16.5300,11188626,179406659.0000,3,7.821174,1,-3.690300,2.030836,-16.116542,46.628623,727.644062,0,-3.690260133091361
2014-12-08,sz.000056,15.8300,16.6000,15.4300,16.4900,15.9200,8833729,141875340.0000,3,6.175032,1,3.580400,2.103548,-16.693579,48.298115,753.696644,0,3.580402010050232
2014-12-09,sz.000056,16.4700,16.9800,16.0900,16.4000,16.4900,19235220,319020704.0000,3,13.445976,1,-0.545800,2.092067,-16.602468,48.034511,749.583079,0,-0.545785324439052
2014-12-10,sz.000056,16.1300,16.8600,15.9100,16.7600,16.4000,14532125,239793202.0000,3,10.158376,1,2.195100,2.137991,-16.966913,49.088927,766.037341,0,2.1951219512195363
2014-12-11,sz.000056,16.4000,16.9400,16.2600,16.8500,16.7600,11021064,183622421.0000,3,7.704043,1,0.537000,2.149471,-17.058024,49.352531,770.150907,0,0.5369928400954738
2014-12-12,sz.000056,16.8900,16.9000,16.4000,16.5000,16.8500,6515389,108283287.0000,3,4.554446,1,-2.077200,2.104824,-16.703703,48.327404,754.153707,0,-2.077151335311578
2014-12-15,sz.000056,16.4000,16.5800,16.3300,16.4600,16.5000,3828698,62973691.0000,3,2.676371,1,-0.242400,2.099721,-16.663209,48.210247,752.325456,0,-0.24242424242423288
2014-12-16,sz.000056,16.3600,16.8200,16.3600,16.5200,16.4600,4733476,78660137.0000,3,3.308837,1,0.364500,2.107375,-16.723950,48.385983,755.067833,0,0.36452004860265674
2014-12-17,sz.000056,16.5200,16.5600,15.7800,15.8700,16.5200,6832236,109544886.0000,3,4.775931,1,-3.934600,2.024458,-16.065925,46.482176,725.358747,0,-3.934624697336564
2014-12-18,sz.000056,15.9300,16.0500,15.6200,15.8500,15.8700,3944884,62690477.0000,3,2.757588,1,-0.126000,2.021906,-16.045678,46.423597,724.444622,0,-0.1260239445494582
2014-12-19,sz.000056,15.6600,15.9500,15.4400,15.7100,15.8500,3707100,58012709.0000,3,2.591370,1,-0.883300,2.004047,-15.903950,46.013546,718.045742,0,-0.8832807570977819
2014-12-22,sz.000056,15.6000,15.6000,14.1400,14.2500,15.7100,9686112,141439942.0000,3,6.770873,1,-9.293400,1.817802,-14.425925,41.737303,651.314565,0,-9.293443666454493
2014-12-23,sz.000056,14.1900,14.2700,13.3200,13.7500,14.2500,3620418,50182844.0000,3,2.530777,1,-3.508800,1.754020,-13.919752,40.272837,628.461423,0,-3.508771929824561
2014-12-24,sz.000056,13.8300,14.2700,13.7800,14.1500,13.7500,2538303,35686514.0000,3,1.774347,1,2.909100,1.805046,-14.324691,41.444410,646.743937,0,2.9090909090909056
2014-12-25,sz.000056,14.2700,14.3900,14.0100,14.2900,14.1500,2291252,32734156.0000,3,1.601651,1,0.989400,1.822905,-14.466419,41.854461,653.142817,0,0.9893992932862083
2014-12-26,sz.000056,14.3200,14.5500,14.1900,14.2400,14.2900,2245160,32260487.0000,3,1.569432,1,-0.349900,1.816527,-14.415802,41.708014,650.857502,0,-0.3498950314905436
2014-12-29,sz.000056,14.2100,14.2100,13.7800,13.8400,14.2400,3252856,45244520.0000,3,2.273841,1,-2.809000,1.765501,-14.010864,40.536441,632.574988,0,-2.8089887640449507
2014-12-30,sz.000056,13.7600,13.9500,13.2000,13.2100,13.8400,2834459,38363300.0000,3,1.981369,1,-4.552000,1.685135,-13.373086,38.691213,603.780029,0,-4.552023121387272
2014-12-31,sz.000056,13.2500,13.9500,13.0100,13.8900,13.2100,3066370,40855776.0000,3,2.143481,1,5.147600,1.771879,-14.061481,40.682887,634.860303,0,5.1476154428463206
2015-01-05,sz.000056,13.8600,14.5000,13.5200,14.1000,13.8900,3753564,52884453.0000,3,2.623850,1,1.511900,1.798667,-14.274073,41.297963,644.458622,0,1.5118790496760237
2015-01-06,sz.000056,14.0500,14.0500,13.4100,13.7600,14.1000,5228098,71093562.0000,3,3.654592,1,-2.411300,1.755295,-13.929876,40.302126,628.918485,0,-2.4113475177305
2015-01-07,sz.000056,13.7600,13.7600,13.4600,13.5700,13.7600,2943057,39965987.0000,3,2.057282,1,-1.380800,1.731058,-13.737530,39.745629,620.234291,0,-1.380813953488369
2015-01-08,sz.000056,13.5600,13.8700,13.5600,13.8500,13.5700,3555475,49037785.0000,3,2.485380,1,2.063400,1.766776,-14.020987,40.565730,633.032051,0,2.0633750921149607
2015-01-09,sz.000056,13.8800,14.0500,13.5700,13.5800,13.8500,2686573,37266575.0000,3,1.877992,1,-1.949500,1.732334,-13.747654,39.774918,620.691354,0,-1.949458483754507
2015-01-12,sz.000056,13.5300,13.5300,12.9800,13.0100,13.5800,3256904,42807579.0000,3,2.276670,1,-4.197300,1.659622,-13.170617,38.105426,594.638771,0,-4.197349042709875
2015-01-13,sz.000056,13.0900,13.2400,13.0200,13.2000,13.0100,2121432,27923743.0000,3,1.482942,1,1.460400,1.683859,-13.362962,38.661923,603.322966,0,1.460415065334364
2015-01-14,sz.000056,13.2100,13.2500,13.0500,13.1000,13.2000,1380776,18132673.0000,3,0.965202,1,-0.757600,1.671102,-13.261728,38.369030,598.752337,0,-0.7575757575757569
2015-01-15,sz.000056,13.0600,13.2300,13.0600,13.2300,13.1000,1739139,22866862.0000,3,1.215709,1,0.992400,1.687686,-13.393333,38.749791,604.694154,0,0.992366412213741
2015-01-16,sz.000056,13.3000,13.3400,13.1200,13.2800,13.2300,1774670,23484353.0000,3,1.240546,1,0.377900,1.694064,-13.443950,38.896238,606.979469,0,0.37792894935750887
2015-01-19,sz.000056,13.0000,13.1400,12.6300,12.7000,13.2800,3014693,38838088.0000,3,2.107358,1,-4.367500,1.620076,-12.856789,37.197456,580.469823,0,-4.367469879518071
2015-01-20,sz.000056,12.7600,13.1000,12.7600,13.1000,12.7000,2214971,28759586.0000,3,1.548329,1,3.149600,1.671102,-13.261728,38.369030,598.752337,0,3.149606299212593
2015-01-21,sz.000056,13.1200,13.7000,13.1200,13.7000,13.1000,5544528,75016248.0000,3,3.875786,1,4.580100,1.747641,-13.869135,40.126390,626.176108,0,4.580152671755733
2015-01-22,sz.000056,13.6800,13.9700,13.5600,13.8900,13.7000,4624634,63840347.0000,3,3.232753,1,1.386900,1.771879,-14.061481,40.682887,634.860303,0,1.3868613138686259
2015-01-23,sz.000056,13.9500,14.0400,13.7200,13.8200,13.8900,3431241,47453774.0000,3,2.398537,1,-0.504000,1.762949,-13.990617,40.477862,631.660863,0,-0.5039596832253412
2015-01-26,sz.000056,13.8000,14.1500,13.6600,14.1000,13.8200,3771743,52576948.0000,3,2.636558,1,2.026100,1.798667,-14.274073,41.297963,644.458622,0,2.026049204052094
2015-01-27,sz.000056,14.0900,14.2400,13.9300,14.1900,14.1000,3801035,53499105.0000,3,2.657034,1,0.638300,1.810148,-14.365184,41.561567,648.572188,0,0.6382978723404209
2015-01-28,sz.000056,14.1200,14.8700,14.0900,14.6700,14.1900,8147783,118351196.0000,3,5.695536,1,3.382700,1.871380,-14.851110,42.967456,670.511205,0,3.3826638477801207
2015-01-29,sz.000056,14.3500,14.3500,14.1400,14.3400,14.6700,3948786,56337717.0000,3,2.760316,1,-2.249500,1.829283,-14.517036,42.000907,655.428131,0,-2.249488752556239
2015-01-30,sz.000056,14.3400,14.7900,14.1200,14.6700,14.3400,7519929,108781815.0000,3,5.256648,1,2.301300,1.871380,-14.851110,42.967456,670.511205,0,2.3012552301255207
2015-02-02,sz.000056,14.3200,14.6800,14.1800,14.2500,14.6700,5249045,75526344.0000,3,3.669234,1,-2.863000,1.817802,-14.425925,41.737303,651.314565,0,-2.862985685071573
2015-02-03,sz.000056,14.4500,14.4900,14.0100,14.4500,14.2500,4998410,71213768.0000,3,3.494033,1,1.403500,1.843315,-14.628394,42.323090,660.455822,0,1.403508771929829
2015-02-04,sz.000056,14.3200,14.5400,14.2800,14.3600,14.4500,5039286,72688311.0000,3,3.522607,1,-0.622800,1.831834,-14.537283,42.059486,656.342257,0,-0.622837370242213
2015-02-05,sz.000056,14.5000,14.6000,13.9100,13.9200,14.3600,3021248,42852094.0000,3,2.111940,1,-3.064100,1.775706,-14.091851,40.770755,636.231491,0,-3.064066852367686
2015-02-06,sz.000056,13.8600,14.1800,13.8200,13.9500,13.9200,2248950,31460679.0000,3,1.572081,1,0.215500,1.779533,-14.122222,40.858623,637.602680,0,0.21551724137931494
2015-02-09,sz.000056,13.9500,14.2100,13.9500,14.1500,13.9500,2231915,31597758.0000,3,1.560173,1,1.433700,1.805046,-14.324691,41.444410,646.743937,0,1.433691756272415
2015-02-10,sz.000056,14.1500,14.2800,13.9200,14.1800,14.1500,2136385,30075589.0000,3,1.493395,1,0.212000,1.808873,-14.355061,41.532278,648.115125,0,0.21201413427560656
2015-02-11,sz.000056,14.1900,14.4900,14.1100,14.3300,14.1800,2073399,29658409.0000,3,1.449366,1,1.057800,1.828007,-14.506913,41.971618,654.971068,0,1.0578279266572732
2015-02-12,sz.000056,14.4500,14.4700,14.2200,14.3000,14.3300,1869718,26777549.0000,3,1.306987,1,-0.209300,1.824180,-14.476542,41.883750,653.599880,0,-0.20935101186322358
2015-02-13,sz.000056,14.3500,14.4000,14.3000,14.3200,14.3000,2012522,28883362.0000,3,1.406811,1,0.139900,1.826732,-14.496789,41.942329,654.514005,0,0.13986013986013734
2015-02-16,sz.000056,14.3400,14.5900,14.1600,14.4500,14.3200,2826337,40830767.0000,3,1.975691,1,0.907800,1.843315,-14.628394,42.323090,660.455822,0,0.9078212290502652
2015-02-17,sz.000056,14.4800,14.9500,14.4500,14.8400,14.4500,3847058,56841764.0000,3,2.689205,1,2.699000,1.893066,-15.023209,43.465374,678.281274,0,2.69896193771626
2015-02-25,sz.000056,14.9500,14.9700,14.6800,14.7200,14.8400,2169313,32078622.0000,3,1.516413,1,-0.808600,1.877758,-14.901728,43.113902,672.796519,0,-0.8086253369272156
2015-02-26,sz.000056,14.7000,14.8400,14.6300,14.7400,14.7200,1741873,25609354.0000,3,1.217620,1,0.135900,1.880309,-14.921975,43.172481,673.710645,0,0.13586956521738358
2015-02-27,sz.000056,14.7900,15.3500,14.7900,15.3400,14.7400,6199053,93766941.0000,3,4.333318,1,4.070600,1.956848,-15.529382,44.929841,701.134416,0,4.070556309362283
2015-03-02,sz.000056,15.3700,15.9000,15.1700,15.7600,15.3400,7570968,117958801.0000,3,5.292326,1,2.737900,2.010425,-15.954567,46.159993,720.331056,0,2.7379400260756137
2015-03-03,sz.000056,15.6300,16.1300,15.5800,15.7500,15.7600,8005204,127559824.0000,3,5.595869,1,-0.063500,2.009150,-15.944444,46.130704,719.873993,0,-0.06345177664974777
2015-03-04,sz.000056,15.7500,16.2600,15.7000,16.1600,15.7500,5485174,87930222.0000,3,3.834295,1,2.603200,2.061452,-16.359505,47.331567,738.613570,0,2.6031746031746072
2015-03-05,sz.000056,16.1800,17.7800,16.0800,17.4100,16.1600,11612381,198392934.0000,3,8.117391,1,7.735100,2.220908,-17.624937,50.992734,795.746427,0,7.7351485148514865
2015-03-06,sz.000056,17.2000,17.7000,17.0100,17.0600,17.4100,6075580,105354816.0000,3,4.247006,1,-2.010300,2.176260,-17.270616,49.967607,779.749227,0,-2.010338885697882
2015-03-09,sz.000056,17.1000,17.1900,16.5900,17.0000,17.0600,5809628,98029791.0000,3,4.061098,1,-0.351700,2.168606,-17.209876,49.791871,777.006850,0,-0.3516998827666984
2015-03-10,sz.000056,17.1600,17.6500,16.8000,16.9900,17.0000,4323015,74166883.0000,3,3.021913,1,-0.058800,2.167331,-17.199752,49.762581,776.549787,0,-0.05882352941177782
2015-03-11,sz.000056,16.8100,17.6000,16.6500,16.9000,16.9900,4612234,79224915.0000,3,3.224085,1,-0.529700,2.155850,-17.108641,49.498977,772.436221,0,-0.5297233666862855
2015-03-12,sz.000056,16.8900,17.2300,16.3200,16.4600,16.9000,4151238,69364489.0000,3,2.901836,1,-2.603600,2.099721,-16.663209,48.210247,752.325456,0,-2.6035502958579704
2015-03-13,sz.000056,16.5000,16.9300,16.4400,16.6900,16.4600,4575654,76667448.0000,3,3.198515,1,1.397300,2.129061,-16.896049,48.883901,762.837901,0,1.39732685297691
2015-03-16,sz.000056,16.6900,17.0500,16.5900,16.8900,16.6900,6388955,107202240.0000,3,4.466065,1,1.198300,2.154574,-17.098518,49.469688,771.979158,0,1.1983223487118
2015-03-17,sz.000056,16.8800,17.5800,16.7100,17.3400,16.8900,8552264,147690409.0000,3,5.978280,1,2.664300,2.211978,-17.554073,50.787708,792.546987,0,2.6642984014209503
2015-03-18,sz.000056,17.3600,18.1600,17.2500,17.8600,17.3400,7092667,126074675.0000,3,4.957980,1,2.998800,2.278312,-18.080493,52.310754,816.314255,0,2.998846597462501
2015-03-19,sz.000056,17.8600,17.9800,17.6000,17.8700,17.8600,4731481,84170191.0000,3,3.307442,1,0.056000,2.279588,-18.090616,52.340043,816.771318,0,0.05599104143338973
2015-03-20,sz.000056,17.8000,18.3700,17.5500,17.8900,17.8700,5021166,90020346.0000,3,3.509940,1,0.111900,2.282139,-18.110863,52.398622,817.685444,0,0.11191941801902416
2015-03-23,sz.000056,17.8900,18.3400,17.4000,18.2400,17.8900,7522723,134910889.0000,3,5.258601,1,1.956400,2.326787,-18.465184,53.423748,833.682644,0,1.9564002235885836
2015-03-24,sz.000056,18.2200,19.5900,17.3500,19.4600,18.2400,11080226,203555233.0000,3,7.745399,1,6.688600,2.482416,-19.700246,56.997047,889.444312,0,6.688596491228083
2015-03-25,sz.000056,19.2000,20.5600,19.1000,20.0600,19.4600,10647860,213752387.0000,3,7.443162,1,3.083200,2.558955,-20.307653,58.754408,916.868083,0,3.083247687564228
2015-03-26,sz.000056,20.1000,21.1800,19.6300,19.9400,20.0600,8515633,175225467.0000,3,5.952674,1,-0.598200,2.543647,-20.186172,58.402935,911.383328,0,-0.598205383848438
2015-03-27,sz.000056,19.9400,20.0100,19.1000,20.0000,19.9400,7240754,141151305.0000,3,5.061497,1,0.300900,2.551301,-20.246913,58.578671,914.125706,0,0.30090270812437314
2015-03-30,sz.000056,20.0300,21.1500,19.2900,20.5600,20.0000,8779463,176696579.0000,3,6.137099,1,2.800000,2.622738,-20.813826,60.218874,939.721225,0,2.8000000000000025
2015-03-31,sz.000056,20.2700,21.0000,19.6700,19.7500,20.5600,6769203,137266196.0000,3,4.731869,1,-3.939700,2.752918,-15.625111,52.915170,645.686265,0,-3.9396887159533045
2015-04-01,sz.000056,19.8900,20.2800,19.8000,19.9300,19.7500,4277804,85339646.0000,3,2.990309,1,0.911400,2.778008,-15.767517,53.397435,651.571000,0,0.9113924050632827
2015-04-02,sz.000056,19.9400,20.0000,19.0800,19.5900,19.9300,8423638,164111094.0000,3,5.888367,1,-1.706000,2.730616,-15.498528,52.486491,640.455388,0,-1.705970898143505
2015-04-03,sz.000056,19.4100,20.9000,19.2700,20.8300,19.5900,9444440,189076777.0000,3,6.601937,1,6.329800,2.903458,-16.479547,55.808760,680.994678,0,6.329760081674318
2015-04-07,sz.000056,20.6600,22.9100,20.6600,22.9100,20.8300,15056464,338164592.0000,3,10.524904,1,9.985600,3.193385,-18.125129,61.381598,748.996067,0,9.98559769563132
2015-04-08,sz.000056,23.2500,23.7500,21.9900,23.7400,22.9100,10510073,242636695.0000,3,7.346845,1,3.622900,3.309078,-18.781779,63.605375,776.131236,0,3.622872108249675
2015-04-09,sz.000056,23.6800,23.6800,21.9000,23.2800,23.7400,6129296,140730272.0000,3,4.284555,1,-1.937700,3.244959,-18.417852,62.372920,761.092468,0,-1.9376579612468303
2015-04-10,sz.000056,23.1700,25.6100,22.8000,24.2000,23.2800,5824864,140597147.0000,3,4.071749,1,3.951900,3.373196,-19.145706,64.837829,791.170005,0,3.951890034364247
2015-04-13,sz.000056,24.0000,25.4000,23.5800,23.6700,24.2000,6153214,147578121.0000,3,4.301275,1,-2.190100,3.299320,-18.726399,63.417827,773.842728,0,-2.1900826446280885
2015-04-14,sz.000056,23.6000,23.6000,22.5000,22.6500,23.6700,8044828,184432982.0000,3,5.623568,1,-4.309300,3.157144,-17.919431,60.684993,740.495893,0,-4.309252217997484
2015-04-15,sz.000056,22.6600,23.2300,22.0200,22.2100,22.6500,6953777,157747223.0000,3,4.860891,1,-1.942600,3.095814,-17.571327,59.506123,726.110984,0,-1.9426048565121312
2015-04-16,sz.000056,22.1500,22.9900,21.5000,22.7600,22.2100,6251648,140487636.0000,3,4.370083,1,2.476400,3.172477,-18.006457,60.979710,744.092121,0,2.476361999099508
2015-04-17,sz.000056,22.8000,24.0900,22.8000,23.2100,22.7600,6359355,149515759.0000,3,4.445373,1,1.977100,3.235202,-18.362472,62.185372,758.803960,0,1.9771528998242527
2015-04-20,sz.000056,23.2600,23.4500,21.5000,21.9600,23.2100,5706137,128848116.0000,3,3.988755,1,-5.385600,3.060967,-17.373541,58.836311,717.937740,0,-5.385609651012491
2015-04-21,sz.000056,21.6800,22.8300,21.6800,22.4300,21.9600,4402154,98302598.0000,3,3.077233,1,2.140300,3.126479,-17.745379,60.095558,733.303439,0,2.1402550091074612
2015-04-22,sz.000056,22.8000,22.9000,22.1500,22.7000,22.4300,5399070,121799088.0000,3,3.774106,1,1.203700,3.164114,-17.958988,60.818955,742.130542,0,1.2037449843959047
2015-04-23,sz.000056,22.5000,22.8000,22.1000,22.2900,22.7000,5151590,114911588.0000,3,3.601111,1,-1.806200,3.106965,-17.634619,59.720463,728.726422,0,-1.8061674008810535
2015-04-24,sz.000056,22.2300,22.2300,21.5500,21.9000,22.2900,3874349,84906728.0000,3,2.708282,1,-1.749700,3.052603,-17.326072,58.675556,715.976162,0,-1.74966352624496
2015-04-27,sz.000056,22.1000,22.8900,21.9200,22.2500,21.9000,5781134,129458829.0000,3,4.041180,1,1.598200,3.101389,-17.602973,59.613293,727.418703,0,1.598173515981749
2015-04-28,sz.000056,22.3100,22.5000,21.5200,21.6400,22.2500,4231997,92779023.0000,3,2.958288,1,-2.741600,3.007483,-19.704366,32.392140,-4.794351,0,-2.741573033707867
2015-04-29,sz.000056,21.6400,22.4000,21.5000,21.7900,21.6400,4546256,99923436.0000,3,3.177965,1,0.693200,3.028330,-19.840949,32.616670,-4.827584,0,0.6931608133086797
2015-04-30,sz.000056,22.0100,22.4200,21.6600,22.1800,21.7900,5477301,120199580.0000,3,3.828792,1,1.789800,3.082531,-20.196065,33.200447,-4.913989,0,1.7898118402937202
2015-05-04,sz.000056,22.3000,23.7300,22.2900,23.6300,22.1800,7704149,176046569.0000,3,5.385423,1,6.537400,3.284049,-21.516367,35.370900,-5.235237,0,6.537421100090168
2015-05-05,sz.000056,23.4000,23.4700,22.0300,22.2800,23.6300,5032784,114959522.0000,3,3.518062,1,-5.713100,3.096429,-20.287120,33.350134,-4.936144,0,-5.713076597545486
2015-05-06,sz.000056,22.2900,22.6700,20.7000,20.9700,22.2800,4126240,89846739.0000,3,2.884361,1,-5.879700,2.914368,-19.094296,31.389241,-4.645913,0,-5.8797127468581785
2015-05-07,sz.000056,20.9000,20.9000,19.5000,19.5800,20.9700,4211951,84558259.0000,3,2.944276,1,-6.628500,2.721188,-17.828627,29.308600,-4.337957,0,-6.628516928946116
2015-05-08,sz.000056,19.6700,20.4800,19.6700,20.3200,19.5800,4983145,100294075.0000,3,3.483363,1,3.779400,2.824032,-18.502436,30.416280,-4.501905,0,3.7793667007150367
2015-05-11,sz.000056,20.6800,21.5000,20.3600,21.2400,20.3200,6116683,129099629.0000,3,4.275739,1,4.527600,2.951892,-19.340145,31.793395,-4.705731,0,4.527559055118102
2015-05-12,sz.000056,21.3000,21.9800,20.9000,21.2100,21.2400,3956491,84245449.0000,3,2.765702,1,-0.141200,2.947722,-19.312828,31.748489,-4.699085,0,-0.14124293785309217
2015-05-13,sz.000056,21.2300,22.3000,20.7400,22.0800,21.2100,6782622,145286890.0000,3,4.741249,1,4.101800,3.068633,-20.105010,33.050761,-4.891834,0,4.101838755304099
2015-05-14,sz.000056,22.0000,23.8700,21.9000,22.7000,22.0800,11730493,268933312.0000,3,8.199954,1,2.808000,3.154800,-20.669552,33.978816,-5.029195,0,2.8079710144927494
2015-05-15,sz.000056,22.5000,22.7900,21.8500,22.4400,22.7000,6854110,152165688.0000,3,4.791221,1,-1.145400,3.118665,-20.432809,33.589632,-4.971592,0,-1.1453744493391982
2015-05-18,sz.000056,22.3200,23.2800,21.7800,22.8000,22.4400,6674542,150035368.0000,3,4.665698,1,1.604300,3.168697,-20.760608,34.128503,-5.051350,0,1.6042780748663166
2015-05-19,sz.000056,22.8500,25.0400,22.8200,24.7000,22.8000,10638199,254240081.0000,3,7.436409,1,8.333300,3.432756,-22.490658,36.972545,-5.472296,0,8.333333333333325
2015-05-20,sz.000056,24.9000,26.9300,24.9000,26.1200,24.7000,9327040,246017311.0000,3,6.519871,1,5.749000,3.630104,-23.783644,39.098092,-5.786897,0,5.74898785425102
2015-05-21,sz.000056,26.4200,27.3100,25.8800,26.6300,26.1200,8745322,232007203.0000,3,6.113233,1,1.952500,3.700983,-24.248026,39.861493,-5.899888,0,1.952526799387444
2015-05-22,sz.000056,26.5000,26.9800,25.9500,26.2100,26.6300,6499811,171203264.0000,3,4.543556,1,-1.577200,3.642612,-23.865593,39.232810,-5.806837,0,-1.5771686068343893
2015-05-25,sz.000056,25.9800,28.5500,25.0100,28.5300,26.2100,13704025,370972400.0000,3,9.579510,1,8.851600,3.965041,-25.978076,42.705535,-6.320834,0,8.851583365127812
2015-05-26,sz.000056,28.5000,31.0800,28.1000,30.7800,28.5300,10723300,319865072.0000,3,7.495897,1,7.886400,4.277741,-28.026820,46.073479,-6.819322,0,7.886435331230279
2015-05-27,sz.000056,30.7800,31.8800,29.1800,31.0000,30.7800,7206364,220355029.0000,3,5.037457,1,0.714700,4.308317,-28.227142,46.402789,-6.868063,0,0.7147498375568606
2015-05-28,sz.000056,30.4500,32.9900,27.9100,29.0000,31.0000,11454318,355045472.0000,3,8.006900,1,-6.451600,4.030361,-26.406036,43.409061,-6.424963,0,-6.451612903225811
2015-05-29,sz.000056,28.5000,31.8000,27.0000,31.8000,29.0000,8975647,269013680.0000,3,6.274237,1,9.655200,4.419499,-28.955584,47.600280,-7.045304,0,9.6551724137931
2015-06-01,sz.000056,33.5000,34.9800,32.8000,34.9800,31.8000,3993504,138107054.0000,3,2.791575,1,10.000000,4.861449,-31.851143,52.360308,-7.749834,0,9.999999999999986
2015-06-02,sz.000056,37.0000,37.5500,35.6000,37.3000,34.9800,11684990,429559952.0000,3,8.168146,1,6.632400,5.183878,-33.963626,55.833033,-8.263831,0,6.632361349342486
2015-06-03,sz.000056,37.6700,37.9200,35.4000,37.3200,37.3000,7140999,261681324.0000,3,4.991765,1,0.053600,5.186657,-33.981837,55.862971,-8.268262,0,0.05361930294907058
2015-06-04,sz.000056,38.2000,41.0500,36.0500,40.4800,37.3200,14912150,585029696.0000,3,10.424025,1,8.467300,5.625828,-36.859184,60.593061,-8.968362,0,8.467309753483377
2015-06-05,sz.000056,40.6600,41.9800,39.0000,39.7000,40.4800,10911632,436109936.0000,3,7.627547,1,-1.926900,5.517425,-36.148953,59.425507,-8.795552,0,-1.9268774703557146
2015-06-08,sz.000056,39.7000,40.0000,35.9000,37.6000,39.7000,10943958,410671936.0000,3,7.650144,1,-5.289700,5.225571,-34.236792,56.282092,-8.330296,0,-5.289672544080604
2015-06-09,sz.000056,37.6000,37.7000,35.9400,37.0000,37.6000,6037562,221249156.0000,3,4.220431,1,-1.595700,5.142184,-33.690460,55.383974,-8.197366,0,-1.5957446808510634
2015-06-10,sz.000056,36.6500,39.3100,36.1200,38.3800,37.0000,7847665,296880256.0000,3,5.485745,1,3.729700,5.333974,-34.947023,57.449647,-8.503106,0,3.729729729729736
2015-06-11,sz.000056,38.6000,39.3000,37.8000,38.9900,38.3800,5449499,210501830.0000,3,3.809358,1,1.589400,5.418751,-35.502460,58.362734,-8.638251,0,1.5893694632621136
2015-06-12,sz.000056,39.0200,42.6000,39.0200,42.0100,38.9900,10445874,432284368.0000,3,7.301968,1,7.745600,5.838464,-38.252330,62.883263,-9.307334,0,7.74557578866375
2015-06-15,sz.000056,42.9500,46.2100,42.0500,43.4200,42.0100,11786479,525095808.0000,3,8.239090,1,3.356300,6.034423,-39.536210,64.993842,-9.619720,0,3.356343727683897
2015-06-16,sz.000056,43.4200,45.4800,40.0100,43.4000,43.4200,9398839,397651584.0000,3,6.570061,1,-0.046100,6.031643,-39.517999,64.963905,-9.615289,0,-0.04606172270843478
2015-06-17,sz.000056,43.2800,45.5800,40.5000,44.2200,43.4000,10216470,439322240.0000,3,7.141608,1,1.889400,6.145605,-40.264652,66.191333,-9.796960,0,1.8894009216589902
2015-06-18,sz.000056,44.0900,46.6000,42.8600,43.4300,44.2200,7962981,357124464.0000,3,5.566354,1,-1.786500,6.035813,-39.545315,65.008811,-9.621935,0,-1.7865219357756645
2015-06-19,sz.000056,42.0000,43.4000,39.0900,39.3000,43.4300,6884776,282993232.0000,3,4.812658,1,-9.509600,5.461834,-35.784732,58.826762,-8.706932,0,-9.509555606723474
2015-06-23,sz.000056,38.9000,40.5000,35.3700,39.3500,39.3000,7754090,291037760.0000,3,5.420333,1,0.127200,5.468783,-35.830259,58.901605,-8.718010,0,0.12722646310434627
2015-06-24,sz.000056,39.3500,41.1900,38.0000,39.6100,39.3500,5401566,214125860.0000,3,3.775851,1,0.660700,5.504917,-36.067003,59.290789,-8.775613,0,0.6607369758576898
2015-06-25,sz.000056,40.6400,40.6400,35.7000,36.3900,39.6100,4820694,186270385.0000,3,3.369805,1,-8.129300,5.057408,-33.135023,54.470887,-8.062220,0,-8.129260287806106
2015-06-26,sz.000056,35.2800,35.2800,32.7500,32.7500,36.3900,5498981,183430788.0000,3,3.843947,1,-10.002700,4.551528,-29.820610,49.022301,-7.255777,0,-10.002748007694418
2015-06-29,sz.000056,33.2000,34.5000,29.4800,29.4800,32.7500,11001655,332244624.0000,3,7.690475,1,-9.984700,4.097070,-26.843102,44.127555,-6.531307,0,-9.984732824427478
2015-06-30,sz.000056,27.4500,30.8600,26.5300,29.8400,29.4800,7811440,223332962.0000,3,5.460423,1,1.221200,4.147102,-27.170901,44.666427,-6.611065,0,1.2211668928086894
2015-07-01,sz.000056,29.7500,30.8000,26.8600,26.8600,29.8400,10411896,298492224.0000,3,7.278217,1,-9.986600,3.732948,-24.457453,40.205771,-5.950845,0,-9.986595174262735
2015-07-02,sz.000056,24.3500,26.4000,24.1700,24.1700,26.8600,12643907,309084080.0000,3,8.838457,1,-10.014900,3.359097,-22.008065,36.179207,-5.354874,0,-10.014892032762468
2015-07-03,sz.000056,21.8000,24.6000,21.7500,22.4000,24.1700,10428890,233382201.0000,3,7.290096,1,-7.323100,3.113106,-20.396386,33.529757,-4.962730,0,-7.3231278444352625
2015-07-06,sz.000056,24.5900,24.5900,20.1600,20.1600,22.4000,9320581,199854896.0000,3,6.515356,1,-10.000000,2.801796,-18.356748,30.176782,-4.466457,0,-9.999999999999998
2015-07-07,sz.000056,18.1400,18.1400,18.1400,18.1400,20.1600,1965400,35652356.0000,3,1.373872,1,-10.019800,2.521060,-16.517431,27.153116,-4.018925,0,-10.019841269841267
2015-07-08,sz.000056,18.1400,18.1400,18.1400,18.1400,18.1400,0,0.0000,3,,0,0.000000,2.521060,-16.517431,27.153116,-4.018925,0,0.0
2015-07-09,sz.000056,18.1400,18.1400,18.1400,18.1400,18.1400,0,0.0000,3,,0,0.000000,2.521060,-16.517431,27.153116,-4.018925,0,0.0
2015-07-10,sz.000056,18.1400,18.1400,18.1400,18.1400,18.1400,0,0.0000,3,,0,0.000000,2.521060,-16.517431,27.153116,-4.018925,0,0.0
2015-07-13,sz.000056,18.1400,18.1400,18.1400,18.1400,18.1400,0,0.0000,3,,0,0.000000,2.521060,-16.517431,27.153116,-4.018925,0,0.0
2015-07-14,sz.000056,19.9500,19.9500,19.9500,19.9500,18.1400,1554250,31007287.0000,3,1.086466,1,9.978000,2.772610,-18.165532,29.862440,-4.419931,0,9.977949283351695
2015-07-15,sz.000056,21.9500,21.9500,20.0000,20.9800,19.9500,21877132,467030496.0000,3,15.292749,1,5.162900,2.915758,-19.103401,31.404210,-4.648128,0,5.162907268170436
2015-07-16,sz.000056,19.8600,22.4900,19.0000,22.3900,20.9800,12172668,257448644.0000,3,8.509047,1,6.720700,3.111716,-20.387281,33.514789,-4.960514,0,6.720686367969497
2015-07-17,sz.000056,22.6500,24.6300,22.0800,24.6300,22.3900,11588194,278947520.0000,3,8.100483,1,10.004500,3.423027,-22.426920,36.867764,-5.456787,0,10.004466279589085
2015-07-20,sz.000056,24.6400,27.0900,24.6400,27.0900,24.6300,13173068,351735152.0000,3,9.208356,1,9.987800,3.764913,-24.666880,40.550050,-6.001801,0,9.987819732034108
2015-07-21,sz.000056,27.0900,29.7000,26.8700,27.8000,27.0900,13541176,380073440.0000,3,9.465674,1,2.620900,3.863587,-25.313373,41.612824,-6.159102,0,2.6208933185677408
2015-07-22,sz.000056,27.5000,28.4900,26.4000,28.2900,27.8000,9707142,265154187.0000,3,6.785573,1,1.762600,3.931686,-25.759543,42.346287,-6.267662,0,1.7625899280575563
2015-07-23,sz.000056,28.2600,29.0100,27.4500,28.7000,28.2900,9799383,278515360.0000,3,6.850052,1,1.449300,3.988667,-26.132870,42.960001,-6.358497,0,1.449275362318847
2015-07-24,sz.000056,28.7200,30.1500,27.0000,27.8800,28.7000,8777721,255783491.0000,3,6.135881,1,-2.857100,3.874705,-25.386217,41.732573,-6.176826,0,-2.857142857142858
2015-07-27,sz.000056,27.0100,28.5000,25.0900,25.0900,27.8800,6250881,166571667.0000,3,4.369547,1,-10.007200,3.486957,-22.845774,37.556322,-5.558700,0,-10.007173601147779
2015-07-28,sz.000056,22.6800,25.1000,22.5800,22.8000,25.0900,10189287,236393668.0000,3,7.122607,1,-9.127100,3.168697,-20.760608,34.128503,-5.051350,0,-9.127142287764045
2015-07-29,sz.000056,23.0000,24.5000,21.0000,23.9300,22.8000,6844920,158348236.0000,3,4.784797,1,4.956100,3.325742,-21.789533,35.819959,-5.301702,0,4.956140350877192
2015-07-30,sz.000056,23.5000,24.6800,22.4500,22.9000,23.9300,5955701,143172517.0000,3,4.163207,1,-4.304200,3.182595,-20.851663,34.278189,-5.073505,0,-4.304220643543677
2015-07-31,sz.000056,22.5000,23.2000,20.9100,21.3900,22.9000,5100994,112636064.0000,3,3.565743,1,-6.593900,2.972738,-19.476728,32.017924,-4.738964,0,-6.593886462882093
2015-08-03,sz.000056,21.4600,21.5200,19.2500,19.2500,21.3900,7477258,150590597.0000,3,5.226820,1,-10.004700,2.675326,-17.528145,28.814635,-4.264846,0,-10.004675081813929
2015-08-04,sz.000056,19.5000,21.1800,19.2800,21.1800,19.2500,6177888,124565184.0000,3,4.318523,1,10.026000,2.943553,-19.285512,31.703583,-4.692438,0,10.025974025974026
2015-08-05,sz.000056,21.1900,22.5900,21.0000,21.7900,21.1800,6882196,150012153.0000,3,4.810854,1,2.880100,3.028330,-19.840949,32.616670,-4.827584,0,2.880075542965055
2015-08-06,sz.000056,21.1100,23.3000,19.8600,22.4300,21.7900,5807177,130125945.0000,3,4.059385,1,2.937100,3.117276,-20.423703,33.574663,-4.969376,0,2.9371271225332674
2015-08-07,sz.000056,23.3100,24.4000,23.3100,24.1500,22.4300,5629581,133673295.0000,3,3.935240,1,7.668300,3.356318,-21.989854,36.149270,-5.350443,0,7.668301382077569
2015-08-10,sz.000056,24.0000,26.1400,24.0000,25.6500,24.1500,6411801,162174378.0000,3,4.482035,1,6.211200,3.564785,-23.355684,38.394566,-5.682769,0,6.211180124223592
2015-08-11,sz.000056,25.6500,26.9600,25.0000,26.2100,25.6500,6234491,160712264.0000,3,4.358090,1,2.183200,3.642612,-23.865593,39.232810,-5.806837,0,2.183235867446398
2015-08-12,sz.000056,25.7800,26.3200,23.5900,23.5900,26.2100,11162879,274793152.0000,3,7.803176,1,-9.996200,3.278490,-21.479945,35.311026,-5.226375,0,-9.996184662342621
2015-08-13,sz.000056,23.0000,24.8700,22.0000,24.6700,23.5900,9320217,217016607.0000,3,6.515102,1,4.578200,3.428586,-22.463342,36.927639,-5.465649,0,4.57821110640102
2015-08-14,sz.000056,24.4900,25.2000,24.0200,24.8000,24.6700,8180382,201709485.0000,3,5.718324,1,0.527000,3.446653,-22.581714,37.122231,-5.494451,0,0.5269558167815047
2015-08-17,sz.000056,24.8000,26.2800,24.0000,25.7200,24.8000,7825723,196714976.0000,3,5.470407,1,3.709700,3.574513,-23.419422,38.499346,-5.698277,0,3.70967741935484
2015-08-18,sz.000056,25.8600,26.9200,23.1500,23.1500,25.7200,11280879,287367648.0000,3,7.885661,1,-9.992200,3.217340,-21.079301,34.652405,-5.128893,0,-9.992223950233281
2015-08-19,sz.000056,22.5100,25.4700,22.1300,25.4700,23.1500,9827869,235829213.0000,3,6.869965,1,10.021600,3.539769,-23.191784,38.125130,-5.642890,0,10.02159827213822
2015-08-20,sz.000056,25.9900,27.9600,25.7000,26.5100,25.4700,12369593,331494704.0000,3,8.646704,1,4.083200,3.684306,-24.138759,39.681869,-5.873302,0,4.083235178641553
2015-08-21,sz.000056,26.0100,26.2300,23.8600,24.6700,26.5100,9820147,244949133.0000,3,6.864567,1,-6.940800,3.428586,-22.463342,36.927639,-5.465649,0,-6.940777065258397
2015-08-24,sz.000056,23.3300,23.3300,22.2000,22.2000,24.6700,4152514,92698758.0000,3,2.902728,1,-10.012200,3.085311,-20.214276,33.230384,-4.918420,0,-10.012160518848813
2015-08-25,sz.000056,19.9800,20.5000,19.9800,19.9800,22.2000,5730628,114698957.0000,3,4.005875,1,-10.000000,2.776780,-18.192848,29.907346,-4.426578,0,-9.999999999999998
2015-08-26,sz.000056,20.5500,20.9700,17.9800,20.5000,19.9800,11894727,236169323.0000,3,8.314759,1,2.602600,2.845620,-23.606473,23.422135,1470.340595,0,2.6026026026026106
2015-08-27,sz.000056,20.8000,21.6500,19.5100,21.1700,20.5000,6695293,139552277.0000,3,4.680204,1,3.268300,2.938623,-24.378002,24.187639,1518.395629,0,3.268292682926832
2015-08-28,sz.000056,21.5000,22.8000,20.7700,22.8000,21.1700,7590563,164017427.0000,3,5.306023,1,7.699600,3.164885,-26.255004,26.049984,1635.305637,0,7.699574870099202
2015-08-31,sz.000056,22.3300,22.7500,21.0300,21.3000,22.8000,4624166,100756139.0000,3,3.232426,1,-6.578900,2.956669,-24.527701,24.336169,1527.719740,0,-6.578947368421051
2015-09-01,sz.000056,20.0000,21.2400,19.1700,21.1100,21.3000,5153247,101923790.0000,3,3.602269,1,-0.892000,2.930295,-24.308910,24.119086,1514.092193,0,-0.8920187793427292
2015-09-02,sz.000056,19.2100,21.2100,19.1000,20.8500,21.1100,6521302,133839665.0000,3,4.558579,1,-1.231600,2.894204,-24.009510,23.822025,1495.443971,0,-1.2316437707247663
2015-09-07,sz.000056,20.5900,22.9400,20.5900,22.9400,20.8500,6884800,153724552.0000,3,4.812675,1,10.024000,3.184318,-26.416219,26.209940,1645.346988,0,10.023980815347722
2015-09-08,sz.000056,23.8400,24.5000,23.0000,24.4000,22.9400,7331049,174654552.0000,3,5.124616,1,6.364400,7.332703,-60.830065,60.355055,3788.830040,0,6.3644289450740965
2015-09-09,sz.000056,23.9100,25.9800,23.9000,25.6700,24.4000,8320203,209377338.0000,3,5.816063,1,5.204900,7.714364,-63.996220,63.496486,3986.035538,0,5.204918032786909
2015-09-10,sz.000056,25.0000,25.2800,23.9600,24.4600,25.6700,7405854,182694818.0000,3,5.176906,1,-4.713700,7.350734,-60.979647,60.503469,3798.146835,0,-4.713673548889763
2015-09-11,sz.000056,24.0000,25.1400,23.7800,25.0000,24.4600,7458666,182519276.0000,3,5.213824,1,2.207700,7.513016,-62.325886,61.839195,3881.997992,0,2.2076860179885527
2015-09-14,sz.000056,24.8900,24.8900,22.5000,23.1800,25.0000,5614920,131225526.0000,3,3.924992,1,-7.280000,6.966068,-57.788562,57.337302,3599.388538,0,-7.279999999999998
2015-09-15,sz.000056,21.8900,22.8000,20.8600,20.8600,23.1800,3807366,82613529.0000,3,2.661459,1,-10.008600,6.268860,-52.004720,51.598625,3239.139124,0,-10.008628127696294
2015-09-16,sz.000056,21.0200,22.9400,20.6100,22.9000,20.8600,5647775,122231297.0000,3,3.947958,1,9.779500,6.881922,-57.090512,56.644703,3555.910161,0,9.77948226270373
2015-09-17,sz.000056,22.6900,24.9000,22.0800,23.3400,22.9000,9911052,235704727.0000,3,6.928112,1,1.921400,7.014151,-58.187448,57.733073,3624.233325,0,1.9213973799126594
2015-09-18,sz.000056,22.9000,25.1900,22.7000,25.0000,23.3400,6881369,166261940.0000,3,4.810276,1,7.112300,7.513016,-62.325886,61.839195,3881.997992,0,7.112253641816624
2015-09-21,sz.000056,24.3000,25.9600,24.0300,24.7500,25.0000,7533796,187080162.0000,3,5.266342,1,-1.000000,7.437885,-61.702628,61.220804,3843.178012,0,-1.0000000000000009
2015-09-22,sz.000056,24.6300,25.5800,24.2100,24.6500,24.7500,7401356,183538560.0000,3,5.173762,1,-0.404000,7.407833,-61.453324,60.973447,3827.650020,0,-0.40404040404040664
2015-09-23,sz.000056,24.1000,24.2000,23.0900,23.3500,24.6500,4844974,114422995.0000,3,3.386777,1,-5.273800,7.017156,-58.212378,57.757809,3625.786124,0,-5.273833671399586
2015-09-24,sz.000056,23.8000,24.2500,23.3800,23.7700,23.3500,3404084,81080767.0000,3,2.379553,1,1.798700,7.143375,-59.259453,58.796707,3691.003691,0,1.7987152034261156
2015-09-25,sz.000056,23.7800,24.0000,22.6800,22.9800,23.7700,3230598,74725941.0000,3,2.258282,1,-3.323500,6.905964,-57.289955,56.842588,3568.332554,0,-3.323517038283552
2015-09-28,sz.000056,22.4900,23.8900,22.4900,23.1800,22.9800,3815756,89028609.0000,3,2.667324,1,0.870300,6.966068,-57.788562,57.337302,3599.388538,0,0.870322019147074
2015-09-29,sz.000056,22.7000,23.9000,22.5400,23.5700,23.1800,3284096,77354269.0000,3,2.295678,1,1.682500,7.083271,-58.760846,58.301994,3659.947707,0,1.6824849007765375
2015-09-30,sz.000056,23.5100,23.8000,22.8100,23.2000,23.5700,2693030,62630276.0000,3,1.882506,1,-1.569800,6.972078,-57.838423,57.386773,3602.494137,0,-1.5697921086126443
2015-10-08,sz.000056,23.9700,24.3000,23.4100,23.9400,23.2000,3759396,89869684.0000,3,2.627927,1,3.189700,7.194464,-59.683269,59.217214,3717.401277,0,3.189655172413808
2015-10-09,sz.000056,23.7000,24.3000,23.7000,24.1900,23.9400,3695644,89028946.0000,3,2.583362,1,1.044300,7.269594,-60.306528,59.835606,3756.221257,0,1.0442773600668254
2015-10-12,sz.000056,24.1700,25.6000,24.1000,25.2700,24.1900,6085255,152691042.0000,3,4.253769,1,4.464700,7.594156,-62.999006,62.507059,3923.923570,0,4.4646548160396815
2015-10-13,sz.000056,25.0700,25.9000,24.7100,25.9000,25.2700,5988373,151807043.0000,3,4.186046,1,2.493100,7.783484,-64.569618,64.065407,4021.749920,0,2.4930747922437657
2015-10-14,sz.000056,25.9200,26.2000,25.1100,25.2000,25.9000,3149645,80186610.0000,3,2.201693,1,-2.702700,7.573120,-62.824494,62.333909,3913.053976,0,-2.7027027027026973
2015-10-15,sz.000056,24.6500,25.8300,24.5600,25.6300,25.2000,3928992,99260557.0000,3,2.746479,1,1.706300,7.702343,-63.896499,63.397543,3979.824341,0,1.7063492063492003
2015-10-16,sz.000056,25.6900,26.8000,25.5000,25.7700,25.6300,6004857,156763398.0000,3,4.197569,1,0.546200,7.744416,-64.245524,63.743843,4001.563530,0,0.5462348809988304
2015-10-19,sz.000056,25.8200,26.2000,25.5100,26.2000,25.7700,5101157,131839960.0000,3,3.565856,1,1.668600,7.873640,-65.317529,64.807477,4068.333896,0,1.668606907256498
2015-10-20,sz.000056,26.5600,28.3800,26.5600,28.0200,26.2000,9558450,264312376.0000,3,6.681633,1,6.946600,8.420588,-69.854854,69.309370,4350.943349,0,6.946564885496187
2015-10-21,sz.000056,27.6500,27.8600,25.2200,25.2200,28.0200,8986611,237843632.0000,3,6.281901,1,-9.992900,2.902302,-338.627869,67.969456,210.907706,0,-9.992862241256251
2015-10-22,sz.000056,25.2600,25.7900,24.2300,25.5600,25.2200,6651058,167232703.0000,3,4.649282,1,1.348100,2.941429,-343.193035,68.885777,213.751029,0,1.3481363996827866
2015-10-23,sz.000056,25.7700,25.9800,25.1000,25.6800,25.5600,4778101,121699203.0000,3,3.340031,1,0.469500,2.955239,-344.804270,69.209184,214.754555,0,0.46948356807512415
2015-10-26,sz.000056,25.9900,26.5000,25.4900,26.0000,25.6800,4524963,117584854.0000,3,3.163080,1,1.246100,2.992064,-349.100896,70.071604,217.430625,0,1.2461059190031154
2015-10-27,sz.000056,25.7500,25.8400,23.8700,25.5300,26.0000,3905823,97671997.0000,3,2.730283,1,-1.807700,2.937977,-342.790226,68.804925,213.500148,0,-1.807692307692299
2015-10-28,sz.000056,25.1000,25.4000,23.8900,24.1000,25.5300,4744338,117099684.0000,3,3.316430,1,-5.601300,2.773413,-323.589677,64.950987,201.541464,0,-5.60125342734038
2015-10-29,sz.000056,24.2000,25.3800,24.2000,24.7900,24.1000,3419720,85120308.0000,3,2.390483,1,2.863100,2.852818,-332.854278,66.810579,207.311738,0,2.863070539419077
2015-10-30,sz.000056,25.1400,25.1400,23.9900,24.5900,24.7900,2428929,59651244.0000,3,1.697892,1,-0.806800,2.829802,-330.168886,66.271567,205.639195,0,-0.8067769261799085
2015-11-02,sz.000056,24.0000,24.4900,23.8800,24.0500,24.5900,3152890,75995675.0000,3,2.203961,1,-2.196000,2.767659,-322.918329,64.816233,201.123328,0,-2.196014640097599
2015-11-03,sz.000056,24.1100,24.8800,24.1000,24.5400,24.0500,2461703,60511256.0000,3,1.720802,1,2.037400,2.824048,-329.497538,66.136814,205.221059,0,2.037422037422032
2015-11-04,sz.000056,24.6000,25.5000,24.6000,25.3600,24.5400,4106640,103167872.0000,3,2.870660,1,3.341500,2.918413,-340.507643,68.346764,212.078486,0,3.341483292583547
2015-11-05,sz.000056,25.5000,25.6600,24.7500,24.9800,25.3600,4003580,100468217.0000,3,2.798618,1,-1.498400,2.874683,-335.405400,67.322641,208.900654,0,-1.4984227129337446
2015-11-06,sz.000056,24.9700,25.6700,24.8000,25.4800,24.9800,4416843,111978192.0000,3,3.087501,1,2.001600,2.932223,-342.118878,68.670172,213.082012,0,2.001601281024823
2015-11-09,sz.000056,25.5000,26.3000,25.4300,25.8500,25.4800,5911199,153701592.0000,3,4.132099,1,1.452100,2.974802,-347.086853,69.667344,216.176217,0,1.4521193092621676
2015-11-10,sz.000056,25.8600,26.4900,25.6000,26.1500,25.8500,4954681,129611044.0000,3,3.463465,1,1.160500,3.009326,-351.114940,70.475863,218.685032,0,1.1605415860734825
2015-11-11,sz.000056,26.1000,28.3000,26.0100,27.4600,26.1500,7269103,198743690.0000,3,5.081313,1,5.009600,3.160080,-368.704254,74.006394,229.640191,0,5.00956022944552
2015-11-12,sz.000056,27.2200,28.3000,27.2200,27.5300,27.4600,6305591,174760356.0000,3,4.407791,1,0.254900,3.168136,-369.644141,74.195048,230.225581,0,0.25491624180626893
2015-11-13,sz.000056,27.6000,28.0800,26.7100,26.8000,27.5300,4476579,122207457.0000,3,3.129258,1,-2.651700,3.084128,-359.842462,72.227653,224.120798,0,-2.6516527424627734
2015-11-16,sz.000056,25.8000,27.1500,25.7200,26.7500,26.8000,3021476,79759148.0000,3,2.112099,1,-0.186600,3.078374,-359.171114,72.092900,223.702662,0,-0.1865671641791078
2015-11-17,sz.000056,27.1000,27.7000,26.6800,26.8600,26.7500,3160188,85699098.0000,3,2.209063,1,0.411200,3.091032,-360.648080,72.389357,224.622561,0,0.41121495327103297
2015-11-18,sz.000056,26.8800,29.4400,26.8700,28.7500,26.8600,13430589,381250176.0000,3,9.388371,1,7.036500,3.308532,-386.025030,77.483023,240.428095,0,7.036485480268051
2015-11-19,sz.000056,28.4000,29.5800,27.8000,29.4600,28.7500,8439849,242634604.0000,3,5.899699,1,2.469600,3.390239,-395.558169,79.396517,246.365623,0,2.4695652173913007
2015-11-20,sz.000056,29.2700,31.6900,28.9200,29.3900,29.4600,11857627,357971136.0000,3,8.288825,1,-0.237600,3.382183,-394.618282,79.207863,245.780233,0,-0.2376103190767198
2015-11-23,sz.000056,29.3900,30.3000,27.7200,27.9600,29.3900,8712940,252397545.0000,3,6.090597,1,-4.865600,3.217620,-375.417733,75.353925,233.821549,0,-4.865600544402859
2015-11-24,sz.000056,27.5100,28.4600,27.4500,28.3600,27.9600,3938771,110646989.0000,3,2.753315,1,1.430600,3.263651,-380.788516,76.431949,237.166635,0,1.4306151645207432
2015-11-25,sz.000056,28.1500,28.4800,27.8100,28.3900,28.3600,4192421,118083407.0000,3,2.930624,1,0.105800,3.267104,-381.191325,76.512801,237.417517,0,0.10578279266573176
2015-11-26,sz.000056,28.5700,28.5800,27.6300,28.0000,28.3900,3984987,111677189.0000,3,2.785621,1,-1.373700,3.222223,-375.954811,75.461727,234.156057,0,-1.3737231419513884
2015-11-27,sz.000056,27.9000,28.4800,26.0300,26.6900,28.0000,5113065,141093400.0000,3,3.574180,1,-4.678600,3.071469,-358.365497,71.931196,223.200899,0,-4.678571428571421
2015-11-30,sz.000056,26.7800,27.7800,25.2900,27.0000,26.6900,4440707,118055649.0000,3,3.104183,1,1.161500,3.107143,-362.527854,72.766665,225.793341,0,1.1614837017609458
2015-12-01,sz.000056,27.0100,28.5000,26.5000,28.0200,27.0000,4237148,116970947.0000,3,2.961889,1,3.777800,3.224524,-376.223351,75.515628,234.323312,0,3.777777777777769
2015-12-02,sz.000056,28.1600,28.3000,26.7000,27.7100,28.0200,3727276,103243926.0000,3,2.605474,1,-1.106400,3.188850,-372.060994,74.680159,231.730870,0,-1.106352605281935
2015-12-03,sz.000056,27.6000,28.8800,27.5000,28.7500,27.7100,4291677,121982121.0000,3,3.000007,1,3.753200,3.308532,-386.025030,77.483023,240.428095,0,3.7531577047997144
2015-12-04,sz.000056,28.2900,29.1200,27.8500,28.9900,28.7500,4468740,127063668.0000,3,3.123779,1,0.834800,3.336151,-389.247499,78.129838,242.435147,0,0.83478260869565
2015-12-07,sz.000056,28.9900,29.1500,28.4000,28.8800,28.9900,3338103,95840688.0000,3,2.333431,1,-0.379400,3.323493,-387.770534,77.833381,241.515248,0,-0.3794411866160696
2015-12-08,sz.000056,28.5000,28.8000,27.4000,27.4500,28.8800,3829442,106390522.0000,3,2.676891,1,-4.951500,3.158929,-368.569985,73.979443,229.556563,0,-4.951523545706371
2015-12-09,sz.000056,27.3100,28.2900,27.2000,27.7500,27.4500,2490866,69079907.0000,3,1.741187,1,1.092900,3.193453,-372.598072,74.787962,232.065378,0,1.0928961748633892
2015-12-10,sz.000056,27.7500,27.8500,27.1100,27.2600,27.7500,1819279,49936864.0000,3,1.271729,1,-1.765800,3.137064,-366.018863,73.467381,227.967647,0,-1.7657657657657588
2015-12-11,sz.000056,27.0800,27.8000,26.6800,27.4800,27.2600,1755042,47899417.0000,3,1.226825,1,0.807000,3.162382,-368.972793,74.060295,229.807445,0,0.807043286867204
2015-12-14,sz.000056,27.2700,27.6300,26.8000,27.4000,27.4800,2078409,56147853.0000,3,1.452868,1,-0.291100,3.153175,-367.898637,73.844690,229.138428,0,-0.29112081513829047
2015-12-15,sz.000056,27.6500,27.7100,27.2000,27.4000,27.4000,1779158,48815853.0000,3,1.243683,1,0.000000,3.153175,-367.898637,73.844690,229.138428,0,0.0
2015-12-16,sz.000056,27.6000,28.3600,27.2000,28.0600,27.4000,2479365,68713712.0000,3,1.733148,1,2.408800,3.229128,-376.760429,75.623431,234.657820,0,2.4087591240876005
2015-12-17,sz.000056,28.1300,29.8400,28.1200,29.7200,28.0600,6822409,199302605.0000,3,4.769061,1,5.915900,3.420159,-399.049178,80.097233,248.539929,0,5.915894511760511
2015-12-18,sz.000056,29.6400,32.3900,29.2200,31.0300,29.7200,11415758,357537248.0000,3,7.979945,1,4.407800,3.570913,-416.638493,83.627764,259.495088,0,4.407806191117092
2015-12-21,sz.000056,31.0500,33.4000,31.0400,32.1800,31.0300,8108385,262269774.0000,3,5.667996,1,3.706100,3.703255,-432.079494,86.727085,269.112212,0,3.706090879793744
2015-12-22,sz.000056,32.2500,33.5800,31.5000,32.5300,32.1800,5934343,193470838.0000,3,4.148278,1,1.087600,3.743532,-436.778929,87.670357,272.039162,0,1.0876320696084463
2015-12-23,sz.000056,32.2200,32.6800,31.7000,32.2000,32.5300,3735826,119998073.0000,3,2.611451,1,-1.014400,3.705556,-432.348033,86.780986,269.279466,0,-1.014448201660001
2015-12-24,sz.000056,31.6100,34.6800,31.6100,33.7000,32.2000,6472758,214786918.0000,3,4.524645,1,4.658400,3.878175,-452.488469,90.823579,281.823540,0,4.658385093167694
2015-12-25,sz.000056,33.8000,34.0800,32.9000,34.0400,33.7000,3753029,125055084.0000,3,2.623476,1,1.008900,3.917302,-457.053635,91.739900,284.666864,0,1.008902077151319
2015-12-28,sz.000056,34.1100,34.5000,32.3600,33.1900,34.0400,3899797,129708821.0000,3,2.726071,1,-2.497100,3.819485,-445.640721,89.449097,277.558555,0,-2.4970622796709807
2015-12-29,sz.000056,32.9500,34.0900,32.5000,33.6500,33.1900,3902823,129923304.0000,3,2.728186,1,1.386000,3.872421,-451.817122,90.688826,281.405405,0,1.385959626393496
2015-12-30,sz.000056,33.6600,34.1000,33.1000,33.2100,33.6500,3138693,105584375.0000,3,2.194037,1,-1.307600,3.821786,-445.909260,89.502998,277.725809,0,-1.3075780089153
2015-12-31,sz.000056,33.3000,34.3000,33.0000,33.8300,33.2100,2667828,89604600.0000,3,1.864889,1,1.866900,3.893136,-454.233974,91.173937,282.910694,0,1.866907557964459
2016-01-04,sz.000056,33.5300,34.2800,30.9800,31.2000,33.8300,2552023,81818628.0000,3,1.783938,1,-7.774200,3.590477,-418.921076,84.085924,260.916750,0,-7.774164942358852
2016-01-05,sz.000056,30.0000,31.8000,29.1800,31.0900,31.2000,4779220,145823967.0000,3,3.340813,1,-0.352600,3.577818,-417.444110,83.789468,259.996851,0,-0.3525641025641013
2016-01-06,sz.000056,31.5500,32.5000,30.5000,32.4000,31.0900,3978489,125821434.0000,3,2.781079,1,4.213600,3.728572,-435.033425,87.319998,270.952009,0,4.2135734963010485
2016-01-07,sz.000056,31.9900,31.9900,29.1600,29.2200,32.4000,920183,27549542.0000,3,0.643235,1,-9.814800,3.362620,-392.335700,78.749702,244.358571,0,-9.81481481481481
2016-01-08,sz.000056,30.3500,30.3500,27.5500,29.4700,29.2200,6913416,199673628.0000,3,4.832678,1,0.855600,3.391390,-395.692439,79.423468,246.449250,0,0.8555783709787823
2016-01-11,sz.000056,28.1000,29.4800,27.2000,28.9500,29.4700,5767894,164145461.0000,3,4.031925,1,-1.764500,3.331548,-388.710421,78.022036,242.100638,0,-1.7645062775704101
2016-01-12,sz.000056,28.0500,29.0500,27.6500,27.6600,28.9500,2274857,64286978.0000,3,1.590191,1,-4.456000,3.183096,-371.389646,74.545406,231.312734,0,-4.455958549222794
2016-01-13,sz.000056,27.6700,28.1300,25.4000,26.6800,27.6600,2878976,76859528.0000,3,2.012488,1,-3.543000,3.070318,-358.231227,71.904246,223.117272,0,-3.543022415039765
2016-01-14,sz.000056,25.8000,27.4900,25.0000,27.3800,26.6800,2802811,73117085.0000,3,1.959246,1,2.623700,3.150874,-367.630098,73.790789,228.971173,0,2.6236881559220437
2016-01-15,sz.000056,26.9900,28.3500,26.6100,27.2900,27.3800,2202948,60281131.0000,3,1.539924,1,-0.328700,3.140516,-366.421672,73.548233,228.218529,0,-0.32870708546384186
2016-01-18,sz.000056,25.5200,26.8900,25.5200,26.4400,27.2900,2397402,62896356.0000,3,1.675853,1,-3.114700,3.042699,-355.008758,71.257431,221.110220,0,-3.1146940271161494
2016-01-19,sz.000056,26.3400,28.1000,26.0900,27.8900,26.4400,2606288,70975511.0000,3,1.821871,1,5.484100,3.209564,-374.477846,75.165270,233.236159,0,5.484114977307097
2016-01-20,sz.000056,27.8000,28.8700,27.0000,28.0000,27.8900,2647364,74056841.0000,3,1.850584,1,0.394400,3.222223,-375.954811,75.461727,234.156057,0,0.39440659734670813
2016-01-21,sz.000056,27.4000,27.9000,26.4900,26.4900,28.0000,1086192,29719157.0000,3,0.759280,1,-5.392900,3.048453,-355.680106,71.392184,221.528356,0,-5.392857142857144
2016-01-22,sz.000056,26.7700,28.6200,25.8800,27.5900,26.4900,3212875,88371228.0000,3,2.245893,1,4.152500,3.175040,-370.449759,74.356752,230.727344,0,4.152510381275953
2016-01-25,sz.000056,27.3000,28.4200,27.3000,28.1000,27.5900,2315665,64930845.0000,3,1.618717,1,1.848500,3.233731,-377.297507,75.731233,234.992329,0,1.8484958318231381
2016-01-26,sz.000056,27.9000,27.9000,25.2900,25.2900,28.1000,2355773,62573039.0000,3,1.646754,1,-10.000000,2.910358,-339.567756,68.158110,211.493096,0,-10.000000000000009
2016-01-27,sz.000056,25.2000,25.5000,22.7600,25.3100,25.2900,4339350,103081435.0000,3,3.033331,1,0.079100,2.912659,-339.836296,68.212011,211.660350,0,0.07908264136022858
2016-01-28,sz.000056,24.3000,25.6900,24.2800,25.0000,25.3100,2353027,59052427.0000,3,1.644834,1,-1.224800,2.876985,-335.673939,67.376542,209.067908,0,-1.2248123271434208
2016-01-29,sz.000056,24.8100,25.6000,24.5100,25.4000,25.0000,1650907,41633274.0000,3,1.154032,1,1.600000,2.923016,-341.044722,68.454567,212.412995,0,1.6000000000000014
2016-02-01,sz.000056,25.3700,25.3700,24.0500,25.0400,25.4000,1211679,30193303.0000,3,0.846999,1,-1.417300,2.881588,-336.211017,67.484345,209.402417,0,-1.4173228346456623
2016-02-02,sz.000056,24.8000,25.7000,24.3100,25.2700,25.0400,1972594,49760581.0000,3,1.378900,1,0.918500,2.908056,-339.299217,68.104209,211.325842,0,0.9185303514376963
2016-02-03,sz.000056,25.0300,25.2500,24.6000,24.9000,25.2700,1726499,42975230.0000,3,1.206873,1,-1.464200,2.865477,-334.331243,67.107036,208.231637,0,-1.4641867827463462
2016-02-04,sz.000056,24.9000,25.4400,24.9000,25.0700,24.9000,1371838,34510070.0000,3,0.958954,1,0.682700,2.885040,-336.613826,67.565196,209.653298,0,0.6827309236947965
2016-02-05,sz.000056,25.0700,25.2600,23.8500,24.4000,25.0700,1803943,43816376.0000,3,1.261008,1,-2.672500,2.807937,-327.617764,65.759505,204.050279,0,-2.6725169525329107
2016-02-15,sz.000056,23.0200,24.0000,22.8800,23.8700,24.4000,924632,21741321.0000,3,0.646345,1,-2.172100,2.746945,-320.501477,64.331122,199.618039,0,-2.172131147540979
2016-02-16,sz.000056,23.7900,24.9500,23.7900,24.8500,23.8700,2513952,61806467.0000,3,1.757325,1,4.105600,2.859723,-333.659895,66.972283,207.813501,0,4.105571847507328
2016-02-17,sz.000056,24.6100,25.6600,24.6100,25.4300,24.8500,2116255,53643063.0000,3,1.479324,1,2.334000,2.926469,-341.447531,68.535419,212.663876,0,2.3340040241448534
2016-02-18,sz.000056,25.2000,26.6900,25.2000,26.2800,25.4300,2958197,77555920.0000,3,2.067865,1,3.342500,3.024286,-352.860444,70.826221,219.772185,0,3.342508847817549
2016-02-19,sz.000056,26.6000,28.0800,26.3800,28.0800,26.2800,4733699,129351355.0000,3,3.308993,1,6.849300,3.231429,-377.028968,75.677332,234.825075,0,6.849315068493134
2016-02-22,sz.000056,28.7800,28.8800,27.2400,27.7900,28.0800,4368470,122327866.0000,3,3.053687,1,-1.032800,3.198056,-373.135150,74.895764,232.399887,0,-1.0327635327635254
2016-02-23,sz.000056,27.8300,27.8400,26.8800,27.0000,27.7900,1978840,53954696.0000,3,1.383266,1,-2.842800,3.107143,-362.527854,72.766665,225.793341,0,-2.842749190356242
2016-02-24,sz.000056,27.0000,27.9800,26.3800,27.4500,27.0000,1736363,47038103.0000,3,1.213768,1,1.666700,3.158929,-368.569985,73.979443,229.556563,0,1.6666666666666607
2016-02-25,sz.000056,27.1400,27.4000,24.7400,24.9800,27.4500,2404927,62014206.0000,3,1.681114,1,-8.998200,2.874683,-335.405400,67.322641,208.900654,0,-8.99817850637522
2016-02-26,sz.000056,25.0000,25.6900,24.2800,24.8700,24.9800,1571887,39183764.0000,3,1.098795,1,-0.440300,2.862024,-333.928434,67.026184,207.980755,0,-0.4403522818254624
2016-02-29,sz.000056,24.8200,24.8200,22.4300,23.3600,24.8700,2138736,49929819.0000,3,1.495038,1,-6.071600,2.688254,-313.653728,62.956641,195.353054,0,-6.071572175311624
2016-03-01,sz.000056,23.3500,24.8500,23.1600,24.0200,23.3600,1765942,42634785.0000,3,1.234445,1,2.825300,2.764207,-322.515520,64.735382,200.872446,0,2.825342465753433
2016-03-02,sz.000056,24.0200,25.7800,24.0200,25.7800,24.0200,1997757,49722446.0000,3,1.396490,1,7.327200,2.966747,-346.146966,69.478690,215.590827,0,7.327227310574536
2016-03-03,sz.000056,25.6100,27.2000,25.2400,26.3100,25.7800,3120819,82501480.0000,3,2.181543,1,2.055900,3.027739,-353.263253,70.907073,220.023067,0,2.055857253685023
2016-03-04,sz.000056,26.0000,26.8200,24.0100,26.2400,26.3100,2777420,72633268.0000,3,1.941497,1,-0.266100,3.019683,-352.323366,70.718419,219.437677,0,-0.2660585328772336
2016-03-07,sz.000056,25.9800,26.4900,25.4000,26.2100,26.2400,1381035,35785999.0000,3,0.965383,1,-0.114300,3.016231,-351.920557,70.637567,219.186795,0,-0.11432926829267887
2016-03-08,sz.000056,26.6000,26.6000,24.2400,25.5800,26.2100,1139674,28625666.0000,3,0.796665,1,-2.403700,2.943731,-343.461574,68.939678,213.918284,0,-2.403662724151101
2016-03-09,sz.000056,24.8100,25.4600,24.4800,25.2700,25.5800,641583,16134354.0000,3,0.448485,1,-1.211900,2.908056,-339.299217,68.104209,211.325842,0,-1.211884284597342
2016-03-10,sz.000056,25.2500,25.4500,24.5500,25.1800,25.2700,1083037,27177223.0000,3,0.757074,1,-0.356200,2.897699,-338.090791,67.861653,210.573197,0,-0.35615354174910463
2016-03-11,sz.000056,24.7500,25.5000,24.6500,25.2200,25.1800,663368,16710495.0000,3,0.463713,1,0.158900,2.902302,-338.627869,67.969456,210.907706,0,0.1588562351072298
2016-03-14,sz.000056,25.9700,26.5700,25.3800,26.0100,25.2200,1187975,30965560.0000,3,0.830429,1,3.132400,2.993215,-349.235166,70.098554,217.514252,0,3.132434575733556
2016-03-15,sz.000056,26.0100,26.1500,25.2300,25.4500,26.0100,639110,16420388.0000,3,0.446756,1,-2.153000,2.928770,-341.716070,68.589320,212.831131,0,-2.1530180699731005
2016-03-16,sz.000056,25.2000,25.7000,25.0000,25.3700,25.4500,520933,13164971.0000,3,0.364147,1,-0.314300,2.919564,-340.641913,68.373715,212.162113,0,-0.3143418467583481
2016-03-17,sz.000056,25.7300,25.9800,25.2100,25.8000,25.3700,1192487,30621955.0000,3,0.833583,1,1.694900,2.969048,-346.415505,69.532591,215.758081,0,1.6949152542372836
2016-03-18,sz.000056,25.9100,26.5400,25.8200,26.4900,25.8000,1665420,43896364.0000,3,1.164177,1,2.674400,3.048453,-355.680106,71.392184,221.528356,0,2.674418604651163
2016-03-21,sz.000056,27.0300,28.4400,26.2800,28.3800,26.4900,4730576,127964931.0000,3,3.306810,1,7.134800,3.265953,-381.057055,76.485851,237.333890,0,7.134767836919598
2016-03-22,sz.000056,28.1700,29.9900,27.5600,28.6900,28.3800,6219745,178889546.0000,3,4.347782,1,1.092300,3.301628,-385.219412,77.321320,239.926332,0,1.0923185341790154
2016-03-23,sz.000056,27.8100,28.4200,27.5000,27.8400,28.6900,2695347,74968447.0000,3,1.884126,1,-2.962700,3.203810,-373.806498,75.030517,232.818023,0,-2.9627047751830005
2016-03-24,sz.000056,27.5500,27.5500,26.8000,26.8000,27.8400,2474230,66951352.0000,3,1.729558,1,-3.735600,3.084128,-359.842462,72.227653,224.120798,0,-3.735632183908044
2016-03-25,sz.000056,26.7300,27.2800,26.5500,27.1300,26.8000,1238397,33467179.0000,3,0.865675,1,1.231300,3.122104,-364.273358,73.117023,226.880494,0,1.231343283582076
2016-03-28,sz.000056,27.1300,28.1000,27.1300,27.4000,27.1300,2589691,71403587.0000,3,1.810269,1,0.995200,3.153175,-367.898637,73.844690,229.138428,0,0.995208256542579
2016-03-29,sz.000056,27.4000,28.4500,26.6800,28.3900,27.4000,2628137,72797357.0000,3,1.837144,1,3.613100,3.267104,-381.191325,76.512801,237.417517,0,3.6131386861314008
2016-03-30,sz.000056,28.6000,31.0000,28.6000,30.7300,28.3900,8060970,239561009.0000,3,5.634851,1,8.242300,3.536390,-412.610406,82.819245,256.986273,0,8.242338851708354
2016-03-31,sz.000056,29.8500,30.7000,29.8500,30.6400,30.7300,3341669,101088151.0000,3,2.335923,1,-0.292900,3.526032,-411.401979,82.576690,256.233628,0,-0.29287341360234587
2016-04-01,sz.000056,30.6900,30.9700,29.6300,29.7400,30.6400,3353437,101050592.0000,3,2.344150,1,-2.937300,3.422461,-399.317718,80.151134,248.707184,0,-2.9373368146214163
2016-04-05,sz.000056,29.8700,30.6000,29.1500,29.7400,29.7400,4124020,122938380.0000,3,2.882809,1,0.000000,3.422461,-399.317718,80.151134,248.707184,0,0.0
2016-04-06,sz.000056,29.6000,30.1500,29.2000,29.5600,29.7400,2730682,80920766.0000,3,1.908826,1,-0.605200,3.401747,-396.900865,79.666023,247.201895,0,-0.6052454606590429
2016-04-07,sz.000056,29.5600,29.9500,29.0200,29.3600,29.5600,1713649,50573241.0000,3,1.197890,1,-0.676600,3.378731,-394.215474,79.127011,245.529352,0,-0.6765899864682012
2016-04-08,sz.000056,29.4800,29.8300,29.0100,29.6000,29.3600,1643068,48223468.0000,3,1.148552,1,0.817400,3.406350,-397.437943,79.773826,247.536403,0,0.8174386920980936
2016-04-11,sz.000056,29.8800,30.4500,29.5500,29.6000,29.6000,2945200,88373204.0000,3,2.058780,1,0.000000,3.406350,-397.437943,79.773826,247.536403,0,0.0
2016-04-12,sz.000056,29.5200,29.6900,28.4000,28.7900,29.6000,1816380,52662215.0000,3,1.269702,1,-2.736500,3.313136,-386.562108,77.590826,240.762603,0,-2.736486486486489
2016-04-13,sz.000056,28.9500,29.4400,28.8000,29.1700,28.7900,2480612,72235136.0000,3,1.734020,1,1.319900,3.356866,-391.664352,78.614949,243.940435,0,1.31990274400835
2016-04-14,sz.000056,29.1700,30.0200,28.8700,30.0200,29.1700,3461578,101902041.0000,3,2.419743,1,2.914000,3.454683,-403.077266,80.905752,251.048744,0,2.9139526911210023
2016-04-15,sz.000056,30.6100,31.2600,29.9600,30.5900,30.0200,7888698,241279207.0000,3,5.514428,1,1.898700,3.520278,457.826403,65.434781,255.815493,0,1.8987341772152
2016-04-18,sz.000056,30.2000,30.2000,28.2000,28.4100,30.5900,6351620,182498400.0000,3,4.439966,1,-7.126500,3.261047,425.199350,60.771563,176.689565,0,-7.12651193200392
2016-04-19,sz.000056,28.4200,28.7900,27.4500,27.9900,28.4100,4132815,115672656.0000,3,2.888957,1,-1.478400,3.212837,418.913404,59.873145,174.077470,0,-1.4783526927138357
2016-04-20,sz.000056,27.8100,28.3000,25.6800,27.1900,27.9900,3244062,88071577.0000,3,2.267693,1,-2.858200,3.121009,406.940174,58.161873,169.102051,0,-2.858163629867805
2016-04-21,sz.000056,27.0500,27.4500,26.5000,26.7900,27.1900,1685573,45430332.0000,3,1.178264,1,-1.471100,3.075095,400.953558,57.306237,166.614341,0,-1.4711290915777941
2016-04-22,sz.000056,26.7600,27.3000,26.2100,27.2600,26.7900,1020658,27567980.0000,3,0.713469,1,1.754400,3.129044,407.987831,58.311609,169.537400,0,1.7543859649122862
2016-04-25,sz.000056,26.8000,27.2600,26.6900,27.0200,27.2600,742255,20021552.0000,3,0.518858,1,-0.880400,3.101496,404.395862,57.798227,168.044774,0,-0.8804108584005932
2016-04-26,sz.000056,27.1400,27.3900,26.9400,27.3900,27.0200,1022064,27783449.0000,3,0.714452,1,1.369400,3.143966,409.933481,58.589691,170.345906,0,1.3693560325684695
2016-04-27,sz.000056,27.4000,27.6200,27.0200,27.0500,27.3900,1081450,29562158.0000,3,0.755965,1,-1.241300,3.092323,315.760021,65.416861,107.115354,0,-1.241328952172327
2016-04-28,sz.000056,27.2900,27.6200,26.6800,26.9100,27.0500,1301197,35150003.0000,3,0.909574,1,-0.517600,3.076318,314.125774,65.078290,106.560968,0,-0.5175600739371511
2016-04-29,sz.000056,26.7300,27.2700,26.6600,26.8900,26.9100,770202,20702445.0000,3,0.538394,1,-0.074300,3.074032,313.892310,65.029922,106.481770,0,-0.07432181345224942
2016-05-03,sz.000056,27.1900,27.6000,26.7900,27.5500,26.8900,1406708,38443343.0000,3,0.983330,1,2.454400,3.149482,321.596621,66.626046,109.095305,0,2.4544440312383786
2016-05-04,sz.000056,27.5400,28.0800,27.4200,27.6100,27.5500,1189333,32943231.0000,3,0.831378,1,0.217800,3.156341,322.297013,66.771148,109.332899,0,0.21778584392013745
2016-05-05,sz.000056,27.4100,28.5000,27.2800,28.4300,27.6100,1690140,47007266.0000,3,1.181457,1,2.969900,3.250083,331.869035,68.754210,112.580019,0,2.969938428105756
2016-05-06,sz.000056,28.8800,28.8800,26.6000,26.8600,28.4300,3881071,108448643.0000,3,2.712981,1,-5.522300,3.070602,313.542114,64.957371,106.362973,0,-5.522335561027081
2016-05-09,sz.000056,26.8500,26.8500,25.7000,25.9900,26.8600,1960916,50937409.0000,3,1.370737,1,-3.239000,2.971145,303.386431,62.853391,102.917858,0,-3.2390171258376843
2016-05-10,sz.000056,23.4000,26.1600,23.4000,25.1900,25.9900,2114713,53691660.0000,3,1.478246,1,-3.078100,2.879690,294.047872,60.918696,99.749936,0,-3.078106964216998
2016-05-11,sz.000056,25.6300,26.0000,25.2000,25.7100,25.1900,1155377,29559932.0000,3,0.807642,1,2.064300,2.939136,300.117935,62.176248,101.809085,0,2.0643112346169
2016-05-12,sz.000056,25.6400,26.0700,24.6800,25.9300,25.7100,1201194,30678958.0000,3,0.839669,1,0.855700,2.964286,302.686039,62.708289,102.680264,0,0.8556981719175294
2016-05-13,sz.000056,25.7900,26.0900,25.6100,25.6600,25.9300,642462,16632640.0000,3,0.449100,1,-1.041300,2.933420,299.534275,62.055330,101.611090,0,-1.0412649440802113
2016-05-16,sz.000056,25.5800,25.8400,25.2200,25.3000,25.6600,999312,25319595.0000,3,0.698548,1,-1.403000,2.892265,295.331924,61.184717,100.185525,0,-1.4029618082618822
2016-05-17,sz.000056,25.4400,25.7800,25.1500,25.1900,25.3000,907667,23036755.0000,3,0.634486,1,-0.434800,2.879690,294.047872,60.918696,99.749936,0,-0.43478260869564966
2016-05-18,sz.000056,25.1900,25.1900,23.6000,24.3600,25.1900,1254892,30584674.0000,3,0.877206,1,-3.295000,2.784805,284.359117,58.911451,96.463217,0,-3.2949583167923846
2016-05-19,sz.000056,24.0100,26.6000,24.0100,26.3700,24.3600,3967902,98724295.0000,3,2.773678,1,8.251200,3.014586,307.822246,63.772371,104.422621,0,8.251231527093594
2016-05-20,sz.000056,25.8800,26.5700,25.3500,26.0000,26.3700,4961954,129767236.0000,3,3.468550,1,-1.403100,2.972288,303.503163,62.877575,102.957457,0,-1.403109594235874
2016-05-23,sz.000056,25.6700,25.9700,24.4800,25.6600,26.0000,2224689,56167402.0000,3,1.555122,1,-1.307700,2.933420,299.534275,62.055330,101.611090,0,-1.3076923076923097
2016-05-24,sz.000056,25.4800,25.6000,24.8500,24.9200,25.6600,1179579,29570943.0000,3,0.824560,1,-2.883900,2.848824,290.896108,60.265737,98.680763,0,-2.883865939204977
2016-05-25,sz.000056,25.1800,25.2600,24.5900,24.7000,24.9200,1043049,25968574.0000,3,0.729121,1,-0.882800,2.823674,288.328005,59.733696,97.809584,0,-0.882825040128421
2016-05-26,sz.000056,24.6100,24.8800,24.2800,24.7100,24.7000,894505,21960204.0000,3,0.625285,1,0.040500,2.824817,288.444737,59.757880,97.849183,0,0.040485829959524544
2016-05-27,sz.000056,24.7100,24.8600,24.5200,24.5400,24.7100,977786,24104533.0000,3,0.683501,1,-0.688000,2.805383,286.460293,59.346757,97.176000,0,-0.687980574666136
2016-05-30,sz.000056,24.4500,24.4500,24.0100,24.1800,24.5400,683016,16564270.0000,3,0.477448,1,-1.467000,2.764228,282.257941,58.476144,95.750435,0,-1.4669926650366705
2016-05-31,sz.000056,24.2100,25.1000,24.2100,24.9600,24.1800,1690235,42011864.0000,3,1.181523,1,3.225800,2.853397,291.363036,60.362472,98.839159,0,3.2258064516129004
2016-06-01,sz.000056,25.0400,25.1500,24.8300,25.0200,24.9600,1203350,30134411.0000,3,0.841176,1,0.240400,2.860256,292.063428,60.507574,99.076753,0,0.24038461538460343
2016-06-02,sz.000056,24.8900,25.2600,24.8700,25.1200,25.0200,1103129,27677075.0000,3,0.771119,1,0.399700,2.871688,293.230748,60.749411,99.472743,0,0.399680255795376
2016-06-03,sz.000056,25.1500,25.7000,25.1500,25.3500,25.1200,1458601,37066716.0000,3,1.019604,1,0.915600,2.897981,295.915584,61.305635,100.383521,0,0.9156050955414052
2016-06-06,sz.000056,25.3700,25.3700,24.6200,24.9000,25.3500,1384966,34658195.0000,3,0.968131,1,-1.775200,2.846537,290.662644,60.217370,98.601565,0,-1.775147928994092
2016-06-07,sz.000056,24.9500,24.9800,24.6600,24.8200,24.9000,891321,22077554.0000,3,0.623059,1,-0.321300,2.837392,289.728789,60.023900,98.284772,0,-0.3212851405622441
2016-06-08,sz.000056,24.8900,25.3900,24.6700,25.0000,24.8200,1842929,46104437.0000,3,1.288261,1,0.725200,2.857969,291.829964,60.459206,98.997555,0,0.725221595487513
2016-06-13,sz.000056,24.7000,24.7200,24.0700,24.0700,25.0000,1213000,29632381.0000,3,0.847922,1,-3.720000,2.751653,280.973890,58.210124,95.314846,0,-3.720000000000001
2016-06-14,sz.000056,24.0500,24.3700,23.7000,23.9300,24.0700,905726,21711076.0000,3,0.633129,1,-0.581600,2.735648,279.339642,57.871552,94.760459,0,-0.5816368923971749
2016-06-15,sz.000056,23.6800,24.5300,23.4800,24.3400,23.9300,1365059,33008305.0000,3,0.954216,1,1.713300,2.782519,284.125653,58.863083,96.384019,0,1.7133305474300142
2016-06-16,sz.000056,24.1300,24.4700,24.0600,24.1000,24.3400,919607,22277523.0000,3,0.642832,1,-0.986000,2.755082,281.324086,58.282675,95.433643,0,-0.9860312243220926
2016-06-17,sz.000056,24.4000,24.4700,24.0700,24.2300,24.1000,1041151,25271241.0000,3,0.727795,1,0.539400,2.769944,282.841601,58.597063,95.948430,0,0.5394190871369275
2016-06-20,sz.000056,24.0100,24.4800,24.0100,24.3000,24.2300,942361,22778375.0000,3,0.658738,1,0.288900,2.777946,283.658725,58.766349,96.225623,0,0.28889806025589326
2016-06-21,sz.000056,24.5000,24.5000,23.8000,24.0000,24.3000,1184153,28566337.0000,3,0.827757,1,-1.234600,2.743650,280.156766,58.040838,95.037653,0,-1.2345679012345734
2016-06-22,sz.000056,24.4500,24.5000,23.9100,24.3300,24.0000,1239589,30127251.0000,3,0.866509,1,1.375000,2.781376,284.008921,58.838900,96.344420,0,1.374999999999993
2016-06-23,sz.000056,24.3000,24.4400,24.1100,24.1800,24.3300,905970,21946720.0000,3,0.633299,1,-0.616500,2.764228,282.257941,58.476144,95.750435,0,-0.6165228113440113
2016-06-24,sz.000056,24.1800,26.4000,22.7700,26.1500,24.1800,4750478,118843283.0000,3,3.320722,1,8.147200,2.989436,305.254143,63.240330,103.551442,0,8.147229114971054
2016-06-27,sz.000056,25.8000,27.0400,25.4300,26.5500,26.1500,6668042,176641634.0000,3,4.661154,1,1.529600,3.035163,309.923422,64.207677,105.135403,0,1.5296367112810794
2016-06-28,sz.000056,26.0500,26.4000,25.5000,26.0000,26.5500,2838746,73164914.0000,3,1.984366,1,-2.071600,2.972288,303.503163,62.877575,102.957457,0,-2.0715630885122405
2016-06-29,sz.000056,25.9000,26.2900,25.5600,25.7500,26.0000,2122143,54821654.0000,3,1.483439,1,-0.961500,2.943708,300.584863,62.272983,101.967481,0,-0.9615384615384581
2016-06-30,sz.000056,25.5500,25.9500,25.3600,25.4800,25.7500,1704558,43540497.0000,3,1.191535,1,-1.048500,2.912842,297.433100,61.620023,100.898308,0,-1.0485436893203914
2016-07-01,sz.000056,25.9800,25.9800,25.3200,25.4600,25.4800,1255539,32111068.0000,3,0.877658,1,-0.078500,2.910556,297.199636,61.571656,100.819110,0,-0.07849293563578774
2016-07-04,sz.000056,25.5100,25.9100,25.4000,25.6900,25.4600,2864755,73516645.0000,3,2.002547,1,0.903400,2.936849,299.884471,62.127881,101.729887,0,0.903377847604081
2016-07-05,sz.000056,25.7100,25.8500,25.5200,25.8000,25.6900,1803760,46375190.0000,3,1.260880,1,0.428200,2.949424,301.168523,62.393901,102.165477,0,0.4281821720513834
2016-07-06,sz.000056,25.8100,26.1400,25.7100,25.8400,25.8000,1787497,46258545.0000,3,1.249512,1,0.155000,2.953997,301.635451,62.490636,102.323873,0,0.15503875968991832
2016-07-07,sz.000056,25.6000,25.8700,25.3500,25.5700,25.8400,1588014,40610741.0000,3,1.110068,1,-1.044900,2.923131,298.483687,61.837676,101.254699,0,-1.044891640866874
2016-07-08,sz.000056,12.9900,12.9900,12.6100,12.6500,12.7900,2365706,30085137.0000,3,0.826848,1,-1.094600,2.892265,295.331924,61.184717,100.185525,0,-50.52796245600313
2016-07-11,sz.000056,12.6800,12.7000,12.3300,12.3500,12.6500,2755298,34401350.0000,3,0.963017,1,-2.371500,2.823674,288.328005,59.733696,97.809584,0,-2.371541501976293
2016-07-12,sz.000056,12.3900,12.5700,12.1300,12.4200,12.3500,2672275,32957650.0000,3,0.933999,1,0.566800,2.839678,289.962252,60.072268,98.363970,0,0.5668016194332104
2016-07-13,sz.000056,12.4900,12.6800,12.3800,12.5100,12.4200,3019809,37771468.0000,3,1.055467,1,0.724600,2.860256,292.063428,60.507574,99.076753,0,0.7246376811594235
2016-07-14,sz.000056,12.7900,13.1300,12.7000,12.8400,12.5100,8523058,110180568.0000,3,2.978932,1,2.637900,2.935706,299.767739,62.103697,101.690288,0,2.6378896882494063
2016-07-15,sz.000056,12.9200,12.9900,12.6000,12.6400,12.8400,3765925,47690407.0000,3,1.316245,1,-1.557600,2.889979,295.098460,61.136350,100.106327,0,-1.5576323987538832
2016-07-18,sz.000056,12.6000,12.6000,12.2600,12.4100,12.6400,3220411,39913153.0000,3,1.125580,1,-1.819600,2.837392,289.728789,60.023900,98.284772,0,-1.8196202531645556
2016-07-19,sz.000056,12.4000,12.5000,12.3100,12.4400,12.4100,1956555,24315281.0000,3,0.683844,1,0.241700,2.844251,290.429180,60.169002,98.522367,0,0.241740531829171
2016-07-20,sz.000056,12.5700,12.8800,12.5700,12.8100,12.4400,5805182,74117698.0000,3,2.028995,1,2.974300,2.928847,299.067347,61.958595,101.452694,0,2.974276527331199
2016-07-21,sz.000056,12.9000,12.9100,12.6600,12.7200,12.8100,3116388,39791338.0000,3,1.089223,1,-0.702600,2.908270,296.966172,61.523288,100.739912,0,-0.7025761124121788
2016-07-22,sz.000056,12.6100,12.7700,12.5300,12.6000,12.7200,2425946,30690707.0000,3,0.847903,1,-0.943400,2.880833,294.164604,60.942880,99.789535,0,-0.9433962264151052
2016-07-25,sz.000056,12.5400,12.7000,12.4500,12.5900,12.6000,1777710,22337896.0000,3,0.621335,1,-0.079400,2.878547,293.931140,60.894513,99.710337,0,-0.07936507936507908
2016-07-26,sz.000056,12.6000,13.0900,12.5600,12.8700,12.5900,4706977,60709474.0000,3,1.645157,1,2.224000,2.942565,300.468131,62.248799,101.927882,0,2.223987291501195
2016-07-27,sz.000056,12.8600,12.9400,12.1000,12.3000,12.8700,4837383,60569802.0000,3,1.690735,1,-4.428900,2.812242,287.160685,59.491859,97.413594,0,-4.428904428904412
2016-07-28,sz.000056,12.3200,12.5100,12.0700,12.3200,12.3000,2320409,28541791.0000,3,0.811017,1,0.162600,2.816815,287.627613,59.588594,97.571990,0,0.1626016260162677
2016-07-29,sz.000056,12.3200,12.4800,12.1900,12.2400,12.3200,1602364,19727992.0000,3,0.560049,1,-0.649400,2.798524,285.759901,59.201655,96.938406,0,-0.6493506493506551
2016-08-01,sz.000056,12.2400,12.3700,11.9100,12.2400,12.2400,2109954,25584717.0000,3,0.737459,1,0.000000,2.798524,285.759901,59.201655,96.938406,0,0.0
2016-08-02,sz.000056,12.2300,12.6000,12.2300,12.5200,12.2400,3119802,38861423.0000,3,1.090416,1,2.287600,2.862542,292.296892,60.555941,99.155951,0,2.287581699346397
2016-08-03,sz.000056,12.4600,12.7300,12.3100,12.6500,12.5200,2884868,36376085.0000,3,1.008303,1,1.038300,2.892265,295.331924,61.184717,100.185525,0,1.0383386581469756
2016-08-04,sz.000056,12.5700,12.8500,12.4800,12.5900,12.6500,1697128,21478385.0000,3,0.593171,1,-0.474300,2.878547,293.931140,60.894513,99.710337,0,-0.4743083003952653
2016-08-05,sz.000056,12.6500,12.9000,12.6000,12.7700,12.5900,4106441,52328726.0000,3,1.435261,1,1.429700,2.919701,298.133491,61.765125,101.135902,0,1.429706115965046
2016-08-08,sz.000056,12.7300,12.8500,12.5100,12.7500,12.7700,2313574,29385825.0000,3,0.808628,1,-0.156600,2.915129,297.666564,61.668391,100.977506,0,-0.1566170712607673
2016-08-09,sz.000056,12.7200,12.8200,12.5100,12.6800,12.7500,2475636,31199913.0000,3,0.865271,1,-0.549000,2.899124,296.032316,61.329819,100.423120,0,-0.5490196078431375
2016-08-10,sz.000056,12.6800,12.8700,12.5100,12.7400,12.6800,2605970,33036258.0000,3,0.910824,1,0.473200,2.912842,297.433100,61.620023,100.898308,0,0.4731861198738141
2016-08-11,sz.000056,12.7000,12.8000,12.5600,12.6300,12.7400,1790670,22753885.0000,3,0.625865,1,-0.863400,2.887692,294.864996,61.087982,100.027129,0,-0.8634222919937207
2016-08-12,sz.000056,12.6300,12.7900,12.3300,12.7200,12.6300,2832581,35649596.0000,3,0.990028,1,0.712600,2.908270,296.966172,61.523288,100.739912,0,0.7125890736342066
2016-08-15,sz.000056,12.6900,13.2000,12.5600,13.1500,12.7200,6896901,89325071.0000,3,2.410567,1,3.380500,3.006584,307.005122,63.603085,104.145428,0,3.380503144654079
2016-08-16,sz.000056,13.1500,13.2700,12.9200,13.0300,13.1500,4305226,56085641.0000,3,1.504739,1,-0.912500,2.979147,304.203555,63.022677,103.195051,0,-0.9125475285171158
2016-08-17,sz.000056,13.0000,13.2400,12.9100,13.0100,13.0300,4173578,54545685.0000,3,1.458726,1,-0.153500,2.974574,303.736627,62.925942,103.036655,0,-0.15349194167305624
2016-08-18,sz.000056,13.0600,13.7800,12.8900,13.3700,13.0100,8573707,114694415.0000,3,2.996635,1,2.767100,3.056884,312.141330,64.667167,105.887785,0,2.7671022290545633
2016-08-19,sz.000056,13.4000,14.6500,13.3300,14.2800,13.3700,12297711,171036825.0000,3,4.298228,1,6.806300,3.264944,333.386551,69.068597,113.094807,0,6.806282722513091
2016-08-22,sz.000056,14.2000,14.4900,13.6000,13.6400,14.2800,8642154,119847156.0000,3,3.020558,1,-4.481800,3.118616,318.444857,65.973086,108.026132,0,-4.4817927170868295
2016-08-23,sz.000056,13.7800,13.8900,13.3000,13.6300,13.6400,5212746,71079208.0000,3,1.821930,1,-0.073300,3.116330,318.211393,65.924719,107.946934,0,-0.07331378299120228
2016-08-24,sz.000056,13.6300,13.7200,13.3300,13.4000,13.6300,5171113,69495044.0000,3,1.807379,1,-1.687500,3.063743,312.841722,64.812269,106.125379,0,-1.6874541452677971
2016-08-25,sz.000056,13.3100,13.6200,13.0000,13.6100,13.4000,4407565,58537696.0000,3,1.540508,1,1.567200,3.111757,317.744465,65.827984,107.788538,0,1.5671641791044744
2016-08-26,sz.000056,13.6000,13.6500,13.3600,13.3600,13.6100,2891408,38996429.0000,3,1.010589,1,-1.836900,3.054598,311.907866,64.618800,105.808587,0,-1.8368846436443764
2016-08-29,sz.000056,13.3800,13.4800,13.2000,13.3000,13.3600,1934843,25718108.0000,3,0.676256,1,-0.449100,3.022596,189.797942,63.725424,86.123918,0,-0.44910179640718084
2016-08-30,sz.000056,13.2400,13.3500,13.1600,13.1900,13.3000,1616992,21406309.0000,3,0.565162,1,-0.827100,2.997597,188.228184,63.198372,85.411615,0,-0.8270676691729428
2016-08-31,sz.000056,13.2200,13.4000,13.1000,13.3100,13.1900,2467417,32776504.0000,3,0.862398,1,0.909800,3.024869,189.940647,63.773338,86.188673,0,0.909780136467031
2016-09-01,sz.000056,13.3200,13.4200,12.8900,12.8900,13.3100,3203200,41904908.0000,3,1.119565,1,-3.155500,2.929418,183.947028,61.760956,83.468971,0,-3.155522163786628
2016-09-02,sz.000056,12.8900,12.9900,12.5000,12.7000,12.8900,2989297,38032443.0000,3,1.044803,1,-1.474000,2.886239,181.235628,60.850593,82.238629,0,-1.4740108611326685
2016-09-05,sz.000056,12.6300,12.8300,12.6000,12.6600,12.7000,1829097,23222545.0000,3,0.639296,1,-0.314960,2.877148,180.664808,60.658938,81.979610,0,-0.31496062992125706
2016-09-06,sz.000056,12.6500,12.9000,12.5000,12.8400,12.6600,1864461,23634334.0000,3,0.651656,1,1.421803,2.918055,183.233501,61.521387,83.145196,0,1.4218009478673022
2016-09-07,sz.000056,12.8700,12.9300,12.6000,12.6300,12.8400,2259601,28837107.0000,3,0.789763,1,-1.635514,2.870330,180.236692,60.515196,81.785345,0,-1.6355140186915862
2016-09-08,sz.000056,12.5800,12.7600,12.5800,12.7500,12.6300,1507521,19112069.0000,3,0.526900,1,0.950118,2.897602,181.949154,61.090162,82.562403,0,0.9501187648456089
2016-09-09,sz.000056,12.7500,12.7600,12.5600,12.5800,12.7500,1996500,25208536.0000,3,0.697806,1,-1.333334,2.858967,179.523166,60.275627,81.461571,0,-1.3333333333333308
2016-09-12,sz.000056,12.5000,12.5000,12.1600,12.1900,12.5800,2402812,29490580.0000,3,0.839818,1,-3.100162,2.770334,173.957662,58.406987,78.936133,0,-3.1001589825119247
2016-09-13,sz.000056,12.3500,12.3900,12.2100,12.3000,12.1900,1436005,17638553.0000,3,0.501905,1,0.902384,2.795333,175.527420,58.934039,79.648436,0,0.9023789991796649
2016-09-14,sz.000056,12.3100,12.5900,12.2200,12.5000,12.3000,1990439,24868718.0000,3,0.695687,1,1.626015,2.840786,178.381524,59.892316,80.943532,0,1.6260162601625883
2016-09-19,sz.000056,12.5900,12.7000,12.4000,12.6300,12.5000,1495674,18874729.0000,3,0.522760,1,1.040001,2.870330,180.236692,60.515196,81.785345,0,1.0399999999999965
2016-09-20,sz.000056,12.6300,12.6800,12.4800,12.5000,12.6300,1209365,15185024.0000,3,0.422691,1,-1.029296,2.840786,178.381524,59.892316,80.943532,0,-1.0292953285827466
2016-09-21,sz.000056,12.5600,12.8300,12.5200,12.7100,12.5000,2203575,28009698.0000,3,0.770181,1,1.680000,2.888511,181.378334,60.898507,82.303384,0,1.6800000000000148
2016-09-22,sz.000056,12.7200,12.9400,12.7200,12.7600,12.7100,2692873,34620419.0000,3,0.941198,1,0.393392,2.899874,182.091860,61.138076,82.627158,0,0.3933910306844979
2016-09-23,sz.000056,12.7500,12.8500,12.5800,12.8100,12.7600,1581981,20133454.0000,3,0.552925,1,0.391851,2.911237,182.805386,61.377646,82.950932,0,0.39184952978057463
2016-09-26,sz.000056,12.7600,12.9600,12.5700,12.5800,12.8100,1575883,20039197.0000,3,0.550794,1,-1.795476,2.858967,179.523166,60.275627,81.461571,0,-1.795472287275568
2016-09-27,sz.000056,12.6400,12.7000,12.4900,12.6700,12.5800,893683,11284628.0000,3,0.312355,1,0.715422,2.879421,180.807513,60.706852,82.044364,0,0.7154213036566048
2016-09-28,sz.000056,12.6200,12.7000,12.3800,12.4500,12.6700,1300306,16286588.0000,3,0.454476,1,-1.736387,2.829423,177.667998,59.652747,80.619758,0,-1.7363851617995363
2016-09-29,sz.000056,12.4600,12.5500,12.3600,12.3900,12.4500,1135300,14134080.0000,3,0.396804,1,-0.481923,2.815787,176.811767,59.365264,80.231229,0,-0.48192771084336616
2016-09-30,sz.000056,12.4900,12.5800,12.3300,12.5000,12.3900,1195800,14910766.0000,3,0.417949,1,0.887810,2.840786,178.381524,59.892316,80.943532,0,0.8878127522195189
2016-10-10,sz.000056,12.5300,12.8900,12.5200,12.7400,12.5000,2213752,28076630.0000,3,0.773738,1,1.919998,2.895329,181.806449,61.042249,82.497648,0,1.9200000000000106
2016-10-11,sz.000056,12.7500,13.0000,12.6000,12.9100,12.7400,3217269,41215742.0000,3,1.124482,1,1.334381,2.933964,184.232438,61.856784,83.598480,0,1.3343799058084693
2016-10-12,sz.000056,12.7600,12.9400,12.7300,12.8000,12.9100,1529689,19585559.0000,3,0.534648,1,-0.852050,2.908965,182.662681,61.329732,82.886177,0,-0.8520526723470145
2016-10-13,sz.000056,12.7800,13.0200,12.7000,13.0200,12.8000,2668053,34412342.0000,3,0.932523,1,1.718752,2.958963,185.802195,62.383837,84.310783,0,1.7187499999999911
2016-10-14,sz.000056,12.9900,12.9900,12.7400,12.8300,13.0200,1453534,18670055.0000,3,0.508031,1,-1.459297,2.915783,183.090796,61.473473,83.080442,0,-1.4592933947772613
2016-10-17,sz.000056,12.8800,12.9300,12.5000,12.6700,12.8300,1775856,22745020.0000,3,0.620687,1,-1.247076,2.879421,180.807513,60.706852,82.044364,0,-1.247077162899457
2016-10-18,sz.000056,12.6100,12.8200,12.6100,12.8000,12.6700,1463300,18641495.0000,3,0.511445,1,1.026047,2.908965,182.662681,61.329732,82.886177,0,1.0260457774269982
2016-10-19,sz.000056,12.8900,12.8900,12.6000,12.6700,12.8000,1377132,17534404.0000,3,0.481328,1,-1.015626,2.879421,180.807513,60.706852,82.044364,0,-1.0156250000000089
2016-10-20,sz.000056,12.7000,12.7300,12.5400,12.6700,12.6700,1816767,22945455.0000,3,0.634986,1,0.000000,2.879421,180.807513,60.706852,82.044364,0,0.0
2016-10-21,sz.000056,12.6900,12.8700,12.5900,12.7100,12.6700,1503479,19062345.0000,3,0.525488,1,0.315706,2.888511,181.378334,60.898507,82.303384,0,0.31570639305447123
2016-10-24,sz.000056,12.7100,12.7900,12.5600,12.6900,12.7100,1631064,20678647.0000,3,0.570080,1,-0.157360,2.883966,181.092923,60.802679,82.173874,0,-0.15735641227381247
2016-10-25,sz.000056,12.6900,12.7600,12.6100,12.6700,12.6900,1550154,19648646.0000,3,0.541801,1,-0.157601,2.879421,180.807513,60.706852,82.044364,0,-0.1576044129235621
2016-10-26,sz.000056,12.6300,12.7000,12.5300,12.5700,12.6700,1512738,19038723.0000,3,0.528724,1,-0.789269,2.856694,179.380461,60.227713,81.396816,0,-0.7892659826361448
2016-10-27,sz.000056,12.5200,12.6200,12.5000,12.5800,12.5700,1402553,17614975.0000,3,0.490213,1,0.079556,2.858967,179.523166,60.275627,81.461571,0,0.07955449482894839
2016-10-28,sz.000056,12.5800,12.6900,12.4700,12.4700,12.5800,1460185,18376297.0000,3,0.510356,1,-0.874401,2.820601,172.426597,47.343324,25.917569,0,-0.8744038155802825
2016-10-31,sz.000056,12.4700,13.1800,12.4000,13.1500,12.4700,4602918,59177789.0000,3,1.608786,1,5.453082,2.974411,181.829170,49.924997,27.330877,0,5.453087409783475
2016-11-01,sz.000056,13.1500,13.1500,12.9000,13.0000,13.1500,4776348,62093853.0000,3,1.669403,1,-1.140682,2.940482,179.755073,49.355510,27.019118,0,-1.1406844106463865
2016-11-02,sz.000056,12.8700,13.0000,12.6300,12.6700,13.0000,3026665,38749465.0000,3,1.057863,1,-2.538461,2.865839,175.192060,48.102639,26.333248,0,-2.538461538461534
2016-11-03,sz.000056,12.5800,12.8400,12.5100,12.6000,12.6700,2103774,26649841.0000,3,0.735299,1,-0.552484,2.850006,174.224148,47.836879,26.187761,0,-0.5524861878453025
2016-11-04,sz.000056,12.6000,12.7500,12.5700,12.6400,12.6000,1536903,19414735.0000,3,0.537170,1,0.317460,2.859053,174.777241,47.988742,26.270896,0,0.31746031746031633
2016-11-07,sz.000056,12.6900,12.7000,12.5100,12.5300,12.6400,1827979,22933566.0000,3,0.638905,1,-0.870258,2.834172,173.256236,47.571119,26.042273,0,-0.8702531645569667
2016-11-08,sz.000056,12.5900,12.9000,12.5100,12.8000,12.5300,3075913,39157186.0000,3,1.075076,1,2.154832,2.895244,176.989611,48.596195,26.603439,0,2.154828411811671
2016-11-09,sz.000056,12.8600,12.9800,12.5100,12.5900,12.8000,3006410,38292487.0000,3,1.050784,1,-1.640625,2.847744,174.085875,47.798913,26.166977,0,-1.6406250000000067
2016-11-10,sz.000056,12.7200,12.8800,12.6000,12.8400,12.5900,2519043,32012211.0000,3,0.880442,1,1.985703,2.904292,177.542703,48.748058,26.686575,0,1.9857029388403502
2016-11-11,sz.000056,12.9000,12.9000,12.6900,12.7200,12.8400,2088164,26626146.0000,3,0.729844,1,-0.934579,2.877149,175.883426,48.292468,26.437168,0,-0.9345794392523255
2016-11-14,sz.000056,12.7900,12.7900,12.5600,12.6000,12.7200,3627886,45839603.0000,3,1.267999,1,-0.943395,2.850006,174.224148,47.836879,26.187761,0,-0.9433962264151052
2016-11-15,sz.000056,12.6900,12.6900,12.5300,12.5600,12.6000,4422512,55607706.0000,3,1.545732,1,-0.317460,2.840958,173.671056,47.685016,26.104625,0,-0.31746031746030523
2016-11-16,sz.000056,12.5700,12.7900,12.5700,12.7900,12.5600,4958045,62716082.0000,3,1.732909,1,1.831206,2.892982,176.851338,48.558229,26.582655,0,1.8312101910827883
2016-11-17,sz.000056,12.7300,12.7600,12.5800,12.6500,12.7900,2654519,33633104.0000,3,0.927793,1,-1.094608,2.861315,174.915514,48.026708,26.291680,0,-1.0946051602814588
2016-11-18,sz.000056,12.6900,12.7000,12.5700,12.6000,12.6500,2561762,32334295.0000,3,0.895373,1,-0.395251,2.850006,174.224148,47.836879,26.187761,0,-0.39525691699605625
2016-11-21,sz.000056,12.6000,12.9800,12.5400,12.8000,12.6000,4466401,56828011.0000,3,1.561072,1,1.587300,2.895244,176.989611,48.596195,26.603439,0,1.5873015873016039
2016-11-22,sz.000056,12.7800,12.8000,12.6300,12.7000,12.8000,2641885,33571743.0000,3,0.923377,1,-0.781253,2.872625,175.606879,48.216537,26.395600,0,-0.7812500000000111
2016-11-23,sz.000056,12.7600,12.8000,12.6500,12.7700,12.7000,2630346,33467894.0000,3,0.919344,1,0.551186,2.888458,176.574791,48.482297,26.541088,0,0.5511811023622082
2016-11-24,sz.000056,12.7700,12.9800,12.6500,12.6800,12.7700,3307222,42341182.0000,3,1.155922,1,-0.704778,2.868101,175.330333,48.140605,26.354032,0,-0.7047768206734473
2016-11-25,sz.000056,12.6000,12.7500,12.4000,12.7000,12.6800,2889409,36450573.0000,3,1.009890,1,0.157725,2.872625,175.606879,48.216537,26.395600,0,0.1577287066246047
2016-11-28,sz.000056,12.6300,12.8000,12.6000,12.7000,12.7000,3391371,43026988.0000,3,1.185333,1,0.000000,2.872625,175.606879,48.216537,26.395600,0,0.0
2016-11-29,sz.000056,12.7000,12.7700,12.6000,12.6100,12.7000,2922503,37079500.0000,3,1.021457,1,-0.708663,2.852268,174.362421,47.874845,26.208545,0,-0.7086614173228312
2016-11-30,sz.000056,12.5200,12.6800,12.5000,12.5200,12.6100,2522250,31653860.0000,3,0.881563,1,-0.713713,2.831911,173.117963,47.533153,26.021489,0,-0.7137192704202988
2016-12-01,sz.000056,12.4600,12.5500,12.4600,12.5000,12.5200,1844952,23080119.0000,3,0.644837,1,-0.159748,2.827387,172.841417,47.457221,25.979921,0,-0.15974440894568342
2016-12-02,sz.000056,12.5100,12.6800,12.3600,12.6300,12.5000,2820288,35179028.0000,3,0.985731,1,1.040001,2.856792,174.638968,47.950776,26.250112,0,1.0399999999999965
2016-12-05,sz.000056,12.5100,12.7200,12.4200,12.6100,12.6300,2068805,26065581.0000,3,0.723077,1,-0.158357,2.852268,174.362421,47.874845,26.208545,0,-0.15835312747427555
2016-12-06,sz.000056,12.6200,12.6600,12.5000,12.5600,12.6100,1328652,16698375.0000,3,0.464383,1,-0.396505,2.840958,173.671056,47.685016,26.104625,0,-0.3965107057890438
2016-12-07,sz.000056,12.6200,12.6700,12.5100,12.6600,12.5600,1887836,23732684.0000,3,0.659826,1,0.796174,2.863577,175.053787,48.064674,26.312464,0,0.79617834394905
2016-12-08,sz.000056,12.6900,12.7400,12.5700,12.6700,12.6600,2487803,31475539.0000,3,0.869523,1,0.078991,2.865839,175.192060,48.102639,26.333248,0,0.07898894154818592
2016-12-09,sz.000056,12.7000,12.7100,12.5600,12.6700,12.6700,1878694,23738987.0000,3,0.656631,1,0.000000,2.865839,175.192060,48.102639,26.333248,0,0.0
2016-12-12,sz.000056,12.6600,12.6600,12.0000,12.1500,12.6700,3223298,39699397.0000,3,1.126589,1,-4.104187,2.748220,168.001857,46.128419,25.252483,0,-4.104183109707971
2016-12-13,sz.000056,12.1500,12.2900,11.8900,12.1800,12.1500,2388720,28755523.0000,3,0.834892,1,0.246919,2.755006,168.416677,46.242316,25.314835,0,0.24691358024691024
2016-12-14,sz.000056,12.1700,12.3300,11.8800,12.2700,12.1800,2505278,30422114.0000,3,0.875631,1,0.738918,2.775363,169.661135,46.584008,25.501891,0,0.738916256157629
2016-12-15,sz.000056,12.3200,12.5800,12.1400,12.3900,12.2700,2051455,25427622.0000,3,0.717013,1,0.977994,2.802506,171.320412,47.039598,25.751298,0,0.9779951100244544
2016-12-16,sz.000056,12.3900,12.5500,12.2600,12.4000,12.3900,1632744,20167924.0000,3,0.570668,1,0.080704,2.804768,171.458685,47.077564,25.772082,0,0.08071025020177647
2016-12-19,sz.000056,12.3900,12.3900,12.2000,12.3400,12.4000,958522,11793390.0000,3,0.335017,1,-0.483867,2.791196,170.629047,46.849769,25.647378,0,-0.4838709677419395
2016-12-20,sz.000056,12.4300,12.4300,12.2000,12.2900,12.3400,1237365,15156923.0000,3,0.432477,1,-0.405188,2.779887,169.937681,46.659940,25.543459,0,-0.4051863857374438
2016-12-21,sz.000056,12.2900,12.3600,12.2500,12.3300,12.2900,1454069,17893890.0000,3,0.508218,1,0.325468,2.788934,170.490774,46.811803,25.626594,0,0.32546786004883366
2016-12-22,sz.000056,12.3300,12.9000,12.3100,12.8000,12.3300,6745375,85289000.0000,3,2.357606,1,3.811843,2.895244,176.989611,48.596195,26.603439,0,3.8118410381184242
2016-12-23,sz.000056,12.7000,12.7600,12.4600,12.4700,12.8000,2833885,35659751.0000,3,0.990484,1,-2.578125,2.820601,172.426597,47.343324,25.917569,0,-2.578124999999998
2016-12-26,sz.000056,12.4500,12.8100,12.2000,12.7800,12.4700,4494366,56584265.0000,3,1.570846,1,2.485962,2.890720,176.713065,48.520263,26.561871,0,2.4859663191659775
2016-12-27,sz.000056,12.7900,13.0400,12.7100,12.8300,12.7800,4290614,55353293.0000,3,1.499632,1,0.391238,2.902030,177.404430,48.710092,26.665791,0,0.391236306729259
2016-12-28,sz.000056,12.8700,13.9300,12.7100,13.6900,12.8300,15077857,203805652.0000,3,5.269929,1,6.703037,3.096554,189.295920,51.975149,28.453210,0,6.703039750584572
2016-12-29,sz.000056,13.5000,13.8100,13.4300,13.5400,13.6900,7446336,101213780.0000,3,2.602602,1,-1.095688,3.062625,187.221823,51.405662,28.141451,0,-1.0956902848794803
2016-12-30,sz.000056,13.4200,13.6700,13.1300,13.2500,13.5400,5711052,76160691.0000,3,1.996095,1,-2.141802,2.997030,183.211902,50.304655,27.538716,0,-2.1418020679468186
2017-01-03,sz.000056,13.2400,13.3000,12.9800,13.1100,13.2500,4752486,62338532.0000,3,1.661063,1,-1.056606,2.965363,181.276078,49.773134,27.247741,0,-1.0566037735849076
2017-01-04,sz.000056,13.1000,13.6900,13.0200,13.6000,13.1100,6424528,86221982.0000,3,2.245466,1,3.737611,3.076197,188.051461,51.633457,28.266154,0,3.7376048817696406
2017-01-05,sz.000056,13.6000,13.6000,13.1400,13.2300,13.6000,4980465,66331157.0000,3,1.740745,1,-2.720594,2.992506,182.935356,50.228723,27.497149,0,-2.720588235294108
2017-01-06,sz.000056,13.2300,13.4700,13.0600,13.1800,13.2300,3416015,45268983.0000,3,1.193947,1,-0.377923,2.981197,182.243990,50.038894,27.393229,0,-0.3779289493575311
2017-01-09,sz.000056,13.1800,13.2900,13.0600,13.1300,13.1800,2588696,34097330.0000,3,0.904787,1,-0.379364,2.969887,181.552624,49.849065,27.289309,0,-0.3793626707131903
2017-01-10,sz.000056,13.1300,14.0100,12.8500,13.6000,13.1300,10043990,136327662.0000,3,3.510520,1,3.579591,3.076197,188.051461,51.633457,28.266154,0,3.5795887281035776
2017-01-11,sz.000056,13.5900,14.6000,13.5300,14.5600,13.6000,19440762,276161184.0000,3,6.794828,1,7.058824,3.293340,201.325682,55.278171,30.261412,0,7.058823529411762
2017-01-12,sz.000056,14.4100,14.7900,13.8000,13.9700,14.5600,10651602,151163890.0000,3,3.722889,1,-4.052199,3.159887,193.167567,53.038190,29.035160,0,-4.052197802197799
2017-01-13,sz.000056,13.8200,14.2000,13.6200,13.6200,13.9700,5634612,78249631.0000,3,1.969378,1,-2.505371,3.080721,188.328008,51.709388,28.307722,0,-2.505368647100936
2017-01-16,sz.000056,13.6000,13.8400,12.3100,12.7200,13.6200,7223401,95110306.0000,3,2.524683,1,-6.607927,2.877149,175.883426,48.292468,26.437168,0,-6.607929515418487
2017-01-17,sz.000056,12.7200,12.9000,12.3200,12.8900,12.7200,4488977,56435871.0000,3,1.568962,1,1.336479,2.915601,178.234069,48.937887,26.790495,0,1.3364779874213806
2017-01-18,sz.000056,12.7500,13.1200,12.7500,12.9200,12.8900,3754282,48661428.0000,3,1.312176,1,0.232737,2.922387,178.648888,49.051784,26.852847,0,0.2327385570209506
2017-01-19,sz.000056,12.6300,12.9200,12.5100,12.5600,12.9200,2781934,35401869.0000,3,0.972326,1,-2.786375,2.840958,173.671056,47.685016,26.104625,0,-2.786377708978327
2017-01-20,sz.000056,12.4600,12.6800,12.4600,12.6000,12.5600,2562367,32273354.0000,3,0.895584,1,0.318471,2.850006,174.224148,47.836879,26.187761,0,0.31847133757960666
2017-01-23,sz.000056,12.6600,13.0800,12.6100,12.9900,12.6000,3774205,48748401.0000,3,1.319139,1,3.095233,2.938220,179.616800,49.317544,26.998334,0,3.0952380952381064
2017-01-24,sz.000056,13.0200,13.1100,12.9000,12.9900,12.9900,2182757,28419555.0000,3,0.762905,1,0.000000,2.938220,179.616800,49.317544,26.998334,0,0.0
2017-01-25,sz.000056,13.0200,13.1300,12.9200,12.9900,12.9900,2091454,27222929.0000,3,0.730993,1,0.000000,2.938220,179.616800,49.317544,26.998334,0,0.0
2017-01-26,sz.000056,13.0100,13.1600,12.9800,13.1600,12.9900,2071682,27085955.0000,3,0.724083,1,1.308700,2.976673,181.967444,49.962963,27.351661,0,1.3086989992301845
2017-02-03,sz.000056,13.2100,13.3900,13.1100,13.3600,13.1600,2890052,38440186.0000,3,1.010115,1,1.519755,3.021911,184.732906,50.722278,27.767340,0,1.5197568389057725
2017-02-06,sz.000056,13.3700,13.5500,13.2000,13.3900,13.3600,3026301,40492766.0000,3,1.057736,1,0.224556,3.028697,185.147726,50.836175,27.829692,0,0.22455089820359042
2017-02-07,sz.000056,13.3500,13.4800,13.2200,13.4100,13.3900,2315054,30760436.0000,3,0.809145,1,0.149362,3.033220,185.424272,50.912107,27.871259,0,0.14936519790889058
2017-02-08,sz.000056,13.9000,13.9000,13.3100,13.4200,13.4100,3323206,44811386.0000,3,1.161509,1,0.074573,3.035482,185.562545,50.950073,27.892043,0,0.07457121551082135
2017-02-09,sz.000056,13.3100,13.5500,13.3100,13.4500,13.4200,3374824,45343008.0000,3,1.179550,1,0.223545,3.042268,185.977364,51.063970,27.954395,0,0.22354694485842153
2017-02-10,sz.000056,13.3300,13.4500,13.0100,13.4000,13.4500,3148424,41739349.0000,3,1.100420,1,-0.371749,3.030959,185.285999,50.874141,27.850476,0,-0.3717472118959009
2017-02-13,sz.000056,13.3100,13.4800,13.3100,13.4500,13.4000,2071365,27781471.0000,3,0.723972,1,0.373136,3.042268,185.977364,51.063970,27.954395,0,0.3731343283581934
2017-02-14,sz.000056,13.4800,13.5000,13.3600,13.4000,13.4500,1918202,25758479.0000,3,0.670439,1,-0.371749,3.030959,185.285999,50.874141,27.850476,0,-0.3717472118959009
2017-02-15,sz.000056,13.4200,13.4200,13.2600,13.2700,13.4000,2224600,29648241.0000,3,0.777530,1,-0.970143,3.001554,183.488448,50.380586,27.580284,0,-0.970149253731345
2017-02-16,sz.000056,13.2700,13.5400,13.2200,13.3900,13.2700,2157784,28945029.0000,3,0.754177,1,0.904295,3.028697,185.147726,50.836175,27.829692,0,0.9042954031650341
2017-02-17,sz.000056,13.3200,13.3800,13.0100,13.2600,13.3900,2687500,35485524.0000,3,0.939320,1,-0.970875,2.999292,183.350175,50.342620,27.559500,0,-0.9708737864077777
2017-02-20,sz.000056,13.2200,13.3200,13.0300,13.1000,13.2600,2555326,33520458.0000,3,0.893123,1,-1.206635,2.963101,181.137805,49.735168,27.226957,0,-1.2066365007541435
2017-02-21,sz.000056,13.1200,13.1800,13.0500,13.1000,13.1000,1798688,23563449.0000,3,0.628667,1,0.000000,2.963101,181.137805,49.735168,27.226957,0,0.0
2017-02-22,sz.000056,13.1000,13.2000,12.6400,12.7000,13.1000,6398540,82258910.0000,3,2.236382,1,-3.053439,2.872625,175.606879,48.216537,26.395600,0,-3.053435114503822
2017-02-23,sz.000056,12.7000,12.8000,12.6200,12.7600,12.7000,2641860,33609968.0000,3,0.923368,1,0.472444,2.886196,176.436518,48.444331,26.520304,0,0.47244094488190225
2017-02-24,sz.000056,12.7900,12.8100,12.6400,12.7600,12.7600,1946602,24759748.0000,3,0.680366,1,0.000000,2.886196,176.436518,48.444331,26.520304,0,0.0
2017-02-27,sz.000056,12.7800,12.8800,12.7000,12.7600,12.7600,2672475,34159867.0000,3,0.934069,1,0.000000,2.886196,176.436518,48.444331,26.520304,0,0.0
2017-02-28,sz.000056,12.7000,12.7900,12.6900,12.7200,12.7600,1980480,25218777.0000,3,0.692206,1,-0.313479,2.877149,175.883426,48.292468,26.437168,0,-0.31347962382444194
2017-03-01,sz.000056,12.7200,12.7600,12.6100,12.6900,12.7200,3062667,38794466.0000,3,1.070446,1,-0.235854,2.870363,175.468606,48.178571,26.374816,0,-0.2358490566037874
2017-03-02,sz.000056,12.6900,12.7200,12.0300,12.5000,12.6900,4703800,58825800.0000,3,1.644046,1,-1.497239,2.827387,172.841417,47.457221,25.979921,0,-1.4972419227738287
2017-03-03,sz.000056,12.4900,12.5500,12.4000,12.5300,12.5000,1526362,19080497.0000,3,0.533486,1,0.239998,2.834172,173.256236,47.571119,26.042273,0,0.23999999999999577
2017-03-06,sz.000056,12.5600,12.7900,12.5300,12.6800,12.5300,2695769,34157947.0000,3,0.942210,1,1.197131,2.868101,175.330333,48.140605,26.354032,0,1.1971268954509284
2017-03-07,sz.000056,12.6600,12.8000,12.6600,12.7900,12.6800,2039764,25998919.0000,3,0.712927,1,0.867505,2.892982,176.851338,48.558229,26.582655,0,0.8675078864353258
2017-03-08,sz.000056,12.7600,12.8600,12.6400,12.8100,12.7900,1570102,20076713.0000,3,0.548773,1,0.156376,2.897506,177.127884,48.634160,26.624223,0,0.15637216575450363
2017-03-09,sz.000056,12.8100,12.8200,12.6200,12.8100,12.8100,2041922,26018159.0000,3,0.713681,1,0.000000,2.897506,177.127884,48.634160,26.624223,0,0.0
2017-03-10,sz.000056,12.8100,12.8600,12.7100,12.8300,12.8100,1806188,23124672.0000,3,0.631289,1,0.156124,2.902030,177.404430,48.710092,26.665791,0,0.15612802498048417
2017-03-13,sz.000056,12.8300,12.9000,12.7100,12.8500,12.8300,1620400,20795786.0000,3,0.566353,1,0.155888,2.906554,177.680976,48.786023,26.707359,0,0.1558846453624252
2017-03-14,sz.000056,12.8600,13.0500,12.8000,12.9400,12.8500,2826376,36498949.0000,3,0.987859,1,0.700383,2.926911,178.925435,49.127715,26.894414,0,0.7003891050583633
2017-03-15,sz.000056,12.9400,12.9900,12.7600,12.8600,12.9400,1485056,19141554.0000,3,0.519049,1,-0.618237,2.908815,177.819250,48.823989,26.728143,0,-0.6182380216383287
2017-03-16,sz.000056,12.8500,13.0600,12.8400,12.9500,12.8600,2001147,25932948.0000,3,0.699430,1,0.699846,2.929173,179.063708,49.165681,26.915198,0,0.6998444790046632
2017-03-17,sz.000056,12.9600,13.0600,12.8400,12.8800,12.9500,1843288,23850108.0000,3,0.644256,1,-0.540538,2.913339,178.095796,48.899921,26.769711,0,-0.5405405405405239
2017-03-20,sz.000056,12.8600,13.2200,12.8100,13.1900,12.8800,2938063,38410051.0000,3,1.026896,1,2.406828,2.983458,182.382263,50.076860,27.414013,0,2.4068322981366297
2017-03-21,sz.000056,13.1000,13.1900,12.9100,13.0200,13.1900,2318575,30160288.0000,3,0.810376,1,-1.288849,2.945006,180.031620,49.431442,27.060686,0,-1.2888551933282755
2017-03-22,sz.000056,13.0000,13.0000,12.7100,12.8000,13.0200,2122645,27200422.0000,3,0.741895,1,-1.689710,2.895244,176.989611,48.596195,26.603439,0,-1.6897081413210335
2017-03-23,sz.000056,12.8100,12.9000,12.7100,12.8100,12.8000,1246218,15953530.0000,3,0.435571,1,0.078127,2.897506,177.127884,48.634160,26.624223,0,0.07812499999999556
2017-03-24,sz.000056,12.8200,12.8800,12.6600,12.6700,12.8100,1778068,22605816.0000,3,0.621461,1,-1.092899,2.865839,175.192060,48.102639,26.333248,0,-1.0928961748633892
2017-03-27,sz.000056,12.6700,12.8400,12.5700,12.6100,12.6700,1586220,20048101.0000,3,0.554407,1,-0.473563,2.852268,174.362421,47.874845,26.208545,0,-0.47355958958169575
2017-03-28,sz.000056,12.6100,12.6800,12.5000,12.5900,12.6100,1319424,16599991.0000,3,0.461158,1,-0.158600,2.847744,174.085875,47.798913,26.166977,0,-0.15860428231562196
2017-03-29,sz.000056,12.6700,12.7200,12.5200,12.5800,12.5900,1668180,21038119.0000,3,0.583053,1,-0.079430,2.845482,173.947602,47.760947,26.146193,0,-0.0794281175536149
2017-03-30,sz.000056,12.5800,12.6300,12.4000,12.4500,12.5800,1632400,20351568.0000,3,0.570547,1,-1.033387,2.816077,172.150051,47.267392,25.876002,0,-1.0333863275039823
2017-03-31,sz.000056,12.5000,12.9800,12.4000,12.8900,12.4500,3681667,47095526.0000,3,1.286796,1,3.534141,2.915601,178.234069,48.937887,26.790495,0,3.534136546184752
2017-04-05,sz.000056,12.7600,12.9900,12.3300,12.8700,12.8900,2986800,37980760.0000,3,1.043930,1,-0.155163,2.911077,177.957523,48.861955,26.748927,0,-0.15515903801397446
2017-04-06,sz.000056,12.8500,12.8500,12.6600,12.7100,12.8700,1701564,21630324.0000,3,0.594721,1,-1.243200,2.874887,175.745153,48.254503,26.416384,0,-1.2432012432012307
2017-04-07,sz.000056,12.6800,12.7100,12.5400,12.5600,12.7100,1443703,18185224.0000,3,0.504595,1,-1.180170,2.840958,173.671056,47.685016,26.104625,0,-1.1801730920535047
2017-04-10,sz.000056,12.5500,12.6400,12.4500,12.4800,12.5600,1379780,17287279.0000,3,0.482253,1,-0.636950,2.822863,172.564871,47.381290,25.938353,0,-0.6369426751592355
2017-04-11,sz.000056,12.4800,12.6200,12.3400,12.5700,12.4800,1571906,19612352.0000,3,0.549404,1,0.721155,2.843220,173.809329,47.722982,26.125409,0,0.7211538461538547
2017-04-12,sz.000056,12.7400,12.9200,12.5700,12.6300,12.5700,4272968,54534480.0000,3,1.493464,1,0.477330,2.856792,174.638968,47.950776,26.250112,0,0.4773269689737569
2017-04-13,sz.000056,12.6400,12.6800,12.4200,12.4600,12.6300,2146295,26782269.0000,3,0.750161,1,-1.346002,2.818339,172.288324,47.305358,25.896785,0,-1.3460015835312755
2017-04-14,sz.000056,12.4300,12.4700,12.2700,12.2700,12.4600,1799060,22197115.0000,3,0.628798,1,-1.524876,2.775363,169.661135,46.584008,25.501891,0,-1.5248796147672605
2017-04-17,sz.000056,12.2700,12.3800,12.1600,12.2000,12.2700,1333800,16326523.0000,3,0.466182,1,-0.570502,2.759529,119.996021,35.719913,25.356403,0,-0.5704971475142595
2017-04-18,sz.000056,12.2900,12.2900,12.1600,12.1800,12.2000,815884,9957409.0000,3,0.285163,1,-0.163930,2.755006,119.799306,35.661355,25.314835,0,-0.16393442622950616
2017-04-19,sz.000056,12.2500,12.2600,11.8800,12.0500,12.1800,1395800,16786549.0000,3,0.487852,1,-1.067324,2.725601,118.520660,35.280733,25.044644,0,-1.0673234811165777
2017-04-20,sz.000056,12.0400,12.2600,11.5500,12.0000,12.0500,1622781,19396002.0000,3,0.567185,1,-0.414939,2.714291,118.028873,35.134340,24.940724,0,-0.4149377593361092
2017-04-21,sz.000056,11.9600,12.1600,11.7200,11.9700,12.0000,1045837,12516423.0000,3,0.365535,1,-0.249998,2.707506,117.733801,35.046504,24.878373,0,-0.24999999999999467
2017-04-24,sz.000056,11.7900,11.9400,11.6900,11.7000,11.9700,932652,10967073.0000,3,0.325975,1,-2.255643,2.646434,115.078151,34.255982,24.317206,0,-2.2556390977443774
2017-04-25,sz.000056,11.7800,11.9000,11.6500,11.6900,11.7000,1093340,12865359.0000,3,0.382138,1,-0.085472,2.590139,92.358159,33.805027,60.704695,0,-0.08547008547008517
2017-04-26,sz.000056,11.7600,11.7900,11.5700,11.6300,11.6900,652640,7617546.0000,3,0.228107,1,-0.513255,2.576845,91.884122,33.631519,60.393122,0,-0.5132591958939114
2017-04-27,sz.000056,11.6300,11.7000,11.0500,11.6600,11.6300,1959407,22353522.0000,3,0.684841,1,0.257951,2.583492,92.121141,33.718273,60.548908,0,0.2579535683576939
2017-04-28,sz.000056,11.6900,11.8800,11.5000,11.7100,11.6600,1432760,16775092.0000,3,0.500770,1,0.428818,2.594571,92.516171,33.862863,60.808552,0,0.42881646655232863
2017-05-02,sz.000056,11.8500,11.8500,11.6800,11.8100,11.7100,899100,10572885.0000,3,0.314248,1,0.853974,2.616727,93.306233,34.152042,61.327840,0,0.853970964987183
2017-05-03,sz.000056,11.8600,11.8600,11.7100,11.8200,11.8100,899271,10597257.0000,3,0.314308,1,0.084668,2.618943,93.385239,34.180959,61.379768,0,0.08467400508043177
2017-05-04,sz.000056,11.8800,11.8800,11.7100,11.8100,11.8200,815300,9623418.0000,3,0.284959,1,-0.084596,2.616727,93.306233,34.152042,61.327840,0,-0.08460236886632666
2017-05-05,sz.000056,11.8200,11.8600,11.5700,11.6500,11.8100,1001662,11730186.0000,3,0.350095,1,-1.354791,2.581276,92.042135,33.689355,60.496980,0,-1.3547840812870415
2017-05-08,sz.000056,11.6500,11.7000,11.3100,11.3200,11.6500,937420,10784381.0000,3,0.327642,1,-2.832618,2.508159,89.434933,32.735064,58.783331,0,-2.832618025751077
2017-05-09,sz.000056,11.2700,11.4600,11.2600,11.3900,11.3200,682600,7748073.0000,3,0.238579,1,0.618380,2.523669,89.987975,32.937490,59.146833,0,0.6183745583038913
2017-05-10,sz.000056,11.3900,11.6000,11.2600,11.3600,11.3900,581500,6627159.0000,3,0.203243,1,-0.263395,2.517022,89.750957,32.850736,58.991046,0,-0.26338893766463256
2017-05-11,sz.000056,11.3000,11.3400,10.7100,11.3100,11.3600,1370897,15175645.0000,3,0.479148,1,-0.440134,2.505943,89.355926,32.706147,58.731403,0,-0.4401408450704136
2017-05-12,sz.000056,11.2100,11.5200,11.0600,11.4400,11.3100,1031262,11681716.0000,3,0.360441,1,1.149418,2.534747,90.383006,33.082079,59.406476,0,1.1494252873563093
2017-05-15,sz.000056,11.4700,11.9900,11.3600,11.7900,11.4400,2330726,27409773.0000,3,0.814622,1,3.059444,2.612296,93.148220,34.094206,61.223982,0,3.0594405594405627
2017-05-16,sz.000056,11.7000,11.8000,11.3400,11.7400,11.7900,2090524,24140179.0000,3,0.730668,1,-0.424090,2.601218,92.753190,33.949616,60.964338,0,-0.42408821034773947
2017-05-17,sz.000056,11.7400,11.7500,11.5900,11.6100,11.7400,772900,9001734.0000,3,0.270140,1,-1.107326,2.572414,91.726110,33.573684,60.289265,0,-1.1073253833049468
2017-05-18,sz.000056,11.5800,11.6100,11.3700,11.3900,11.6100,584900,6707700.0000,3,0.204431,1,-1.894912,2.523669,89.987975,32.937490,59.146833,0,-1.8949181739879362
2017-05-19,sz.000056,11.4500,11.4900,11.3200,11.4100,11.3900,597947,6818568.0000,3,0.208991,1,0.175588,2.528100,90.145988,32.995326,59.250690,0,0.17559262510973284
2017-05-22,sz.000056,11.4600,11.4600,11.1000,11.2900,11.4100,1040956,11712763.0000,3,0.363829,1,-1.051708,2.501512,89.197914,32.648311,58.627545,0,-1.0517090271691565
2017-05-23,sz.000056,11.3400,11.4800,11.1200,11.2400,11.2900,1128900,12793907.0000,3,0.394567,1,-0.442871,2.490433,88.802884,32.503721,58.367901,0,-0.44286979627988776
2017-05-24,sz.000056,10.8900,11.5100,10.8900,11.4700,11.2400,1270965,14461342.0000,3,0.444221,1,2.046268,2.541394,90.620024,33.168833,59.562262,0,2.0462633451957313
2017-05-25,sz.000056,11.4800,11.7400,11.3300,11.6800,11.4700,1124669,13007966.0000,3,0.393088,1,1.830863,2.587924,92.279153,33.776109,60.652766,0,1.8308631211856996
2017-05-26,sz.000056,11.6600,11.8800,11.6100,11.6200,11.6800,739402,8686398.0000,3,0.258432,1,-0.513702,2.574629,91.805116,33.602601,60.341194,0,-0.5136986301369939
2017-05-31,sz.000056,11.6100,11.8000,11.5200,11.5500,11.6200,437189,5084489.0000,3,0.152804,1,-0.602407,2.559120,91.252073,33.400176,59.977692,0,-0.6024096385542022
2017-06-01,sz.000056,11.5400,11.5700,11.4100,11.4100,11.5500,649800,7467667.0000,3,0.227115,1,-1.212124,2.528100,90.145988,32.995326,59.250690,0,-1.21212121212122
2017-06-02,sz.000056,11.3000,11.8000,11.1700,11.8000,11.4100,1420331,16450292.0000,3,0.496426,1,3.418057,2.614512,93.227226,34.123124,61.275911,0,3.4180543382997364
2017-06-05,sz.000056,11.7900,11.9300,11.6900,11.7700,11.8000,1756826,20720803.0000,3,0.614036,1,-0.254235,2.607865,92.990208,34.036370,61.120125,0,-0.25423728813560587
2017-06-06,sz.000056,11.7300,11.9100,11.5300,11.9000,11.7700,1445481,16934859.0000,3,0.505217,1,1.104496,2.636669,94.017288,34.412303,61.795198,0,1.1045029736618694
2017-06-07,sz.000056,11.8700,12.0600,11.7300,11.9200,11.9000,1310894,15607757.0000,3,0.458176,1,0.168071,2.641100,94.175300,34.470138,61.899056,0,0.1680672268907557
2017-06-08,sz.000056,11.9400,12.0900,11.8200,11.9800,11.9200,1402151,16772902.0000,3,0.490072,1,0.503351,2.654394,94.649337,34.643646,62.210628,0,0.5033557046979942
2017-06-09,sz.000056,12.0300,12.0300,11.7000,11.7300,11.9800,1078486,12697303.0000,3,0.376946,1,-2.086812,2.599002,92.674184,33.920698,60.912410,0,-2.086811352253759
2017-06-12,sz.000056,11.7500,11.7700,11.5200,11.5500,11.7300,648310,7534205.0000,3,0.226594,1,-1.534521,2.559120,91.252073,33.400176,59.977692,0,-1.534526854219942
2017-06-13,sz.000056,11.5500,11.7200,11.5400,11.6600,11.5500,474918,5535930.0000,3,0.165991,1,0.952378,2.583492,92.121141,33.718273,60.548908,0,0.952380952380949
2017-06-14,sz.000056,11.6900,11.7300,11.5700,11.6100,11.6600,352000,4087593.0000,3,0.123029,1,-0.428818,2.572414,91.726110,33.573684,60.289265,0,-0.42881646655231753
2017-06-15,sz.000056,11.5900,11.9000,11.5500,11.8300,11.6100,847751,9905916.0000,3,0.296301,1,1.894920,2.621159,93.464245,34.209877,61.431697,0,1.8949181739879473
2017-06-16,sz.000056,11.8300,11.9300,11.7100,11.7800,11.8300,951200,11263698.0000,3,0.332458,1,-0.422656,2.610080,93.069214,34.065288,61.172053,0,-0.4226542688081203
2017-06-19,sz.000056,11.7700,11.8700,11.7200,11.7400,11.7800,478518,5632243.0000,3,0.167249,1,-0.339558,2.601218,92.753190,33.949616,60.964338,0,-0.3395585738539819
2017-06-20,sz.000056,11.8300,11.8300,11.6700,11.7500,11.7400,601640,7049364.0000,3,0.210282,1,0.085181,2.603433,92.832196,33.978534,61.016267,0,0.08517887563883608
2017-06-21,sz.000056,11.7900,11.8300,11.6700,11.7500,11.7500,551500,6466668.0000,3,0.192757,1,0.000000,2.603433,92.832196,33.978534,61.016267,0,0.0
2017-06-22,sz.000056,11.8300,11.8400,11.6200,11.6300,11.7500,945736,11121719.0000,3,0.330548,1,-1.021276,2.576845,91.884122,33.631519,60.393122,0,-1.021276595744669
2017-06-23,sz.000056,11.6300,11.8300,11.2300,11.7500,11.6300,2252247,26127501.0000,3,0.787193,1,1.031813,2.603433,92.832196,33.978534,61.016267,0,1.0318142734307756
2017-06-26,sz.000056,11.7900,11.7900,11.6300,11.7200,11.7500,612040,7163232.0000,3,0.213917,1,-0.255317,2.596786,92.595177,33.891780,60.860481,0,-0.2553191489361617
2017-06-27,sz.000056,11.7200,11.7800,11.5000,11.5900,11.7200,819899,9554331.0000,3,0.286567,1,-1.109216,2.567982,91.568098,33.515848,60.185407,0,-1.1092150170648574
2017-06-28,sz.000056,11.5900,11.5900,11.4500,11.4800,11.5900,604500,6947460.0000,3,0.211282,1,-0.949099,2.543610,90.699030,33.197751,59.614191,0,-0.9490940465918807
2017-06-29,sz.000056,11.4200,11.7100,11.4100,11.6000,11.4800,1301528,15119994.0000,3,0.454903,1,1.045303,2.570198,91.647104,33.544766,60.237336,0,1.0452961672473782
2017-06-30,sz.000056,11.6000,12.0600,11.5700,11.9500,11.6000,2986753,35569798.0000,3,1.043913,1,3.017236,2.647747,94.412318,34.556892,62.054842,0,3.0172413793103425
2017-07-03,sz.000056,11.9200,12.4000,11.9200,12.2000,11.9500,2792978,34106016.0000,3,0.976186,1,2.092050,2.703139,96.387471,35.279840,63.353060,0,2.092050209205021
2017-07-04,sz.000056,12.2100,12.2700,12.0300,12.1300,12.2000,977320,11846038.0000,3,0.341587,1,-0.573768,2.687629,95.834429,35.077414,62.989559,0,-0.5737704918032716
2017-07-05,sz.000056,12.2000,12.3200,11.9100,12.2400,12.1300,1353960,16440158.0000,3,0.473229,1,0.906840,2.712002,96.703496,35.395511,63.560775,0,0.906842539159114
2017-07-06,sz.000056,12.1800,12.3300,12.0800,12.2100,12.2400,1040799,12729775.0000,3,0.363774,1,-0.245096,2.705355,96.466478,35.308758,63.404989,0,-0.2450980392156854
2017-07-07,sz.000056,12.1800,12.4100,12.0400,12.2100,12.2100,934702,11439912.0000,3,0.326692,1,0.000000,2.705355,96.466478,35.308758,63.404989,0,0.0
2017-07-10,sz.000056,12.2200,12.3400,12.0900,12.1800,12.2100,722860,8835291.0000,3,0.252650,1,-0.245698,2.698708,96.229459,35.222004,63.249203,0,-0.24570024570025328
2017-07-11,sz.000056,12.1600,12.1900,11.9300,12.0400,12.1800,1576684,18974123.0000,3,0.551074,1,-1.149428,2.667688,95.123373,34.817153,62.522201,0,-1.1494252873563315
2017-07-12,sz.000056,12.0200,12.2800,11.8800,12.1600,12.0400,1030700,12421961.0000,3,0.360245,1,0.996677,2.694277,96.071447,35.164168,63.145345,0,0.996677740863805
2017-07-13,sz.000056,12.1300,12.2900,12.0900,12.2000,12.1600,572800,6972946.0000,3,0.200202,1,0.328947,2.703139,96.387471,35.279840,63.353060,0,0.3289473684210398
2017-07-14,sz.000056,12.3000,12.8800,12.1900,12.8400,12.2000,4576254,57914186.0000,3,1.599467,1,5.245904,2.844943,101.443863,37.130585,66.676500,0,5.245901639344264
2017-07-17,sz.000056,12.8000,12.9500,12.2000,12.3100,12.8400,2904459,36194010.0000,3,1.015150,1,-4.127724,2.727512,97.256539,35.597937,63.924276,0,-4.1277258566978166
2017-07-18,sz.000056,12.1200,12.5200,12.0100,12.4000,12.3100,1548801,18962840.0000,3,0.541328,1,0.731106,2.747453,97.967594,35.858198,64.391635,0,0.7311129163281915
2017-07-19,sz.000056,12.3900,12.8600,12.0600,12.7000,12.4000,2324117,29276624.0000,3,0.812313,1,2.419356,2.813924,100.337778,36.725735,65.949497,0,2.4193548387096753
2017-07-20,sz.000056,12.5200,13.0400,12.5200,12.9100,12.7000,3196050,41223885.0000,3,1.117066,1,1.653544,2.860453,101.996906,37.333011,67.040001,0,1.6535433070866246
2017-07-21,sz.000056,12.9100,13.0100,12.7200,12.9600,12.9100,1847950,23822339.0000,3,0.645885,1,0.387298,2.871532,102.391937,37.477600,67.299644,0,0.38729666924866013
2017-07-24,sz.000056,12.8700,13.0900,12.7000,12.7300,12.9600,1967002,25374879.0000,3,0.687496,1,-1.774695,2.820571,100.574796,36.812489,66.105283,0,-1.7746913580246937
2017-07-25,sz.000056,12.7100,12.8500,12.4500,12.8100,12.7300,1326680,16754757.0000,3,0.463694,1,0.628444,2.838296,101.206845,37.043832,66.520713,0,0.628436763550666
2017-07-26,sz.000056,12.8000,12.9300,12.5000,12.6900,12.8100,1316100,16746390.0000,3,0.459996,1,-0.936775,2.811708,100.258772,36.696817,65.897568,0,-0.9367681498829161
2017-07-27,sz.000056,12.5600,12.9500,12.4300,12.8900,12.6900,1783896,22695780.0000,3,0.623497,1,1.576050,2.856022,101.838894,37.275175,66.936143,0,1.5760441292356209
2017-07-28,sz.000056,12.8900,13.1300,12.7800,12.8800,12.8900,2015500,26139519.0000,3,0.704446,1,-0.077581,2.853806,101.759888,37.246257,66.884215,0,-0.07757951900697613
2017-07-31,sz.000056,12.8900,13.1000,12.8300,12.8900,12.8800,1836860,23797299.0000,3,0.642009,1,0.077642,2.856022,101.838894,37.275175,66.936143,0,0.07763975155279379
2017-08-01,sz.000056,12.8500,12.9800,12.5900,12.7800,12.8900,1375642,17511652.0000,3,0.480807,1,-0.853379,2.831649,100.969827,36.957078,66.364927,0,-0.8533747090768151
2017-08-02,sz.000056,12.7900,13.3000,12.7100,13.2000,12.7800,5112212,67004267.0000,3,1.786792,1,3.286386,2.924708,104.288084,38.171630,68.545934,0,3.2863849765258246
2017-08-03,sz.000056,13.3000,13.9800,13.2000,13.6500,13.2000,7341106,100303895.0000,3,2.565823,1,3.409090,3.024414,107.843359,39.472935,70.882727,0,3.409090909090917
2017-08-04,sz.000056,13.6100,13.7000,13.2600,13.3800,13.6500,2925601,39166171.0000,3,1.022540,1,-1.978018,2.964590,105.710194,38.692152,69.480651,0,-1.978021978021971
2017-08-07,sz.000056,13.2700,13.4300,13.0600,13.2800,13.3800,1840410,24310197.0000,3,0.643250,1,-0.747387,3.013087,107.439465,39.325102,70.617258,0,-0.7473841554559102
2017-08-08,sz.000056,13.2900,13.3400,12.8500,12.8700,13.2800,3153729,41054986.0000,3,1.102274,1,-3.087348,2.920062,104.122433,38.110998,68.437056,0,-3.0873493975903665
2017-08-09,sz.000056,12.8800,12.9500,12.4400,12.7400,12.8700,3077160,38823119.0000,3,1.075512,1,-1.010102,2.890567,103.070692,37.726039,67.745773,0,-1.0101010101010055
2017-08-10,sz.000056,12.6600,12.7400,12.4300,12.4600,12.7400,2323862,29151959.0000,3,0.812223,1,-2.197800,2.827038,100.805402,36.896895,66.256855,0,-2.19780219780219
2017-08-11,sz.000056,12.4100,12.5900,12.3700,12.5700,12.4600,1189574,14850782.0000,3,0.415773,1,0.882822,2.851996,101.695337,37.222630,66.841787,0,0.8828250401283988
2017-08-14,sz.000056,12.6100,12.7400,12.5600,12.5700,12.5700,1188006,15015809.0000,3,0.415225,1,0.000000,2.851996,101.695337,37.222630,66.841787,0,0.0
2017-08-15,sz.000056,12.6600,13.0200,12.6600,12.7100,12.5700,1594600,20471349.0000,3,0.557336,1,1.113766,2.883760,102.827982,37.637202,67.586246,0,1.1137629276054106
2017-08-16,sz.000056,12.6800,12.8100,12.5600,12.6500,12.7100,977800,12342870.0000,3,0.341755,1,-0.472073,2.870147,102.342563,37.459528,67.267192,0,-0.4720692368214041
2017-08-17,sz.000056,12.5400,12.6700,12.5000,12.6000,12.6500,726180,9124409.0000,3,0.253810,1,-0.395251,2.858802,101.938047,37.311467,67.001314,0,-0.39525691699605625
2017-08-18,sz.000056,12.5800,12.5800,12.3000,12.4500,12.6000,1245464,15428381.0000,3,0.435308,1,-1.190481,2.824769,100.724498,36.867283,66.203679,0,-1.1904761904761973
2017-08-21,sz.000056,12.4500,12.5300,12.3500,12.3900,12.4500,897240,11147204.0000,3,0.313598,1,-0.481923,2.811156,100.239079,36.689609,65.884625,0,-0.48192771084336616
2017-08-22,sz.000056,12.3800,12.5000,12.3200,12.3400,12.3900,913400,11307133.0000,3,0.319247,1,-0.403553,2.799811,99.834563,36.541548,65.618747,0,-0.40355125100888234
2017-08-23,sz.000056,12.3400,12.4200,12.3200,12.3700,12.3400,737000,9111732.0000,3,0.257592,1,0.243110,2.806618,100.077273,36.630385,65.778274,0,0.24311183144245518
2017-08-24,sz.000056,12.3100,12.4200,12.2500,12.2500,12.3700,624740,7682518.0000,3,0.218356,1,-0.970088,2.779391,99.106434,36.275037,65.140166,0,-0.9700889248181022
2017-08-25,sz.000056,12.2900,12.4300,12.2700,12.3700,12.2500,522165,6455491.0000,3,0.182504,1,0.979591,2.806618,100.077273,36.630385,65.778274,0,0.9795918367346834
2017-08-28,sz.000056,12.4300,12.5700,12.3600,12.4800,12.3700,1019946,12729578.0000,3,0.356486,1,0.889245,2.831576,100.967208,36.956120,66.363206,0,0.8892481810832686
2017-08-29,sz.000056,12.4900,12.7400,12.4600,12.6500,12.4800,2050685,25921161.0000,3,0.716744,1,1.362180,2.845096,92.616302,31.460731,44.273056,0,1.3621794871794934
2017-08-30,sz.000056,12.6900,12.6900,12.4700,12.5500,12.6500,1028366,12874477.0000,3,0.359429,1,-0.790509,2.822605,91.884157,31.212030,43.923071,0,-0.7905138339920903
2017-08-31,sz.000056,12.5400,12.7500,12.3600,12.6300,12.5500,1339024,16798763.0000,3,0.468008,1,0.637450,2.840598,92.469873,31.410991,44.203059,0,0.6374501992031822
2017-09-01,sz.000056,12.6200,12.6800,12.5300,12.6100,12.6300,670808,8457597.0000,3,0.234457,1,-0.158357,2.836100,92.323444,31.361251,44.133062,0,-0.15835312747427555
2017-09-04,sz.000056,12.6400,12.7600,12.4500,12.7200,12.6100,1868413,23533384.0000,3,0.653037,1,0.872328,2.860840,93.128803,31.634822,44.518045,0,0.872323552735943
2017-09-05,sz.000056,12.7700,12.7900,12.2800,12.4100,12.7200,2478600,30842571.0000,3,0.866307,1,-2.437110,2.791118,90.859154,30.863848,43.433092,0,-2.437106918238996
2017-09-06,sz.000056,12.3500,12.4200,12.3000,12.3400,12.4100,755400,9325932.0000,3,0.264023,1,-0.564059,2.775374,90.346653,30.689757,43.188103,0,-0.5640612409347323
2017-09-07,sz.000056,12.3400,12.4000,12.2800,12.2900,12.3400,693000,8551955.0000,3,0.242214,1,-0.405188,2.764129,89.980581,30.565406,43.013111,0,-0.4051863857374438
2017-09-08,sz.000056,12.2500,12.3900,12.2500,12.3400,12.2900,500310,6175892.0000,3,0.174866,1,0.406836,2.775374,90.346653,30.689757,43.188103,0,0.40683482506103097
2017-09-11,sz.000056,12.3700,12.4700,12.2500,12.3300,12.3400,787740,9730964.0000,3,0.275327,1,-0.081039,2.773125,90.273439,30.664887,43.153105,0,-0.08103727714748876
2017-09-12,sz.000056,12.4200,12.4200,12.2100,12.2200,12.3300,700214,8595811.8400,3,0.244735,1,-0.892130,2.748385,89.468079,30.391315,42.768122,0,-0.8921330089213253
2017-09-13,sz.000056,12.2300,12.2800,12.2300,12.2600,12.2200,328100,4018335.0000,3,0.114676,1,0.327332,2.757382,89.760937,30.490796,42.908115,0,0.3273322422258529
2017-09-14,sz.000056,12.2600,13.3100,12.2200,12.7400,12.2600,4393306,56273690.7200,3,1.535524,1,3.915168,2.865338,93.275232,31.684562,44.588042,0,3.9151712887438794
2017-09-15,sz.000056,12.6800,12.7000,12.4400,12.6000,12.7400,2349712,29471497.0000,3,0.821258,1,-1.098896,2.833851,92.250229,31.336380,44.098063,0,-1.098901098901106
2017-09-18,sz.000056,12.5200,12.6000,12.2900,12.3900,12.6000,1685476,20847374.3200,3,0.589098,1,-1.666667,2.786620,90.712725,30.814107,43.363095,0,-1.6666666666666607
2017-09-19,sz.000056,12.3800,12.6000,12.3600,12.4600,12.3900,2073602,25917116.9000,3,0.724754,1,0.564969,2.802364,91.225227,30.988198,43.608085,0,0.5649717514124353
2017-09-20,sz.000056,12.8900,12.8900,12.4200,12.4800,12.4600,1516812,18990601.3200,3,0.530148,1,0.160510,2.806862,91.371656,31.037939,43.678082,0,0.16051364365969878
2017-09-21,sz.000056,12.5000,12.5000,12.3200,12.3200,12.4800,953200,11789072.1800,3,0.333157,1,-1.282050,2.770876,90.200224,30.640016,43.118106,0,-1.2820512820512886
2017-09-22,sz.000056,12.3600,12.4000,12.2300,12.3700,12.3200,672579,8271825.3900,3,0.235076,1,0.405846,2.782122,90.566296,30.764367,43.293099,0,0.40584415584414835
2017-09-25,sz.000056,12.2700,12.2900,12.0600,12.0800,12.3700,778900,9484876.6400,3,0.272237,1,-2.344381,2.716898,88.443077,30.043133,42.278143,0,-2.3443815683104163
2017-09-26,sz.000056,12.1000,12.2000,12.0800,12.1100,12.0800,326446,3958043.7600,3,0.114098,1,0.248342,2.723645,88.662720,30.117743,42.383139,0,0.2483443708609201
2017-09-27,sz.000056,12.1600,12.2200,12.0600,12.1400,12.1100,312288,3794376.9600,3,0.109149,1,0.247735,2.730393,88.882364,30.192354,42.488134,0,0.24772914946327163
2017-09-28,sz.000056,12.2800,12.6400,12.0900,12.4100,12.1400,2615943,32641601.3900,3,0.914310,1,2.224049,2.791118,90.859154,30.863848,43.433092,0,2.224052718286651
2017-09-29,sz.000056,12.4200,12.7700,12.3500,12.7000,12.4100,3257218,41295955.2000,3,1.138445,1,2.336825,2.856342,92.982374,31.585082,44.448048,0,2.3368251410152974
2017-10-09,sz.000056,12.7000,12.8400,12.6100,12.8000,12.7000,1367959,17447602.0500,3,0.478121,1,0.787404,2.878833,93.714519,31.833783,44.798032,0,0.7874015748031704
2017-10-10,sz.000056,12.6800,12.8500,12.6100,12.8400,12.8000,1702243,21703499.4800,3,0.594959,1,0.312500,2.887829,94.007376,31.933264,44.938026,0,0.31249999999998224
2017-10-11,sz.000056,12.7900,12.9300,12.7100,12.8000,12.8400,901002,11529497.8400,3,0.314913,1,-0.311526,2.878833,93.714519,31.833783,44.798032,0,-0.31152647975076775
2017-10-12,sz.000056,12.7500,12.8000,12.6300,12.7000,12.8000,712904,9042068.5200,3,0.249170,1,-0.781253,2.856342,92.982374,31.585082,44.448048,0,-0.7812500000000111
2017-10-13,sz.000056,12.7400,12.7400,12.6000,12.6200,12.7000,739109,9357286.0500,3,0.258329,1,-0.629921,2.838349,92.396658,31.386121,44.168060,0,-0.6299212598425252
2017-10-16,sz.000056,12.7400,12.7400,12.5300,12.5600,12.6200,758600,9568566.2000,3,0.265142,1,-0.475432,2.824854,91.957371,31.236900,43.958069,0,-0.47543581616480424
2017-10-17,sz.000056,12.5600,13.2500,12.5500,13.1100,12.5600,3879090,50302744.1300,3,1.355798,1,4.378975,2.948554,95.984167,32.604758,45.882985,0,4.37898089171973
2017-10-18,sz.000056,13.0500,13.7300,12.9700,13.1500,13.1100,5470604,73080518.7800,3,1.912055,1,0.305110,2.957551,96.277025,32.704238,46.022979,0,0.30511060259343914
2017-10-19,sz.000056,13.0600,13.3700,12.8400,12.8700,13.1500,2254353,29448173.3900,3,0.787929,1,-2.129276,2.894576,94.227020,32.007874,45.043022,0,-2.1292775665399333
2017-10-20,sz.000056,12.9200,13.6800,12.8300,13.4100,12.8700,3239663,42980458.2000,3,1.132309,1,4.195804,3.016027,98.180601,33.350862,46.932939,0,4.195804195804209
2017-10-23,sz.000056,13.4100,13.9800,13.3100,13.8300,13.4100,6162665,85164510.1500,3,2.153941,1,3.131992,3.110489,101.255609,34.395408,48.402874,0,3.1319910514541416
2017-10-24,sz.000056,13.7500,13.9800,13.5900,13.8000,13.8300,2702490,37111499.8200,3,0.944559,1,-0.216918,3.103741,101.035965,34.320798,48.297879,0,-0.2169197396963085
2017-10-25,sz.000056,13.8200,13.8500,13.5700,13.7500,13.8000,1720016,23535999.3400,3,0.601170,1,-0.362320,3.092496,100.669893,34.196447,48.122886,0,-0.36231884057971175
2017-10-26,sz.000056,13.7300,13.8800,13.5700,13.7500,13.7500,1071914,14673753.3200,3,0.374649,1,0.000000,3.092496,100.669893,34.196447,48.122886,0,0.0
2017-10-27,sz.000056,13.7800,13.8500,13.5000,13.7300,13.7500,1502904,20515153.0800,3,0.525287,1,-0.145458,3.050761,80.482831,24.243391,76.255033,0,-0.1454545454545375
2017-10-30,sz.000056,13.5300,13.8500,13.1300,13.1800,13.7300,1886465,25261908.0300,3,0.659347,1,-4.005821,2.928553,77.258828,23.272243,73.200389,0,-4.0058266569555805
2017-10-31,sz.000056,13.1800,13.3500,12.9000,13.2700,13.1800,2152426,28081851.6200,3,0.752304,1,0.682854,2.948551,77.786392,23.431158,73.700240,0,0.6828528072837514
2017-11-01,sz.000056,13.2700,13.2700,13.2700,13.2700,13.2700,0,0.0000,3,,0,0.000000,2.948551,77.786392,23.431158,73.700240,0,0.0
2017-11-02,sz.000056,13.2700,13.2700,13.2700,13.2700,13.2700,0,0.0000,3,,0,0.000000,2.948551,77.786392,23.431158,73.700240,0,0.0
2017-11-03,sz.000056,13.2700,13.2700,13.2700,13.2700,13.2700,0,0.0000,3,,0,0.000000,2.948551,77.786392,23.431158,73.700240,0,0.0
2017-11-06,sz.000056,13.2700,13.2700,13.2700,13.2700,13.2700,0,0.0000,3,,0,0.000000,2.948551,77.786392,23.431158,73.700240,0,0.0
2017-11-07,sz.000056,13.2700,13.2700,13.2700,13.2700,13.2700,0,0.0000,3,,0,0.000000,2.948551,77.786392,23.431158,73.700240,0,0.0
2017-11-08,sz.000056,13.2700,13.2700,13.2700,13.2700,13.2700,0,0.0000,3,,0,0.000000,2.948551,77.786392,23.431158,73.700240,0,0.0
2017-11-09,sz.000056,13.2700,13.2700,13.2700,13.2700,13.2700,0,0.0000,3,,0,0.000000,2.948551,77.786392,23.431158,73.700240,0,0.0
2017-11-10,sz.000056,13.2700,13.2700,13.2700,13.2700,13.2700,0,0.0000,3,,0,0.000000,2.948551,77.786392,23.431158,73.700240,0,0.0
2017-11-13,sz.000056,13.2700,13.2700,13.2700,13.2700,13.2700,0,0.0000,3,,0,0.000000,2.948551,77.786392,23.431158,73.700240,0,0.0
2017-11-14,sz.000056,13.2700,13.2700,13.2700,13.2700,13.2700,0,0.0000,3,,0,0.000000,2.948551,77.786392,23.431158,73.700240,0,0.0
2017-11-15,sz.000056,13.2700,13.2700,13.2700,13.2700,13.2700,0,0.0000,3,,0,0.000000,2.948551,77.786392,23.431158,73.700240,0,0.0
2017-11-16,sz.000056,13.2700,13.2700,13.2700,13.2700,13.2700,0,0.0000,3,,0,0.000000,2.948551,77.786392,23.431158,73.700240,0,0.0
2017-11-17,sz.000056,13.2700,13.2700,13.2700,13.2700,13.2700,0,0.0000,3,,0,0.000000,2.948551,77.786392,23.431158,73.700240,0,0.0
2017-11-20,sz.000056,13.2700,13.2700,13.2700,13.2700,13.2700,0,0.0000,3,,0,0.000000,2.948551,77.786392,23.431158,73.700240,0,0.0
2017-11-21,sz.000056,13.2700,13.2700,13.2700,13.2700,13.2700,0,0.0000,3,,0,0.000000,2.948551,77.786392,23.431158,73.700240,0,0.0
2017-11-22,sz.000056,13.2700,13.2700,13.2700,13.2700,13.2700,0,0.0000,3,,0,0.000000,2.948551,77.786392,23.431158,73.700240,0,0.0
2017-11-23,sz.000056,13.2700,13.2700,13.2700,13.2700,13.2700,0,0.0000,3,,0,0.000000,2.948551,77.786392,23.431158,73.700240,0,0.0
2017-11-24,sz.000056,13.2700,13.2700,13.2700,13.2700,13.2700,0,0.0000,3,,0,0.000000,2.948551,77.786392,23.431158,73.700240,0,0.0
2017-11-27,sz.000056,13.2700,13.2700,13.2700,13.2700,13.2700,0,0.0000,3,,0,0.000000,2.948551,77.786392,23.431158,73.700240,0,0.0
2017-11-28,sz.000056,13.2700,13.2700,13.2700,13.2700,13.2700,0,0.0000,3,,0,0.000000,2.948551,77.786392,23.431158,73.700240,0,0.0
2017-11-29,sz.000056,13.2700,13.2700,13.2700,13.2700,13.2700,0,0.0000,3,,0,0.000000,2.948551,77.786392,23.431158,73.700240,0,0.0
2017-11-30,sz.000056,13.2700,13.2700,13.2700,13.2700,13.2700,0,0.0000,3,,0,0.000000,2.948551,77.786392,23.431158,73.700240,0,0.0
2017-12-01,sz.000056,13.2700,13.2700,13.2700,13.2700,13.2700,0,0.0000,3,,0,0.000000,2.948551,77.786392,23.431158,73.700240,0,0.0
2017-12-04,sz.000056,13.2700,13.2700,13.2700,13.2700,13.2700,0,0.0000,3,,0,0.000000,2.948551,77.786392,23.431158,73.700240,0,0.0
2017-12-05,sz.000056,13.2700,13.2700,13.2700,13.2700,13.2700,0,0.0000,3,,0,0.000000,2.948551,77.786392,23.431158,73.700240,0,0.0
2017-12-06,sz.000056,13.2700,13.2700,13.2700,13.2700,13.2700,0,0.0000,3,,0,0.000000,2.948551,77.786392,23.431158,73.700240,0,0.0
2017-12-07,sz.000056,13.2700,13.2700,13.2700,13.2700,13.2700,0,0.0000,3,,0,0.000000,2.948551,77.786392,23.431158,73.700240,0,0.0
2017-12-08,sz.000056,13.2700,13.2700,13.2700,13.2700,13.2700,0,0.0000,3,,0,0.000000,2.948551,77.786392,23.431158,73.700240,0,0.0
2017-12-11,sz.000056,13.2700,13.2700,13.2700,13.2700,13.2700,0,0.0000,3,,0,0.000000,2.948551,77.786392,23.431158,73.700240,0,0.0
2017-12-12,sz.000056,13.2700,13.2700,13.2700,13.2700,13.2700,0,0.0000,3,,0,0.000000,2.948551,77.786392,23.431158,73.700240,0,0.0
2017-12-13,sz.000056,13.2700,13.2700,13.2700,13.2700,13.2700,0,0.0000,3,,0,0.000000,2.948551,77.786392,23.431158,73.700240,0,0.0
2017-12-14,sz.000056,13.2700,13.2700,13.2700,13.2700,13.2700,0,0.0000,3,,0,0.000000,2.948551,77.786392,23.431158,73.700240,0,0.0
2017-12-15,sz.000056,13.2700,13.2700,13.2700,13.2700,13.2700,0,0.0000,3,,0,0.000000,2.948551,77.786392,23.431158,73.700240,0,0.0
2017-12-18,sz.000056,13.2700,13.2700,13.2700,13.2700,13.2700,0,0.0000,3,,0,0.000000,2.948551,77.786392,23.431158,73.700240,0,0.0
2017-12-19,sz.000056,13.2700,13.2700,13.2700,13.2700,13.2700,0,0.0000,3,,0,0.000000,2.948551,77.786392,23.431158,73.700240,0,0.0
2017-12-20,sz.000056,13.2700,13.2700,13.2700,13.2700,13.2700,0,0.0000,3,,0,0.000000,2.948551,77.786392,23.431158,73.700240,0,0.0
2017-12-21,sz.000056,13.2700,13.2700,13.2700,13.2700,13.2700,0,0.0000,3,,0,0.000000,2.948551,77.786392,23.431158,73.700240,0,0.0
2017-12-22,sz.000056,13.2700,13.2700,13.2700,13.2700,13.2700,0,0.0000,3,,0,0.000000,2.948551,77.786392,23.431158,73.700240,0,0.0
2017-12-25,sz.000056,13.2700,13.2700,13.2700,13.2700,13.2700,0,0.0000,3,,0,0.000000,2.948551,77.786392,23.431158,73.700240,0,0.0
2017-12-26,sz.000056,13.2700,13.2700,13.2700,13.2700,13.2700,0,0.0000,3,,0,0.000000,2.948551,77.786392,23.431158,73.700240,0,0.0
2017-12-27,sz.000056,13.2700,13.2700,13.2700,13.2700,13.2700,0,0.0000,3,,0,0.000000,2.948551,77.786392,23.431158,73.700240,0,0.0
2017-12-28,sz.000056,13.2700,13.2700,13.2700,13.2700,13.2700,0,0.0000,3,,0,0.000000,2.948551,77.786392,23.431158,73.700240,0,0.0
2017-12-29,sz.000056,13.2700,13.2700,13.2700,13.2700,13.2700,0,0.0000,3,,0,0.000000,2.948551,77.786392,23.431158,73.700240,0,0.0
2018-01-02,sz.000056,13.2700,13.2700,13.2700,13.2700,13.2700,0,0.0000,3,,0,0.000000,2.948551,77.786392,23.431158,73.700240,0,0.0
2018-01-03,sz.000056,13.2700,13.2700,13.2700,13.2700,13.2700,0,0.0000,3,,0,0.000000,2.948551,77.786392,23.431158,73.700240,0,0.0
2018-01-04,sz.000056,13.2700,13.2700,13.2700,13.2700,13.2700,0,0.0000,3,,0,0.000000,2.948551,77.786392,23.431158,73.700240,0,0.0
2018-01-05,sz.000056,13.2700,13.2700,13.2700,13.2700,13.2700,0,0.0000,3,,0,0.000000,2.948551,77.786392,23.431158,73.700240,0,0.0
2018-01-08,sz.000056,13.2700,13.2700,13.2700,13.2700,13.2700,0,0.0000,3,,0,0.000000,2.948551,77.786392,23.431158,73.700240,0,0.0
2018-01-09,sz.000056,13.2700,13.2700,13.2700,13.2700,13.2700,0,0.0000,3,,0,0.000000,2.948551,77.786392,23.431158,73.700240,0,0.0
2018-01-10,sz.000056,13.2700,13.2700,13.2700,13.2700,13.2700,0,0.0000,3,,0,0.000000,2.948551,77.786392,23.431158,73.700240,0,0.0
2018-01-11,sz.000056,13.2700,13.2700,13.2700,13.2700,13.2700,0,0.0000,3,,0,0.000000,2.948551,77.786392,23.431158,73.700240,0,0.0
2018-01-12,sz.000056,13.2700,13.2700,13.2700,13.2700,13.2700,0,0.0000,3,,0,0.000000,2.948551,77.786392,23.431158,73.700240,0,0.0
2018-01-15,sz.000056,13.2700,13.2700,13.2700,13.2700,13.2700,0,0.0000,3,,0,0.000000,2.948551,77.786392,23.431158,73.700240,0,0.0
2018-01-16,sz.000056,13.2700,13.2700,13.2700,13.2700,13.2700,0,0.0000,3,,0,0.000000,2.948551,77.786392,23.431158,73.700240,0,0.0
2018-01-17,sz.000056,13.2700,13.2700,13.2700,13.2700,13.2700,0,0.0000,3,,0,0.000000,2.948551,77.786392,23.431158,73.700240,0,0.0
2018-01-18,sz.000056,13.2700,13.2700,13.2700,13.2700,13.2700,0,0.0000,3,,0,0.000000,2.948551,77.786392,23.431158,73.700240,0,0.0
2018-01-19,sz.000056,13.2700,13.2700,13.2700,13.2700,13.2700,0,0.0000,3,,0,0.000000,2.948551,77.786392,23.431158,73.700240,0,0.0
2018-01-22,sz.000056,13.2700,13.2700,13.2700,13.2700,13.2700,0,0.0000,3,,0,0.000000,2.948551,77.786392,23.431158,73.700240,0,0.0
2018-01-23,sz.000056,13.2700,13.2700,13.2700,13.2700,13.2700,0,0.0000,3,,0,0.000000,2.948551,77.786392,23.431158,73.700240,0,0.0
2018-01-24,sz.000056,13.2700,13.2700,13.2700,13.2700,13.2700,0,0.0000,3,,0,0.000000,2.948551,77.786392,23.431158,73.700240,0,0.0
2018-01-25,sz.000056,13.2700,13.2700,13.2700,13.2700,13.2700,0,0.0000,3,,0,0.000000,2.948551,77.786392,23.431158,73.700240,0,0.0
2018-01-26,sz.000056,13.2700,13.2700,13.2700,13.2700,13.2700,0,0.0000,3,,0,0.000000,2.948551,77.786392,23.431158,73.700240,0,0.0
2018-01-29,sz.000056,13.2700,13.2700,13.2700,13.2700,13.2700,0,0.0000,3,,0,0.000000,2.948551,77.786392,23.431158,73.700240,0,0.0
2018-01-30,sz.000056,13.2700,13.2700,13.2700,13.2700,13.2700,0,0.0000,3,,0,0.000000,2.948551,77.786392,23.431158,73.700240,0,0.0
2018-01-31,sz.000056,13.2700,13.2700,13.2700,13.2700,13.2700,0,0.0000,3,,0,0.000000,2.948551,77.786392,23.431158,73.700240,0,0.0
2018-02-01,sz.000056,13.2700,13.2700,13.2700,13.2700,13.2700,0,0.0000,3,,0,0.000000,2.948551,77.786392,23.431158,73.700240,0,0.0
2018-02-02,sz.000056,13.2700,13.2700,13.2700,13.2700,13.2700,0,0.0000,3,,0,0.000000,2.948551,77.786392,23.431158,73.700240,0,0.0
2018-02-05,sz.000056,13.2700,13.2700,13.2700,13.2700,13.2700,0,0.0000,3,,0,0.000000,2.948551,77.786392,23.431158,73.700240,0,0.0
2018-02-06,sz.000056,13.2700,13.2700,13.2700,13.2700,13.2700,0,0.0000,3,,0,0.000000,2.948551,77.786392,23.431158,73.700240,0,0.0
2018-02-07,sz.000056,13.2700,13.2700,13.2700,13.2700,13.2700,0,0.0000,3,,0,0.000000,2.948551,77.786392,23.431158,73.700240,0,0.0
2018-02-08,sz.000056,13.2700,13.2700,13.2700,13.2700,13.2700,0,0.0000,3,,0,0.000000,2.948551,77.786392,23.431158,73.700240,0,0.0
2018-02-09,sz.000056,13.2700,13.2700,13.2700,13.2700,13.2700,0,0.0000,3,,0,0.000000,2.948551,77.786392,23.431158,73.700240,0,0.0
2018-02-12,sz.000056,13.2700,13.2700,13.2700,13.2700,13.2700,0,0.0000,3,,0,0.000000,2.948551,77.786392,23.431158,73.700240,0,0.0
2018-02-13,sz.000056,13.2700,13.2700,13.2700,13.2700,13.2700,0,0.0000,3,,0,0.000000,2.948551,77.786392,23.431158,73.700240,0,0.0
2018-02-14,sz.000056,13.2700,13.2700,13.2700,13.2700,13.2700,0,0.0000,3,,0,0.000000,2.948551,77.786392,23.431158,73.700240,0,0.0
2018-02-22,sz.000056,13.2700,13.2700,13.2700,13.2700,13.2700,0,0.0000,3,,0,0.000000,2.948551,77.786392,23.431158,73.700240,0,0.0
2018-02-23,sz.000056,13.2700,13.2700,13.2700,13.2700,13.2700,0,0.0000,3,,0,0.000000,2.948551,77.786392,23.431158,73.700240,0,0.0
2018-02-26,sz.000056,13.2700,13.2700,13.2700,13.2700,13.2700,0,0.0000,3,,0,0.000000,2.948551,77.786392,23.431158,73.700240,0,0.0
2018-02-27,sz.000056,13.2700,13.2700,13.2700,13.2700,13.2700,0,0.0000,3,,0,0.000000,2.948551,77.786392,23.431158,73.700240,0,0.0
2018-02-28,sz.000056,13.2700,13.2700,13.2700,13.2700,13.2700,0,0.0000,3,,0,0.000000,2.948551,77.786392,23.431158,73.700240,0,0.0
2018-03-01,sz.000056,13.2700,13.2700,13.2700,13.2700,13.2700,0,0.0000,3,,0,0.000000,2.948551,77.786392,23.431158,73.700240,0,0.0
2018-03-02,sz.000056,13.2700,13.2700,13.2700,13.2700,13.2700,0,0.0000,3,,0,0.000000,2.948551,77.786392,23.431158,73.700240,0,0.0
2018-03-05,sz.000056,13.2700,13.2700,13.2700,13.2700,13.2700,0,0.0000,3,,0,0.000000,2.948551,77.786392,23.431158,73.700240,0,0.0
2018-03-06,sz.000056,13.2700,13.2700,13.2700,13.2700,13.2700,0,0.0000,3,,0,0.000000,2.948551,77.786392,23.431158,73.700240,0,0.0
2018-03-07,sz.000056,13.2700,13.2700,13.2700,13.2700,13.2700,0,0.0000,3,,0,0.000000,2.948551,77.786392,23.431158,73.700240,0,0.0
2018-03-08,sz.000056,13.2700,13.2700,13.2700,13.2700,13.2700,0,0.0000,3,,0,0.000000,2.948551,77.786392,23.431158,73.700240,0,0.0
2018-03-09,sz.000056,13.2700,13.2700,13.2700,13.2700,13.2700,0,0.0000,3,,0,0.000000,2.948551,77.786392,23.431158,73.700240,0,0.0
2018-03-12,sz.000056,13.2700,13.2700,13.2700,13.2700,13.2700,0,0.0000,3,,0,0.000000,2.948551,77.786392,23.431158,73.700240,0,0.0
2018-03-13,sz.000056,13.2700,13.2700,13.2700,13.2700,13.2700,0,0.0000,3,,0,0.000000,2.948551,77.786392,23.431158,73.700240,0,0.0
2018-03-14,sz.000056,13.2700,13.2700,13.2700,13.2700,13.2700,0,0.0000,3,,0,0.000000,2.948551,77.786392,23.431158,73.700240,0,0.0
2018-03-15,sz.000056,13.2700,13.2700,13.2700,13.2700,13.2700,0,0.0000,3,,0,0.000000,2.948551,77.786392,23.431158,73.700240,0,0.0
2018-03-16,sz.000056,13.2700,13.2700,13.2700,13.2700,13.2700,0,0.0000,3,,0,0.000000,2.948551,77.786392,23.431158,73.700240,0,0.0
2018-03-19,sz.000056,13.2700,13.2700,13.2700,13.2700,13.2700,0,0.0000,3,,0,0.000000,2.948551,77.786392,23.431158,73.700240,0,0.0
2018-03-20,sz.000056,13.2700,13.2700,13.2700,13.2700,13.2700,0,0.0000,3,,0,0.000000,2.948551,77.786392,23.431158,73.700240,0,0.0
2018-03-21,sz.000056,13.2700,13.2700,13.2700,13.2700,13.2700,0,0.0000,3,,0,0.000000,2.948551,77.786392,23.431158,73.700240,0,0.0
2018-03-22,sz.000056,13.2700,13.2700,13.2700,13.2700,13.2700,0,0.0000,3,,0,0.000000,2.948551,77.786392,23.431158,73.700240,0,0.0
2018-03-23,sz.000056,13.2700,13.2700,13.2700,13.2700,13.2700,0,0.0000,3,,0,0.000000,2.948551,77.786392,23.431158,73.700240,0,0.0
2018-03-26,sz.000056,13.2700,13.2700,13.2700,13.2700,13.2700,0,0.0000,3,,0,0.000000,2.948551,77.786392,23.431158,73.700240,0,0.0
2018-03-27,sz.000056,13.2700,13.2700,13.2700,13.2700,13.2700,0,0.0000,3,,0,0.000000,2.948551,77.786392,23.431158,73.700240,0,0.0
2018-03-28,sz.000056,13.2700,13.2700,13.2700,13.2700,13.2700,0,0.0000,3,,0,0.000000,2.948551,77.786392,23.431158,73.700240,0,0.0
2018-03-29,sz.000056,13.2700,13.2700,13.2700,13.2700,13.2700,0,0.0000,3,,0,0.000000,2.948551,77.786392,23.431158,73.700240,0,0.0
2018-03-30,sz.000056,13.2700,13.2700,13.2700,13.2700,13.2700,0,0.0000,3,,0,0.000000,2.948551,77.786392,23.431158,73.700240,0,0.0
2018-04-02,sz.000056,13.2700,13.2700,13.2700,13.2700,13.2700,0,0.0000,3,,0,0.000000,2.948551,77.786392,23.431158,73.700240,0,0.0
2018-04-03,sz.000056,13.2700,13.2700,13.2700,13.2700,13.2700,0,0.0000,3,,0,0.000000,2.948551,77.786392,23.431158,73.700240,0,0.0
2018-04-04,sz.000056,13.2700,13.2700,13.2700,13.2700,13.2700,0,0.0000,3,,0,0.000000,2.948551,77.786392,23.431158,73.700240,0,0.0
2018-04-09,sz.000056,13.2700,13.2700,13.2700,13.2700,13.2700,0,0.0000,3,,0,0.000000,2.948551,77.786392,23.431158,73.700240,0,0.0
2018-04-10,sz.000056,13.2700,13.2700,13.2700,13.2700,13.2700,0,0.0000,3,,0,0.000000,2.948551,77.786392,23.431158,73.700240,0,0.0
2018-04-11,sz.000056,13.2700,13.2700,13.2700,13.2700,13.2700,0,0.0000,3,,0,0.000000,2.948551,77.786392,23.431158,73.700240,0,0.0
2018-04-12,sz.000056,13.2700,13.2700,13.2700,13.2700,13.2700,0,0.0000,3,,0,0.000000,2.948551,77.786392,23.431158,73.700240,0,0.0
2018-04-13,sz.000056,11.9400,11.9400,11.9400,11.9400,13.2700,497800,5943732.0000,3,0.173988,1,-10.022610,2.653029,69.990167,21.082745,66.313554,0,-10.02260738507913
2018-04-16,sz.000056,10.7500,11.3200,10.7500,11.2900,11.9400,16753520,182298011.6200,3,5.855598,1,-5.443883,2.508601,74.884954,18.895323,62.703520,0,-5.443886097152428
2018-04-17,sz.000056,10.7500,11.5900,10.6500,11.4900,11.2900,9896966,112349172.3800,3,3.459133,1,1.771477,2.553041,76.211525,19.230049,63.814299,0,1.7714791851195955
2018-04-18,sz.000056,11.4900,11.5000,10.9800,11.0300,11.4900,2531220,28064083.0000,3,0.884698,1,-4.003481,2.450830,73.160411,18.460178,61.259506,0,-4.0034812880765935
2018-04-19,sz.000056,10.8800,11.0000,10.5000,10.8600,11.0300,6576360,70411148.6400,3,2.298533,1,-1.541252,2.413057,72.032825,18.175660,60.315343,0,-1.5412511332728918
2018-04-20,sz.000056,10.6800,10.8400,10.3500,10.7400,10.8600,7328457,77224714.4700,3,2.561402,1,-1.104971,2.386393,71.236882,17.974824,59.648875,0,-1.104972375690605
2018-04-23,sz.000056,10.6100,10.6400,10.3700,10.5000,10.7400,3833943,40207915.6400,3,1.340019,1,-2.234635,2.305040,68.985116,15.710626,15.592816,0,-2.2346368715083775
2018-04-24,sz.000056,10.5000,10.5500,10.3600,10.4800,10.5000,5935189,61921470.8200,3,2.074434,1,-0.190481,2.300649,68.853716,15.680701,15.563115,0,-0.19047619047618536
2018-04-25,sz.000056,10.3800,10.5500,10.3300,10.4700,10.4800,6384040,66577626.7000,3,2.231314,1,-0.095413,2.298454,68.788016,15.665739,15.548265,0,-0.0954198473282375
2018-04-26,sz.000056,10.4700,10.5500,9.9900,10.2000,10.4700,3880570,39732615.4400,3,1.356315,1,-2.578801,2.239181,67.014113,15.261751,15.147307,0,-2.5787965616046016
2018-04-27,sz.000056,10.2800,10.2800,10.0100,10.1600,10.2000,1714800,17383835.9500,3,0.599347,1,-0.392157,2.230400,66.751313,15.201901,15.087905,0,-0.39215686274508554
2018-05-02,sz.000056,10.1600,10.1900,9.9400,9.9900,10.1600,1449844,14500924.6800,3,0.506741,1,-1.673229,2.193080,65.634411,14.947539,14.835450,0,-1.67322834645669
2018-05-03,sz.000056,9.9900,10.0900,9.8400,10.0000,9.9900,3007672,29962858.9200,3,1.051225,1,0.100102,2.195276,65.700111,14.962501,14.850300,0,0.10010010010010895
2018-05-04,sz.000056,9.9100,10.0400,9.8900,10.0000,10.0000,1997468,19887671.8200,3,0.698144,1,0.000000,2.195276,65.700111,14.962501,14.850300,0,0.0
2018-05-07,sz.000056,10.0000,10.0300,9.9200,10.0300,10.0000,1788572,17862715.5800,3,0.625132,1,0.299997,2.201862,65.897211,15.007389,14.894851,0,0.29999999999998916
2018-05-08,sz.000056,10.0400,10.1400,9.9600,10.0900,10.0300,1216146,12212477.0200,3,0.425061,1,0.598210,2.215033,66.291412,15.097164,14.983953,0,0.5982053838484491
2018-05-09,sz.000056,10.0800,10.1100,10.0000,10.0500,10.0900,878901,8817899.1400,3,0.307189,1,-0.396432,2.206252,66.028611,15.037314,14.924552,0,-0.3964321110009772
2018-05-10,sz.000056,10.0200,10.1000,10.0200,10.0800,10.0500,906355,9121973.6600,3,0.316784,1,0.298505,2.212838,66.225712,15.082201,14.969103,0,0.29850746268655914
2018-05-11,sz.000056,10.1000,11.0900,10.0900,10.5800,10.0800,3361667,35512475.3600,3,1.174951,1,4.960318,2.322602,69.510717,15.830326,15.711618,0,4.960317460317465
2018-05-14,sz.000056,10.5000,11.0800,10.3100,10.6200,10.5800,2869633,30752685.8700,3,1.002978,1,0.378072,2.331383,69.773518,15.890176,15.771019,0,0.3780718336483746
2018-05-15,sz.000056,10.4800,10.5900,10.2000,10.4200,10.6200,1701614,17567747.5900,3,0.594739,1,-1.883237,2.287477,68.459515,15.590926,15.474013,0,-1.883239171374762
2018-05-16,sz.000056,10.2900,10.3900,10.2400,10.3400,10.4200,873200,8999019.0000,3,0.305196,1,-0.767754,2.269915,67.933915,15.471226,15.355211,0,-0.7677543186180413
2018-05-17,sz.000056,10.3100,10.4200,10.2500,10.3800,10.3400,836157,8667874.1000,3,0.292249,1,0.386847,2.278696,68.196715,15.531076,15.414612,0,0.3868471953578423
2018-05-18,sz.000056,10.3600,10.4300,10.1200,10.2000,10.3800,995202,10169229.3400,3,0.347838,1,-1.734107,2.239181,67.014113,15.261751,15.147307,0,-1.7341040462427904
2018-05-21,sz.000056,10.2400,10.3400,10.1500,10.2400,10.2000,1284302,13159008.5000,3,0.448882,1,0.392157,2.247962,67.276913,15.321601,15.206708,0,0.39215686274509665
2018-05-22,sz.000056,10.2600,10.2700,10.1200,10.1300,10.2400,1056000,10733100.0000,3,0.369087,1,-1.074215,2.223814,66.554212,15.157014,15.043354,0,-1.074218749999989
2018-05-23,sz.000056,10.1200,10.1200,9.9300,10.0200,10.1300,1073713,10733314.1300,3,0.375278,1,-1.085880,2.199666,65.831511,14.992426,14.880001,0,-1.0858835143139345
2018-05-24,sz.000056,9.9600,10.0500,9.8900,10.0500,10.0200,1216664,12113363.5200,3,0.425242,1,0.299399,2.206252,66.028611,15.037314,14.924552,0,0.29940119760480943
2018-05-25,sz.000056,9.9000,10.0800,9.9000,10.0100,10.0500,625672,6233798.1600,3,0.218681,1,-0.398010,2.197471,65.765811,14.977464,14.865151,0,-0.39800995024876773
2018-05-28,sz.000056,10.0500,10.0500,9.4200,10.0200,10.0100,1107800,10914872.0000,3,0.387192,1,0.099902,2.199666,65.831511,14.992426,14.880001,0,0.09990009990010762
2018-05-29,sz.000056,9.9800,10.0500,9.8500,9.9800,10.0200,561972,5608109.0200,3,0.196417,1,-0.399211,2.190885,65.568711,14.932576,14.820600,0,-0.39920159680637557
2018-05-30,sz.000056,9.8900,10.0300,9.4500,9.9100,9.9800,1165550,11398621.7400,3,0.407377,1,-0.701400,2.175518,65.108810,14.827839,14.716648,0,-0.7014028056112287
2018-05-31,sz.000056,9.8800,10.3900,9.6000,9.9200,9.9100,682902,6797897.1800,3,0.238684,1,0.100911,2.177714,65.174510,14.842801,14.731498,0,0.10090817356205317
2018-06-01,sz.000056,9.8100,10.0600,9.7000,9.8300,9.9200,813902,8000515.6600,3,0.284471,1,-0.907260,2.157956,64.583209,14.708139,14.597845,0,-0.9072580645161255
2018-06-04,sz.000056,9.9200,9.9200,9.6500,9.8400,9.8300,692300,6757183.9800,3,0.241969,1,0.101732,2.160151,64.648909,14.723101,14.612696,0,0.10172939979653517
2018-06-05,sz.000056,9.8400,9.8500,9.7000,9.8100,9.8400,768024,7506790.2600,3,0.268436,1,-0.304875,2.153565,64.451809,14.678214,14.568145,0,-0.304878048780477
2018-06-06,sz.000056,9.7400,9.7600,9.5100,9.6600,9.8100,1269904,12211959.2000,3,0.443850,1,-1.529058,2.120636,63.466307,14.453776,14.345390,0,-1.5290519877675823
2018-06-07,sz.000056,9.6100,9.7600,9.5300,9.6100,9.6600,1555602,14953977.1800,3,0.543705,1,-0.517600,2.109660,63.137806,14.378964,14.271139,0,-0.5175983436853104
2018-06-08,sz.000056,9.5000,9.7000,9.4900,9.6200,9.6100,1100600,10552231.0000,3,0.384676,1,0.104061,2.111855,63.203507,14.393926,14.285989,0,0.10405827263266776
2018-06-11,sz.000056,9.5600,9.6800,9.5200,9.6800,9.6200,500600,4798731.0000,3,0.174967,1,0.623705,2.125027,63.597707,14.483701,14.375091,0,0.6237006237006293
2018-06-12,sz.000056,9.6000,10.2800,9.5600,10.0000,9.6800,1537086,15295201.0000,3,0.537234,1,3.305782,2.195276,65.700111,14.962501,14.850300,0,3.3057851239669533
2018-06-13,sz.000056,10.0000,10.0000,9.7200,9.8700,10.0000,654680,6437401.4000,3,0.228820,1,-1.300001,2.166737,64.846009,14.767989,14.657247,0,-1.3000000000000123
2018-06-14,sz.000056,9.7000,9.9400,9.7000,9.8700,9.8700,482900,4755169.0000,3,0.168781,1,0.000000,2.166737,64.846009,14.767989,14.657247,0,0.0
2018-06-15,sz.000056,9.9200,9.9200,9.6600,9.8500,9.8700,923800,9053184.0000,3,0.322881,1,-0.202629,2.162347,64.714609,14.738064,14.627546,0,-0.20263424518742745
2018-06-19,sz.000056,9.8000,9.8000,9.2900,9.7900,9.8500,2827700,27171733.7600,3,0.988322,1,-0.609141,2.149175,64.320408,14.648289,14.538444,0,-0.6091370558375719
2018-06-20,sz.000056,9.7700,9.8500,9.6300,9.8100,9.7900,996128,9750954.0400,3,0.348161,1,0.204295,2.153565,64.451809,14.678214,14.568145,0,0.20429009193054792
2018-06-21,sz.000056,9.8400,10.1500,9.7300,10.0000,9.8100,1114180,11069823.5000,3,0.389422,1,1.936795,2.195276,65.700111,14.962501,14.850300,0,1.9367991845055998
2018-06-22,sz.000056,10.0500,10.4500,9.6300,10.0000,10.0000,1142400,11476712.8700,3,0.399285,1,0.000000,2.195276,65.700111,14.962501,14.850300,0,0.0
2018-06-25,sz.000056,10.0800,10.1000,9.9500,10.0400,10.0000,1181734,11842637.9200,3,0.413033,1,0.400000,2.204057,65.962911,15.022351,14.909702,0,0.40000000000000036
2018-06-26,sz.000056,10.0200,10.1500,9.3100,10.1500,10.0400,953974,9532873.3800,3,0.333428,1,1.095614,2.228205,66.685612,15.186939,15.073055,0,1.0956175298804993
2018-06-27,sz.000056,10.0900,10.5300,10.0000,10.4800,10.1500,1485334,15281353.7200,3,0.519146,1,3.251231,2.300649,68.853716,15.680701,15.563115,0,3.25123152709359
2018-06-28,sz.000056,10.2800,10.5100,10.2500,10.4700,10.4800,1260371,13109950.9900,3,0.440518,1,-0.095413,2.298454,68.788016,15.665739,15.548265,0,-0.0954198473282375
2018-06-29,sz.000056,10.4800,10.5400,10.3900,10.4800,10.4700,912357,9542062.5900,3,0.318882,1,0.095504,2.300649,68.853716,15.680701,15.563115,0,0.09551098376312517
2018-07-02,sz.000056,10.4300,10.4800,10.2500,10.4300,10.4800,652076,6786929.7800,3,0.227910,1,-0.477092,2.289673,68.525216,15.605889,15.488863,0,-0.4770992366412319
2018-07-03,sz.000056,10.4500,10.5000,10.3200,10.4400,10.4300,650000,6783335.7400,3,0.227184,1,0.095870,2.291868,68.590916,15.620851,15.503714,0,0.09587727708533222
2018-07-04,sz.000056,10.4400,10.5000,10.3000,10.3900,10.4400,1049350,10938647.5000,3,0.366763,1,-0.478920,2.280891,68.262415,15.546039,15.429462,0,-0.47892720306512704
2018-07-05,sz.000056,10.3800,10.6200,10.3100,10.4700,10.3900,1313778,13724412.5000,3,0.459184,1,0.769970,2.298454,68.788016,15.665739,15.548265,0,0.7699711260827691
2018-07-06,sz.000056,10.5900,10.5900,10.4100,10.4700,10.4700,1333346,13982477.4000,3,0.466024,1,0.000000,2.298454,68.788016,15.665739,15.548265,0,0.0
2018-07-09,sz.000056,10.3200,10.5900,10.3200,10.5000,10.4700,1174500,12331776.0000,3,0.410505,1,0.286530,2.305040,68.985116,15.710626,15.592816,0,0.2865329512893977
2018-07-10,sz.000056,10.7000,10.7000,10.4600,10.5000,10.5000,996502,10535857.0000,3,0.348292,1,0.000000,2.305040,68.985116,15.710626,15.592816,0,0.0
2018-07-11,sz.000056,10.4900,10.5800,10.3200,10.4700,10.5000,644000,6743390.0000,3,0.225087,1,-0.285712,2.298454,68.788016,15.665739,15.548265,0,-0.28571428571427804
2018-07-12,sz.000056,10.3300,10.5800,10.3000,10.4700,10.4700,2178300,22692054.0000,3,0.761347,1,0.000000,2.298454,68.788016,15.665739,15.548265,0,0.0
2018-07-13,sz.000056,10.6600,10.6600,10.3400,10.3600,10.4700,1968638,20531867.8900,3,0.688067,1,-1.050627,2.274306,68.065315,15.501151,15.384911,0,-1.0506208213944768
2018-07-16,sz.000056,10.3600,10.4100,10.2400,10.3400,10.3600,992048,10270952.8400,3,0.346735,1,-0.193045,2.269915,67.933915,15.471226,15.355211,0,-0.19305019305019266
2018-07-17,sz.000056,10.2500,10.3900,10.2300,10.3500,10.3400,757748,7831646.7000,3,0.264844,1,0.096714,2.272110,67.999615,15.486189,15.370061,0,0.09671179883945502
2018-07-18,sz.000056,10.3700,10.3700,10.2200,10.3500,10.3500,723100,7463748.8000,3,0.252734,1,0.000000,2.272110,67.999615,15.486189,15.370061,0,0.0
2018-07-19,sz.000056,10.2500,10.3500,10.2300,10.3000,10.3500,821499,8458930.7700,3,0.287126,1,-0.483094,2.261134,67.671114,15.411376,15.295810,0,-0.48309178743960457
2018-07-20,sz.000056,10.2500,10.3500,10.2200,10.2900,10.3000,621900,6401426.9400,3,0.217363,1,-0.097090,2.258939,67.605414,15.396414,15.280959,0,-0.0970873786407922
2018-07-23,sz.000056,10.2800,10.2900,10.1700,10.2800,10.2900,471100,4834137.8600,3,0.164656,1,-0.097184,2.256743,67.539714,15.381451,15.266109,0,-0.09718172983479434
2018-07-24,sz.000056,10.2000,10.3500,10.2000,10.3000,10.2800,565200,5816010.0000,3,0.197546,1,0.194557,2.261134,67.671114,15.411376,15.295810,0,0.1945525291829009
2018-07-25,sz.000056,10.3600,10.3800,10.2300,10.3300,10.3000,493545,5079731.0500,3,0.172501,1,0.291260,2.267720,67.868214,15.456264,15.340360,0,0.2912621359223211
2018-07-26,sz.000056,10.2600,10.3700,10.2600,10.3300,10.3300,382500,3943156.0000,3,0.133689,1,0.000000,2.267720,67.868214,15.456264,15.340360,0,0.0
2018-07-27,sz.000056,10.3000,10.3600,10.2500,10.2800,10.3300,643793,6639811.8400,3,0.225015,1,-0.484029,2.256743,67.539714,15.381451,15.266109,0,-0.4840271055179146
2018-07-30,sz.000056,10.2600,10.2800,10.0100,10.2600,10.2800,634093,6495715.4000,3,0.221625,1,-0.194548,2.252353,67.408314,15.351526,15.236408,0,-0.1945525291828787
2018-07-31,sz.000056,10.3600,10.3600,10.1700,10.2600,10.2600,517600,5302352.0000,3,0.180909,1,0.000000,2.252353,67.408314,15.351526,15.236408,0,0.0
2018-08-01,sz.000056,10.2200,10.2600,10.1300,10.2500,10.2600,351500,3598115.0000,3,0.122854,1,-0.097468,2.250158,67.342614,15.336564,15.221558,0,-0.09746588693957392
2018-08-02,sz.000056,10.0500,10.5900,10.0300,10.4800,10.2500,770000,7888305.0000,3,0.269126,1,2.243898,2.300649,68.853716,15.680701,15.563115,0,2.2439024390243922
2018-08-03,sz.000056,10.4400,10.5300,10.3700,10.4900,10.4800,741100,7757753.0000,3,0.259025,1,0.095422,2.302844,68.919416,15.695664,15.577965,0,0.0954198473282375
2018-08-06,sz.000056,10.4900,10.4900,10.2600,10.4900,10.4900,640229,6656096.4800,3,0.223769,1,0.000000,2.302844,68.919416,15.695664,15.577965,0,0.0
2018-08-07,sz.000056,10.5000,10.5000,10.3300,10.4100,10.4900,694300,7240738.0000,3,0.242668,1,-0.762630,2.285282,68.393815,15.575964,15.459163,0,-0.7626310772164024
2018-08-08,sz.000056,10.4300,10.4300,10.2400,10.4000,10.4100,331748,3438012.9200,3,0.115951,1,-0.096064,2.283087,68.328115,15.561001,15.444313,0,-0.09606147934677622
2018-08-09,sz.000056,10.3300,10.5000,10.3300,10.4600,10.4000,470200,4894054.0000,3,0.164342,1,0.576927,2.296258,68.722316,15.650776,15.533414,0,0.5769230769230749
2018-08-10,sz.000056,10.3700,10.5800,10.3100,10.5800,10.4600,763040,8007314.4000,3,0.266694,1,1.147226,2.322602,69.510717,15.830326,15.711618,0,1.1472275334607929
2018-08-13,sz.000056,10.5800,10.5800,10.3900,10.4900,10.5800,402784,4215222.4400,3,0.140779,1,-0.850663,2.302844,68.919416,15.695664,15.577965,0,-0.8506616257088817
2018-08-14,sz.000056,10.4800,10.6000,10.3500,10.6000,10.4900,762300,7983288.0000,3,0.266435,1,1.048624,2.326992,69.642117,15.860251,15.741319,0,1.0486177311725298
2018-08-15,sz.000056,10.5800,10.7500,10.3600,10.7300,10.5600,777340,8164964.4000,3,0.271692,1,1.609840,2.355531,70.496219,16.054764,15.934372,0,1.226415094339628
2018-08-16,sz.000056,10.7300,11.2000,10.5100,11.1600,10.7300,2584686,27818870.8000,3,0.903385,1,4.007459,2.449928,73.321324,16.698151,16.572935,0,4.007455731593668
2018-08-17,sz.000056,11.1600,11.4900,10.8500,11.4200,11.1600,1997848,22383959.8400,3,0.698277,1,2.329751,2.507005,75.029527,17.087176,16.959043,0,2.3297491039426577
2018-08-20,sz.000056,11.3400,11.6200,10.9400,11.5800,11.4200,2074884,23452273.0000,3,0.725202,1,1.401049,2.542129,76.080728,17.326576,17.196648,0,1.4010507880910739
2018-08-21,sz.000056,11.4500,11.5500,11.2100,11.3600,11.5800,1843720,21036599.4000,3,0.644407,1,-1.899830,2.493833,74.635326,16.997401,16.869941,0,-1.8998272884283351
2018-08-22,sz.000056,11.2300,11.4000,10.9900,11.2800,11.3600,944700,10591831.0000,3,0.330186,1,-0.704225,2.476271,74.109725,16.877701,16.751139,0,-0.7042253521126751
2018-08-23,sz.000056,11.2900,11.4000,11.1500,11.3000,11.2800,1370350,15495739.5000,3,0.478957,1,0.177309,2.480662,74.241125,16.907626,16.780840,0,0.17730496453902678
2018-08-24,sz.000056,11.1500,11.3400,11.0500,11.3200,11.3000,557600,6285062.3400,3,0.194889,1,0.176987,2.485052,74.372525,16.937551,16.810540,0,0.1769911504424737
2018-08-27,sz.000056,11.3200,11.5800,11.1500,11.3800,11.3200,548566,6247660.0200,3,0.191732,1,0.530039,2.497903,73.798369,15.358330,-298.871143,0,0.5300353356890497
2018-08-28,sz.000056,11.2600,11.3800,11.1100,11.2800,11.3800,856398,9670932.4200,3,0.299324,1,-0.878738,2.475953,73.149877,15.223371,-296.244859,0,-0.8787346221441283
2018-08-29,sz.000056,11.1400,11.2800,11.1400,11.2600,11.2800,280500,3149552.1000,3,0.098039,1,-0.177301,2.471563,73.020179,15.196380,-295.719602,0,-0.17730496453900457
2018-08-30,sz.000056,11.1000,11.4000,10.8100,11.3600,11.2600,660800,7416179.0000,3,0.230959,1,0.888094,2.493513,73.668671,15.331339,-298.345886,0,0.8880994671403242
2018-08-31,sz.000056,11.3000,11.3800,11.1600,11.3700,11.3600,599900,6810563.0000,3,0.209674,1,0.088030,2.495708,73.733520,15.344835,-298.608514,0,0.08802816901407606
2018-09-03,sz.000056,11.4100,11.4100,11.2500,11.3500,11.3700,501188,5672300.8800,3,0.175172,1,-0.175897,2.491318,73.603822,15.317843,-298.083257,0,-0.17590149516270026
2018-09-04,sz.000056,11.4400,11.4400,11.0800,11.2200,11.3500,694153,7765283.2400,3,0.242617,1,-1.145375,2.462783,72.760782,15.142396,-294.669088,0,-1.1453744493391982
2018-09-05,sz.000056,10.8900,11.2800,10.8000,11.2600,11.2200,542400,6018321.0000,3,0.189577,1,0.356506,2.471563,73.020179,15.196380,-295.719602,0,0.35650623885916666
2018-09-06,sz.000056,11.1700,11.4900,11.0700,11.4900,11.2600,770313,8718372.3700,3,0.269236,1,2.042625,2.522047,74.511710,15.506785,-301.760055,0,2.042628774422739
2018-09-07,sz.000056,11.4000,11.4800,11.2400,11.4800,11.4900,681102,7757450.6200,3,0.238055,1,-0.087034,2.519853,74.446861,15.493289,-301.497427,0,-0.08703220191470518
2018-09-10,sz.000056,11.4700,11.6700,11.2600,11.6600,11.4800,467742,5404343.9200,3,0.051757,1,1.567947,2.559362,75.614146,15.736216,-306.224739,0,1.5679442508710784
2018-09-11,sz.000056,11.6000,11.8800,11.4800,11.8800,11.6600,1210660,14112987.8000,3,0.133962,1,1.886795,2.607652,77.040828,16.033125,-312.002564,0,1.8867924528301883
2018-09-12,sz.000056,11.7900,12.0500,11.7000,11.9000,11.8800,1218848,14455324.4000,3,0.134868,1,0.168346,2.612042,77.170527,16.060117,-312.527821,0,0.16835016835017313
2018-09-13,sz.000056,11.9000,12.0000,11.5000,11.9300,11.9000,629540,7443387.2600,3,0.069660,1,0.252107,2.618627,77.365074,16.100605,-313.315706,0,0.25210084033613356
2018-09-14,sz.000056,11.7700,11.9400,11.6500,11.9300,11.9300,822448,9734675.2000,3,0.091006,1,0.000000,2.618627,77.365074,16.100605,-313.315706,0,0.0
2018-09-17,sz.000056,11.7500,11.9500,11.5100,11.8500,11.9300,965500,11373102.9800,3,0.106835,1,-0.670578,2.601067,76.846281,15.992638,-311.214679,0,-0.6705783738474413
2018-09-18,sz.000056,11.7400,11.9200,11.6300,11.9200,11.8500,452800,5345149.0000,3,0.050103,1,0.590715,2.616432,77.300225,16.087109,-313.053077,0,0.5907172995780696
2018-09-19,sz.000056,11.8800,11.9300,11.7900,11.8600,11.9200,377602,4472876.6000,3,0.041782,1,-0.503359,2.603262,76.911130,16.006133,-311.477307,0,-0.5033557046979942
2018-09-20,sz.000056,11.8400,12.0200,11.6500,11.9200,11.8600,543100,6438623.0000,3,0.060095,1,0.505906,2.616432,77.300225,16.087109,-313.053077,0,0.5059021922428464
2018-09-21,sz.000056,11.9800,12.0800,11.8300,12.0800,11.9200,570800,6825586.0000,3,0.063160,1,1.342281,2.651552,78.337812,16.303043,-317.255132,0,1.342281879194629
2018-09-25,sz.000056,12.0800,12.2200,11.8300,12.2200,12.0800,1475934,17692844.6600,3,0.163315,1,1.158943,2.682282,79.245700,16.491986,-320.931930,0,1.1589403973510048
2018-09-26,sz.000056,12.1200,12.3800,11.9200,12.3500,12.2200,1712254,20759860.0200,3,0.189465,1,1.063831,2.710817,80.088740,16.667432,-324.346100,0,1.0638297872340274
2018-09-27,sz.000056,12.0900,12.3900,12.0600,12.3700,12.3500,1354000,16574169.8000,3,0.149823,1,0.161939,2.715207,80.218438,16.694424,-324.871356,0,0.16194331983805377
2018-09-28,sz.000056,12.1800,12.4100,12.1200,12.3800,12.3700,965320,11843393.4000,3,0.106815,1,0.080843,2.717402,80.283287,16.707920,-325.133985,0,0.08084074373484462
2018-10-08,sz.000056,12.2700,12.4300,11.8000,12.4100,12.3800,2018100,24507307.0000,3,0.223307,1,0.242324,2.723987,80.477835,16.748408,-325.921870,0,0.24232633279481774
2018-10-09,sz.000056,12.3900,12.4100,12.1400,12.4000,12.4100,1483000,18223574.0000,3,0.164097,1,-0.080582,2.721792,80.412986,16.734912,-325.659242,0,-0.08058017727639033
2018-10-10,sz.000056,12.4000,12.4200,12.1700,12.4100,12.4000,2708616,33371418.4000,3,0.299714,1,0.080647,2.723987,80.477835,16.748408,-325.921870,0,0.08064516129031585
2018-10-11,sz.000056,12.2100,12.2600,11.9900,12.1600,12.4100,3589420,43474972.2000,3,0.397177,1,-2.014504,2.669112,78.856605,16.411010,-319.356160,0,-2.014504431909747
2018-10-12,sz.000056,11.9900,12.0600,10.9400,10.9400,12.1600,1060800,12165245.0000,3,0.117380,1,-10.032900,2.401323,70.945005,14.764511,-287.315492,0,-10.032894736842113
2018-10-15,sz.000056,9.9800,10.8600,9.8500,10.5400,10.9400,2804330,28374543.5000,3,0.310305,1,-3.656304,2.313523,68.351038,14.224675,-276.810355,0,-3.656307129798908
2018-10-16,sz.000056,10.1900,10.1900,9.4900,9.6000,10.5400,2774600,26776991.0000,3,0.307015,1,-8.918403,2.107194,62.255215,12.956061,-252.123284,0,-8.918406072106254
2018-10-17,sz.000056,9.4000,9.5100,8.6400,8.6400,9.6000,2284000,20150235.0000,3,0.252729,1,-10.000000,1.896474,56.029693,11.660455,-226.910955,0,-9.999999999999986
2018-10-18,sz.000056,7.7800,7.7800,7.7800,7.7800,8.6400,194400,1512432.0000,3,0.021511,1,-9.953705,1.707705,50.452664,10.499808,-204.324911,0,-9.95370370370371
2018-10-19,sz.000056,7.0000,7.0000,7.0000,7.0000,7.7800,180900,1266300.0000,3,0.020017,1,-10.025710,1.536495,45.394427,9.447128,-183.839894,0,-10.025706940874034
2018-10-22,sz.000056,6.3000,7.3000,6.3000,6.6000,7.0000,90150425,588505470.9700,3,9.975336,1,-5.714287,1.448696,42.800460,8.907292,-173.334758,0,-5.714285714285716
2018-10-23,sz.000056,6.3100,6.4800,5.9400,5.9400,6.6000,69807236,431439937.6900,3,7.724319,1,-9.999998,1.303826,38.520414,8.016563,-156.001282,0,-9.999999999999986
2018-10-24,sz.000056,5.9800,6.2600,5.9000,6.1400,5.9400,47435814,288833772.4700,3,5.248874,1,3.367000,1.347726,39.817398,8.286481,-161.253850,0,3.3670033670033517
2018-10-25,sz.000056,5.8000,6.1000,5.7100,6.0000,6.1400,31824801,188245169.2800,3,3.521482,1,-2.280128,1.316996,38.909509,8.097538,-157.577052,0,-2.280130293159599
2018-10-26,sz.000056,6.0300,6.2500,6.0000,6.0600,6.0000,31234094,190068087.7200,3,3.456119,1,0.999999,1.330166,39.298604,8.178513,-159.152823,0,1.0000000000000009
2018-10-29,sz.000056,6.0000,6.0300,5.6000,5.7900,6.0600,27298345,157480968.6100,3,3.020620,1,-4.455445,1.270901,37.547676,7.814124,-152.061856,0,-4.455445544554449
2018-10-30,sz.000056,5.7000,5.8500,5.5600,5.7600,5.7900,21972718,125546536.6800,3,2.431328,1,-0.518130,1.253755,40.301211,8.183910,-9.178252,0,-0.5181347150259086
2018-10-31,sz.000056,5.7600,5.8000,5.7200,5.7500,5.7600,23645569,136056983.8700,3,2.616432,1,-0.173615,1.251578,40.231244,8.169702,-9.162317,0,-0.17361111111110494
2018-11-01,sz.000056,5.7500,6.0400,5.6600,5.9100,5.7500,40510008,236793085.4800,3,4.482518,1,2.782606,1.286404,41.350722,8.397033,-9.417269,0,2.7826086956521667
2018-11-02,sz.000056,5.8800,6.0300,5.8600,5.9900,5.9100,31068569,184659470.2900,3,3.437803,1,1.353637,1.303818,41.910461,8.510698,-9.544744,0,1.3536379018612488
2018-11-05,sz.000056,6.0000,6.1500,5.9300,6.1100,5.9900,33423610,202901835.3700,3,3.698393,1,2.003345,1.329938,42.750069,8.681196,-9.735958,0,2.003338898163598
2018-11-06,sz.000056,6.0600,6.0600,5.8300,5.9200,6.1100,21533625,127640120.5000,3,2.382741,1,-3.109657,1.288581,41.420689,8.411241,-9.433203,0,-3.109656301145669
2018-11-07,sz.000056,5.9000,5.9800,5.8600,5.8800,5.9200,17025152,100497010.9300,3,1.883869,1,-0.675675,1.279875,41.140820,8.354408,-9.369465,0,-0.6756756756756799
2018-11-08,sz.000056,5.9200,5.9600,5.8400,5.8900,5.8800,15821951,93311873.3700,3,1.750733,1,0.170064,1.282051,41.210787,8.368616,-9.385400,0,0.1700680272108901
2018-11-09,sz.000056,5.8500,5.8500,5.7000,5.7100,5.8900,16738935,96777205.8400,3,1.852199,1,-3.056024,1.242871,39.951374,8.112869,-9.098579,0,-3.056027164685904
2018-11-12,sz.000056,5.7500,6.0800,5.7300,5.9900,5.7100,28980386,171902784.9000,3,3.206741,1,4.903673,1.303818,41.910461,8.510698,-9.544744,0,4.903677758318747
2018-11-13,sz.000056,5.9200,6.2400,5.8900,6.1800,5.9900,40781832,248735704.0000,3,4.512596,1,3.171954,1.345174,43.239841,8.780653,-9.847499,0,3.171953255425697
2018-11-14,sz.000056,6.2600,6.2800,6.0900,6.1400,6.1800,28678084,177089351.7600,3,3.173291,1,-0.647249,1.336468,42.959972,8.723821,-9.783761,0,-0.6472491909385147
2018-11-15,sz.000056,6.1000,6.1700,6.0400,6.1400,6.1400,21941400,134138389.9600,3,2.427863,1,0.000000,1.336468,42.959972,8.723821,-9.783761,0,0.0
2018-11-16,sz.000056,6.1600,6.1800,6.0600,6.1000,6.1400,19645600,119910115.0000,3,2.173827,1,-0.651465,1.327761,42.680102,8.666988,-9.720023,0,-0.6514657980456029
2018-11-19,sz.000056,6.0800,6.2500,6.0400,6.2500,6.1000,26945529,165403298.4300,3,2.981580,1,2.459018,1.360411,43.729613,8.880111,-9.959040,0,2.459016393442637
2018-11-20,sz.000056,6.1700,6.3000,6.0500,6.0800,6.2500,25338379,155921415.1800,3,2.803745,1,-2.720001,1.323408,42.540167,8.638572,-9.688155,0,-2.72
2018-11-21,sz.000056,5.9800,6.2000,5.8900,6.1800,6.0800,16656002,100937549.9800,3,1.843022,1,1.644735,1.345174,43.239841,8.780653,-9.847499,0,1.6447368421052655
2018-11-22,sz.000056,6.2400,6.2700,6.1300,6.1600,6.1800,15928940,98499864.4000,3,1.762571,1,-0.323624,1.340821,43.099906,8.752237,-9.815630,0,-0.3236245954692518
2018-11-23,sz.000056,6.1800,6.1900,5.7400,5.8800,6.1600,21018542,125602899.5200,3,2.325746,1,-4.545450,1.279875,41.140820,8.354408,-9.369465,0,-4.545454545454552
2018-11-26,sz.000056,6.0000,6.4600,5.9200,6.2000,5.8800,36194400,225307673.1000,3,4.004987,1,5.442172,1.349528,43.379776,8.809070,-9.879368,0,5.442176870748305
2018-11-27,sz.000056,6.1400,6.3400,6.0600,6.1100,6.2000,22454806,138564056.6600,3,2.484672,1,-1.451608,1.329938,42.750069,8.681196,-9.735958,0,-1.4516129032258074
2018-11-28,sz.000056,6.0500,6.0700,5.7600,5.9400,6.1100,17995600,106376612.0000,3,1.991251,1,-2.782325,1.292934,41.560624,8.439657,-9.465072,0,-2.782324058919805
2018-11-29,sz.000056,5.9400,5.9700,5.7300,5.7700,5.9400,13177900,77297837.0000,3,1.458163,1,-2.861954,1.255931,40.371178,8.198118,-9.194186,0,-2.8619528619528767
2018-11-30,sz.000056,5.7300,5.7500,5.5000,5.6600,5.7700,14168295,79619938.9000,3,1.567752,1,-1.906415,1.231988,39.601537,8.041828,-9.018907,0,-1.9064124783362169
2018-12-03,sz.000056,5.7500,5.8300,5.6900,5.8000,5.6600,13259195,76550888.3500,3,1.467158,1,2.473504,1.262461,40.581081,8.240743,-9.241990,0,2.473498233215543
2018-12-04,sz.000056,5.8000,5.8000,5.7100,5.7800,5.8000,10408243,59838240.1100,3,1.151694,1,-0.344827,1.258108,40.441146,8.212326,-9.210121,0,-0.34482758620688614
2018-12-05,sz.000056,5.6600,5.7700,5.6100,5.7200,5.7800,8774700,49921559.0000,3,0.970939,1,-1.038069,1.245048,40.021342,8.127077,-9.114514,0,-1.038062283737029
2018-12-06,sz.000056,5.6800,5.7200,5.5900,5.5900,5.7200,8346700,47083011.0000,3,0.923580,1,-2.272721,1.216751,39.111766,7.942371,-8.907366,0,-2.2727272727272707
2018-12-07,sz.000056,5.6000,5.6600,5.5900,5.6000,5.5900,5017391,28182012.6000,3,0.555185,1,0.178886,1.218928,39.181733,7.956579,-8.923300,0,0.17889087656528524
2018-12-10,sz.000056,5.7600,5.9600,5.7300,5.8000,5.6000,23128984,134780984.1700,3,2.559271,1,3.571434,1.262461,40.581081,8.240743,-9.241990,0,3.571428571428581
2018-12-11,sz.000056,5.7000,5.7600,5.6500,5.7600,5.8000,14037943,80159075.9500,3,1.553328,1,-0.689654,1.253755,40.301211,8.183910,-9.178252,0,-0.6896551724137945
2018-12-12,sz.000056,5.7600,5.8300,5.7200,5.7400,5.7600,9981988,57405360.4500,3,1.104528,1,-0.347230,1.249401,40.161276,8.155494,-9.146383,0,-0.3472222222222099
2018-12-13,sz.000056,5.7200,5.7500,5.6400,5.7100,5.7400,13211096,75289112.4800,3,1.461836,1,-0.522643,1.242871,39.951374,8.112869,-9.098579,0,-0.5226480836237002
2018-12-14,sz.000056,5.7000,5.7000,5.5200,5.5300,5.7100,11869948,66440035.6800,3,1.313435,1,-3.152361,1.203692,38.691961,7.857122,-8.811759,0,-3.1523642732048995
2018-12-17,sz.000056,5.5000,5.5000,5.2800,5.4000,5.5300,8524829,45799938.5000,3,0.943290,1,-2.350816,1.175395,37.782385,7.672416,-8.604611,0,-2.3508137432188048
2018-12-18,sz.000056,5.3500,5.4300,5.3200,5.3900,5.4000,6391082,34344828.9800,3,0.707187,1,-0.185189,1.173218,37.712418,7.658207,-8.588676,0,-0.18518518518519933
2018-12-19,sz.000056,5.4300,5.4400,5.3100,5.3300,5.3900,7289116,39111219.2800,3,0.806556,1,-1.113171,1.160158,37.292614,7.572958,-8.493070,0,-1.1131725417439675
2018-12-20,sz.000056,5.3500,5.3500,5.2500,5.3400,5.3300,7577140,40173555.3600,3,0.838427,1,0.187622,1.162335,37.362581,7.587166,-8.509004,0,0.18761726078799779
2018-12-21,sz.000056,5.3100,5.3200,5.2100,5.2700,5.3400,5483540,28904734.2000,3,0.606765,1,-1.310865,1.147098,36.872809,7.487709,-8.397463,0,-1.310861423220977
2018-12-24,sz.000056,5.2700,5.3000,5.2200,5.2800,5.2700,4916700,25874527.0000,3,0.544043,1,0.189758,1.149275,36.942777,7.501917,-8.413397,0,0.189753320683117
2018-12-25,sz.000056,5.1700,5.2100,4.8700,5.0200,5.2800,11256920,56228181.0000,3,1.245602,1,-4.924247,1.092682,35.123625,7.132505,-7.999101,0,-4.924242424242442
2018-12-26,sz.000056,5.0000,5.0700,4.9400,4.9400,5.0200,4616775,23061707.0000,3,0.510856,1,-1.593624,1.075269,34.563886,7.018839,-7.871626,0,-1.5936254980079556
2018-12-27,sz.000056,5.0300,5.0300,4.6500,4.6700,4.9400,7702743,37559458.3700,3,0.852325,1,-5.465587,1.016499,32.674767,6.635219,-7.441395,0,-5.465587044534425
2018-12-28,sz.000056,4.7000,4.7800,4.6900,4.7300,4.6700,6804977,32257742.7300,3,0.752985,1,1.284795,1.029559,33.094571,6.720468,-7.537002,0,1.2847965738758127
2019-01-02,sz.000056,4.7500,5.2000,4.7200,5.2000,4.7300,19250375,96780082.2600,3,2.130095,1,9.936570,1.131862,36.383038,7.388252,-8.285922,0,9.936575052854124
2019-01-03,sz.000056,5.2300,5.2500,5.0000,5.0400,5.2000,19374188,98899226.2200,3,2.143795,1,-3.076920,1.097035,35.263560,7.160921,-8.030970,0,-3.076923076923077
2019-01-04,sz.000056,4.9100,5.1000,4.8500,5.0500,5.0400,12896745,64438760.3500,3,1.427052,1,0.198417,1.099212,35.333527,7.175129,-8.046905,0,0.1984126984126977
2019-01-07,sz.000056,5.0700,5.1100,5.0000,5.0700,5.0500,10099469,51156126.4500,3,1.117528,1,0.396039,1.103565,35.473462,7.203546,-8.078774,0,0.3960396039603964
2019-01-08,sz.000056,5.0700,5.0700,4.9800,5.0400,5.0700,7419675,37233950.7500,3,0.821003,1,-0.591720,1.097035,35.263560,7.160921,-8.030970,0,-0.591715976331364
2019-01-09,sz.000056,5.0400,5.1300,4.9900,4.9900,5.0400,13055592,66007352.2800,3,1.444629,1,-0.992067,1.086152,34.913723,7.089880,-7.951298,0,-0.9920634920634885
2019-01-10,sz.000056,4.8200,4.9300,4.7900,4.8500,4.9900,11600275,56379245.7500,3,1.283595,1,-2.805609,1.055679,33.934179,6.890966,-7.728215,0,-2.8056112224449037
2019-01-11,sz.000056,4.9300,5.0900,4.8900,4.9300,4.8500,9745575,48439933.7500,3,1.078369,1,1.649483,1.073092,34.493919,7.004631,-7.855691,0,1.6494845360824684
2019-01-14,sz.000056,4.9300,4.9600,4.8300,4.8400,4.9300,6383844,31155401.2000,3,0.706386,1,-1.825551,1.053502,33.864212,6.876758,-7.712281,0,-1.8255578093306246
2019-01-15,sz.000056,4.8200,4.8900,4.8000,4.8800,4.8400,6136846,29756390.0600,3,0.679055,1,0.826446,1.062209,34.144082,6.933590,-7.776019,0,0.8264462809917328
2019-01-16,sz.000056,4.8600,4.8800,4.8000,4.8200,4.8800,7440700,36006574.0000,3,0.823329,1,-1.229507,1.049149,33.724277,6.848341,-7.680412,0,-1.2295081967213073
2019-01-17,sz.000056,4.8400,4.8400,4.7300,4.7500,4.8200,5622948,26852428.0000,3,0.622191,1,-1.452286,1.033912,33.234506,6.748884,-7.568871,0,-1.4522821576763545
2019-01-18,sz.000056,4.7600,4.7900,4.7100,4.7900,4.7500,5958775,28329007.5000,3,0.659351,1,0.842105,1.042619,33.514375,6.805717,-7.632609,0,0.8421052631578885
2019-01-21,sz.000056,4.8000,4.9300,4.7600,4.8800,4.7900,8706800,42215449.0000,3,0.963426,1,1.878918,1.062209,34.144082,6.933590,-7.776019,0,1.8789144050104456
2019-01-22,sz.000056,4.8700,4.8700,4.7300,4.8200,4.8800,8366002,40135463.8300,3,0.925716,1,-1.229507,1.049149,33.724277,6.848341,-7.680412,0,-1.2295081967213073
2019-01-23,sz.000056,4.7900,4.8000,4.7400,4.7500,4.8200,3276374,15632895.5000,3,0.362538,1,-1.452286,1.033912,33.234506,6.748884,-7.568871,0,-1.4522821576763545
2019-01-24,sz.000056,4.7600,4.7900,4.7300,4.7500,4.7500,4573704,21769553.0000,3,0.506090,1,0.000000,1.033912,33.234506,6.748884,-7.568871,0,0.0
2019-01-25,sz.000056,4.7400,4.8500,4.7400,4.7500,4.7500,5637640,27018987.2000,3,0.623817,1,0.000000,1.033912,33.234506,6.748884,-7.568871,0,0.0
2019-01-28,sz.000056,4.7500,4.7900,4.5700,4.5900,4.7500,6236090,28974632.1000,3,0.690037,1,-3.368418,0.999086,32.115028,6.521553,-7.313919,0,-3.368421052631587
2019-01-29,sz.000056,4.6200,4.6500,4.3200,4.4000,4.5900,5918749,26228032.8400,3,0.654922,1,-4.139434,0.957729,30.785647,6.251598,-7.011164,0,-4.1394335511982465
2019-01-30,sz.000056,4.3600,4.5900,4.3600,4.4900,4.4000,7575202,34317890.1200,3,0.838212,1,2.045447,0.977319,31.415354,6.379471,-7.154575,0,2.0454545454545503
2019-01-31,sz.000056,4.4400,4.5100,4.3000,4.3800,4.4900,5667000,24972925.7400,3,0.627066,1,-2.449881,0.953376,30.645713,6.223181,-6.979296,0,-2.4498886414254017
2019-02-01,sz.000056,4.4000,4.5500,4.4000,4.5500,4.3800,3660092,16464671.1600,3,0.404997,1,3.881280,0.990379,31.835158,6.464720,-7.250181,0,3.8812785388127935
2019-02-11,sz.000056,4.5900,4.6600,4.5300,4.6600,4.5500,4489660,20672761.4000,3,0.496790,1,2.417575,1.014322,32.604799,6.621010,-7.425461,0,2.417582417582431
2019-02-12,sz.000056,4.6600,4.7300,4.6300,4.7200,4.6600,5533140,25930049.8000,3,0.612254,1,1.287552,1.027382,33.024604,6.706259,-7.521067,0,1.2875536480686511
2019-02-13,sz.000056,4.7300,4.7700,4.6700,4.7400,4.7200,7655344,36172387.1200,3,0.847080,1,0.423728,1.031736,33.164538,6.734676,-7.552936,0,0.4237288135593209
2019-02-14,sz.000056,4.7400,5.0500,4.7100,4.8500,4.7400,13233282,64512061.8800,3,1.464291,1,2.320678,1.055679,33.934179,6.890966,-7.728215,0,2.320675105485215
2019-02-15,sz.000056,4.8000,4.8600,4.7500,4.7700,4.8500,8749600,41979650.0000,3,0.968162,1,-1.649483,1.038266,33.374440,6.777300,-7.600740,0,-1.6494845360824795
2019-02-18,sz.000056,4.8000,4.9100,4.7800,4.9000,4.7700,8081542,39243871.1200,3,0.894240,1,2.725369,1.066562,34.284016,6.962007,-7.807888,0,2.7253668763102867
2019-02-19,sz.000056,4.9800,5.2700,4.9400,5.1800,4.9000,31135200,159040976.3800,3,3.445176,1,5.714280,1.127509,36.243103,7.359836,-8.254053,0,5.714285714285694
2019-02-20,sz.000056,5.1200,5.2000,5.0300,5.1400,5.1800,18312962,93433322.8200,3,2.026368,1,-0.772200,1.118802,35.963233,7.303003,-8.190315,0,-0.7722007722007707
2019-02-21,sz.000056,5.1400,5.4400,5.1000,5.2300,5.1400,26292566,139211778.2000,3,2.909328,1,1.750976,1.138392,36.592940,7.430877,-8.333725,0,1.7509727626459304
2019-02-22,sz.000056,5.2400,5.3500,5.1600,5.3300,5.2300,19041969,100013252.6900,3,2.107034,1,1.912044,1.160158,37.292614,7.572958,-8.493070,0,1.9120458891013214
2019-02-25,sz.000056,5.3000,5.7000,5.3000,5.6800,5.3300,31371339,174289718.0000,3,3.471305,1,6.566603,1.236341,39.741472,8.070244,-9.050776,0,6.566604127579723
2019-02-26,sz.000056,5.7300,5.7300,5.4100,5.5300,5.6800,28894550,160650635.6600,3,3.197243,1,-2.640838,1.203692,38.691961,7.857122,-8.811759,0,-2.640845070422526
2019-02-27,sz.000056,5.5200,5.5700,5.3700,5.4500,5.5300,18104263,99253195.8000,3,2.003275,1,-1.446662,1.186278,38.132222,7.743456,-8.684283,0,-1.446654611211573
2019-02-28,sz.000056,5.4600,5.5700,5.4300,5.4800,5.4500,13036624,71764293.8000,3,1.442530,1,0.550463,1.192808,38.342124,7.786081,-8.732087,0,0.5504587155963359
2019-03-01,sz.000056,5.5400,5.5400,5.3600,5.4500,5.4800,12181517,66208927.2800,3,1.347911,1,-0.547449,1.186278,38.132222,7.743456,-8.684283,0,-0.5474452554744547
2019-03-04,sz.000056,5.5000,5.6400,5.4600,5.5000,5.4500,25474020,141185371.7600,3,2.818754,1,0.917435,1.197162,38.482059,7.814497,-8.763956,0,0.917431192660545
2019-03-05,sz.000056,5.5000,5.6700,5.4600,5.6600,5.5000,20990452,117194869.8600,3,2.322638,1,2.909088,1.231988,39.601537,8.041828,-9.018907,0,2.9090909090909056
2019-03-06,sz.000056,5.6700,6.0600,5.5500,5.8700,5.6600,33084358,190627260.5600,3,3.660855,1,3.710248,1.277698,41.070852,8.340200,-9.353531,0,3.7102473498233257
2019-03-07,sz.000056,5.8800,6.1800,5.8100,6.1000,5.8700,31670547,190403862.2000,3,3.504413,1,3.918229,1.327761,42.680102,8.666988,-9.720023,0,3.918228279386704
2019-03-08,sz.000056,6.0000,6.0000,5.5500,5.5500,6.1000,26770853,154752122.4100,3,2.962252,1,-9.016389,1.208045,38.831896,7.885538,-8.843628,0,-9.016393442622949
2019-03-11,sz.000056,5.5500,5.7100,5.4200,5.6700,5.5500,17678401,98778068.4200,3,1.956153,1,2.162160,1.234165,39.671505,8.056036,-9.034842,0,2.1621621621621623
2019-03-12,sz.000056,5.6900,6.1200,5.6400,5.9600,5.6700,32114712,187595084.5600,3,3.553561,1,5.114638,1.297288,41.700559,8.468073,-9.496941,0,5.1146384479717755
2019-03-13,sz.000056,6.1500,6.5600,5.9500,6.5500,5.9600,55361755,342902150.3800,3,6.125896,1,9.899332,1.425711,45.828634,9.306356,-10.437074,0,9.899328859060397
2019-03-14,sz.000056,6.3000,6.4700,5.9800,6.0600,6.5500,28596121,177282642.9100,3,3.164222,1,-7.480919,1.319054,42.400232,8.610155,-9.656286,0,-7.480916030534357
2019-03-15,sz.000056,6.0800,6.5400,6.0700,6.4700,6.0600,33434372,211098008.2500,3,3.699584,1,6.765674,1.408297,45.268895,9.192690,-10.309599,0,6.765676567656764
2019-03-18,sz.000056,6.4300,6.5200,6.2200,6.4500,6.4700,21603691,137750765.1900,3,2.390494,1,-0.309119,1.403944,45.128960,9.164274,-10.277730,0,-0.3091190108191588
2019-03-19,sz.000056,6.4800,6.8000,6.3500,6.5800,6.4500,26643388,175216112.1600,3,2.948148,1,2.015506,1.432241,46.038536,9.348980,-10.484878,0,2.0155038759689825
2019-03-20,sz.000056,6.5800,6.5800,6.2500,6.4000,6.5800,23207859,147775877.7500,3,2.567999,1,-2.735560,1.393061,44.779123,9.093233,-10.198057,0,-2.7355623100303927
2019-03-21,sz.000056,6.3900,6.5500,6.2500,6.4000,6.4000,23611686,150086265.5100,3,2.612683,1,0.000000,1.393061,44.779123,9.093233,-10.198057,0,0.0
2019-03-22,sz.000056,6.3900,6.3900,6.2000,6.2900,6.4000,14891724,93490646.0000,3,1.647801,1,-1.718752,1.369117,44.009482,8.936943,-10.022778,0,-1.7187500000000022
2019-03-25,sz.000056,6.1500,6.2000,6.0800,6.0800,6.2900,11680200,71653354.0000,3,1.292439,1,-3.338634,1.323408,42.540167,8.638572,-9.688155,0,-3.338632750397452
2019-03-26,sz.000056,6.1000,6.1600,5.7800,5.8300,6.0800,13834877,82290110.1100,3,1.530859,1,-4.111842,1.268991,40.790983,8.283367,-9.289793,0,-4.111842105263152
2019-03-27,sz.000056,5.8600,5.9500,5.7300,5.8300,5.8300,10407802,60561467.5600,3,1.151645,1,0.000000,1.268991,40.790983,8.283367,-9.289793,0,0.0
2019-03-28,sz.000056,5.8100,5.8900,5.7100,5.7100,5.8300,7819902,45313714.5400,3,0.865289,1,-2.058317,1.242871,39.951374,8.112869,-9.098579,0,-2.0583190394511175
2019-03-29,sz.000056,5.7200,5.8600,5.5700,5.8300,5.7100,11773726,67759600.1600,3,1.302788,1,2.101574,1.268991,40.790983,8.283367,-9.289793,0,2.1015761821365997
2019-04-01,sz.000056,5.8600,6.0500,5.8300,6.0200,5.8300,13013124,77784886.2800,3,1.439930,1,3.259006,1.310348,42.120363,8.553322,-9.592548,0,3.2590051457976
2019-04-02,sz.000056,6.0300,6.0900,5.9600,6.0500,6.0200,15489302,93367255.7000,3,1.713924,1,0.498342,1.316878,42.330265,8.595947,-9.640351,0,0.4983388704318914
2019-04-03,sz.000056,6.0300,6.2300,6.0000,6.2100,6.0500,18455750,113500630.7200,3,2.042168,1,2.644625,1.351704,43.449743,8.823278,-9.895303,0,2.6446280991735627
2019-04-04,sz.000056,6.2500,6.2600,6.0800,6.1200,6.2100,14571382,89658481.1200,3,1.612354,1,-1.449278,1.332114,42.820037,8.695404,-9.751892,0,-1.449275362318836
2019-04-08,sz.000056,6.1300,6.1800,5.9500,6.0600,6.1200,14447410,87609382.0800,3,1.598637,1,-0.980391,1.319054,42.400232,8.610155,-9.656286,0,-0.9803921568627527
2019-04-09,sz.000056,6.0500,6.1300,6.0200,6.1000,6.0600,11304008,68730027.4800,3,1.250813,1,0.660065,1.327761,42.680102,8.666988,-9.720023,0,0.660066006600668
2019-04-10,sz.000056,6.1000,6.2100,5.9800,6.2100,6.1000,18157893,111050279.5900,3,2.009209,1,1.803281,1.351704,43.449743,8.823278,-9.895303,0,1.80327868852459
2019-04-11,sz.000056,6.2200,6.4900,6.1900,6.3100,6.2100,33727109,212954172.0400,3,3.731976,1,1.610304,1.373471,44.149417,8.965360,-10.054647,0,1.61030595813203
2019-04-12,sz.000056,6.2700,6.3100,6.1200,6.1300,6.3100,15457542,95840776.0400,3,1.710410,1,-2.852612,1.334291,42.890004,8.709612,-9.767827,0,-2.852614896988903
2019-04-15,sz.000056,6.1800,6.4100,6.1600,6.1700,6.1300,20249832,126550311.3200,3,2.240687,1,0.652528,1.342998,43.169874,8.766445,-9.831565,0,0.6525285481239873
2019-04-16,sz.000056,6.1300,6.4900,5.9400,6.4300,6.1700,33229776,208272153.8400,3,3.676945,1,4.213934,1.399591,44.989026,9.135858,-10.245861,0,4.213938411669371
2019-04-17,sz.000056,6.5300,7.0700,6.5200,7.0700,6.4300,51793699,356715337.0700,3,5.731083,1,9.953349,1.538897,49.466938,10.045181,-11.265667,0,9.953343701399708
2019-04-18,sz.000056,7.0700,7.0700,6.6200,6.8100,7.0700,63387621,433046011.0900,3,7.013975,1,-3.677514,1.482304,47.647786,9.675768,-10.851370,0,-3.6775106082036824
2019-04-19,sz.000056,6.6800,7.3600,6.6300,7.1200,6.8100,48246362,335395686.4600,3,5.338562,1,4.552128,1.549780,49.816775,10.116222,-11.345339,0,4.552129221732759
2019-04-22,sz.000056,7.0300,7.0600,6.6400,6.6900,7.1200,29981420,206866905.3200,3,3.317508,1,-6.039324,1.456184,46.808177,9.505270,-10.660157,0,-6.0393258426966305
2019-04-23,sz.000056,6.6300,6.6500,6.3000,6.3300,6.6900,23162344,149188380.8000,3,2.562963,1,-5.381168,1.377824,44.289352,8.993776,-10.086516,0,-5.381165919282516
2019-04-24,sz.000056,6.3400,6.4300,6.2600,6.4200,6.3300,13976862,88791611.6000,3,1.546569,1,1.421803,1.397414,44.919058,9.121650,-10.229926,0,1.4218009478673022
2019-04-25,sz.000056,6.3700,6.3700,5.8000,5.8100,6.4200,26332200,159253101.9800,3,2.913714,1,-9.501559,1.273861,75.329192,7.194896,-13.368041,0,-9.501557632398761
2019-04-26,sz.000056,5.7500,5.8900,5.6500,5.6800,5.8100,13378666,77116578.2000,3,1.480378,1,-2.237524,1.235741,77.032359,7.059889,-6.298480,0,-2.2375215146299476
2019-04-29,sz.000056,5.6600,5.7200,5.1700,5.2900,5.6800,13692668,74037357.7800,3,1.515123,1,-6.866195,1.150892,71.743166,6.575143,-5.866014,0,-6.866197183098588
2019-04-30,sz.000056,5.2900,5.4700,5.2500,5.3600,5.2900,8682602,46671275.5800,3,0.960748,1,1.323255,1.166121,72.692508,6.662148,-5.943636,0,1.3232514177693888
2019-05-06,sz.000056,5.0400,5.1800,4.8600,5.1100,5.3600,14185742,71226829.7400,3,1.569682,1,-4.664179,1.111731,69.301999,6.351414,-5.666415,0,-4.664179104477617
2019-05-07,sz.000056,5.0900,5.1800,5.0400,5.1200,5.1100,9816713,50223406.2400,3,1.086240,1,0.195690,1.113907,69.437620,6.363843,-5.677503,0,0.1956947162426559
2019-05-08,sz.000056,4.9000,5.1400,4.8900,5.0300,5.1200,6466303,32595644.1700,3,0.715510,1,-1.757806,1.094327,68.217037,6.251979,-5.577704,0,-1.7578125
2019-05-09,sz.000056,5.0600,5.0700,4.9000,4.9300,5.0300,7065742,35080627.9400,3,0.781839,1,-1.988079,1.072571,66.860833,6.127685,-5.466815,0,-1.988071570576555
2019-05-10,sz.000056,4.9900,5.0500,4.7900,5.0500,4.9300,10453754,52127693.1600,3,1.156730,1,2.434085,1.098678,68.488277,6.276838,-5.599881,0,2.4340770791074995
2019-05-13,sz.000056,4.9800,5.0500,4.9300,4.9600,5.0500,6361649,31739071.3200,3,0.703930,1,-1.782181,1.079097,67.267694,6.164973,-5.500081,0,-1.7821782178217838
2019-05-14,sz.000056,4.9000,4.9800,4.8700,4.8900,4.9600,7320382,36041241.4600,3,0.810016,1,-1.411294,1.063868,66.318352,6.077967,-5.422459,0,-1.4112903225806495
2019-05-15,sz.000056,5.0000,5.0400,4.9100,5.0200,4.8900,8596760,42841251.7800,3,0.951250,1,2.658489,1.092151,68.081416,6.239549,-5.566615,0,2.658486707566454
2019-05-16,sz.000056,5.0200,5.1900,4.9900,5.1200,5.0200,10269719,52355978.6300,3,1.136366,1,1.992030,1.113907,69.437620,6.363843,-5.677503,0,1.9920318725099806
2019-05-17,sz.000056,5.1400,5.1800,4.8300,4.8700,5.1200,9129639,45516520.9500,3,1.010214,1,-4.882813,1.059517,66.047111,6.053109,-5.400282,0,-4.8828125
2019-05-20,sz.000056,4.8600,4.8600,4.5200,4.6800,4.8700,9073580,42064954.0000,3,1.004011,1,-3.901439,1.018181,63.470324,5.816950,-5.189593,0,-3.901437371663252
2019-05-21,sz.000056,4.6700,4.8000,4.6200,4.7900,4.6800,6823882,32460990.7400,3,0.755077,1,2.350430,1.042112,64.962148,5.953674,-5.311571,0,2.3504273504273643
2019-05-22,sz.000056,4.8000,4.8400,4.7000,4.7300,4.7900,4483500,21347984.0000,3,0.496109,1,-1.252608,1.029059,64.148426,5.879097,-5.245037,0,-1.2526096033402823
2019-05-23,sz.000056,4.7300,4.7900,4.6200,4.6300,4.7300,5831100,27402636.9800,3,0.645224,1,-2.114163,1.007303,62.792223,5.754804,-5.134149,0,-2.114164904862592
2019-05-24,sz.000056,4.6000,4.7800,4.6000,4.6700,4.6300,4509202,21090981.3600,3,0.498953,1,0.863930,1.016005,63.334704,5.804521,-5.178504,0,0.8639308855291628
2019-05-27,sz.000056,4.6900,4.7700,4.5800,4.7700,4.6700,5206506,24388518.7600,3,0.576111,1,2.141325,1.037761,64.690907,5.928815,-5.289393,0,2.1413276231263323
2019-05-28,sz.000056,4.7600,4.8200,4.7200,4.7300,4.7700,5995446,28612901.8800,3,0.663409,1,-0.838574,1.029059,64.148426,5.879097,-5.245037,0,-0.8385744234800652
2019-05-29,sz.000056,4.7300,4.7500,4.6500,4.6800,4.7300,5137162,24119730.0200,3,0.568438,1,-1.057086,1.018181,63.470324,5.816950,-5.189593,0,-1.0570824524313016
2019-05-30,sz.000056,4.6700,4.6900,4.5500,4.6100,4.6800,4939934,22792621.0600,3,0.546614,1,-1.495720,1.002951,62.520982,5.729945,-5.111971,0,-1.4957264957264793
2019-05-31,sz.000056,4.6200,4.6800,4.5800,4.5900,4.6100,4109800,19017138.0000,3,0.454758,1,-0.433839,0.998600,62.249741,5.705086,-5.089793,0,-0.4338394793926392
2019-06-03,sz.000056,4.6000,4.6400,4.4800,4.4900,4.5900,5144280,23312893.0000,3,0.569226,1,-2.178658,0.976844,60.893538,5.580792,-4.978904,0,-2.178649237472763
2019-06-04,sz.000056,4.5000,4.5200,4.4000,4.4100,4.4900,4600502,20468694.9000,3,0.509055,1,-1.781736,0.959439,59.808575,5.481357,-4.890193,0,-1.7817371937639215
2019-06-05,sz.000056,4.4600,4.5000,4.3800,4.3900,4.4100,4275600,18912979.0000,3,0.473104,1,-0.453514,0.955088,59.537334,5.456498,-4.868016,0,-0.45351473922903285
2019-06-06,sz.000056,4.3800,4.4100,4.2500,4.2700,4.3900,5149094,22186328.3800,3,0.569758,1,-2.733483,0.928981,57.909890,5.307346,-4.734949,0,-2.733485193621865
2019-06-10,sz.000056,4.2700,4.3200,4.2300,4.2900,4.2700,5983340,25605353.2000,3,0.662069,1,0.468384,0.933332,58.181131,5.332205,-4.757127,0,0.4683840749414525
2019-06-11,sz.000056,4.2900,4.4700,4.2700,4.4400,4.2900,9371200,40955481.6000,3,1.036943,1,3.496506,0.965966,60.215436,5.518645,-4.923460,0,3.4965034965035002
2019-06-12,sz.000056,4.4400,4.4500,4.3600,4.3700,4.4400,7253496,31900193.6600,3,0.802615,1,-1.576581,0.950737,59.266093,5.431640,-4.845838,0,-1.5765765765765827
2019-06-13,sz.000056,4.3700,4.4200,4.3300,4.4000,4.3700,6566540,28745326.8000,3,0.726602,1,0.686504,0.957264,59.672954,5.468928,-4.879104,0,0.6864988558352492
2019-06-14,sz.000056,4.4200,4.4200,4.2400,4.2600,4.4000,8127656,35228890.6800,3,0.899342,1,-3.181815,0.926805,57.774270,5.294916,-4.723860,0,-3.1818181818181968
2019-06-17,sz.000056,4.2600,4.3000,4.2200,4.2700,4.2600,4342340,18492325.0000,3,0.480489,1,0.234736,0.928981,57.909890,5.307346,-4.734949,0,0.23474178403755097
2019-06-18,sz.000056,4.2900,4.2900,4.2000,4.2200,4.2700,4696367,19878849.7200,3,0.519663,1,-1.170965,0.918103,57.231788,5.245199,-4.679505,0,-1.1709601873536313
2019-06-19,sz.000056,4.2800,4.4400,4.2700,4.3500,4.2200,12578964,54440698.7300,3,1.391889,1,3.080572,0.946386,58.994853,5.406781,-4.823660,0,3.08056872037914
2019-06-20,sz.000056,4.3200,4.4000,4.3000,4.3800,4.3500,12447220,54237598.2500,3,1.377311,1,0.689660,0.952913,59.401714,5.444069,-4.856927,0,0.6896551724137945
2019-06-21,sz.000056,4.4000,4.5000,4.3700,4.4800,4.3800,11344847,50402589.1000,3,1.255331,1,2.283103,0.974669,60.757917,5.568363,-4.967815,0,2.2831050228310668
2019-06-24,sz.000056,4.5000,4.6100,4.4500,4.5100,4.4800,8856082,39977024.6400,3,0.979944,1,0.669647,0.981195,61.164778,5.605651,-5.001082,0,0.6696428571428381
2019-06-25,sz.000056,4.5200,4.5300,4.3800,4.4500,4.5100,6503619,28848713.5000,3,0.719639,1,-1.330386,0.968142,60.351056,5.531075,-4.934549,0,-1.3303769401330268
2019-06-26,sz.000056,4.4300,4.4700,4.4000,4.4300,4.4500,3949204,17500518.8400,3,0.436988,1,-0.449438,0.963791,60.079816,5.506216,-4.912371,0,-0.44943820224719877
2019-06-27,sz.000056,4.4500,4.4800,4.4100,4.4200,4.4300,4444632,19741712.7600,3,0.491808,1,-0.225728,0.961615,59.944195,5.493787,-4.901282,0,-0.22573363431150906
2019-06-28,sz.000056,4.4300,4.4400,4.2900,4.3500,4.4200,6361147,27666499.9800,3,0.703874,1,-1.583714,0.946386,58.994853,5.406781,-4.823660,0,-1.5837104072398245
2019-07-01,sz.000056,4.4200,4.5400,4.3900,4.5200,4.3500,7787151,34924935.7600,3,0.861665,1,3.908048,0.983371,61.300399,5.618080,-5.012171,0,3.9080459770114873
2019-07-02,sz.000056,4.5300,4.5400,4.4600,4.5200,4.5200,7112306,32058767.1900,3,0.786992,1,0.000000,0.983371,61.300399,5.618080,-5.012171,0,0.0
2019-07-03,sz.000056,4.5400,4.5400,4.4600,4.4800,4.5200,5836154,26235806.3100,3,0.645783,1,-0.884955,0.974669,60.757917,5.568363,-4.967815,0,-0.8849557522123686
2019-07-04,sz.000056,4.4900,4.5700,4.4400,4.4800,4.4800,9668097,43618132.5300,3,1.069795,1,0.000000,0.974669,60.757917,5.568363,-4.967815,0,0.0
2019-07-05,sz.000056,4.4700,4.4700,4.3800,4.4400,4.4800,5847196,25860119.3200,3,0.647005,1,-0.892856,0.965966,60.215436,5.518645,-4.923460,0,-0.8928571428571397
2019-07-08,sz.000056,4.4500,4.4600,4.2400,4.2800,4.4400,7458746,32205921.8400,3,0.825326,1,-3.603600,0.931157,58.045510,5.319775,-4.746038,0,-3.603603603603611
2019-07-09,sz.000056,4.2800,4.2900,4.1800,4.2300,4.2700,5463500,23068643.1900,3,0.604548,1,-0.936767,0.920279,57.367409,5.257628,-4.690594,0,-1.1682242990654124
2019-07-10,sz.000056,4.2100,4.2500,4.1000,4.1500,4.2300,6462726,26941972.2000,3,0.715114,1,-1.891251,0.902874,56.282446,5.158193,-4.601883,0,-1.891252955082745
2019-07-11,sz.000056,4.1600,4.2000,4.0900,4.1100,4.1500,4911546,20380426.0400,3,0.543473,1,-0.963854,0.894171,55.739964,5.108476,-4.557527,0,-0.9638554216867434
2019-07-12,sz.000056,4.1100,4.1600,4.0600,4.1200,4.1100,3805602,15686253.2400,3,0.421098,1,0.243303,0.896347,55.875585,5.120905,-4.568616,0,0.24330900243307862
2019-07-15,sz.000056,4.1000,4.2300,3.9600,4.2200,4.1200,7354291,30276249.5200,3,0.813768,1,2.427182,0.918103,57.231788,5.245199,-4.679505,0,2.4271844660194164
2019-07-16,sz.000056,4.2100,4.2600,4.1600,4.1900,4.2200,4323389,18150753.2200,3,0.478392,1,-0.710894,0.911576,56.824927,5.207911,-4.646238,0,-0.7109004739336289
2019-07-17,sz.000056,4.1700,4.2300,4.1500,4.1700,4.1900,3100002,12967395.3200,3,0.343022,1,-0.477326,0.907225,56.553686,5.183052,-4.624060,0,-0.4773269689737569
2019-07-18,sz.000056,4.1500,4.1900,4.0900,4.1400,4.1700,4031724,16694866.4600,3,0.446119,1,-0.719429,0.900698,56.146825,5.145764,-4.590794,0,-0.7194244604316613
2019-07-19,sz.000056,4.1400,4.2300,4.1400,4.1700,4.1400,3436507,14360643.1900,3,0.380257,1,0.724643,0.907225,56.553686,5.183052,-4.624060,0,0.7246376811594235
2019-07-22,sz.000056,4.2000,4.2100,4.0500,4.0600,4.1700,4420879,18169477.6400,3,0.489180,1,-2.637893,0.883293,55.061863,5.046329,-4.502083,0,-2.6378896882494063
2019-07-23,sz.000056,4.0600,4.1300,4.0600,4.0900,4.0600,2022109,8267105.5200,3,0.223751,1,0.738922,0.889820,55.468724,5.083617,-4.535349,0,0.7389162561576512
2019-07-24,sz.000056,4.1200,4.1800,4.0900,4.1300,4.0900,2984600,12369043.0000,3,0.330252,1,0.977994,0.898523,56.011205,5.133334,-4.579705,0,0.9779951100244544
2019-07-25,sz.000056,4.1000,4.1500,4.0800,4.1100,4.1300,3126683,12847295.8500,3,0.345974,1,-0.484261,0.894171,55.739964,5.108476,-4.557527,0,-0.4842615012106477
2019-07-26,sz.000056,4.1000,4.1100,4.0600,4.0700,4.1100,3506102,14311819.3600,3,0.388000,1,-0.973200,0.885469,55.197483,5.058758,-4.513172,0,-0.9732360097323589
2019-07-29,sz.000056,4.0700,4.0700,3.9600,3.9900,4.0700,5155509,20631365.3600,3,0.570468,1,-1.965606,0.868064,54.112520,4.959323,-4.424461,0,-1.9656019656019708
2019-07-30,sz.000056,3.9900,4.0500,3.9800,4.0200,3.9900,3544665,14285004.9500,3,0.392200,1,0.751900,0.874591,54.519381,4.996611,-4.457727,0,0.7518796992481036
2019-07-31,sz.000056,4.0100,4.0600,3.9900,4.0300,4.0200,4198548,16898770.7300,3,0.464600,1,0.248800,0.876767,54.655001,5.009041,-4.468816,0,0.24875621890549926
2019-08-01,sz.000056,4.0100,4.0300,3.9100,3.9400,4.0300,6257040,24702238.2700,3,0.692400,1,-2.233300,0.857186,53.434418,4.897176,-4.369016,0,-2.2332506203474045
2019-08-02,sz.000056,3.7300,3.8300,3.7300,3.7700,3.9400,5259600,19908923.0000,3,0.582000,1,-4.314700,0.820201,51.128872,4.685877,-4.180505,0,-4.314720812182737
2019-08-05,sz.000056,3.7200,3.7200,3.6200,3.6500,3.7700,5888447,21595112.4900,3,0.651600,1,-3.183000,0.794094,49.501428,4.536724,-4.047439,0,-3.183023872679047
2019-08-06,sz.000056,3.5900,3.6100,3.3200,3.4800,3.6500,9260509,31949212.3000,3,1.024700,1,-4.657500,0.757109,47.195882,4.325425,-3.858928,0,-4.657534246575345
2019-08-07,sz.000056,3.5000,3.5300,3.4700,3.4900,3.4800,4397693,15393247.5700,3,0.486600,1,0.287400,0.759284,47.331503,4.337854,-3.870017,0,0.287356321839094
2019-08-08,sz.000056,3.5100,3.5800,3.5100,3.5700,3.4900,4883973,17375247.1600,3,0.540400,1,2.292300,0.776689,48.416465,4.437289,-3.958728,0,2.2922636103151817
2019-08-09,sz.000056,3.5900,3.6200,3.4700,3.4700,3.5700,4102540,14506788.4000,3,0.454000,1,-2.801100,0.754933,47.060262,4.312995,-3.847839,0,-2.8011204481792618
2019-08-12,sz.000056,3.5000,3.5800,3.5000,3.5700,3.4700,3996200,14165232.0000,3,0.442200,1,2.881800,0.776689,48.416465,4.437289,-3.958728,0,2.881844380403442
2019-08-13,sz.000056,3.5800,3.5900,3.5200,3.5400,3.5700,2965959,10534050.2700,3,0.328200,1,-0.840300,0.770162,48.009604,4.400001,-3.925461,0,-0.8403361344537785
2019-08-14,sz.000056,3.5700,3.6200,3.5100,3.5300,3.5400,3387576,12074348.8400,3,0.374800,1,-0.282500,0.767987,47.873984,4.387572,-3.914372,0,-0.28248587570621764
2019-08-15,sz.000056,3.4200,3.5700,3.4100,3.5700,3.5300,4200400,14633647.0000,3,0.464800,1,1.133100,0.776689,48.416465,4.437289,-3.958728,0,1.1331444759206777
2019-08-16,sz.000056,3.5900,3.6300,3.5300,3.5900,3.5700,4216598,15144101.7800,3,0.466600,1,0.560200,0.781040,48.687706,4.462148,-3.980906,0,0.5602240896358524
2019-08-19,sz.000056,3.9500,3.9500,3.7200,3.8000,3.5900,15729721,60268471.2600,3,1.740500,1,5.849600,0.826728,51.535733,4.723165,-4.213772,0,5.84958217270195
2019-08-20,sz.000056,3.8400,4.1800,3.7800,3.8800,3.8000,17145243,67520411.4500,3,1.897200,1,2.105300,0.844133,52.620696,4.822600,-4.302483,0,2.1052631578947434
2019-08-21,sz.000056,3.8600,4.2700,3.8400,4.2700,3.8800,24876901,103716944.2200,3,2.752700,1,10.051500,0.928981,57.909890,5.307346,-4.734949,0,10.051546391752563
2019-08-22,sz.000056,4.4300,4.7000,4.3800,4.7000,4.2700,34463409,156121099.1300,3,3.813400,1,10.070300,1.022532,63.741565,5.841809,-5.211771,0,10.070257611241228
2019-08-23,sz.000056,4.9300,5.1700,4.4300,5.1700,4.7000,62787015,304090378.7300,3,6.947500,1,10.000000,1.124785,70.115722,6.425990,-5.732948,0,9.999999999999986
2019-08-26,sz.000056,5.0800,5.6900,4.9900,5.6900,5.1700,84459313,462723239.0100,3,9.345600,1,10.058000,1.237916,77.167980,7.072318,-6.309569,0,10.058027079303677
2019-08-27,sz.000056,5.3400,6.0200,5.2900,5.5600,5.6900,90189166,507490232.7500,3,9.979600,1,-2.284700,1.203441,68.123872,6.693161,-20.070355,0,-2.2847100175747093
2019-08-28,sz.000056,5.4900,5.8000,5.1500,5.2000,5.5600,61906930,336644402.8800,3,6.850100,1,-6.474800,1.125521,63.712974,6.259791,-18.770836,0,-6.474820143884886
2019-08-29,sz.000056,5.2300,5.7200,5.2300,5.7200,5.2000,49760760,279619792.8200,3,5.506100,1,10.000000,1.238073,70.084271,6.885770,-20.647919,0,9.999999999999986
2019-08-30,sz.000056,6.0200,6.1900,5.4400,5.6600,5.7200,101814619,596747575.0000,3,11.266000,1,-1.049000,1.225086,69.349122,6.813542,-20.431333,0,-1.0489510489510412
2019-09-02,sz.000056,5.3100,6.2300,5.0900,6.2300,5.6600,67891954,386868478.9000,3,7.512400,1,10.070700,1.348460,76.333044,7.499711,-22.488905,0,10.070671378091877
2019-09-03,sz.000056,6.6600,6.8500,6.1100,6.2000,6.2300,133284995,879835591.6800,3,14.748300,1,-0.481500,1.341967,75.965469,7.463597,-22.380612,0,-0.48154093097914075
2019-09-04,sz.000056,5.7800,6.1700,5.7000,5.9800,6.2000,94441844,555038732.8900,3,10.450200,1,-3.548400,1.294349,73.269920,7.198759,-21.586461,0,-3.548387096774186
2019-09-05,sz.000056,5.8200,6.0200,5.7400,5.7500,5.9800,68494019,401590476.1400,3,7.579000,1,-3.846200,1.244566,70.451846,6.921884,-20.756213,0,-3.8461538461538547
2019-09-06,sz.000056,5.6600,5.8900,5.4100,5.5800,5.7500,53878041,303585140.1700,3,5.961700,1,-2.956500,1.207770,68.368922,6.717237,-20.142551,0,-2.9565217391304355
2019-09-09,sz.000056,5.6000,5.6500,5.4400,5.5600,5.5800,37279929,205905889.9700,3,4.125100,1,-0.358400,1.203441,68.123872,6.693161,-20.070355,0,-0.35842293906810374
2019-09-10,sz.000056,5.5900,5.6300,5.4700,5.5200,5.5600,36730065,203639509.9900,3,4.064300,1,-0.719400,1.194784,67.633772,6.645009,-19.925964,0,-0.7194244604316502
2019-09-11,sz.000056,5.5200,5.5200,5.2900,5.3600,5.5200,35520936,191680223.1400,3,3.930500,1,-2.898500,1.160152,65.673373,6.452400,-19.348400,0,-2.898550724637672
2019-09-12,sz.000056,5.3700,5.4800,5.3500,5.4300,5.3600,26560531,143930590.6700,3,2.939000,1,1.306000,1.175303,66.531048,6.536666,-19.601084,0,1.3059701492537101
2019-09-16,sz.000056,5.4900,5.5500,5.4000,5.4600,5.4300,27063521,148253070.6100,3,2.994600,1,0.552500,1.181797,66.898623,6.572780,-19.709377,0,0.5524861878453136
2019-09-17,sz.000056,5.4500,5.6300,5.4100,5.5100,5.4600,37509963,207444186.1400,3,4.150600,1,0.915800,1.192619,67.511247,6.632971,-19.889866,0,0.9157509157509125
2019-09-18,sz.000056,5.4700,5.4800,5.1000,5.2700,5.5100,33729755,177215358.3500,3,3.732300,1,-4.355700,1.140672,64.570649,6.344057,-19.023520,0,-4.355716878402904
2019-09-19,sz.000056,5.2200,5.2200,4.9400,5.0900,5.2700,29638019,149674796.1900,3,3.279500,1,-3.415600,1.101712,62.365200,6.127372,-18.373760,0,-3.4155597722960063
2019-09-20,sz.000056,5.0900,5.1900,5.0200,5.1200,5.0900,20556900,104635175.0000,3,2.274700,1,0.589400,1.108205,62.732774,6.163486,-18.482054,0,0.5893909626719207
2019-09-23,sz.000056,5.0900,5.0900,4.8800,5.0300,5.1200,23239900,115606979.0000,3,2.571500,1,-1.757800,1.088725,61.630050,6.055144,-18.157174,0,-1.7578125
2019-09-24,sz.000056,5.0100,5.0500,4.9500,4.9700,5.0300,15753300,78679961.0000,3,1.743100,1,-1.192900,1.075738,60.894900,5.982915,-17.940587,0,-1.1928429423459397
2019-09-25,sz.000056,4.9600,4.9900,4.7200,4.7900,4.9700,18876602,91552515.6000,3,2.088700,1,-3.621700,1.036778,58.689451,5.766230,-17.290828,0,-3.621730382293753
2019-09-26,sz.000056,4.7900,4.9300,4.5900,4.6300,4.7900,18637600,87735116.0000,3,2.062300,1,-3.340300,1.002146,56.729052,5.573621,-16.713263,0,-3.3402922755741193
2019-09-27,sz.000056,4.6600,4.7400,4.6200,4.6700,4.6300,14039141,65771762.0600,3,1.553500,1,0.863900,1.010804,57.219152,5.621774,-16.857654,0,0.8639308855291628
2019-09-30,sz.000056,4.7000,4.8000,4.5800,4.5900,4.6700,10120207,47058958.8900,3,1.119800,1,-1.713100,0.993488,56.238952,5.525469,-16.568872,0,-1.7130620985010725
2019-10-08,sz.000056,4.6100,4.7300,4.6100,4.6400,4.5900,11278441,52615784.8300,3,1.248000,1,1.089300,1.004311,56.851577,5.585659,-16.749361,0,1.089324618736387
2019-10-09,sz.000056,4.6100,4.8100,4.6100,4.7400,4.6400,17152100,80726025.0000,3,1.897900,1,2.155200,1.025955,58.076826,5.706040,-17.110339,0,2.155172413793105
2019-10-10,sz.000056,4.7300,4.7700,4.6200,4.7400,4.7400,17175900,80473652.9600,3,1.900500,1,0.000000,1.025955,58.076826,5.706040,-17.110339,0,0.0
2019-10-11,sz.000056,4.7800,4.7900,4.6100,4.6800,4.7400,17566668,82515236.9000,3,1.943800,1,-1.265800,1.012969,57.341677,5.633812,-16.893752,0,-1.2658227848101333
2019-10-14,sz.000056,4.7200,4.8300,4.6800,4.7900,4.6800,19202968,91500995.0000,3,2.124800,1,2.350400,1.036778,58.689451,5.766230,-17.290828,0,2.3504273504273643
2019-10-15,sz.000056,4.7900,4.8400,4.6600,4.7100,4.7900,13554700,64032829.0000,3,1.499900,1,-1.670100,1.019462,57.709251,5.669926,-17.002045,0,-1.6701461377870541
2019-10-16,sz.000056,4.8000,5.1800,4.7200,5.1800,4.7100,24850937,125229152.0100,3,2.749800,1,9.978800,1.121192,63.467924,6.235715,-18.698640,0,9.97876857749469
2019-10-17,sz.000056,5.1300,5.1300,4.8800,4.9900,5.1800,45768841,228487748.9800,3,5.064400,1,-3.668000,1.080067,61.139950,6.006992,-18.012783,0,-3.6679536679536606
2019-10-18,sz.000056,4.8600,4.9600,4.7100,4.7500,4.9900,24759729,119483295.1700,3,2.739700,1,-4.809600,1.028120,58.199351,5.718078,-17.146436,0,-4.809619238476959
2019-10-21,sz.000056,4.7500,4.7800,4.4100,4.4800,4.7500,19205729,86774416.3700,3,2.125200,1,-5.684200,0.969679,54.891178,5.393051,-16.171797,0,-5.6842105263157805
2019-10-22,sz.000056,4.4900,4.5100,4.4100,4.4900,4.4800,10727966,47846557.0800,3,1.187100,1,0.223200,0.971844,55.013703,5.405089,-16.207895,0,0.22321428571427937
2019-10-23,sz.000056,4.4800,4.5300,4.4300,4.4500,4.4900,10117700,45303826.0000,3,1.119500,1,-0.890900,0.963186,54.523603,5.356936,-16.063504,0,-0.8908685968819552
2019-10-24,sz.000056,4.4500,4.4900,4.4100,4.4300,4.4500,7947100,35320104.0000,3,0.879400,1,-0.449400,0.958857,54.278553,5.332860,-15.991308,0,-0.44943820224719877
2019-10-25,sz.000056,4.4200,4.4500,4.3100,4.4300,4.4300,12356000,54188569.0000,3,1.367200,1,0.000000,0.958857,54.278553,5.332860,-15.991308,0,0.0
2019-10-28,sz.000056,4.3800,4.5200,4.3800,4.4900,4.4300,10824200,48405311.0000,3,1.197700,1,1.354400,0.971844,55.013703,5.405089,-16.207895,0,1.3544018058690765
2019-10-29,sz.000056,4.5000,4.5100,4.2900,4.3000,4.4900,15563800,67988843.0000,3,1.722200,1,-4.231600,0.927394,61.669603,5.127716,-139.804104,0,-4.231625835189323
2019-10-30,sz.000056,4.2900,4.3800,4.2100,4.2200,4.3000,11519300,49250639.0000,3,1.274600,1,-1.860500,0.910140,60.522261,5.032317,-137.203098,0,-1.8604651162790753
2019-10-31,sz.000056,4.2400,4.2700,4.1300,4.1400,4.2200,7856800,32874104.0000,3,0.869400,1,-1.895700,0.892887,59.374920,4.936917,-134.602091,0,-1.8957345971563955
2019-11-01,sz.000056,4.2500,4.2500,4.1400,4.2100,4.1400,6458500,27085375.0000,3,0.714600,1,1.690800,0.907984,60.378844,5.020392,-136.877972,0,1.6908212560386549
2019-11-04,sz.000056,4.2400,4.2900,4.1900,4.2200,4.2100,7552700,32014987.0500,3,0.835700,1,0.237500,0.910140,60.522261,5.032317,-137.203098,0,0.23752969121140222
2019-11-05,sz.000056,4.2200,4.2600,4.1100,4.2300,4.2200,9696824,40678153.2800,3,1.073000,1,0.237000,0.912297,60.665679,5.044242,-137.528224,0,0.23696682464455776
2019-11-06,sz.000056,4.2500,4.3200,4.2000,4.2600,4.2300,13079429,55717940.5100,3,1.447300,1,0.709200,0.918767,61.095932,5.080016,-138.503601,0,0.7092198581560183
2019-11-07,sz.000056,4.2600,4.2600,4.1800,4.2500,4.2600,9856424,41568833.5600,3,1.090600,1,-0.234700,0.916611,60.952514,5.068091,-138.178475,0,-0.23474178403755097
2019-11-08,sz.000056,4.2900,4.3500,4.2600,4.2900,4.2500,14579960,62835880.6800,3,1.613300,1,0.941200,0.925238,61.526185,5.115791,-139.478979,0,0.9411764705882453
2019-11-11,sz.000056,4.2800,4.2800,4.0800,4.1300,4.2900,11677200,48462847.0000,3,1.292100,1,-3.729600,0.890730,59.231502,4.924992,-134.276965,0,-3.7296037296037365
2019-11-12,sz.000056,4.1100,4.2500,4.0200,4.2100,4.1300,11567066,47948570.3200,3,1.279900,1,1.937000,0.907984,60.378844,5.020392,-136.877972,0,1.937046004842613
2019-11-13,sz.000056,4.2200,4.2200,4.0700,4.1100,4.2100,10609288,43688904.7900,3,1.173900,1,-2.375300,0.886416,58.944667,4.901143,-133.626714,0,-2.375296912114011
2019-11-14,sz.000056,4.0600,4.1800,4.0500,4.1300,4.1100,7697341,31620576.5100,3,0.851700,1,0.486600,0.890730,59.231502,4.924992,-134.276965,0,0.48661800486617945
2019-11-15,sz.000056,4.1000,4.1600,4.0500,4.1400,4.1300,8519800,35073797.0000,3,0.942700,1,0.242100,0.892887,59.374920,4.936917,-134.602091,0,0.2421307506053294
2019-11-18,sz.000056,4.1300,4.3400,4.0800,4.2200,4.1400,11977807,50382486.5300,3,1.325400,1,1.932400,0.910140,60.522261,5.032317,-137.203098,0,1.9323671497584627
2019-11-19,sz.000056,4.1800,4.3000,4.1700,4.3000,4.2200,13327990,56648609.7400,3,1.474800,1,1.895700,0.927394,61.669603,5.127716,-139.804104,0,1.8957345971563955
2019-11-20,sz.000056,4.2900,4.3800,4.2400,4.3400,4.3000,17814190,77183286.1400,3,1.971200,1,0.930200,0.936021,62.243273,5.175416,-141.104608,0,0.9302325581395321
2019-11-21,sz.000056,4.2600,4.3200,4.1900,4.3200,4.3400,12486547,53127209.6400,3,1.381700,1,-0.460800,0.931708,61.956438,5.151566,-140.454356,0,-0.4608294930875445
2019-11-22,sz.000056,4.3200,4.3700,4.1500,4.2000,4.3200,12148800,51549293.0000,3,1.344300,1,-2.777800,0.905827,60.235426,5.008467,-136.552846,0,-2.777777777777779
2019-11-25,sz.000056,4.1900,4.2300,4.1300,4.1600,4.2000,6337800,26503132.0000,3,0.701300,1,-0.952400,0.897200,59.661755,4.960767,-135.252343,0,-0.952380952380949
2019-11-26,sz.000056,4.2100,4.5500,4.2000,4.2800,4.1600,17612141,76279422.8600,3,1.948800,1,2.884600,0.923081,61.382767,5.103866,-139.153853,0,2.8846153846153966
2019-11-27,sz.000056,4.1600,4.2200,4.1200,4.1400,4.2800,12002820,49834265.4000,3,1.328100,1,-3.271000,0.892887,59.374920,4.936917,-134.602091,0,-3.2710280373831946
2019-11-28,sz.000056,4.1000,4.1200,4.0300,4.0600,4.1400,8026700,32718543.0000,3,0.888200,1,-1.932400,0.875633,58.227578,4.841518,-132.001085,0,-1.9323671497584516
2019-11-29,sz.000056,4.0700,4.1000,3.9800,4.0200,4.0600,6004700,24159183.0000,3,0.664400,1,-0.985200,0.867006,57.653908,4.793818,-130.700581,0,-0.9852216748768461
2019-12-02,sz.000056,3.9900,4.0500,3.9800,4.0100,4.0200,5102800,20465928.0000,3,0.564600,1,-0.248800,0.864849,57.510490,4.781893,-130.375455,0,-0.24875621890546595
2019-12-03,sz.000056,4.0100,4.0600,3.9700,4.0500,4.0100,3994100,16072537.0000,3,0.442000,1,0.997500,0.873476,58.084161,4.829593,-131.675959,0,0.9975062344139696
2019-12-04,sz.000056,4.0000,4.0500,3.9900,4.0400,4.0500,4489900,18098145.0000,3,0.496800,1,-0.246900,0.871319,57.940743,4.817668,-131.350833,0,-0.24691358024691024
2019-12-05,sz.000056,4.0400,4.0900,4.0400,4.0700,4.0400,5643702,22941673.9200,3,0.624500,1,0.742600,0.877789,58.370996,4.853443,-132.326210,0,0.7425742574257432
2019-12-06,sz.000056,4.0600,4.1300,4.0600,4.1300,4.0700,6519975,26702599.0000,3,0.721400,1,1.474200,0.890730,59.231502,4.924992,-134.276965,0,1.4742014742014753
2019-12-09,sz.000056,4.1300,4.1700,4.1100,4.1400,4.1300,5522992,22821006.4800,3,0.611100,1,0.242100,0.892887,59.374920,4.936917,-134.602091,0,0.2421307506053294
2019-12-10,sz.000056,4.1400,4.1700,4.1000,4.1400,4.1400,6720200,27780241.1600,3,0.743600,1,0.000000,0.892887,59.374920,4.936917,-134.602091,0,0.0
2019-12-11,sz.000056,4.1500,4.3000,4.1000,4.2000,4.1400,11866429,49552304.7100,3,1.313000,1,1.449300,0.905827,60.235426,5.008467,-136.552846,0,1.449275362318847
2019-12-12,sz.000056,4.1800,4.2000,4.0700,4.0900,4.2000,10154757,41704905.2800,3,1.123600,1,-2.619000,0.882103,58.657831,4.877293,-132.976462,0,-2.619047619047632
2019-12-13,sz.000056,4.1000,4.1300,4.0800,4.1300,4.0900,7477700,30701622.0000,3,0.827400,1,0.978000,0.890730,59.231502,4.924992,-134.276965,0,0.9779951100244544
2019-12-16,sz.000056,4.1400,4.2300,4.1100,4.2200,4.1300,11434406,47893017.9600,3,1.265200,1,2.179200,0.910140,60.522261,5.032317,-137.203098,0,2.1791767554479424
2019-12-17,sz.000056,4.2400,4.3300,4.2000,4.3000,4.2200,14474302,61895992.2700,3,1.601600,1,1.895700,0.927394,61.669603,5.127716,-139.804104,0,1.8957345971563955
2019-12-18,sz.000056,4.3000,4.3700,4.2700,4.3100,4.3000,10824400,46830463.8000,3,1.197700,1,0.232600,0.929551,61.813020,5.139641,-140.129230,0,0.23255813953488857
2019-12-19,sz.000056,4.3600,4.4200,4.3100,4.3400,4.3100,11237065,48881507.4500,3,1.243400,1,0.696100,0.936021,62.243273,5.175416,-141.104608,0,0.6960556844547661
2019-12-20,sz.000056,4.3300,4.3900,4.3000,4.3000,4.3400,7282700,31608849.0000,3,0.805800,1,-0.921700,0.927394,61.669603,5.127716,-139.804104,0,-0.9216589861751112
2019-12-23,sz.000056,4.2900,4.3400,4.1700,4.2000,4.3000,7567260,32224079.4000,3,0.837300,1,-2.325600,0.905827,60.235426,5.008467,-136.552846,0,-2.3255813953488302
2019-12-24,sz.000056,4.2500,4.2500,4.1300,4.2000,4.2000,6782072,28431572.9600,3,0.750500,1,0.000000,0.905827,60.235426,5.008467,-136.552846,0,0.0
2019-12-25,sz.000056,4.2000,4.2300,4.1400,4.1800,4.2000,7550627,31642944.8600,3,0.835500,1,-0.476200,0.901514,59.948591,4.984617,-135.902594,0,-0.4761904761904856
2019-12-26,sz.000056,4.2000,4.2800,4.1700,4.2700,4.1800,7954620,33612083.3400,3,0.880200,1,2.153100,0.920924,61.239350,5.091941,-138.828727,0,2.1531100478468845
2019-12-27,sz.000056,4.2700,4.3100,4.2000,4.2100,4.2700,8133740,34649140.0000,3,0.900000,1,-1.405200,0.907984,60.378844,5.020392,-136.877972,0,-1.4051522248243464
2019-12-30,sz.000056,4.2000,4.2300,4.1200,4.1700,4.2100,8454000,35121026.0000,3,0.935500,1,-0.950100,0.899357,59.805173,4.972692,-135.577469,0,-0.9501187648456089
2019-12-31,sz.000056,4.1600,4.1900,4.1000,4.1400,4.1700,6578400,27266016.0000,3,0.727900,1,-0.719400,0.892887,59.374920,4.936917,-134.602091,0,-0.7194244604316613
2020-01-02,sz.000056,4.1600,4.2400,4.1600,4.2400,4.1400,9413504,39640884.2400,3,1.041600,1,2.415500,0.914454,60.809097,5.056166,-137.853349,0,2.4154589371980784
2020-01-03,sz.000056,4.2400,4.3100,4.2200,4.2900,4.2400,10941338,46711271.4900,3,1.210700,1,1.179200,0.925238,61.526185,5.115791,-139.478979,0,1.1792452830188704
2020-01-06,sz.000056,4.2600,4.3500,4.2200,4.3000,4.2900,12632699,53942523.8900,3,1.397800,1,0.233100,0.927394,61.669603,5.127716,-139.804104,0,0.2331002331002363
2020-01-07,sz.000056,4.2900,4.3700,4.2700,4.3600,4.3000,12219616,52971138.9700,3,1.352100,1,1.395300,0.939681,62.486662,5.195653,-141.656366,0,1.3953488372093092
2020-01-08,sz.000056,4.3200,4.3700,4.2500,4.2800,4.3600,11372800,49029004.0000,3,1.258400,1,-1.834900,0.922439,61.340118,5.100320,-139.057166,0,-1.834862385321101
2020-01-09,sz.000056,4.3000,4.3600,4.2800,4.3200,4.2800,9501701,40975567.2800,3,1.051400,1,0.934600,0.931060,61.913390,5.147986,-140.356766,0,0.9345794392523477
2020-01-10,sz.000056,4.3500,4.4900,4.2700,4.2900,4.3200,23829611,104008029.9000,3,2.636800,1,-0.694400,0.924595,61.483436,5.112237,-139.382066,0,-0.6944444444444531
2020-01-13,sz.000056,4.3200,4.3500,4.2400,4.3100,4.2900,11549455,49492855.9900,3,1.278000,1,0.466200,0.928905,61.770072,5.136070,-140.031866,0,0.4662004662004504
2020-01-14,sz.000056,4.2800,4.3400,4.2800,4.2800,4.3100,9471099,40751195.0700,3,1.048000,1,-0.696000,0.922439,61.340118,5.100320,-139.057166,0,-0.6960556844547439
2020-01-15,sz.000056,4.2800,4.2900,4.1700,4.2100,4.2800,9538096,40168211.9600,3,1.055400,1,-1.635500,0.907353,60.336891,5.016903,-136.782867,0,-1.6355140186915973
2020-01-16,sz.000056,4.2200,4.2300,4.1300,4.1400,4.2100,5995800,24976110.0000,3,0.663500,1,-1.662700,0.892266,59.333665,4.933487,-134.508568,0,-1.6627078384798155
2020-01-17,sz.000056,4.1600,4.1700,4.0900,4.1000,4.1400,5495848,22704840.6400,3,0.608100,1,-0.966200,0.883645,58.760393,4.885820,-133.208968,0,-0.9661835748792313
2020-01-20,sz.000056,4.1000,4.1600,4.0500,4.1400,4.1000,5142711,21145128.6700,3,0.569100,1,0.975600,0.892266,59.333665,4.933487,-134.508568,0,0.9756097560975618
2020-01-21,sz.000056,4.1400,4.1500,4.0800,4.0900,4.1400,5033200,20693761.0000,3,0.556900,1,-1.207700,0.881490,58.617075,4.873904,-132.884068,0,-1.207729468599028
2020-01-22,sz.000056,4.0600,4.1100,3.9700,4.0800,4.0900,6915787,27926986.8700,3,0.765300,1,-0.244500,0.879335,58.473757,4.861987,-132.559168,0,-0.24449877750610804
2020-01-23,sz.000056,4.0900,4.1000,3.9000,3.9600,4.0800,9792082,39075537.9000,3,1.083500,1,-2.941200,0.853472,56.753941,4.718988,-128.660369,0,-2.941176470588236
2020-02-03,sz.000056,3.5600,3.5600,3.5600,3.5600,3.9600,1215700,4327892.0000,3,0.134500,1,-10.101000,0.767263,51.021219,4.242322,-115.664372,0,-10.1010101010101
2020-02-04,sz.000056,3.2000,3.4300,3.2000,3.4100,3.5600,13234945,44054302.8600,3,1.464500,1,-4.213500,0.734934,48.871449,4.063573,-110.790873,0,-4.213483146067409
2020-02-05,sz.000056,3.4000,3.5500,3.3600,3.4700,3.4100,9143687,31801699.2800,3,1.011800,1,1.759500,0.747866,49.731357,4.135072,-112.740273,0,1.7595307917888547
2020-02-06,sz.000056,3.4700,3.5400,3.4200,3.5100,3.4700,8816911,30878315.1100,3,0.975600,1,1.152700,0.756487,50.304629,4.182739,-114.039873,0,1.1527377521613813
2020-02-07,sz.000056,3.5500,3.6000,3.5000,3.5900,3.5100,6866365,24339549.0400,3,0.759800,1,2.279200,0.773728,51.451173,4.278072,-116.639072,0,2.279202279202286
2020-02-10,sz.000056,3.5600,3.6700,3.5400,3.6500,3.5900,6817287,24721968.6800,3,0.754400,1,1.671300,0.786660,52.311082,4.349572,-118.588471,0,1.671309192200554
2020-02-11,sz.000056,3.6500,3.7100,3.6100,3.6400,3.6500,7025012,25655652.1400,3,0.777300,1,-0.274000,0.784505,52.167764,4.337655,-118.263571,0,-0.2739726027397249
2020-02-12,sz.000056,3.6400,3.7100,3.6100,3.7000,3.6400,5631410,20672703.9000,3,0.623100,1,1.648400,0.797436,53.027672,4.409155,-120.212971,0,1.6483516483516425
2020-02-13,sz.000056,3.6900,3.7400,3.5100,3.5800,3.7000,9946984,36128915.9800,3,1.100700,1,-3.243200,0.771573,51.307855,4.266155,-116.314172,0,-3.2432432432432434
2020-02-14,sz.000056,3.5800,3.6500,3.5600,3.6200,3.5800,6211300,22435432.0000,3,0.687300,1,1.117300,0.780194,51.881128,4.313822,-117.613772,0,1.1173184357541999
2020-02-17,sz.000056,3.6300,3.7400,3.6200,3.7400,3.6200,7214144,26677241.5300,3,0.798300,1,3.314900,0.806057,53.600944,4.456822,-121.512571,0,3.314917127071837
2020-02-18,sz.000056,3.7300,3.8000,3.7100,3.7800,3.7400,7694800,28894496.0000,3,0.851500,1,1.069500,0.814678,54.174216,4.504488,-122.812170,0,1.0695187165775222
2020-02-19,sz.000056,3.7300,3.8000,3.7200,3.7200,3.7800,7171600,26976528.0000,3,0.793600,1,-1.587300,0.801746,53.314308,4.432988,-120.862771,0,-1.5873015873015817
2020-02-20,sz.000056,3.7400,3.8500,3.7100,3.8300,3.7200,10184700,38580144.0000,3,1.127000,1,2.957000,0.825454,54.890806,4.564071,-124.436670,0,2.9569892473118253
2020-02-21,sz.000056,3.8400,3.9000,3.8300,3.8600,3.8300,7086863,27410218.8800,3,0.784200,1,0.783300,0.831920,55.320760,4.599821,-125.411370,0,0.7832898172323688
2020-02-24,sz.000056,3.8800,3.9200,3.7800,3.8500,3.8600,8696126,33373348.5600,3,0.962200,1,-0.259100,0.829764,55.177442,4.587905,-125.086470,0,-0.2590673575129432
2020-02-25,sz.000056,3.7800,3.7800,3.6300,3.7500,3.8500,11693300,43484339.0000,3,1.293900,1,-2.597400,0.808212,53.744262,4.468738,-121.837471,0,-2.5974025974025983
2020-02-26,sz.000056,3.6900,3.8600,3.6800,3.7600,3.7500,10908355,41222397.3000,3,1.207000,1,0.266700,0.810367,53.887580,4.480655,-122.162371,0,0.2666666666666595
2020-02-27,sz.000056,3.7700,3.8200,3.7200,3.7300,3.7600,5711058,21471588.5800,3,0.631900,1,-0.797900,0.803902,53.457626,4.444905,-121.187671,0,-0.7978723404255317
2020-02-28,sz.000056,3.6600,3.6700,3.5400,3.5400,3.7300,10168714,36534483.8600,3,1.125200,1,-5.093800,0.762952,50.734583,4.218489,-115.014572,0,-5.093833780160861
2020-03-02,sz.000056,3.5800,3.7000,3.5600,3.7000,3.5400,6486041,23710798.0100,3,0.717700,1,4.519800,0.797436,53.027672,4.409155,-120.212971,0,4.519774011299438
2020-03-03,sz.000056,3.7400,3.8000,3.6700,3.7500,3.7000,8314253,31040994.2800,3,0.920000,1,1.351400,0.808212,53.744262,4.468738,-121.837471,0,1.3513513513513375
2020-03-04,sz.000056,3.7400,3.8800,3.7200,3.8800,3.7500,13607392,51966094.8700,3,1.505700,1,3.466700,0.836230,55.607396,4.623655,-126.061170,0,3.4666666666666623
2020-03-05,sz.000056,3.9000,3.9400,3.8500,3.9400,3.8800,11711652,45675562.7600,3,1.295900,1,1.546400,0.849162,56.467305,4.695154,-128.010569,0,1.546391752577314
2020-03-06,sz.000056,3.8900,3.9500,3.8400,3.9000,3.9400,7911600,30753228.0000,3,0.875400,1,-1.015200,0.840541,55.894032,4.647488,-126.710969,0,-1.0152284263959421
2020-03-09,sz.000056,3.8700,3.8800,3.7400,3.7500,3.9000,9726200,36901044.0000,3,1.076200,1,-3.846200,0.808212,53.744262,4.468738,-121.837471,0,-3.8461538461538436
2020-03-10,sz.000056,3.7100,3.8200,3.6300,3.8100,3.7500,8775540,32710697.1600,3,0.971000,1,1.600000,0.821144,54.604170,4.540238,-123.786870,0,1.6000000000000014
2020-03-11,sz.000056,3.8200,3.9200,3.7900,3.8400,3.8100,9814801,37837902.9000,3,1.086000,1,0.787400,0.827609,55.034124,4.575988,-124.761570,0,0.7874015748031482
2020-03-12,sz.000056,3.8000,3.8400,3.7000,3.7300,3.8400,6223852,23393839.8100,3,0.688700,1,-2.864600,0.803902,53.457626,4.444905,-121.187671,0,-2.864583333333326
2020-03-13,sz.000056,3.5000,3.7000,3.4700,3.6600,3.7300,7338635,26341523.3000,3,0.812000,1,-1.876700,0.788815,52.454400,4.361489,-118.913371,0,-1.8766756032171594
2020-03-16,sz.000056,3.7000,3.7800,3.5300,3.5700,3.6600,7777865,28584353.3700,3,0.860600,1,-2.459000,0.769418,51.164537,4.254239,-115.989272,0,-2.4590163934426257
2020-03-17,sz.000056,3.5800,3.6700,3.4500,3.5200,3.5700,6605269,23369908.9700,3,0.730900,1,-1.400600,0.758642,50.447947,4.194656,-114.364772,0,-1.4005602240896309
2020-03-18,sz.000056,3.5700,3.5700,3.3500,3.3700,3.5200,8677802,30103263.7400,3,0.960200,1,-4.261400,0.726313,48.298177,4.015906,-109.491274,0,-4.261363636363635
2020-03-19,sz.000056,3.3500,3.4700,3.3100,3.3900,3.3700,7355800,24807757.0000,3,0.813900,1,0.593500,0.730624,48.584813,4.039739,-110.141073,0,0.5934718100890191
2020-03-20,sz.000056,3.4100,3.4500,3.3600,3.4300,3.3900,5447480,18543655.0000,3,0.602800,1,1.179900,0.739245,49.158085,4.087406,-111.440673,0,1.179941002949847
2020-03-23,sz.000056,3.3600,3.3800,3.2900,3.3000,3.4300,5478500,18271707.4800,3,0.606200,1,-3.790100,0.711227,47.294951,3.932490,-107.216974,0,-3.790087463556857
2020-03-24,sz.000056,3.3400,3.3700,3.2900,3.3600,3.3000,4303084,14340668.5000,3,0.476100,1,1.818200,0.724158,48.154859,4.003989,-109.166374,0,1.81818181818183
2020-03-25,sz.000056,3.4200,3.5300,3.3900,3.5100,3.3600,7940300,27486561.0000,3,0.878600,1,4.464300,0.756487,50.304629,4.182739,-114.039873,0,4.464285714285721
2020-03-26,sz.000056,3.4800,3.5300,3.4400,3.4600,3.5100,4817300,16780711.0000,3,0.533000,1,-1.424500,0.745710,49.588039,4.123156,-112.415373,0,-1.4245014245014231
2020-03-27,sz.000056,3.5000,3.5500,3.4500,3.4600,3.4600,4679940,16373198.2000,3,0.517800,1,0.000000,0.745710,49.588039,4.123156,-112.415373,0,0.0
2020-03-30,sz.000056,3.4500,3.4500,3.3100,3.3800,3.4600,4533000,15271557.0000,3,0.501600,1,-2.312100,0.728469,48.441495,4.027823,-109.816174,0,-2.3121387283236983
2020-03-31,sz.000056,3.4200,3.4500,3.3500,3.3600,3.3800,3053865,10356262.7500,3,0.337900,1,-0.591700,0.724158,48.154859,4.003989,-109.166374,0,-0.591715976331364
2020-04-01,sz.000056,3.3400,3.3900,3.3100,3.3100,3.3600,4280102,14343821.6200,3,0.473600,1,-1.488100,0.713382,47.438269,3.944406,-107.541874,0,-1.4880952380952328
2020-04-02,sz.000056,3.3100,3.3800,3.2800,3.3800,3.3100,5954702,19870920.6200,3,0.658900,1,2.114800,0.728469,48.441495,4.027823,-109.816174,0,2.114803625377637
2020-04-03,sz.000056,3.3800,3.6800,3.3400,3.5600,3.3800,13405890,46469536.0400,3,1.483400,1,5.325400,0.767263,51.021219,4.242322,-115.664372,0,5.3254437869822535
2020-04-07,sz.000056,3.5200,3.5800,3.4900,3.5400,3.5600,12959407,45844215.4900,3,1.434000,1,-0.561800,0.762952,50.734583,4.218489,-115.014572,0,-0.5617977528089901
2020-04-08,sz.000056,3.7400,3.7400,3.5500,3.5800,3.5400,10711510,38896605.1000,3,1.185300,1,1.129900,0.771573,51.307855,4.266155,-116.314172,0,1.1299435028248705
2020-04-09,sz.000056,3.5800,3.6800,3.5500,3.6600,3.5800,9527102,34658145.2800,3,1.054200,1,2.234600,0.788815,52.454400,4.361489,-118.913371,0,2.2346368715083775
2020-04-10,sz.000056,3.6300,3.6500,3.5200,3.5300,3.6600,6324210,22627971.1000,3,0.699800,1,-3.551900,0.760797,50.591265,4.206572,-114.689672,0,-3.551912568306015
2020-04-13,sz.000056,3.5200,3.5400,3.4200,3.4700,3.5300,4716110,16412430.4000,3,0.521900,1,-1.699700,0.747866,49.731357,4.135072,-112.740273,0,-1.6997167138810054
2020-04-14,sz.000056,3.4700,3.5500,3.4600,3.5400,3.4700,3875100,13667282.0000,3,0.428800,1,2.017300,0.762952,50.734583,4.218489,-115.014572,0,2.0172910662824117
2020-04-15,sz.000056,3.5600,3.5600,3.4700,3.4900,3.5400,4670000,16402840.0000,3,0.516700,1,-1.412400,0.752176,80.932791,4.327160,-113.390073,0,-1.412429378531066
2020-04-16,sz.000056,3.4700,3.4700,3.4200,3.4500,3.4900,4108700,14158664.0000,3,0.454600,1,-1.146100,0.743555,80.005195,4.277565,-112.090473,0,-1.1461318051575908
2020-04-17,sz.000056,3.4500,3.4900,3.4400,3.4600,3.4500,3960900,13751752.0000,3,0.438300,1,0.289900,0.745710,80.237094,4.289964,-112.415373,0,0.28985507246375164
2020-04-20,sz.000056,3.4500,3.4800,3.3900,3.4100,3.4600,4918500,16830197.0000,3,0.544200,1,-1.445100,0.734934,79.077598,4.227970,-110.790873,0,-1.445086705202303
2020-04-21,sz.000056,3.3800,3.4100,3.3500,3.4100,3.4100,3542002,11982139.8000,3,0.391900,1,0.000000,0.734934,79.077598,4.227970,-110.790873,0,0.0
2020-04-22,sz.000056,3.3600,3.4900,3.3600,3.4700,3.4100,5017204,17237346.7000,3,0.555200,1,1.759500,0.747866,80.468993,4.302363,-112.740273,0,1.7595307917888547
2020-04-23,sz.000056,3.4800,3.5000,3.4400,3.4600,3.4700,3397402,11781885.9400,3,0.375900,1,-0.288200,0.745710,80.237094,4.289964,-112.415373,0,-0.2881844380403509
2020-04-24,sz.000056,3.4600,3.4900,3.3700,3.3800,3.4600,3734300,12741041.0000,3,0.413200,1,-2.312100,0.728469,78.381901,4.190774,-109.816174,0,-2.3121387283236983
2020-04-27,sz.000056,3.3700,3.4200,3.3500,3.3600,3.3800,2801080,9470214.4000,3,0.309900,1,-0.591700,0.724158,77.918103,4.165977,-109.166374,0,-0.591715976331364
2020-04-28,sz.000056,3.3500,3.4000,3.1900,3.2800,3.3600,4555000,14892696.0000,3,0.504000,1,-2.381000,0.706995,76.133847,4.059643,-76.988619,0,-2.3809523809523836
2020-04-29,sz.000056,3.3000,3.3500,3.2800,3.2900,3.2800,2630467,8696995.1200,3,0.291100,1,0.304900,0.708758,607.286725,4.444405,35.325032,0,0.3048780487804992
2020-04-30,sz.000056,3.2800,3.4600,3.2800,3.3900,3.2900,4325600,14607912.3200,3,0.478600,1,3.039500,0.730301,625.745288,4.579494,36.398741,0,3.039513677811545
2020-05-06,sz.000056,3.3800,3.5100,3.3800,3.4300,3.3900,4774500,16333648.0000,3,0.528300,1,1.179900,0.738918,633.128713,4.633529,36.828225,0,1.179941002949847
2020-05-07,sz.000056,3.4200,3.4600,3.3900,3.3900,3.4300,3482448,11899939.6400,3,0.385300,1,-1.166200,0.730301,625.745288,4.579494,36.398741,0,-1.1661807580174988
2020-05-08,sz.000056,3.3900,3.4300,3.3900,3.4100,3.3900,2848300,9710986.0000,3,0.315200,1,0.590000,0.734610,629.437001,4.606511,36.613483,0,0.5899705014749346
2020-05-11,sz.000056,3.4000,3.4400,3.3800,3.4000,3.4100,2989900,10205140.0000,3,0.330800,1,-0.293300,0.732456,627.591145,4.593002,36.506112,0,-0.2932551319648202
2020-05-12,sz.000056,3.3900,3.4000,3.3100,3.3400,3.4000,3100500,10372866.0000,3,0.343100,1,-1.764700,0.719530,616.516007,4.511949,35.861887,0,-1.764705882352946
2020-05-13,sz.000056,3.3400,3.3500,3.3000,3.3400,3.3400,1840000,6121326.0000,3,0.203600,1,0.000000,0.719530,616.516007,4.511949,35.861887,0,0.0
2020-05-14,sz.000056,3.3300,3.3700,3.3100,3.3300,3.3400,2286300,7629825.0000,3,0.253000,1,-0.299400,0.717376,614.670150,4.498441,35.754516,0,-0.29940119760478723
2020-05-15,sz.000056,3.3600,3.4400,3.3500,3.3900,3.3300,4777889,16227309.0900,3,0.528700,1,1.801800,0.730301,625.745288,4.579494,36.398741,0,1.8018018018018056
2020-05-18,sz.000056,3.3600,3.4400,3.3500,3.3900,3.3900,3504123,11911856.8200,3,0.387700,1,0.000000,0.730301,625.745288,4.579494,36.398741,0,0.0
2020-05-19,sz.000056,3.4000,3.4400,3.3600,3.3900,3.3900,2839904,9641775.8700,3,0.314200,1,0.000000,0.730301,625.745288,4.579494,36.398741,0,0.0
2020-05-20,sz.000056,3.4000,3.4000,3.3300,3.3400,3.3900,3245600,10870800.0000,3,0.359100,1,-1.474900,0.719530,616.516007,4.511949,35.861887,0,-1.4749262536873253
2020-05-21,sz.000056,3.3700,3.4000,3.3000,3.3100,3.3400,2558602,8509270.6400,3,0.283100,1,-0.898200,0.713067,610.978438,4.471423,35.539774,0,-0.8982035928143617
2020-05-22,sz.000056,3.3100,3.3100,3.2100,3.2400,3.3100,3157300,10248072.0000,3,0.349400,1,-2.114800,0.697987,598.057444,4.376861,34.788178,0,-2.114803625377637
2020-05-25,sz.000056,3.2300,3.2700,3.2200,3.2400,3.2400,1929700,6258746.0000,3,0.213500,1,0.000000,0.697987,598.057444,4.376861,34.788178,0,0.0
2020-05-26,sz.000056,3.3300,3.3300,3.2500,3.2900,3.2400,2434400,7985995.0000,3,0.269400,1,1.543200,0.708758,607.286725,4.444405,35.325032,0,1.5432098765431945
2020-05-27,sz.000056,3.3200,3.3200,3.2800,3.3000,3.2900,1765700,5811626.0000,3,0.195400,1,0.304000,0.710913,609.132581,4.457914,35.432403,0,0.3039513677811412
2020-05-28,sz.000056,3.3000,3.3400,3.2700,3.2900,3.3000,2047312,6747148.2400,3,0.226500,1,-0.303000,0.708758,607.286725,4.444405,35.325032,0,-0.3030303030302939
2020-05-29,sz.000056,3.2800,3.3100,3.2700,3.3000,3.2900,1647800,5429408.0000,3,0.182300,1,0.304000,0.710913,609.132581,4.457914,35.432403,0,0.3039513677811412
2020-06-01,sz.000056,3.3000,3.3900,3.3000,3.3800,3.3000,4515212,15143037.3200,3,0.499600,1,2.424200,0.728147,623.899432,4.565985,36.291371,0,2.4242424242424176
2020-06-02,sz.000056,3.3700,3.5000,3.3700,3.4900,3.3800,6670311,23004504.3900,3,0.738100,1,3.254400,0.751844,644.203851,4.714582,37.472451,0,3.2544378698224907
2020-06-03,sz.000056,3.5200,3.5500,3.4300,3.4600,3.4900,6185612,21547576.1600,3,0.684500,1,-0.859600,0.745381,638.666282,4.674055,37.150338,0,-0.8595988538682042
2020-06-04,sz.000056,3.4800,3.8100,3.4800,3.6100,3.4600,19087568,70133412.4400,3,2.112100,1,4.335300,0.777695,666.354127,4.876688,38.760902,0,4.335260115606943
2020-06-05,sz.000056,3.6200,3.8700,3.4500,3.7800,3.6100,22222651,82862450.3000,3,2.459000,1,4.709100,0.814318,697.733684,5.106338,40.586207,0,4.709141274238227
2020-06-08,sz.000056,3.7400,3.7600,3.5900,3.6300,3.7800,14842757,54330183.5800,3,1.642400,1,-3.968300,0.782004,670.045840,4.903705,38.975644,0,-3.9682539682539653
2020-06-09,sz.000056,3.6100,3.6200,3.5100,3.5500,3.6300,7422456,26301979.6200,3,0.821300,1,-2.203900,0.764770,655.278989,4.795635,38.116676,0,-2.203856749311295
2020-06-10,sz.000056,3.5100,3.6000,3.5100,3.5600,3.5500,4717779,16801701.8600,3,0.522000,1,0.281700,0.766924,657.124845,4.809144,38.224047,0,0.28169014084507005
2020-06-11,sz.000056,3.5500,3.5600,3.4400,3.4400,3.5600,7097800,24716997.0000,3,0.785400,1,-3.370800,0.741073,634.974570,4.647038,36.935596,0,-3.370786516853941
2020-06-12,sz.000056,3.3500,3.5000,3.3400,3.4900,3.4400,4261212,14619644.4600,3,0.471500,1,1.453500,0.751844,644.203851,4.714582,37.472451,0,1.4534883720930258
2020-06-15,sz.000056,3.4800,3.5300,3.4400,3.4500,3.4900,4395710,15299261.5000,3,0.486400,1,-1.146100,0.743227,636.820426,4.660547,37.042967,0,-1.1461318051575908
2020-06-16,sz.000056,3.4800,3.5000,3.4400,3.4900,3.4500,4340134,15044131.3000,3,0.480200,1,1.159400,0.751844,644.203851,4.714582,37.472451,0,1.1594202898550732
2020-06-17,sz.000056,3.4800,3.6000,3.4300,3.5700,3.4900,7376500,25820720.9000,3,0.816200,1,2.292300,0.769078,658.970702,4.822652,38.331418,0,2.2922636103151817
2020-06-18,sz.000056,3.5400,3.6300,3.5300,3.6100,3.5700,6083100,21791137.2000,3,0.673100,1,1.120400,0.777695,666.354127,4.876688,38.760902,0,1.1204481792717047
2020-06-19,sz.000056,3.6100,3.6500,3.5500,3.6200,3.6100,4830101,17447966.5600,3,0.534500,1,0.277000,0.779850,668.199983,4.890197,38.868273,0,0.27700831024930483
2020-06-22,sz.000056,3.6200,3.6300,3.5400,3.5600,3.6200,4647681,16628875.7800,3,0.514300,1,-1.657500,0.766924,657.124845,4.809144,38.224047,0,-1.6574585635359185
2020-06-23,sz.000056,3.5300,3.5900,3.5100,3.5200,3.5600,3372554,11957556.0800,3,0.373200,1,-1.123600,0.758307,649.741420,4.755108,37.794563,0,-1.1235955056179803
2020-06-24,sz.000056,3.5200,3.8300,3.4800,3.7500,3.5200,17031902,63399548.9700,3,1.884600,1,6.534100,0.807855,692.196115,5.065811,40.264095,0,6.534090909090917
2020-06-29,sz.000056,3.7600,3.8800,3.6600,3.8100,3.7500,13450690,50538365.7000,3,1.488400,1,1.600000,0.820781,703.271253,5.146864,40.908320,0,1.6000000000000014
2020-06-30,sz.000056,3.7700,4.0700,3.7400,3.9600,3.8100,18395946,71690822.4500,3,2.035600,1,3.937000,0.853095,730.959098,5.349497,42.518884,0,3.937007874015741
2020-07-01,sz.000056,3.9500,4.1300,3.8900,4.0500,3.9600,18290028,73290937.1000,3,2.023800,1,2.272700,0.872484,747.571805,5.471076,43.485222,0,2.2727272727272707
2020-07-02,sz.000056,4.0600,4.0600,3.9300,3.9600,4.0500,11869492,47154697.1600,3,1.313400,1,-2.222200,0.853095,730.959098,5.349497,42.518884,0,-2.2222222222222143
2020-07-03,sz.000056,3.9900,4.0100,3.9000,3.9600,3.9600,8488301,33575271.0200,3,0.939300,1,0.000000,0.853095,730.959098,5.349497,42.518884,0,0.0
2020-07-06,sz.000056,3.9500,4.1000,3.9400,4.0600,3.9600,14731900,59399202.4000,3,1.630100,1,2.525200,0.874638,749.417661,5.484585,43.592593,0,2.525252525252508
2020-07-07,sz.000056,4.1000,4.1400,4.0000,4.0000,4.0600,14529632,58722126.4000,3,1.607700,1,-1.477800,0.861712,738.342523,5.403532,42.948368,0,-1.477832512315258
2020-07-08,sz.000056,4.0200,4.0800,3.9700,4.0400,4.0000,9585280,38637278.6000,3,1.060600,1,1.000000,0.870329,745.725948,5.457568,43.377851,0,1.0000000000000009
2020-07-09,sz.000056,4.0500,4.3400,4.0100,4.2500,4.0400,16961560,71274294.6000,3,1.876800,1,5.198000,0.915569,784.488931,5.741253,45.632641,0,5.198019801980203
2020-07-10,sz.000056,4.2200,4.5800,4.1700,4.3300,4.2500,33706702,148304063.6200,3,3.729700,1,1.882400,0.932804,799.255781,5.849324,46.491608,0,1.8823529411764683
2020-07-13,sz.000056,4.3000,4.4900,4.2400,4.4000,4.3300,27348716,118944675.4400,3,3.026200,1,1.616600,0.947884,812.176775,5.943885,47.243204,0,1.616628175519641
2020-07-14,sz.000056,4.3800,4.4000,4.1900,4.2200,4.4000,16397000,70185446.0000,3,1.814400,1,-4.090900,0.909107,778.951362,5.700726,45.310528,0,-4.090909090909101
2020-07-15,sz.000056,4.2200,4.4400,4.0000,4.1600,4.2200,23780239,100290293.5800,3,2.631300,1,-1.421800,0.896181,767.876224,5.619673,44.666302,0,-1.421800947867291
2020-07-16,sz.000056,4.0800,4.3200,4.0000,4.0600,4.1600,16680374,68660735.7400,3,1.845700,1,-2.403800,0.874638,749.417661,5.484585,43.592593,0,-2.4038461538461675
2020-07-17,sz.000056,4.0600,4.1300,3.9600,4.0200,4.0600,9297680,37524036.8000,3,1.028800,1,-0.985200,0.866021,742.034236,5.430550,43.163109,0,-0.9852216748768461
2020-07-20,sz.000056,4.0400,4.1500,4.0000,4.1500,4.0200,8451602,34561930.1800,3,0.935200,1,3.233800,0.894027,766.030368,5.606165,44.558931,0,3.2338308457711573
2020-07-21,sz.000056,4.1400,4.2100,4.0500,4.1200,4.1500,9956253,40987824.4100,3,1.101700,1,-0.722900,0.887564,760.492799,5.565638,44.236819,0,-0.7228915662650715
