date,code,open,high,low,close,preclose,volume,amount,adjustflag,turn,tradestatus,pctChg,pbMRQ,peTTM,psTTM,pcfNcfTTM,isST,p_change
2011-12-20,sz.002643,27.0000,27.8000,25.0200,25.1000,25.0000,19384205,505479996.8100,3,70.080278,1,0.400002,9.048370,27.204699,4.145848,-1008.874964,0,
2011-12-21,sz.002643,24.6000,25.8100,24.0200,25.3300,25.1000,11800067,295497861.3000,3,42.661124,1,0.916300,9.131284,27.453985,4.183837,-1018.119635,0,0.9163346613545675
2011-12-22,sz.002643,24.8000,26.0300,24.6100,25.7000,25.3300,11331511,288821876.9800,3,40.967140,1,1.460700,9.264666,27.855010,4.244951,-1032.991497,0,1.4607185155941504
2011-12-23,sz.002643,25.1800,25.2000,24.0600,24.3300,25.7000,8994809,222153386.8100,3,32.519194,1,-5.330700,8.770791,26.370132,4.018664,-977.925413,0,-5.330739299610898
2011-12-26,sz.002643,24.8000,26.1500,24.7800,25.1200,24.3300,9106244,230736544.4500,3,32.922068,1,3.247000,9.055580,27.226376,4.149151,-1009.678848,0,3.2470201397451826
2011-12-27,sz.002643,24.2600,24.3700,22.6100,22.7800,25.1200,8165929,191490075.8500,3,29.522520,1,-9.315300,8.212027,24.690161,3.762646,-915.624370,0,-9.315286624203821
2011-12-28,sz.002643,22.6400,23.2500,22.3000,23.1100,22.7800,4003118,91455250.2000,3,14.472589,1,1.448600,8.330990,25.047832,3.817153,-928.888463,0,1.4486391571553847
2011-12-29,sz.002643,22.7500,22.9800,22.2100,22.4600,23.1100,3690664,83609160.8400,3,13.342965,1,-2.812600,8.096669,24.343328,3.709790,-902.762219,0,-2.8126352228472484
2011-12-30,sz.002643,22.4300,23.2600,22.2500,22.8700,22.4600,4321715,98644588.9700,3,15.624422,1,1.825500,8.244471,24.787708,3.777511,-919.241850,0,1.825467497773814
2012-01-04,sz.002643,23.2000,23.5200,22.2000,22.2200,22.8700,3902124,89618435.9200,3,14.107462,1,-2.842200,8.010151,24.083204,3.670149,-893.115606,0,-2.8421512898994417
2012-01-05,sz.002643,21.7100,21.7700,20.4000,20.7000,22.2200,4065584,85299081.9500,3,14.698424,1,-6.840700,7.462202,22.435748,3.419085,-832.020389,0,-6.840684068406844
2012-01-06,sz.002643,20.5900,21.1600,20.2100,20.9500,20.7000,2216788,45770846.6900,3,8.014418,1,1.207700,7.552325,22.706711,3.460379,-842.068944,0,1.2077294685990392
2012-01-09,sz.002643,20.7200,21.9300,20.4800,21.8000,20.9500,4347720,92833832.0200,3,15.718438,1,4.057300,7.858744,23.627986,3.600776,-876.234033,0,4.057279236276856
2012-01-10,sz.002643,21.7000,22.6800,21.5100,22.5900,21.8000,4459339,98689866.0100,3,16.121978,1,3.623900,8.143533,24.484229,3.731263,-907.987468,0,3.623853211009176
2012-01-11,sz.002643,22.5700,23.0900,22.2200,22.4500,22.5900,3317814,74984441.6200,3,11.994989,1,-0.619700,8.093064,24.332490,3.708139,-902.360277,0,-0.6197432492253241
2012-01-12,sz.002643,22.3000,22.8900,21.9600,22.2400,22.4500,2965589,66163846.3200,3,10.721580,1,-0.935400,8.017361,24.104881,3.673452,-893.919490,0,-0.9354120267260568
2012-01-13,sz.002643,22.0500,22.3000,20.4100,20.5100,22.2400,3560320,75400837.6300,3,12.871728,1,-7.778800,7.393708,22.229816,3.387703,-824.383487,0,-7.778776978417257
2012-01-16,sz.002643,20.0000,20.0200,19.4000,19.5000,20.5100,2575806,50558065.6800,3,9.312386,1,-4.924400,7.029610,21.135125,3.220878,-783.787323,0,-4.924427108727459
2012-01-17,sz.002643,19.4500,20.6300,19.2500,20.4900,19.5000,2194773,44217750.7500,3,7.934826,1,5.076900,7.386498,22.208139,3.384399,-823.579602,0,5.076923076923068
2012-01-18,sz.002643,20.5000,20.8700,19.3000,19.3000,20.4900,2491937,49804886.5300,3,9.009172,1,-5.807700,6.957512,20.918354,3.187843,-775.748478,0,-5.807711078574906
2012-01-19,sz.002643,19.0500,19.8300,18.7100,19.4600,19.3000,1870416,36180241.1200,3,6.762169,1,0.829000,7.015191,21.091771,3.214271,-782.179554,0,0.8290155440414448
2012-01-20,sz.002643,19.5300,20.4600,19.4600,20.1300,19.4600,1928547,38670314.5100,3,6.972332,1,3.443000,7.256721,21.817952,3.324937,-809.109682,0,3.442959917780053
2012-01-30,sz.002643,20.1300,20.7400,19.9500,20.2100,20.1300,1885696,38443674.9300,3,6.817411,1,0.397400,7.285560,21.904660,3.338151,-812.325220,0,0.3974167908594284
2012-01-31,sz.002643,20.0300,20.6500,19.9100,20.5800,20.2100,1518257,30834876.0300,3,5.488999,1,1.830800,7.418943,22.305685,3.399265,-827.197082,0,1.8307768431469418
2012-02-01,sz.002643,20.6600,22.2600,20.4100,21.5200,20.5800,4752551,102356039.3300,3,17.182035,1,4.567500,7.757806,23.324507,3.554527,-864.979650,0,4.5675413022351785
2012-02-02,sz.002643,21.3800,21.7700,21.1500,21.7600,21.5200,2446867,52626349.2200,3,8.846229,1,1.115200,7.844324,23.584631,3.594169,-874.626264,0,1.115241635687747
2012-02-03,sz.002643,21.5600,21.9800,21.4800,21.8200,21.7600,2188753,47576734.2100,3,7.913062,1,0.275700,7.865954,23.649663,3.604079,-877.037917,0,0.27573529411764053
2012-02-06,sz.002643,21.9300,22.5500,21.7300,22.0100,21.8200,2437896,53919589.6900,3,8.813796,1,0.870800,7.934448,23.855595,3.635462,-884.674819,0,0.8707607699358411
2012-02-07,sz.002643,21.9000,21.9900,21.0900,21.3500,22.0100,1921185,41243482.8600,3,6.945716,1,-2.998600,7.696522,23.140252,3.526448,-858.146633,0,-2.998636983189462
2012-02-08,sz.002643,21.3500,21.3500,21.3500,21.3500,21.3500,0,0.0000,3,,0,0.000000,7.696522,23.140252,3.526448,-858.146633,0,0.0
2012-02-09,sz.002643,21.9000,22.5000,21.7300,21.8500,21.3500,3121169,68892516.6200,3,11.284053,1,2.341900,7.876769,23.682178,3.609035,-878.243744,0,2.3419203747072626
2012-02-10,sz.002643,21.9800,24.0000,21.6800,23.2300,21.8500,5023572,115067719.4800,3,18.161866,1,6.315800,8.374249,25.177895,3.836974,-933.711770,0,6.315789473684208
2012-02-13,sz.002643,22.8000,24.7600,22.7100,24.2700,23.2300,6202133,148766094.4800,3,22.422751,1,4.477000,8.749161,26.305101,4.008754,-975.513760,0,4.47696943607403
2012-02-14,sz.002643,23.9900,24.3400,23.7100,24.2400,24.2700,2920413,70208683.7200,3,10.558254,1,-0.123600,8.738347,26.272586,4.003799,-974.307933,0,-0.12360939431397266
2012-02-15,sz.002643,24.2400,24.6900,24.1100,24.5000,24.2400,2873812,70004326.2500,3,10.389776,1,1.072600,8.832075,26.554387,4.046744,-984.758431,0,1.0726072607260884
2012-02-16,sz.002643,24.5300,24.8700,23.6800,24.5400,24.5000,3180682,77189687.9000,3,11.499212,1,0.163300,8.846494,26.597741,4.053351,-986.366200,0,0.16326530612245094
2012-02-17,sz.002643,24.5500,24.5500,23.9000,24.3600,24.5400,1995594,48381671.8300,3,7.214729,1,-0.733500,8.781606,26.402648,4.023619,-979.131240,0,-0.7334963325183352
2012-02-20,sz.002643,24.5800,25.5800,23.8000,24.8600,24.3600,5523323,135893440.5400,3,19.968630,1,2.052500,8.961852,26.944574,4.106206,-999.228351,0,2.052545155993424
2012-02-21,sz.002643,24.7000,25.2300,24.1800,25.1200,24.8600,4129292,101954916.3900,3,14.928749,1,1.045900,9.055580,27.226376,4.149151,-1009.678848,0,1.045856798069189
2012-02-22,sz.002643,24.0000,24.5700,23.6500,24.5700,25.1200,9542858,230397776.4800,3,34.500571,1,-2.189500,2.812431,28.162061,4.129102,4.244089,0,-2.1894904458598763
2012-02-23,sz.002643,24.4000,24.6400,23.8800,24.1500,24.5700,6060163,146798931.6400,3,21.909483,1,-1.709400,2.764355,27.680659,4.058519,4.171541,0,-1.7094017094017144
2012-02-24,sz.002643,24.0600,24.4800,23.9300,24.1600,24.1500,4438091,107376073.1900,3,16.045159,1,0.041400,2.765500,27.692121,4.060199,4.173268,0,0.041407867494824835
2012-02-27,sz.002643,24.1500,25.3800,23.9000,25.2400,24.1600,8033846,198442477.1100,3,29.044996,1,4.470200,2.889123,28.930014,4.241698,4.359821,0,4.470198675496673
2012-02-28,sz.002643,24.8300,25.8500,24.3500,25.6300,25.2400,6828846,171602198.6800,3,24.688525,1,1.545200,2.933765,29.377030,4.307240,4.427188,0,1.5451664025356582
2012-02-29,sz.002643,25.3300,25.9700,24.2200,24.4000,25.6300,4930110,123273298.1100,3,17.823970,1,-4.799100,2.792972,27.967208,4.100532,4.214724,0,-4.799063597346864
2012-03-01,sz.002643,24.1500,25.2100,23.9200,24.7200,24.4000,3763170,92573101.6700,3,13.605098,1,1.311500,2.829601,28.333991,4.154310,4.269999,0,1.3114754098360715
2012-03-02,sz.002643,24.7200,25.7300,24.6600,25.5800,24.7200,5084272,128739169.5900,3,18.381316,1,3.479000,2.928042,29.319721,4.298837,4.418551,0,3.478964401294493
2012-03-05,sz.002643,25.7000,26.6800,25.3000,26.2300,25.5800,6623489,172104510.2200,3,23.946092,1,2.541000,3.002445,30.064749,4.408072,4.530829,0,2.5410476935105564
2012-03-06,sz.002643,25.9500,27.3900,25.8000,25.9700,26.2300,6451398,170916638.5600,3,23.323926,1,-0.991200,2.972683,29.766737,4.364378,4.485918,0,-0.9912314144109868
2012-03-07,sz.002643,25.7000,26.1900,25.2100,25.4100,25.9700,3763040,96514688.5300,3,13.604628,1,-2.156300,2.908582,29.124867,4.270268,4.389186,0,-2.156334231805923
2012-03-08,sz.002643,25.5700,25.8600,25.2000,25.7100,25.4100,3408613,86961555.3600,3,12.323257,1,1.180600,2.942922,29.468726,4.320684,4.441007,0,1.1806375442739103
2012-03-09,sz.002643,25.6700,26.1100,25.3000,26.0100,25.7100,3058644,78776124.9600,3,11.058004,1,1.166900,2.977262,29.812585,4.371100,4.492827,0,1.166861143523934
2012-03-12,sz.002643,26.1100,26.2000,25.4200,25.5900,26.0100,3177380,81752823.8400,3,11.487274,1,-1.614800,2.929186,29.331182,4.300517,4.420278,0,-1.6147635524798254
2012-03-13,sz.002643,25.5500,26.6000,25.1800,26.4800,25.5900,4772195,124088435.0300,3,17.253055,1,3.477900,3.031061,30.351298,4.450086,4.574012,0,3.4779210629152013
2012-03-14,sz.002643,26.3400,26.6600,23.9000,24.3500,26.4800,5853600,149694615.1800,3,21.162690,1,-8.043800,2.787248,27.909898,4.092130,4.206088,0,-8.043806646525676
2012-03-15,sz.002643,24.3500,24.3500,24.3500,24.3500,24.3500,0,0.0000,3,,0,0.000000,2.787248,27.909898,4.092130,4.206088,0,0.0
2012-03-16,sz.002643,23.9600,24.3600,23.5300,24.2600,24.3500,3554618,85330445.5700,3,12.851114,1,-0.369600,2.776946,27.806740,4.077005,4.190541,0,-0.3696098562628314
2012-03-19,sz.002643,24.2000,24.5500,23.8500,24.4500,24.2600,1863049,45104045.4700,3,6.735535,1,0.783200,2.798695,28.024518,4.108935,4.223361,0,0.7831821929101368
2012-03-20,sz.002643,24.4500,24.4900,22.6600,23.1600,24.4500,4343113,101481523.7400,3,12.603346,1,-5.276100,2.651034,26.545924,3.892145,4.000533,0,-5.276073619631894
2012-03-21,sz.002643,23.1500,23.2600,22.0900,22.6600,23.1600,3507256,79326775.8200,3,10.177760,1,-2.158900,2.593801,25.972825,3.808117,3.914166,0,-2.1588946459412783
2012-03-22,sz.002643,22.5000,22.9500,22.4800,22.6700,22.6600,1623039,36908930.7400,3,4.709922,1,0.044100,2.594945,25.984287,3.809798,3.915893,0,0.04413062665491463
2012-03-23,sz.002643,22.6400,22.8000,22.1200,22.4900,22.6700,1496914,33631873.3300,3,4.343918,1,-0.794000,2.574342,25.777972,3.779548,3.884801,0,-0.7940008822232114
2012-03-26,sz.002643,22.5000,22.9300,22.3200,22.8900,22.4900,1374917,31238927.5300,3,3.989893,1,1.778600,2.620128,26.236450,3.846770,3.953895,0,1.7785682525567115
2012-03-27,sz.002643,23.0100,23.0800,22.4100,22.5000,22.8900,1383422,31513528.6500,3,4.014573,1,-1.703800,2.575486,25.789434,3.781229,3.886528,0,-1.7038007863695914
2012-03-28,sz.002643,22.4000,22.4000,21.0100,21.0100,22.5000,2327490,50080866.5300,3,6.754179,1,-6.622200,2.404932,24.081600,3.530827,3.629154,0,-6.622222222222218
2012-03-29,sz.002643,21.0000,21.1900,20.3600,20.6100,21.0100,1721046,35747857.7600,3,4.994330,1,-1.903900,2.359145,23.623121,3.463606,3.560060,0,-1.9038553069966824
2012-03-30,sz.002643,20.7400,20.8000,19.9000,20.0700,20.6100,1739646,35291184.0300,3,5.048305,1,-2.620100,2.297334,23.004175,3.372856,3.466783,0,-2.6200873362445365
2012-04-05,sz.002643,19.9800,20.7700,19.9800,20.7600,20.0700,2125902,43482481.4100,3,6.169187,1,3.438000,2.376315,23.795051,3.488814,3.585970,0,3.4379671150971625
2012-04-06,sz.002643,20.5500,21.1500,20.5000,20.8500,20.7600,1715059,35667598.9900,3,4.976956,1,0.433500,2.386617,23.898208,3.503939,3.601516,0,0.43352601156070314
2012-04-09,sz.002643,20.7000,20.8600,20.3600,20.3900,20.8500,901521,18554168.1100,3,2.616138,1,-2.206200,2.333963,23.370958,3.426634,3.522058,0,-2.2062350119904095
2012-04-10,sz.002643,20.2400,20.7000,19.8000,20.7000,20.3900,1657478,33486333.1900,3,4.809861,1,1.520400,2.369447,23.726279,3.478730,3.575606,0,1.5203531142716997
2012-04-11,sz.002643,20.4000,21.2800,20.2500,21.2200,20.7000,2173405,45243152.0700,3,6.307037,1,2.512100,2.428970,24.322301,3.566119,3.665428,0,2.512077294685988
2012-04-12,sz.002643,21.0900,21.5200,20.8200,21.4600,21.2200,2123670,45209816.5200,3,6.162710,1,1.131000,2.456442,24.597389,3.606452,3.706885,0,1.1310084825636224
2012-04-13,sz.002643,21.5500,21.5600,21.2300,21.3000,21.4600,1898943,40639204.3200,3,5.510572,1,-0.745600,2.438127,24.413997,3.579563,3.679247,0,-0.745573159366264
2012-04-16,sz.002643,21.2100,21.4200,21.1100,21.2100,21.3000,941381,20025580.6600,3,2.731808,1,-0.422500,2.427825,24.310839,3.564438,3.663701,0,-0.42253521126760507
2012-04-17,sz.002643,21.1000,21.2400,20.7400,20.8100,21.2100,1233336,25796079.9400,3,3.579037,1,-1.885900,2.382039,23.852361,3.497216,3.594607,0,-1.8859028760018992
2012-04-18,sz.002643,20.9100,21.3700,20.8300,21.3600,20.8100,1582361,33481347.4500,3,4.591878,1,2.643000,2.444995,24.482769,3.589646,3.689611,0,2.6429601153291626
2012-04-19,sz.002643,21.3000,21.6800,21.2300,21.6600,21.3600,1646573,35282503.3800,3,4.778215,1,1.404500,2.479335,24.826628,3.640063,3.741431,0,1.404494382022481
2012-04-20,sz.002643,21.6000,21.7800,21.5000,21.6600,21.6600,1666991,36083720.6100,3,4.837467,1,0.000000,2.479335,24.826628,3.640063,3.741431,0,0.0
2012-04-23,sz.002643,21.6600,21.7900,20.7100,20.7300,21.6600,2220591,46774330.6300,3,6.443967,1,-4.293600,2.372881,23.760665,3.483772,3.580788,0,-4.29362880886427
2012-04-24,sz.002643,20.3000,20.4500,19.1000,19.8200,20.7300,2226721,44258797.2900,3,6.461756,1,-4.389800,2.348218,23.058617,3.450059,4.932290,0,-4.389773275446219
2012-04-25,sz.002643,19.7900,20.1600,19.3000,20.0200,19.8200,1044590,20706200.2500,3,3.031312,1,1.009100,2.371914,23.291297,3.484873,4.982061,0,1.0090817356205761
2012-04-26,sz.002643,20.1300,20.4000,19.8800,20.1100,20.0200,1193327,23976962.1000,3,3.462934,1,0.449600,2.382577,23.396004,3.500539,5.004458,0,0.4495504495504399
2012-04-27,sz.002643,19.7800,19.8500,19.2700,19.2800,19.6100,1134076,22027282.7400,3,3.290992,1,-1.682800,2.284241,22.430380,3.356061,4.797909,0,-4.127299850820476
2012-05-02,sz.002643,19.5100,20.1300,19.5100,19.9400,19.2800,1580768,31337121.0300,3,4.587255,1,3.423200,2.362436,23.198225,3.470947,4.962153,0,3.4232365145228316
2012-05-03,sz.002643,19.7000,20.5700,19.7000,20.4000,19.9400,1922287,38888660.1700,3,5.578314,1,2.306900,2.416935,23.733390,3.551019,5.076625,0,2.306920762286846
2012-05-04,sz.002643,20.4200,20.6800,20.3200,20.4600,20.4000,1387950,28418847.7700,3,4.027713,1,0.294100,2.424044,23.803194,3.561463,5.091557,0,0.2941176470588447
2012-05-07,sz.002643,20.2900,20.5000,20.1800,20.4700,20.4600,1065967,21648312.4400,3,3.093346,1,0.048900,2.425229,23.814828,3.563204,5.094045,0,0.04887585532746819
2012-05-08,sz.002643,20.4700,20.6900,20.1500,20.2900,20.4700,1445559,29340838.0300,3,4.194890,1,-0.879300,2.403903,23.605416,3.531872,5.049252,0,-0.8793356130923247
2012-05-09,sz.002643,20.3000,20.3000,19.7100,19.7100,20.2900,1434525,28713825.8000,3,4.162870,1,-2.858600,2.335186,22.930643,3.430911,4.904916,0,-2.858551010349919
2012-05-10,sz.002643,19.5300,20.1500,19.5300,19.9600,19.7100,1025399,20453999.4000,3,2.975621,1,1.268400,2.364805,23.221493,3.474429,4.967130,0,1.2683916793505778
2012-05-11,sz.002643,19.9600,20.1600,19.8000,20.0300,19.9600,868622,17351396.8800,3,2.520667,1,0.350700,2.373099,23.302931,3.486614,4.984549,0,0.3507014028056199
2012-05-14,sz.002643,20.1600,20.2600,19.7500,19.7500,20.0300,924148,18441114.1500,3,2.681799,1,-1.397900,2.339925,22.977179,3.437874,4.914870,0,-1.3979031452820867
2012-05-15,sz.002643,19.5500,19.7500,19.2200,19.7000,19.7500,947002,18421810.4400,3,2.748120,1,-0.253200,2.334001,22.919009,3.429171,4.902428,0,-0.25316455696202667
2012-05-16,sz.002643,19.6500,19.6800,19.3700,19.3800,19.7000,715764,13970601.1700,3,2.077086,1,-1.624400,2.296088,22.546720,3.373468,4.822794,0,-1.624365482233503
2012-05-17,sz.002643,19.4000,19.8600,19.3500,19.8400,19.3800,983303,19306443.0000,3,2.853462,1,2.373600,2.350588,23.081885,3.453540,4.937267,0,2.373581011351922
2012-05-18,sz.002643,19.7000,19.8300,19.4500,19.5500,19.8400,852556,16742369.6400,3,2.474045,1,-1.461700,2.316230,22.744499,3.403060,4.865099,0,-1.4616935483870885
2012-05-21,sz.002643,19.5000,19.7500,19.3000,19.7500,19.5500,714222,13980006.1800,3,2.072612,1,1.023000,2.339925,22.977179,3.437874,4.914870,0,1.0230179028132946
2012-05-22,sz.002643,19.7500,20.2000,19.7500,20.2000,19.7500,1424391,28529014.4700,3,4.133462,1,2.278500,2.393240,23.500710,3.516205,5.026855,0,2.278481012658218
2012-05-23,sz.002643,20.2100,20.2100,19.7300,19.8700,20.2000,961213,19181699.4400,3,2.789359,1,-1.633700,2.354142,23.116787,3.458762,4.944733,0,-1.633663366336624
2012-05-24,sz.002643,19.9400,19.9700,19.6100,19.7700,19.8700,728464,14416647.4600,3,2.113941,1,-0.503300,2.342295,23.000447,3.441355,4.919847,0,-0.5032712632108804
2012-05-25,sz.002643,19.7300,19.8700,19.3000,19.3000,19.7700,850313,16605597.4700,3,2.467536,1,-2.377300,2.286610,22.453648,3.359543,4.802886,0,-2.3773394031360584
2012-05-28,sz.002643,19.2300,19.4500,18.7200,19.4300,19.3000,830792,15809629.3500,3,2.410888,1,0.673600,2.302012,22.604891,3.382172,4.835237,0,0.6735751295336767
2012-05-29,sz.002643,19.4000,19.9700,19.2800,19.9200,19.4300,1391029,27380133.8100,3,4.036648,1,2.521900,2.360066,23.174957,3.467466,4.957175,0,2.521873391662388
2012-05-30,sz.002643,19.9300,20.7800,19.9200,20.3700,19.9200,2630261,53924889.3300,3,7.632795,1,2.259000,2.413381,23.698488,3.545797,5.069160,0,2.259036144578319
2012-05-31,sz.002643,20.2600,21.0800,20.1000,20.7900,20.3700,2932015,61104690.9500,3,8.508459,1,2.061900,2.463141,24.187117,3.618906,5.173679,0,2.0618556701030855
2012-06-01,sz.002643,20.8100,20.8700,20.5000,20.7500,20.7900,1514478,31288544.4900,3,4.394887,1,-0.192400,2.458402,24.140580,3.611944,5.163724,0,-0.19240019240018835
2012-06-04,sz.002643,20.3400,20.5600,20.1600,20.2100,20.7500,1655778,33671126.7200,3,4.804927,1,-2.602400,2.394424,23.512344,3.517946,5.029343,0,-2.602409638554215
2012-06-05,sz.002643,20.1900,20.5800,20.1900,20.3700,20.2100,1127752,22977969.4400,3,3.272641,1,0.791700,2.413381,23.698488,3.545797,5.069160,0,0.7916872835230127
2012-06-06,sz.002643,20.3800,20.5400,20.2500,20.4200,20.3700,829647,16922963.4800,3,2.407565,1,0.245500,2.419305,23.756658,3.554501,5.081603,0,0.2454590083456054
2012-06-07,sz.002643,20.6100,20.7000,20.2500,20.3500,20.4200,1200494,24629769.5800,3,3.483732,1,-0.342800,2.411011,23.675220,3.542316,5.064183,0,-0.3428011753183191
2012-06-08,sz.002643,20.4700,20.4900,19.6800,19.8000,20.3500,1644251,32798147.9600,3,4.771477,1,-2.702700,2.345849,23.035349,3.446578,4.927313,0,-2.7027027027027084
2012-06-11,sz.002643,19.9100,20.4800,19.8300,20.4800,19.8000,1287512,26045696.6400,3,3.736251,1,3.434300,2.426413,23.826462,3.564945,5.096534,0,3.4343434343434343
2012-06-12,sz.002643,20.3500,20.9900,20.3000,20.9200,20.4800,2699505,55994857.7400,3,7.833735,1,2.148400,2.478543,24.338359,3.641535,5.206030,0,2.1484375
2012-06-13,sz.002643,20.9200,21.2000,20.7300,21.1300,20.9200,2059602,43257545.4000,3,5.976790,1,1.003800,2.503424,24.582673,3.678090,5.258289,0,1.0038240917781938
2012-06-14,sz.002643,20.9500,21.1800,20.6400,20.7200,21.1300,1522350,31836711.9800,3,4.417731,1,-1.940400,2.454848,24.105678,3.606722,5.156259,0,-1.940369143398013
2012-06-15,sz.002643,20.8100,21.2700,20.7800,21.2500,20.7200,2150036,45335731.1400,3,6.239222,1,2.557900,2.517641,24.722281,3.698978,5.288152,0,2.5579150579150722
2012-06-18,sz.002643,21.3800,21.6800,21.1600,21.2900,21.2500,2112299,45215711.9500,3,6.129713,1,0.188200,2.522380,24.768817,3.705941,5.298106,0,0.1882352941176446
2012-06-19,sz.002643,21.2000,21.3400,20.8300,21.0200,21.2900,1320620,27732973.3400,3,3.832327,1,-1.268200,2.490391,24.454699,3.658942,5.230915,0,-1.2682010333489924
2012-06-20,sz.002643,21.1900,21.8000,20.9100,21.7600,21.0200,3026165,64973827.4400,3,8.781674,1,3.520500,2.578064,25.315616,3.787754,5.415067,0,3.520456707897246
2012-06-21,sz.002643,21.7500,21.9800,21.4000,21.5000,21.7600,2485647,53923029.8700,3,7.213137,1,-1.194900,2.547260,25.013132,3.742496,5.350365,0,-1.194852941176483
2012-06-25,sz.002643,21.3000,21.4400,20.5100,20.5600,21.5000,1890094,39534537.6600,3,5.484893,1,-4.372100,2.435892,23.919534,3.578870,5.116442,0,-4.372093023255818
2012-06-26,sz.002643,20.5600,20.5600,19.6000,20.2000,20.5600,1797671,36028992.9600,3,5.216689,1,-1.751000,2.393240,23.500710,3.516205,5.026855,0,-1.7509727626459082
2012-06-27,sz.002643,20.0400,20.6300,19.8900,20.1900,20.2000,1337557,27183517.2500,3,3.881477,1,-0.049500,2.392055,23.489076,3.514465,5.024366,0,-0.04950495049503845
2012-06-28,sz.002643,20.1200,20.3700,19.8800,20.0000,20.1900,945137,19016245.4200,3,2.742707,1,-0.941100,2.369544,23.268029,3.481391,4.977084,0,-0.9410599306587497
2012-06-29,sz.002643,19.9100,20.3700,19.7000,20.3500,20.0000,1017110,20419017.9900,3,2.951567,1,1.750000,2.411011,23.675220,3.542316,5.064183,0,1.750000000000007
2012-07-02,sz.002643,20.5200,20.9500,20.3000,20.7700,20.3500,1363290,28255665.0300,3,3.956152,1,2.063900,2.460772,24.163849,3.615425,5.168702,0,2.063882063882061
2012-07-03,sz.002643,20.8100,21.3300,20.7700,21.0000,20.7700,1786540,37716693.3700,3,5.184388,1,1.107400,2.488021,24.431431,3.655461,5.225938,0,1.1073663938372613
2012-07-04,sz.002643,21.0000,21.4700,20.8500,21.2100,21.0000,1620777,34379196.0600,3,4.703358,1,1.000000,2.512902,24.675745,3.692016,5.278197,0,1.0000000000000009
2012-07-05,sz.002643,21.1500,21.2100,20.6000,20.8400,21.2100,1149877,23932196.9900,3,3.336846,1,-1.744500,2.469065,24.245287,3.627610,5.186121,0,-1.7444601603017529
2012-07-06,sz.002643,20.8600,21.1600,20.3400,21.0000,20.8400,1390806,28912446.2800,3,4.036001,1,0.767800,2.488021,24.431431,3.655461,5.225938,0,0.7677543186180413
2012-07-09,sz.002643,20.8500,20.8500,19.8800,19.9100,21.0000,1796668,36479983.4600,3,5.213778,1,-5.190500,2.358881,23.163323,3.465725,4.954687,0,-5.19047619047619
2012-07-10,sz.002643,19.8100,19.8900,19.5100,19.5900,19.9100,900929,17729487.5800,3,2.614420,1,-1.607200,2.320969,22.791035,3.410023,4.875054,0,-1.6072325464590698
2012-07-11,sz.002643,19.5600,19.9500,19.5000,19.7600,19.5900,453729,8950263.7200,3,1.316683,1,0.867800,2.341110,22.988813,3.439615,4.917359,0,0.8677896886166492
2012-07-12,sz.002643,19.7100,20.0700,19.5700,20.0000,19.7600,1098688,21758452.8000,3,3.188299,1,1.214600,2.369544,23.268029,3.481391,4.977084,0,1.2145748987854255
2012-07-13,sz.002643,19.8000,19.9600,19.0600,19.2000,20.0000,1603932,31175186.2600,3,4.654475,1,-4.000000,2.274763,22.337308,3.342136,4.778000,0,-4.0000000000000036
2012-07-16,sz.002643,19.1900,19.2600,18.3300,18.4300,19.2000,1329471,24857157.2700,3,3.858012,1,-4.010400,2.183535,21.441489,3.208102,4.586383,0,-4.010416666666661
2012-07-17,sz.002643,18.4300,18.6400,18.3100,18.5000,18.4300,482038,8900335.2500,3,1.398833,1,0.379800,2.191828,21.522927,3.220287,4.603803,0,0.37981551817689585
2012-07-18,sz.002643,18.5800,18.5800,18.0700,18.4200,18.5000,864204,15843361.1700,3,2.507847,1,-0.432400,2.182350,21.429855,3.206362,4.583894,0,-0.432432432432428
2012-07-19,sz.002643,18.4500,18.9100,18.3300,18.8200,18.4200,879065,16471436.1100,3,2.550972,1,2.171600,2.229741,21.895216,3.275989,4.683436,0,2.1715526601520097
2012-07-20,sz.002643,18.8300,18.9000,18.6200,18.6400,18.8200,480908,8996858.6700,3,1.395554,1,-0.956400,2.208415,21.685803,3.244657,4.638642,0,-0.9564293304994642
2012-07-23,sz.002643,18.5000,18.5000,17.7700,17.8600,18.6400,1287808,23150588.0900,3,3.737110,1,-4.184500,2.116003,20.778350,3.108883,4.444536,0,-4.184549356223178
2012-07-24,sz.002643,17.6000,18.2200,17.6000,18.1700,17.8600,758440,13638281.0800,3,2.200929,1,1.735700,2.152731,21.139005,3.162844,4.521681,0,1.7357222844345044
2012-07-25,sz.002643,18.1100,18.3600,17.9100,17.9700,18.1700,506692,9188792.8200,3,1.470377,1,-1.100700,2.129036,20.906324,3.128030,4.471910,0,-1.1007154650523043
2012-07-26,sz.002643,17.9500,18.1500,17.8800,17.9000,17.9700,340992,6134816.4900,3,0.989530,1,-0.389500,2.120742,20.824886,3.115845,4.454490,0,-0.3895381190873737
2012-07-27,sz.002643,17.9900,18.1400,17.8500,17.8500,17.9000,336561,6043544.6600,3,0.976672,1,-0.279300,2.114818,20.766716,3.107142,4.442047,0,-0.27932960893852776
2012-07-30,sz.002643,17.7800,17.9700,17.3600,17.4200,17.8500,534571,9421823.5400,3,1.551280,1,-2.409000,2.063873,20.266454,3.032292,4.335040,0,-2.408963585434176
2012-07-31,sz.002643,17.3300,17.4200,16.6800,16.6800,17.4200,989932,16766704.5100,3,2.872699,1,-4.248000,1.976200,19.405537,2.903480,4.150888,0,-4.247990815155001
2012-08-01,sz.002643,16.9500,17.0800,16.7000,16.9000,16.6800,426888,7220273.0400,3,1.238793,1,1.318900,2.002265,19.661485,2.941776,4.205636,0,1.318944844124692
2012-08-02,sz.002643,16.8100,16.9600,16.6200,16.8000,16.9000,286168,4799291.6600,3,0.830435,1,-0.591700,1.990417,19.545145,2.924369,4.180750,0,-0.5917159763313529
2012-08-03,sz.002643,16.8200,17.3500,16.8000,17.3200,16.8000,555671,9541643.1600,3,1.612510,1,3.095200,2.052025,20.150113,3.014885,4.310155,0,3.0952380952380842
2012-08-06,sz.002643,17.2500,18.0000,17.2100,17.9200,17.3200,1124981,19927465.0100,3,3.264600,1,3.464200,2.123112,20.848154,3.119327,4.459467,0,3.4642032332563577
2012-08-07,sz.002643,17.8900,18.0100,17.7200,17.8900,17.9200,634570,11325246.6700,3,1.841468,1,-0.167400,2.119557,20.813252,3.114105,4.452001,0,-0.16741071428572063
2012-08-08,sz.002643,17.8100,17.9800,17.6100,17.8300,17.8900,555011,9890301.1200,3,1.610595,1,-0.335400,2.112449,20.743448,3.103660,4.437070,0,-0.335382895472347
2012-08-09,sz.002643,17.8300,18.1300,17.6700,18.0800,17.8300,704952,12671297.3100,3,2.045711,1,1.402100,2.142068,21.034299,3.147178,4.499284,0,1.4021312394840058
2012-08-10,sz.002643,18.1600,18.1600,17.7100,17.8500,18.0800,567998,10137340.0600,3,1.648282,1,-1.272100,2.114818,20.766716,3.107142,4.442047,0,-1.2721238938052881
2012-08-13,sz.002643,17.8600,17.8600,17.5200,17.5800,17.8500,479438,8491036.7200,3,1.391288,1,-1.512600,2.082829,20.452598,3.060143,4.374857,0,-1.5126050420168236
2012-08-14,sz.002643,17.5000,17.8000,17.2800,17.6800,17.5800,580586,10148613.2600,3,1.684811,1,0.568800,2.094677,20.568938,3.077550,4.399742,0,0.5688282138794243
2012-08-15,sz.002643,17.6800,18.8800,17.5000,18.4000,17.6800,1760033,32448342.8600,3,5.107467,1,4.072400,2.179981,21.406587,3.202880,4.578917,0,4.072398190045234
2012-08-16,sz.002643,18.2600,18.4500,17.9500,18.1700,18.4000,923621,16785956.9000,3,2.680270,1,-1.250000,2.152731,21.139005,3.162844,4.521681,0,-1.2499999999999845
2012-08-17,sz.002643,18.1500,18.1500,17.2100,17.4600,18.1700,1163526,20445070.3000,3,3.376454,1,-3.907500,1.997293,21.382314,3.227126,5.747106,0,-3.907539900935608
2012-08-20,sz.002643,17.3000,17.3800,16.9000,17.3200,17.4600,763167,13090697.5400,3,2.214646,1,-0.801800,1.981278,21.210863,3.201250,5.701024,0,-0.8018327605956554
2012-08-21,sz.002643,17.3200,17.8700,17.2700,17.7600,17.3200,1258648,22192203.0800,3,3.652490,1,2.540400,2.031611,21.749707,3.282575,5.845854,0,2.5404157043879882
2012-08-22,sz.002643,17.7600,18.3300,17.7600,18.0500,17.7600,1855650,33508073.1100,3,5.384939,1,1.632900,2.064784,22.104855,3.336176,5.941309,0,1.63288288288288
2012-08-23,sz.002643,17.9100,18.7300,17.8100,18.6900,18.0500,2133939,39501560.1400,3,6.192510,1,3.545700,2.137996,22.888628,3.454467,6.151971,0,3.5457063711911374
2012-08-24,sz.002643,18.5700,19.1200,18.3000,18.4500,18.6900,2084330,39216553.1400,3,6.048549,1,-1.284100,2.110541,22.594713,3.410108,6.072973,0,-1.2841091492777013
2012-08-27,sz.002643,18.4300,18.7500,18.0900,18.5700,18.4500,753873,13896667.3700,3,2.187676,1,0.650400,2.124268,22.741670,3.432287,6.112472,0,0.6504065040650486
2012-08-28,sz.002643,18.5600,19.3000,18.5000,19.1200,18.5700,1705154,32578575.6500,3,4.948212,1,2.961800,2.187184,23.415226,3.533944,6.293509,0,2.961766289714607
2012-08-29,sz.002643,19.0200,19.1500,18.7700,19.0000,19.1200,699755,13260709.5500,3,2.030630,1,-0.627600,2.173457,23.268268,3.511764,6.254010,0,-0.6276150627615107
2012-08-30,sz.002643,18.8200,19.1500,18.0800,18.4500,19.0000,1027474,19095933.4500,3,2.981642,1,-2.894733,2.110541,22.594713,3.410108,6.072973,0,-2.894736842105272
2012-08-31,sz.002643,18.4200,18.9900,18.4000,18.9900,18.4500,582196,10893846.2500,3,1.689483,1,2.926800,2.172313,23.256022,3.509916,6.250718,0,2.9268292682926855
2012-09-03,sz.002643,18.9900,19.4500,18.8300,19.1200,18.9900,982626,18856018.3400,3,2.851497,1,0.684600,2.187184,23.415226,3.533944,6.293509,0,0.6845708267509298
2012-09-04,sz.002643,19.2000,19.4000,18.6200,18.6500,19.1200,836673,15942526.6900,3,2.427954,1,-2.458200,2.133420,22.839642,3.447074,6.138805,0,-2.4581589958159067
2012-09-05,sz.002643,18.6200,19.1500,18.5100,18.9900,18.6500,528914,10006531.9800,3,1.534864,1,1.823100,2.172313,23.256022,3.509916,6.250718,0,1.8230563002680888
2012-09-06,sz.002643,19.2500,19.2800,18.9300,19.2500,18.9900,539794,10313066.5500,3,1.566436,1,1.369100,2.202055,23.574429,3.557971,6.336300,0,1.3691416535018597
2012-09-07,sz.002643,19.3100,19.8600,19.2100,19.7100,19.2500,1315099,25839063.7400,3,3.816306,1,2.389600,2.254676,24.137766,3.642993,6.487712,0,2.389610389610386
2012-09-10,sz.002643,19.7000,19.9700,19.5200,19.7900,19.7100,917319,18117060.6700,3,2.661982,1,0.405900,2.263827,24.235738,3.657779,6.514045,0,0.4058853373921867
2012-09-11,sz.002643,19.6100,19.7600,19.4700,19.6200,19.7900,523094,10259149.5400,3,1.517974,1,-0.859000,2.244381,24.027548,3.626358,6.458088,0,-0.8590197069226813
2012-09-12,sz.002643,19.6200,19.9000,19.3600,19.5200,19.6200,676358,13226590.0300,3,1.962734,1,-0.509700,2.232941,23.905084,3.607875,6.425172,0,-0.5096839959225385
2012-09-13,sz.002643,19.5000,19.5900,19.0500,19.0700,19.5200,613250,11808147.0700,3,1.779600,1,-2.305300,2.181465,23.353993,3.524702,6.277051,0,-2.305327868852458
2012-09-14,sz.002643,19.1100,19.2000,18.6500,18.8200,19.0700,928373,17477184.6100,3,2.694060,1,-1.311000,2.152867,23.047832,3.478495,6.194761,0,-1.3109596224436304
2012-09-17,sz.002643,18.8900,19.1800,18.6100,18.6900,18.8200,1179543,22384832.8300,3,3.422934,1,-0.690800,2.137996,22.888628,3.454467,6.151971,0,-0.6907545164718365
2012-09-18,sz.002643,18.3900,18.5000,17.9000,18.0000,18.6900,1223165,22222743.5200,3,3.549521,1,-3.691800,2.059065,22.043622,3.326934,5.924852,0,-3.6918138041733606
2012-09-19,sz.002643,18.1900,18.1900,17.8000,18.0500,18.0000,645893,11599343.8800,3,1.874327,1,0.277800,2.064784,22.104855,3.336176,5.941309,0,0.2777777777777768
2012-09-20,sz.002643,18.0000,18.0300,17.5700,17.5900,18.0500,496288,8832046.3800,3,1.440186,1,-2.548500,2.012164,21.541518,3.251154,5.789897,0,-2.5484764542936356
2012-09-21,sz.002643,17.6400,17.7400,17.4200,17.6800,17.5900,519948,9172307.4400,3,1.508845,1,0.511700,2.022459,21.651736,3.267789,5.819521,0,0.511654349061974
2012-09-24,sz.002643,17.6500,17.9400,17.4800,17.8000,17.6800,358908,6340596.5700,3,1.041521,1,0.678700,2.036186,21.798693,3.289968,5.859020,0,0.6787330316742057
2012-09-25,sz.002643,17.7200,17.7800,17.3100,17.6500,17.8000,308211,5417207.8000,3,0.894402,1,-0.842700,2.019027,21.614996,3.262244,5.809646,0,-0.8426966292134908
2012-09-26,sz.002643,17.6300,17.6500,17.2900,17.3100,17.6500,248803,4336773.2500,3,0.722005,1,-1.926300,1.980134,21.198617,3.199402,5.697732,0,-1.9263456090651498
2012-09-27,sz.002643,17.3100,17.7000,17.1000,17.6000,17.3100,684096,11959196.4600,3,1.985189,1,1.675300,2.013308,21.553764,3.253002,5.793188,0,1.6753321779318542
2012-09-28,sz.002643,17.6800,18.1000,17.3100,18.0600,17.6000,658705,11777686.5300,3,1.911506,1,2.613600,2.065928,22.117101,3.338024,5.944601,0,2.61363636363634
2012-10-08,sz.002643,18.0500,18.5100,17.9500,18.4900,18.0600,1036496,19007105.4800,3,3.007824,1,2.381000,2.115117,22.643699,3.417501,6.086139,0,2.3809523809523725
2012-10-09,sz.002643,18.4900,18.9400,18.4200,18.9400,18.4900,1070653,20106581.8300,3,3.106944,1,2.433700,2.166594,23.194789,3.500674,6.234260,0,2.4337479718766986
2012-10-10,sz.002643,18.9400,19.7200,18.8100,19.5000,18.9400,1764210,34060152.9900,3,5.119588,1,2.956700,2.230653,23.880591,3.604179,6.418589,0,2.9567053854276493
2012-10-11,sz.002643,19.3500,19.7100,19.3000,19.3400,19.5000,1701489,33185819.3200,3,4.937577,1,-0.820500,2.212351,23.684648,3.574606,6.365924,0,-0.8205128205128198
2012-10-12,sz.002643,19.3100,19.5000,18.9400,19.2000,19.3400,1097819,21031036.1600,3,3.185778,1,-0.723900,2.196336,23.513197,3.548730,6.319842,0,-0.7238883143743546
2012-10-15,sz.002643,19.2800,19.2800,18.6800,19.1900,19.2000,697315,13204110.7900,3,2.023549,1,-0.052100,2.195192,23.500951,3.546882,6.316550,0,-0.05208333333331927
2012-10-16,sz.002643,19.1700,19.5000,19.0600,19.2600,19.1900,695722,13437672.4800,3,2.018926,1,0.364800,2.203199,23.586676,3.559820,6.339591,0,0.36477331943720603
2012-10-17,sz.002643,19.2100,19.4500,19.1000,19.3100,19.2600,225174,4345938.1200,3,0.653436,1,0.259600,2.208919,23.647908,3.569061,6.356049,0,0.25960539979230646
2012-10-18,sz.002643,19.3800,19.7200,19.2100,19.6800,19.3100,1331899,26014385.1400,3,3.865058,1,1.916100,2.251244,24.101027,3.637448,6.477838,0,1.9161056447436708
2012-10-19,sz.002643,19.6800,19.9400,19.6700,19.8800,19.6800,845761,16768910.4900,3,2.454327,1,1.016254,2.274123,24.345956,3.674414,6.543669,0,1.0162601626016121
2012-10-22,sz.002643,19.5400,20.0400,19.5400,19.9800,19.8800,1058658,21032148.7300,3,3.072136,1,0.503000,2.285562,24.468421,3.692897,6.576585,0,0.5030181086519203
2012-10-23,sz.002643,19.8100,20.0000,19.6100,19.7700,19.9800,584402,11530032.9400,3,1.695885,1,-1.051100,2.261539,24.211245,3.654083,6.507462,0,-1.0510510510510551
2012-10-24,sz.002643,19.5900,19.9800,19.4800,19.7000,19.7700,1024372,20173263.6300,3,2.972641,1,-0.354100,2.231155,27.170083,3.778783,7.066650,0,-0.3540718259989917
2012-10-25,sz.002643,19.7500,20.2700,19.7200,20.1300,19.7000,2704979,54394644.7700,3,7.849620,1,2.182700,2.279855,27.763136,3.861264,7.220897,0,2.1827411167512745
2012-10-26,sz.002643,20.1300,21.2000,19.4800,19.7500,20.1300,7830191,159351065.8300,3,22.722551,1,-1.887700,2.236818,27.239043,3.788373,7.084586,0,-1.8877297565822126
2012-10-29,sz.002643,19.7400,20.4300,19.3600,19.7700,19.7500,2470648,49394514.8200,3,7.169611,1,0.101300,2.239083,27.266627,3.792210,7.091760,0,0.10126582278480178
2012-10-30,sz.002643,19.7400,19.8000,19.4600,19.5700,19.7700,1885604,36855491.8900,3,5.471863,1,-1.011600,2.216432,26.990788,3.753847,7.020018,0,-1.0116337885685334
2012-10-31,sz.002643,19.5700,19.8700,19.5000,19.8200,19.5700,739432,14522830.1100,3,2.145769,1,1.277500,2.244746,27.335586,3.801801,7.109696,0,1.2774655084312636
2012-11-01,sz.002643,19.8100,20.8800,19.5300,20.8700,19.8200,2073257,42535354.9500,3,6.016416,1,5.297700,2.363665,28.783738,4.003208,7.486345,0,5.297679112008069
2012-11-02,sz.002643,20.9100,21.0900,20.4500,20.4900,20.8700,1297493,26970971.5800,3,3.765215,1,-1.820800,2.320628,28.259645,3.930318,7.350034,0,-1.8207954000958426
2012-11-05,sz.002643,20.5700,21.2900,20.5000,20.8000,20.4900,1504949,31248965.2000,3,4.367234,1,1.512900,2.355737,28.687194,3.989781,7.461235,0,1.512933138116157
2012-11-06,sz.002643,20.7900,20.7900,20.4700,20.7000,20.8000,797427,16407474.8800,3,2.314066,1,-0.480800,2.344412,28.549275,3.970599,7.425364,0,-0.48076923076924016
2012-11-07,sz.002643,20.7700,20.9800,20.5500,20.6600,20.7000,484541,10038779.4700,3,1.406097,1,-0.193200,2.339881,28.494108,3.962926,7.411015,0,-0.19323671497584183
2012-11-08,sz.002643,20.5600,20.7700,20.3500,20.3900,20.6600,618994,12729228.1100,3,1.796268,1,-1.306900,2.309302,28.121726,3.911136,7.314162,0,-1.3068731848983495
2012-11-09,sz.002643,20.3900,20.7000,20.0000,20.0400,20.3900,582311,11744937.5400,3,1.689817,1,-1.716500,2.269662,27.639009,3.844000,7.188613,0,-1.7165277096616083
2012-11-12,sz.002643,20.1000,20.1000,19.6000,19.9200,20.0400,411908,8181488.7200,3,1.195322,1,-0.598800,2.256071,27.473505,3.820982,7.145567,0,-0.5988023952095634
2012-11-13,sz.002643,19.9100,20.1500,19.7800,19.9500,19.9200,296418,5902012.7900,3,0.860180,1,0.150600,2.259469,27.514881,3.826737,7.156329,0,0.15060240963853389
2012-11-14,sz.002643,19.8700,19.9000,19.4000,19.7000,19.9500,522046,10248923.5800,3,1.514933,1,-1.253100,2.231155,27.170083,3.778783,7.066650,0,-1.253132832080206
2012-11-15,sz.002643,19.6000,20.0000,19.6000,19.7000,19.7000,318562,6315110.3200,3,0.924440,1,0.000000,2.231155,27.170083,3.778783,7.066650,0,0.0
2012-11-16,sz.002643,19.6800,20.2000,19.6800,20.0400,19.7000,398809,7954563.6000,3,1.157310,1,1.725900,2.269662,27.639009,3.844000,7.188613,0,1.7258883248731038
2012-11-19,sz.002643,20.0000,20.4900,20.0000,20.4500,20.0400,424695,8606312.7700,3,1.232429,1,2.045900,2.316097,28.204477,3.922645,7.335685,0,2.0459081836327275
2012-11-20,sz.002643,20.4600,20.5300,20.1500,20.4000,20.4500,360756,7339477.6200,3,1.046883,1,-0.244500,2.310435,28.135518,3.913054,7.317750,0,-0.24449877750611915
2012-11-21,sz.002643,20.4900,20.4900,19.8000,20.2200,20.4000,285492,5743905.6300,3,0.828474,1,-0.882400,2.290048,27.887263,3.878527,7.253181,0,-0.8823529411764675
2012-11-22,sz.002643,20.2900,20.2900,19.8800,20.0000,20.2200,194316,3885754.1100,3,0.563889,1,-1.088000,2.265132,27.583841,3.836328,7.174264,0,-1.0880316518298683
2012-11-23,sz.002643,19.9000,20.1900,19.5000,19.8000,20.0000,159800,3175223.0000,3,0.463726,1,-1.000000,2.242481,27.308002,3.797964,7.102522,0,-1.0000000000000009
2012-11-26,sz.002643,19.7500,20.0000,19.6600,19.8000,19.8000,128231,2536442.7500,3,0.372115,1,0.000000,2.242481,27.308002,3.797964,7.102522,0,0.0
2012-11-27,sz.002643,19.4500,19.8000,18.4000,18.4100,19.8000,576092,10834855.7700,3,1.671770,1,-7.020200,2.085054,25.390925,3.531340,6.603910,0,-7.020202020202026
2012-11-28,sz.002643,18.3800,18.5000,18.0200,18.1800,18.4100,126850,2313897.0700,3,0.368108,1,-1.249300,2.059005,25.073711,3.487222,6.521406,0,-1.2493210211841466
2012-11-29,sz.002643,18.1000,18.4600,17.8900,17.9600,18.1800,197920,3592788.8000,3,0.574347,1,-1.210100,2.034088,24.770289,3.445022,6.442489,0,-1.2101210121012063
2012-11-30,sz.002643,17.8800,18.4000,17.7000,18.2000,17.9600,211697,3860349.7700,3,0.614327,1,1.336300,2.061270,25.101295,3.491058,6.528580,0,1.3363028953229383
2012-12-03,sz.002643,18.2500,18.4600,18.0900,18.1500,18.2000,161300,2947229.7400,3,0.468079,1,-0.274700,2.055607,25.032336,3.481467,6.510645,0,-0.27472527472527375
2012-12-04,sz.002643,18.1500,18.2400,17.9100,18.2000,18.1500,245430,4442511.5600,3,0.712217,1,0.275500,2.061270,25.101295,3.491058,6.528580,0,0.27548209366392573
2012-12-05,sz.002643,18.0000,19.1800,18.0000,18.8000,18.2000,341419,6387468.5800,3,0.990769,1,3.296700,2.129224,25.928810,3.606148,6.743808,0,3.296703296703307
2012-12-06,sz.002643,18.7000,18.8700,18.3000,18.5500,18.8000,245233,4538920.6600,3,0.711645,1,-1.329800,2.100910,25.584012,3.558194,6.654130,0,-1.3297872340425565
2012-12-07,sz.002643,18.4000,19.0200,18.1500,18.8800,18.5500,365534,6838840.0700,3,1.060749,1,1.779000,2.138285,26.039146,3.621493,6.772505,0,1.7789757412398854
2012-12-10,sz.002643,18.7700,19.2800,18.4800,19.1000,18.8800,335539,6338262.9200,3,0.973706,1,1.165300,2.163201,26.342568,3.663693,6.851422,0,1.1652542372881491
2012-12-11,sz.002643,19.0900,19.2800,18.6300,19.1000,19.1000,314195,5988976.6500,3,0.911767,1,0.000000,2.163201,26.342568,3.663693,6.851422,0,0.0
2012-12-12,sz.002643,19.1000,19.5300,19.0000,19.4800,19.1000,245588,4728563.9800,3,0.712676,1,1.989500,2.206238,26.866661,3.736583,6.987733,0,1.9895287958115127
2012-12-13,sz.002643,19.3300,19.4900,19.1500,19.4200,19.4800,158544,3064737.4300,3,0.460081,1,-0.308000,2.199443,26.783909,3.725074,6.966211,0,-0.30800821355235763
2012-12-14,sz.002643,19.3500,20.0400,18.9800,19.7500,19.4200,457719,9022418.3300,3,1.328262,1,1.699300,2.236818,27.239043,3.788373,7.084586,0,1.6992790937178093
2012-12-17,sz.002643,19.7500,19.8900,19.6100,19.6700,19.7500,495536,9771763.9700,3,1.438003,1,-0.405100,2.227757,27.128707,3.773028,7.055889,0,-0.40506329113922934
2012-12-18,sz.002643,19.4800,19.7800,19.1600,19.7600,19.6700,480422,9350239.5700,3,1.394144,1,0.457500,2.237950,27.252835,3.790292,7.088173,0,0.4575495678698527
2012-12-19,sz.002643,19.7100,20.0300,19.6000,19.9500,19.7600,473914,9444203.9100,3,1.375258,1,0.961500,2.259469,27.514881,3.826737,7.156329,0,0.9615384615384581
2012-12-20,sz.002643,19.7000,20.3800,19.7000,20.0200,19.9500,628514,12680108.6300,3,0.680921,1,0.350900,2.267397,27.611425,3.840164,7.181439,0,0.35087719298245723
2012-12-21,sz.002643,19.9100,20.3000,19.8500,20.0000,20.0200,499058,10012634.8700,3,0.540671,1,-0.099900,2.265132,27.583841,3.836328,7.174264,0,-0.09990009990009652
2012-12-24,sz.002643,19.9600,20.6100,19.9600,20.4100,20.0000,508686,10344847.3100,3,0.551101,1,2.050000,2.311567,28.149310,3.914972,7.321337,0,2.0499999999999963
2012-12-25,sz.002643,20.7800,20.7800,20.3000,20.5600,20.4100,508117,10464846.4900,3,0.550485,1,0.734900,2.328556,28.356188,3.943745,7.375144,0,0.7349338559529572
2012-12-26,sz.002643,20.3500,22.6200,20.3500,21.9000,20.5600,3292437,72519885.4500,3,3.566968,1,6.517500,2.480319,30.204306,4.200779,7.855819,0,6.517509727626458
2012-12-27,sz.002643,21.5100,21.7600,21.3200,21.5000,21.9000,1987899,42605531.0200,3,2.153655,1,-1.826500,2.435017,29.652629,4.124052,7.712334,0,-1.826484018264829
2012-12-28,sz.002643,21.3100,23.1200,21.3100,21.8900,21.5000,2655074,59432880.6300,3,2.876460,1,1.814000,2.479187,30.190514,4.198861,7.852232,0,1.8139534883720998
2012-12-31,sz.002643,22.0900,22.1000,21.5700,21.8700,21.8900,1964653,42827732.4000,3,2.165352,1,-0.091400,2.476922,30.162930,4.195024,7.845058,0,-0.0913659205116435
2013-01-04,sz.002643,22.1700,22.4500,21.5900,22.3200,21.8700,1659226,36457149.1700,3,1.828724,1,2.057600,2.527887,30.783566,4.281342,8.006479,0,2.0576131687242816
2013-01-07,sz.002643,22.0000,23.9500,21.9000,23.6500,22.3200,2127803,49494885.8700,3,2.345168,1,5.958800,2.678518,32.617892,4.536457,8.483567,0,5.9587813620071595
2013-01-08,sz.002643,23.4000,25.8000,23.2200,24.5600,23.6500,3182021,78261356.3800,3,3.507080,1,3.847800,2.781582,33.872957,4.711010,8.809997,0,3.847780126849898
2013-01-09,sz.002643,24.5600,25.5000,23.6200,23.8000,24.5600,3414117,83749655.9700,3,3.762885,1,-3.094500,2.695507,32.824771,4.565230,8.537374,0,-3.0944625407166026
2013-01-10,sz.002643,23.8000,24.3000,23.1000,24.2700,23.8000,2704524,64257791.1100,3,2.980804,1,1.974800,2.748738,33.472991,4.655383,8.705970,0,1.9747899159663795
2013-01-11,sz.002643,24.1800,24.5800,23.6800,24.4900,24.2700,2314341,55834782.8700,3,2.550762,1,0.906500,2.773654,33.776413,4.697583,8.784887,0,0.9064688916357699
2013-01-14,sz.002643,24.4000,25.4700,24.1100,25.1700,24.4900,2778653,69816762.7300,3,3.062506,1,2.776600,2.850668,34.714264,4.828018,9.028812,0,2.7766435279706236
2013-01-15,sz.002643,25.0500,26.4700,24.7100,26.0900,25.1700,3145613,80084770.7000,3,3.466952,1,3.655100,2.954865,35.983120,5.004489,9.358828,0,3.6551450139054253
2013-01-16,sz.002643,26.0800,26.6000,24.2100,24.7500,26.0900,7946259,201964918.3200,3,8.758007,1,-5.136100,2.803101,34.135003,4.747455,8.878152,0,-5.136067458796479
2013-01-17,sz.002643,24.7900,24.7900,23.5500,23.8900,24.7500,4454134,106212111.7600,3,4.909145,1,-3.474700,2.705700,32.948898,4.582493,8.569659,0,-3.474747474747475
2013-01-18,sz.002643,23.8400,24.2800,23.6000,24.0000,23.8900,2117143,50495075.4700,3,2.333419,1,0.460400,2.718158,33.100609,4.603593,8.609117,0,0.46044370029301174
2013-01-21,sz.002643,24.0100,24.4000,23.6600,24.2800,24.0000,2310947,55604785.9200,3,2.547021,1,1.166700,2.749870,33.486783,4.657302,8.709557,0,1.1666666666666714
2013-01-22,sz.002643,24.2500,24.2800,23.2500,23.4800,24.2800,2679453,63311921.0700,3,2.953172,1,-3.294900,2.659265,32.383429,4.503849,8.422586,0,-3.29489291598023
2013-01-23,sz.002643,23.3000,23.6200,23.0200,23.4200,23.4800,1246247,29056605.5700,3,1.373557,1,-0.255500,2.652469,32.300678,4.492340,8.401063,0,-0.25553662691651935
2013-01-24,sz.002643,23.4900,23.6400,22.7700,22.8200,23.4200,1727190,40118091.6600,3,1.903631,1,-2.561900,2.584516,31.473162,4.377250,8.185836,0,-2.561912894961582
2013-01-25,sz.002643,22.9500,23.3000,22.7000,23.1900,22.8200,1093465,25114010.5700,3,1.205168,1,1.621400,2.626420,31.983463,4.448222,8.318559,0,1.6213847502191125
2013-01-28,sz.002643,23.0000,23.5700,23.0000,23.5000,23.1900,963642,22560169.3000,3,1.062083,1,1.336800,2.661530,32.411013,4.507685,8.429761,0,1.3367830961621419
2013-01-29,sz.002643,23.3000,23.9600,23.3000,23.7700,23.5000,1822131,43332348.9000,3,2.008270,1,1.148900,2.692109,32.783395,4.559475,8.526613,0,1.1489361702127665
2013-01-30,sz.002643,23.6200,23.8800,23.2200,23.3400,23.7700,1110110,25972210.5900,3,1.223513,1,-1.809000,2.643409,32.190342,4.476994,8.372366,0,-1.8090029448885159
2013-01-31,sz.002643,23.4500,23.4800,23.0400,23.3400,23.3400,566670,13165847.6400,3,0.624558,1,0.000000,2.643409,32.190342,4.476994,8.372366,0,0.0
2013-02-01,sz.002643,23.0900,24.3500,23.0200,24.0600,23.3400,2068774,49167133.2200,3,2.280109,1,3.084800,2.724954,33.183361,4.615102,8.630640,0,3.084832904884305
2013-02-04,sz.002643,24.0000,24.0000,23.0700,23.0900,24.0600,1968948,45983044.6800,3,2.170085,1,-4.031600,2.615095,31.845544,4.429040,8.282688,0,-4.031587697423101
2013-02-05,sz.002643,22.9000,23.0300,22.4800,22.8600,23.0900,1233600,28089085.8100,3,1.359618,1,-0.996100,2.589046,31.528330,4.384922,8.200184,0,-0.9961022087483729
2013-02-06,sz.002643,23.2700,23.2700,23.0000,23.2000,22.8600,621033,14372408.7100,3,0.684474,1,1.487300,2.627553,31.997255,4.450140,8.322147,0,1.4873140857392775
2013-02-07,sz.002643,23.0300,23.4200,22.9000,23.3500,23.2000,860992,19988418.4200,3,0.948946,1,0.646600,2.644541,32.204134,4.478912,8.375954,0,0.6465517241379448
2013-02-08,sz.002643,23.3500,24.6400,23.3500,24.4400,23.3500,3017149,73091409.9900,3,3.325365,1,4.668100,2.767991,33.707454,4.687992,8.766951,0,4.668094218415408
2013-02-18,sz.002643,24.4400,24.7800,24.1900,24.6100,24.4400,1819077,44678463.9100,3,2.004904,1,0.695600,2.787245,33.941916,4.720601,8.827932,0,0.6955810147299513
2013-02-19,sz.002643,24.7800,24.7800,23.9500,24.1400,24.6100,1505769,36494186.6200,3,1.659590,1,-1.909800,2.734014,33.293696,4.630447,8.659337,0,-1.9097927671678172
2013-02-20,sz.002643,24.0300,24.6500,24.0100,24.5300,24.1400,1364098,33325707.0800,3,1.503447,1,1.615600,2.778184,33.831581,4.705256,8.799235,0,1.6155758077879057
2013-02-21,sz.002643,24.5300,24.9400,24.1000,24.9400,24.5300,1819744,44821692.6900,3,2.005640,1,1.671400,2.824619,34.397050,4.783900,8.946308,0,1.6714227476559262
2013-02-22,sz.002643,24.8800,25.5000,24.5400,25.1000,24.9400,2174213,54649928.5800,3,2.396319,1,0.641500,2.842741,34.617720,4.814591,9.003702,0,0.6415396952686558
2013-02-25,sz.002643,25.0700,25.3600,24.8100,24.9400,25.1000,956357,23933404.2200,3,1.054053,1,-0.637500,2.824619,34.397050,4.783900,8.946308,0,-0.6374501992031822
2013-02-26,sz.002643,24.7500,25.6800,24.5600,24.8600,24.9400,1889106,47670440.5200,3,2.082087,1,-0.320800,2.815559,34.286714,4.768555,8.917610,0,-0.3207698476343279
2013-02-27,sz.002643,24.9000,25.3800,24.1700,24.2200,24.8600,1565003,38721729.1100,3,1.724876,1,-2.574400,2.743075,33.404031,4.645793,8.688034,0,-2.574416733708773
2013-02-28,sz.002643,24.1600,24.4900,23.8300,24.2000,24.2200,1508860,36451308.8700,3,1.662997,1,-0.082600,2.680078,30.528804,4.224085,-7.973935,0,-0.08257638315442017
2013-03-01,sz.002643,24.2300,25.4000,24.2100,25.3700,24.2000,2108529,52589015.0000,3,2.323925,1,4.834700,2.809652,32.004783,4.428308,-8.359452,0,4.834710743801662
2013-03-04,sz.002643,25.1500,26.6400,25.0200,25.9300,25.3700,3750877,97946785.3700,3,4.134047,1,2.207300,2.871670,32.711235,4.526055,-8.543973,0,2.2073314938904076
2013-03-05,sz.002643,26.1000,27.4900,25.5800,27.4900,25.9300,3457991,92130482.3100,3,3.811241,1,6.016200,3.044435,34.679207,4.798351,-9.057995,0,6.01619745468569
2013-03-06,sz.002643,27.5000,28.5500,27.3000,28.0500,27.4900,2787124,77463860.4900,3,3.071842,1,2.037100,3.106454,35.385659,4.896099,-9.242516,0,2.037104401600587
2013-03-07,sz.002643,28.0600,28.0700,26.8900,27.0800,28.0500,1560572,42739153.1000,3,1.719992,1,-3.458100,2.999029,34.161984,4.726786,-8.922900,0,-3.4581105169340542
2013-03-08,sz.002643,26.8000,27.1800,26.0100,26.0700,27.0800,1421027,37499733.1800,3,1.566192,1,-3.729700,2.887175,32.887848,4.550492,-8.590103,0,-3.729689807976355
2013-03-11,sz.002643,25.8800,26.7700,25.7200,26.5800,26.0700,794270,20857779.7800,3,0.875408,1,1.956300,2.943656,33.531223,4.639512,-8.758149,0,1.9562715765247374
2013-03-12,sz.002643,26.6500,26.9600,24.8000,25.7500,26.5800,2381195,61767222.1900,3,2.624445,1,-3.122600,2.851735,32.484161,4.494636,-8.484663,0,-3.1226486079759197
2013-03-13,sz.002643,25.4200,25.7300,25.0900,25.6000,25.7500,771029,19517367.9200,3,0.849793,1,-0.582500,2.835123,32.294933,4.468454,-8.435237,0,-0.5825242718446533
2013-03-14,sz.002643,25.5800,26.7000,25.4300,26.6000,25.6000,1401160,36862101.5800,3,1.544295,1,3.906200,2.945870,33.556454,4.643003,-8.764739,0,3.90625
2013-03-15,sz.002643,26.4800,27.3500,26.2600,26.6200,26.6000,925655,24944326.4800,3,1.020215,1,0.075200,2.948085,33.581684,4.646494,-8.771329,0,0.07518796992480592
2013-03-18,sz.002643,26.4600,27.2000,26.3000,26.3500,26.6200,579043,15476895.0000,3,0.638195,1,-1.014300,2.918184,33.241074,4.599366,-8.682364,0,-1.0142749812171337
2013-03-19,sz.002643,26.1700,26.5000,25.6000,25.8000,26.3500,656209,16985186.0000,3,0.723244,1,-2.087300,2.857273,32.547237,4.503364,-8.501138,0,-2.0872865275142316
2013-03-20,sz.002643,25.9800,26.8400,25.7500,26.7000,25.8000,717056,19016314.0000,3,0.790307,1,3.488400,2.956945,33.682606,4.660458,-8.797689,0,3.48837209302324
2013-03-21,sz.002643,26.6900,27.1900,26.6000,27.0200,26.7000,1155437,31085222.0000,3,1.273470,1,1.198500,2.992384,34.086293,4.716313,-8.903129,0,1.1985018726591745
2013-03-22,sz.002643,27.1000,27.1800,26.3400,26.4200,27.0200,864872,22989438.0000,3,0.953223,1,-2.220600,2.925936,33.329380,4.611584,-8.705429,0,-2.2205773501110193
2013-03-25,sz.002643,26.4200,26.7800,25.6000,25.9000,26.4200,1224940,31847654.0000,3,1.350073,1,-1.968200,2.868348,32.673389,4.520818,-8.534088,0,-1.9682059046177258
2013-03-26,sz.002643,25.7000,26.2000,25.2300,26.2000,25.9000,948379,24354310.0000,3,1.045260,1,1.158300,2.901572,33.051845,4.573183,-8.632938,0,1.158301158301156
2013-03-27,sz.002643,26.0800,26.4500,25.4900,25.7800,26.2000,938334,24333604.0000,3,1.034189,1,-1.603100,2.855058,32.522007,4.499873,-8.494548,0,-1.6030534351144987
2013-03-28,sz.002643,25.6500,25.6500,24.2900,24.3500,25.7800,1381152,34234876.0000,3,1.522243,1,-5.546900,2.696690,30.718032,4.250268,-8.023361,0,-5.546935608999226
2013-03-29,sz.002643,24.3300,24.7500,24.3100,24.3900,24.3500,469488,11468679.0000,3,0.517448,1,0.164300,2.701120,30.768493,4.257250,-8.036541,0,0.1642710472279152
2013-04-01,sz.002643,24.3300,25.0700,24.3000,24.9200,24.3900,649965,16145216.0000,3,0.716362,1,2.173000,2.759815,31.437099,4.349761,-8.211176,0,2.173021730217317
2013-04-02,sz.002643,24.9200,24.9600,23.1500,23.5000,24.9200,1010616,24175092.0000,3,1.113855,1,-5.698200,2.602555,29.645739,4.101901,-7.743284,0,-5.698234349919751
2013-04-03,sz.002643,23.6900,24.1700,23.1200,23.7600,23.5000,970017,22766608.0000,3,1.069109,1,1.106400,2.631349,29.973735,4.147284,-7.828955,0,1.106382978723408
2013-04-08,sz.002643,23.6900,24.0500,22.0000,23.9400,23.7600,689341,16060242.0000,3,0.759760,1,0.757600,2.651283,30.200808,4.178703,-7.888265,0,0.7575757575757569
2013-04-09,sz.002643,23.5500,24.1800,23.5500,23.9300,23.9400,638467,15269251.0000,3,0.703689,1,-0.041800,2.650176,30.188193,4.176957,-7.884970,0,-0.04177109440267612
2013-04-10,sz.002643,23.8500,24.4900,23.5700,23.9000,23.9300,1260686,30209428.0000,3,1.389471,1,-0.125400,2.646854,30.150348,4.171721,-7.875085,0,-0.1253656498119593
2013-04-11,sz.002643,23.8600,24.7700,23.8600,24.6700,23.9000,824043,19950048.0000,3,0.908223,1,3.221800,2.732129,31.121719,4.306123,-8.128801,0,3.2217573221757556
2013-04-12,sz.002643,24.5000,25.0300,24.5000,24.6200,24.6700,729588,18055504.0000,3,0.804119,1,-0.202672,2.726591,31.058643,4.297396,-8.112326,0,-0.20267531414673856
2013-04-15,sz.002643,24.8300,24.8400,24.3300,24.3900,24.6200,206207,5045615.0000,3,0.227272,1,-0.934200,2.701120,30.768493,4.257250,-8.036541,0,-0.9341998375304694
2013-04-16,sz.002643,24.1000,24.4500,24.0600,24.4300,24.3900,346214,8385776.0000,3,0.381581,1,0.164005,2.705549,30.818954,4.264232,-8.049721,0,0.16400164001639794
2013-04-17,sz.002643,24.4400,24.8900,24.2000,24.8000,24.4300,628901,15477350.0000,3,0.693146,1,1.514500,2.746526,31.285716,4.328815,-8.171636,0,1.514531313958245
2013-04-18,sz.002643,24.8000,25.9000,24.4500,25.5600,24.8000,1442464,35901152.0000,3,1.589819,1,3.064500,2.759511,31.440776,4.227583,-19.542082,0,3.0645161290322465
2013-04-19,sz.002643,25.5200,26.5200,25.5200,26.2700,25.5600,1363942,35727224.0000,3,1.503275,1,2.777782,2.836164,32.314131,4.345016,-20.084918,0,2.77777777777779
2013-04-22,sz.002643,25.8800,27.2500,25.8800,27.0600,26.2700,1700174,45708116.0000,3,1.873855,1,3.007200,2.921454,33.285892,4.475681,-20.688918,0,3.0072325846973724
2013-04-23,sz.002643,27.4000,27.4000,26.5300,26.5600,27.0600,1127221,30179452.0000,3,1.242372,1,-1.847700,2.867473,32.670853,4.392982,-20.306639,0,-1.8477457501847705
2013-04-24,sz.002643,26.4600,28.5200,26.4600,28.4800,26.5600,3829695,106336040.0000,3,4.220917,1,7.228900,3.074760,35.032602,4.710547,-21.774589,0,7.2289156626506035
2013-04-25,sz.002643,28.6000,28.6500,27.5600,27.8700,28.4800,3465293,97093384.0000,3,3.819289,1,-2.141800,3.008904,34.282255,4.609653,-21.308209,0,-2.14185393258427
2013-04-26,sz.002643,13.4900,14.1900,12.4100,12.4500,13.7900,9202520,117650720.0000,3,5.071301,1,-9.717187,2.688256,30.628925,4.118420,-19.037475,0,-55.328310010764255
2013-05-02,sz.002643,12.0500,12.9900,12.0000,12.9000,12.4500,3108574,39174952.0000,3,1.713065,1,3.614500,2.785422,31.735995,4.267279,-19.725576,0,3.6144578313253017
2013-05-03,sz.002643,12.8200,13.1800,12.7500,12.8700,12.9000,5570311,72328864.0000,3,3.069672,1,-0.232556,2.778944,31.662190,4.257355,-19.679703,0,-0.23255813953488857
2013-05-06,sz.002643,12.9300,13.3000,12.5000,13.1500,12.8700,7491145,97520816.0000,3,4.128201,1,2.175600,2.839403,32.351033,4.349978,-20.107855,0,2.175602175602176
2013-05-07,sz.002643,13.1300,13.1700,12.9000,13.1400,13.1500,2738131,35724608.0000,3,1.508922,1,-0.076000,2.837244,32.326432,4.346670,-20.092563,0,-0.07604562737641984
2013-05-08,sz.002643,13.1400,13.7500,13.0500,13.6100,13.1400,3636757,48677880.0000,3,2.004135,1,3.576900,2.938728,33.482705,4.502145,-20.811247,0,3.5768645357686424
2013-05-09,sz.002643,13.5400,13.7700,13.2300,13.5100,13.6100,2680507,36390600.0000,3,1.477167,1,-0.734800,2.917136,33.236689,4.469065,-20.658336,0,-0.7347538574577483
2013-05-10,sz.002643,13.5200,14.2000,13.5100,14.1000,13.5100,5112483,71564464.0000,3,2.817374,1,4.367100,3.044531,34.688180,4.664235,-21.560513,0,4.367135455218363
2013-05-13,sz.002643,14.2000,14.4000,13.7500,14.1000,14.1000,4679407,65653640.0000,3,2.578715,1,0.000000,3.044531,34.688180,4.664235,-21.560513,0,0.0
2013-05-14,sz.002643,14.0000,14.9800,13.9100,14.6000,14.1000,5388333,78234784.0000,3,2.969388,1,3.546100,3.152493,35.918258,4.829633,-22.325071,0,3.546099290780136
2013-05-15,sz.002643,14.6200,14.9600,14.4300,14.9000,14.6000,4395590,64885972.0000,3,2.422310,1,2.054800,3.217270,36.656304,4.928872,-22.783805,0,2.0547945205479534
2013-05-16,sz.002643,14.9000,15.6500,14.7800,15.3600,14.9000,6508887,100068688.0000,3,3.586900,1,3.087200,3.316596,37.787975,5.081039,-23.487197,0,3.08724832214764
2013-05-17,sz.002643,15.4300,15.8500,15.0400,15.6100,15.3600,6789285,105162560.0000,3,3.741421,1,1.627600,3.370577,38.403014,5.163738,-23.869476,0,1.627604166666674
2013-05-20,sz.002643,15.6200,15.7400,15.3600,15.5200,15.6100,5286476,82208432.0000,3,2.913257,1,-0.576600,3.351143,38.181600,5.133966,-23.731856,0,-0.5765534913516945
2013-05-21,sz.002643,15.6500,15.7000,15.3900,15.5300,15.5200,3541238,54890888.0000,3,1.951496,1,0.064428,3.353303,38.206201,5.137274,-23.747147,0,0.06443298969072142
2013-05-22,sz.002643,15.5000,15.6400,13.9800,14.3500,15.5300,9446457,139810992.0000,3,5.205729,1,-7.598200,3.098512,35.303219,4.746934,-21.942792,0,-7.598197037990984
2013-05-23,sz.002643,14.3000,15.0400,14.0000,14.6000,14.3500,5128155,74749840.0000,3,2.826010,1,1.742200,3.152493,35.918258,4.829633,-22.325071,0,1.7421602787456525
2013-05-24,sz.002643,14.5100,15.0200,14.4600,14.9900,14.6000,3410050,50618456.0000,3,1.879201,1,2.671200,3.236704,36.877718,4.958644,-22.921425,0,2.6712328767123372
2013-05-27,sz.002643,15.3000,15.4000,14.7800,14.9900,14.9900,5980045,90026400.0000,3,3.295468,1,0.000000,3.236704,36.877718,4.958644,-22.921425,0,0.0
2013-05-28,sz.002643,15.1000,16.3000,15.0800,16.1100,14.9900,14597178,230065440.0000,3,8.044175,1,7.471600,3.478539,39.633091,5.329137,-24.634033,0,7.47164776517677
2013-05-29,sz.002643,15.8500,16.5200,15.6100,16.2000,16.1100,6479684,104940504.0000,3,3.570807,1,0.558700,3.497972,39.854505,5.358908,-24.771654,0,0.5586592178770999
2013-05-30,sz.002643,16.2100,16.3900,15.9200,16.2600,16.2000,5615574,90311904.0000,3,3.094616,1,0.370400,3.510927,40.002114,5.378756,-24.863400,0,0.37037037037037646
2013-05-31,sz.002643,16.2400,16.9700,16.2000,16.3600,16.2600,4794037,79758816.0000,3,2.641885,1,0.615008,3.532520,40.248130,5.411836,-25.016312,0,0.6150061500614923
2013-06-03,sz.002643,16.2800,16.5000,15.8100,15.9700,16.3600,4840200,77826016.0000,3,2.667325,1,-2.383900,3.448309,39.288669,5.282825,-24.419957,0,-2.3838630806845895
2013-06-04,sz.002643,15.7800,16.0000,15.0000,15.4900,15.9700,2945977,45501272.0000,3,1.623461,1,-3.005600,3.344666,38.107795,5.124043,-23.685982,0,-3.0056355666875367
2013-06-05,sz.002643,15.4000,16.3500,15.3200,16.2000,15.4900,3473136,55662568.0000,3,1.913967,1,4.583600,3.497972,39.854505,5.358908,-24.771654,0,4.583602324080038
2013-06-06,sz.002643,16.2200,16.9000,16.0200,16.4300,16.2000,4493302,74516128.0000,3,2.476157,1,1.419800,3.547634,40.420341,5.434992,-25.123350,0,1.4197530864197505
2013-06-07,sz.002643,16.3400,16.5000,15.5800,15.9900,16.4300,4000471,64077464.0000,3,2.204569,1,-2.678000,3.452628,39.337873,5.289441,-24.450540,0,-2.678027997565424
2013-06-13,sz.002643,15.6000,16.2000,14.8000,15.9800,15.9900,2964861,46193968.0000,3,1.633868,1,-0.062500,3.450469,39.313271,5.286133,-24.435248,0,-0.0625390869293252
2013-06-14,sz.002643,16.0300,17.2600,16.0100,17.1500,15.9800,6840390,113985624.0000,3,3.769584,1,7.321700,3.703100,42.191652,5.673165,-26.224312,0,7.32165206508133
2013-06-17,sz.002643,17.1500,18.0900,16.8200,17.8000,17.1500,7439494,131442688.0000,3,4.099737,1,3.790100,3.843451,43.790752,5.888183,-27.218237,0,3.790087463556868
2013-06-18,sz.002643,17.7500,17.7500,16.8500,17.1800,17.8000,5631263,96554712.0000,3,3.103262,1,-3.483100,3.709578,42.265457,5.683089,-26.270186,0,-3.483146067415732
2013-06-19,sz.002643,17.0000,17.4000,16.4400,17.2300,17.1800,3699963,62582452.0000,3,2.038966,1,0.291000,3.720374,42.388464,5.699629,-26.346641,0,0.29103608847498297
2013-06-20,sz.002643,17.0100,17.0800,15.9900,16.1600,17.2300,5515441,90911256.0000,3,3.039435,1,-6.210100,3.489335,39.756099,5.345676,-24.710489,0,-6.210098665118979
2013-06-21,sz.002643,15.6200,16.1300,14.9000,15.8800,16.1600,4161130,64399152.0000,3,2.293105,1,-1.732700,3.428876,39.067256,5.253053,-24.282337,0,-1.7326732673267342
2013-06-24,sz.002643,15.8600,15.8600,14.4000,14.5600,15.8800,4007336,60488308.0000,3,2.208352,1,-8.312300,3.143856,35.819851,4.816401,-22.263906,0,-8.312342569269527
2013-06-25,sz.002643,14.3800,15.3500,13.9600,15.1500,14.5600,4749878,69124104.0000,3,2.617550,1,4.052200,3.271252,37.271343,5.011572,-23.166083,0,4.05219780219781
2013-06-26,sz.002643,15.1500,15.9400,14.9300,15.9400,15.1500,3710073,57446356.0000,3,2.044537,1,5.214500,3.441832,39.214865,5.272901,-24.374084,0,5.214521452145204
2013-06-27,sz.002643,15.9400,16.2900,15.2600,15.3300,15.9400,3077925,48609388.0000,3,1.696175,1,-3.826900,3.310118,37.714170,5.071115,-23.441324,0,-3.826850690087824
2013-06-28,sz.002643,15.4500,15.6800,14.8100,15.0800,15.3300,2133502,32454644.0000,3,1.175725,1,-1.630800,3.256137,37.099132,4.988416,-23.059045,0,-1.6307893020221842
2013-07-01,sz.002643,15.0900,15.8400,15.0100,15.8300,15.0800,2005741,31016440.0000,3,1.086735,1,4.973500,3.418080,38.944248,5.236513,-24.205881,0,4.973474801061006
2013-07-02,sz.002643,15.8200,16.4000,15.6200,16.4000,15.8300,3932018,63145896.0000,3,2.130416,1,3.600800,3.541157,40.346536,5.425068,-25.077476,0,3.6007580543272244
2013-07-03,sz.002643,16.3100,16.4100,15.6000,16.1800,16.4000,3801053,60956448.0000,3,2.059458,1,-1.341500,3.493653,39.805302,5.352292,-24.741071,0,-1.3414634146341364
2013-07-04,sz.002643,15.9900,16.2800,15.7700,15.8000,16.1800,3119017,49750272.0000,3,1.689922,1,-2.348600,3.411602,38.870443,5.226590,-24.160008,0,-2.3485784919653807
2013-07-05,sz.002643,15.8800,16.2300,15.5500,15.6600,15.8000,2888490,45848616.0000,3,1.565020,1,-0.886100,3.381373,38.526022,5.180278,-23.945932,0,-0.8860759493670933
2013-07-08,sz.002643,15.3000,15.3000,14.2000,14.3200,15.6600,3672072,53670184.0000,3,1.989574,1,-8.556800,3.092034,35.229414,4.737010,-21.896918,0,-8.556832694763727
2013-07-09,sz.002643,14.3700,14.5000,14.0400,14.1600,14.3200,1806793,25629932.0000,3,0.978943,1,-1.117300,3.057487,34.835790,4.684083,-21.652260,0,-1.1173184357541888
2013-07-10,sz.002643,14.1600,14.6000,14.1600,14.3000,14.1600,2173991,31315948.0000,3,1.177895,1,0.988700,3.087716,35.180211,4.730394,-21.866336,0,0.9887005649717562
2013-07-11,sz.002643,14.3200,14.8900,14.2300,14.5500,14.3000,4089798,59341816.0000,3,2.215903,1,1.748300,3.141697,35.795250,4.813094,-22.248615,0,1.7482517482517501
2013-07-12,sz.002643,14.5500,14.9400,14.4200,14.5500,14.5500,2952225,43210208.0000,3,1.599552,1,0.000000,3.141697,35.795250,4.813094,-22.248615,0,0.0
2013-07-15,sz.002643,14.5500,14.8600,14.2000,14.7200,14.5500,3452315,50669072.0000,3,1.870507,1,1.168400,3.178404,36.213476,4.869329,-22.508564,0,1.1683848797250818
2013-07-16,sz.002643,14.7600,15.9300,14.7500,15.8100,14.7200,6134476,94449456.0000,3,3.323735,1,7.404900,3.413761,38.895045,5.229898,-24.175299,0,7.404891304347827
2013-07-17,sz.002643,15.7000,15.8000,15.3000,15.3400,15.8100,3458145,53660208.0000,3,1.873666,1,-2.972800,3.312277,37.738772,5.074423,-23.456615,0,-2.972802024035426
2013-07-18,sz.002643,15.3800,15.6900,15.1200,15.3800,15.3400,3375620,52211104.0000,3,1.828953,1,0.260800,3.320914,37.837178,5.087655,-23.517780,0,0.2607561929595992
2013-07-19,sz.002643,15.3300,15.5200,15.0200,15.0300,15.3800,3307553,50601780.0000,3,1.792073,1,-2.275700,3.245341,36.976124,4.971876,-22.982590,0,-2.2756827048114547
2013-07-22,sz.002643,15.0300,16.0000,14.5100,15.9100,15.0300,4445777,68467976.0000,3,2.408777,1,5.855000,3.435354,39.141060,5.262977,-24.328210,0,5.854956753160345
2013-07-23,sz.002643,16.0100,16.7800,16.0100,16.7300,15.9100,6659255,109735760.0000,3,3.608067,1,5.154000,3.612412,41.158387,5.534231,-25.582084,0,5.153991200502839
2013-07-24,sz.002643,16.4000,17.0000,16.0000,16.7500,16.7300,6223731,102456872.0000,3,3.372094,1,0.119500,3.616730,41.207590,5.540847,-25.612666,0,0.11954572624028881
2013-07-25,sz.002643,16.6700,16.9100,16.1800,16.3600,16.7500,5693751,93982008.0000,3,3.084945,1,-2.328400,3.559851,43.981715,5.136161,-26.962005,0,-2.328358208955228
2013-07-26,sz.002643,16.2000,17.5400,16.0500,17.1700,16.3600,6755384,113594568.0000,3,3.660151,1,4.951100,3.736103,46.159294,5.390458,-28.296921,0,4.951100244498785
2013-07-29,sz.002643,17.1500,17.2600,16.6000,16.7700,17.1700,3623377,61137380.0000,3,1.963190,1,-2.329600,3.649065,45.083947,5.264879,-27.637703,0,-2.3296447291788147
2013-07-30,sz.002643,16.7800,17.1100,16.1500,16.6200,16.7700,3725446,61620292.0000,3,2.018493,1,-0.894500,3.616426,44.680691,5.217787,-27.390496,0,-0.8944543828264706
2013-07-31,sz.002643,16.6900,16.7800,16.3500,16.4200,16.6200,1972795,32649818.0000,3,1.068885,1,-1.203400,3.572907,44.143017,5.154998,-27.060888,0,-1.203369434416357
2013-08-01,sz.002643,16.3300,17.7200,16.3300,17.4000,16.4200,5669928,97481776.0000,3,3.072037,1,5.968300,3.786150,46.777619,5.462666,-28.675971,0,5.968331303288643
2013-08-02,sz.002643,17.5100,17.8000,17.0100,17.0700,17.4000,4088927,70712832.0000,3,2.215431,1,-1.896600,3.714344,45.890457,5.359063,-28.132116,0,-1.8965517241379182
2013-08-05,sz.002643,17.2300,17.8000,17.1800,17.3900,17.0700,4853690,84756744.0000,3,2.629789,1,1.874600,3.783974,46.750735,5.459526,-28.659490,0,1.8746338605741153
2013-08-06,sz.002643,17.3600,17.5400,17.0600,17.4700,17.3900,3698089,64059840.0000,3,2.003670,1,0.460000,3.801382,46.965805,5.484642,-28.791334,0,0.46003450258769174
2013-08-07,sz.002643,17.4800,17.6500,16.7600,16.8800,17.4700,3417610,58519608.0000,3,1.851703,1,-3.377200,3.673001,45.379667,5.299413,-27.818988,0,-3.3772180881511127
2013-08-08,sz.002643,16.6200,16.9800,16.5500,16.7000,16.8800,2148101,35987584.0000,3,1.163868,1,-1.066400,3.633834,44.895761,5.242903,-27.522340,0,-1.0663507109004766
2013-08-09,sz.002643,16.7400,16.9500,16.4300,16.5900,16.7000,1547409,25804404.0000,3,0.838405,1,-0.658700,3.609898,44.600040,5.208369,-27.341055,0,-0.6586826347305341
2013-08-12,sz.002643,16.7600,17.0600,16.6500,16.9000,16.5900,2117838,35682184.0000,3,1.147471,1,1.868600,3.677353,45.433435,5.305692,-27.851949,0,1.868595539481599
2013-08-13,sz.002643,16.9100,16.9900,16.8000,16.8100,16.9000,1627820,27429750.0000,3,0.881973,1,-0.532500,3.657769,45.191481,5.277437,-27.703625,0,-0.5325443786982187
2013-08-14,sz.002643,16.8100,16.8900,16.0400,16.1800,16.8100,6073559,99169896.0000,3,3.290729,1,-3.747800,3.520684,43.497809,5.079651,-26.665357,0,-3.74776918500892
2013-08-15,sz.002643,16.2000,16.4200,16.1500,16.2400,16.1800,1999320,32487904.0000,3,1.083256,1,0.370800,3.533740,43.659111,5.098488,-26.764240,0,0.3708281829418958
2013-08-16,sz.002643,16.1300,16.5500,16.0800,16.1000,16.2400,2597659,42266520.0000,3,1.407444,1,-0.862100,3.503277,43.282739,5.054535,-26.533513,0,-0.8620689655172264
2013-08-19,sz.002643,16.0100,16.2900,15.8000,16.2500,16.1000,1479050,23858686.0000,3,0.801368,1,0.931700,3.535916,43.685995,5.101627,-26.780720,0,0.9316770186335255
2013-08-20,sz.002643,16.2200,16.5100,16.1900,16.4000,16.2500,2154098,35273100.0000,3,1.167117,1,0.923100,3.568555,44.089250,5.148719,-27.027927,0,0.9230769230769154
2013-08-21,sz.002643,16.4000,16.6500,16.3200,16.5200,16.4000,1711332,28213384.0000,3,0.927221,1,0.731700,3.594667,44.411854,5.186393,-27.225692,0,0.7317073170731714
2013-08-22,sz.002643,16.5200,16.6000,16.0000,16.1300,16.5200,2158249,35155608.0000,3,1.169366,1,-2.360800,3.509805,43.363390,5.063954,-26.582955,0,-2.360774818401945
2013-08-23,sz.002643,16.2100,16.3200,15.0800,15.6100,16.1300,3984205,62455208.0000,3,2.158692,1,-3.223800,3.396655,41.965439,4.900702,-25.725972,0,-3.223806571605703
2013-08-26,sz.002643,15.5300,15.8800,15.4500,15.7400,15.6100,2639501,41267728.0000,3,1.430114,1,0.832800,3.424943,42.314927,4.941515,-25.940217,0,0.8327994875080069
2013-08-27,sz.002643,15.8000,15.8100,15.4000,15.6800,15.7400,1744673,27235010.0000,3,0.945285,1,-0.381200,3.411887,42.153624,4.922678,-25.841335,0,-0.3811944091486663
2013-08-28,sz.002643,15.5900,15.5900,15.0000,15.0400,15.6800,4924223,74633448.0000,3,2.668005,1,-4.081600,3.272626,40.433068,4.721752,-24.786586,0,-4.081632653061229
2013-08-29,sz.002643,15.0000,15.1900,14.8800,15.0900,15.0400,1607669,24197006.0000,3,0.871055,1,0.332400,3.283506,40.567487,4.737450,-24.868989,0,0.3324468085106336
2013-08-30,sz.002643,15.1200,15.3200,15.0200,15.1700,15.0900,2237155,33930128.0000,3,1.212118,1,0.530200,3.300914,40.782556,4.762565,-25.000832,0,0.5301524188204176
2013-09-02,sz.002643,15.1800,15.2400,14.6000,14.8200,15.1700,3077524,45632872.0000,3,1.667441,1,-2.307200,3.224755,39.841627,4.652684,-24.424017,0,-2.307185234014497
2013-09-03,sz.002643,14.8700,15.2300,14.7500,15.2000,14.8200,1885557,28315972.0000,3,1.021618,1,2.564100,3.307441,40.863207,4.771984,-25.050273,0,2.564102564102555
2013-09-04,sz.002643,15.2000,15.5600,15.1000,15.3500,15.2000,2091613,32089320.0000,3,1.133262,1,0.986800,3.340081,41.266463,4.819076,-25.297480,0,0.9868421052631637
2013-09-05,sz.002643,15.3300,15.4800,15.2600,15.3800,15.3500,1687040,25926304.0000,3,0.914059,1,0.195400,3.346608,41.347114,4.828494,-25.346921,0,0.1954397394136942
2013-09-06,sz.002643,15.3800,15.4200,15.1400,15.2900,15.3800,1345935,20521788.0000,3,0.729244,1,-0.585200,3.327025,41.105161,4.800239,-25.198597,0,-0.5851755526658065
2013-09-09,sz.002643,15.3000,15.3900,15.0600,15.2800,15.2900,1730788,26291136.0000,3,0.937762,1,-0.065400,3.324849,41.078277,4.797099,-25.182117,0,-0.06540222367560355
2013-09-10,sz.002643,15.3000,15.4500,15.2300,15.3000,15.2800,1621753,24854320.0000,3,0.878686,1,0.130900,3.329201,41.132044,4.803378,-25.215078,0,0.13089005235602524
2013-09-11,sz.002643,15.3000,15.3500,14.8000,14.8800,15.3000,2706108,40450624.0000,3,1.466203,1,-2.745100,3.237811,40.002929,4.671521,-24.522899,0,-2.7450980392156876
2013-09-12,sz.002643,14.8800,15.1000,14.7800,14.9000,14.8800,1121878,16735107.0000,3,0.607847,1,0.134400,3.242163,40.056697,4.677800,-24.555860,0,0.1344086021505264
2013-09-13,sz.002643,14.9000,15.2800,14.8100,15.0400,14.9000,1806211,27240854.0000,3,0.978627,1,0.939600,3.272626,40.433068,4.721752,-24.786586,0,0.9395973154362247
2013-09-16,sz.002643,15.0000,15.2100,14.8300,15.2100,15.0400,1632555,24590722.0000,3,0.884538,1,1.130300,3.309617,40.890091,4.775123,-25.066754,0,1.1303191489361764
2013-09-17,sz.002643,15.2300,15.2300,14.8400,14.8600,15.2100,1210199,18173342.0000,3,0.655701,1,-2.301100,3.233459,39.949162,4.665242,-24.489938,0,-2.3011176857330784
2013-09-18,sz.002643,14.8100,15.0900,14.8100,14.9600,14.8600,721407,10767019.0000,3,0.390867,1,0.672900,3.255219,40.217999,4.696637,-24.654743,0,0.6729475100942128
2013-09-23,sz.002643,14.9800,15.4600,14.9800,15.4600,14.9600,2564823,39189619.0000,3,1.389653,1,3.342200,3.364016,41.562183,4.853610,-25.478765,0,3.342245989304815
2013-09-24,sz.002643,15.4400,15.6200,15.3000,15.3500,15.4600,1956873,30147355.0000,3,1.060258,1,-0.711500,3.340081,41.266463,4.819076,-25.297480,0,-0.7115135834411479
2013-09-25,sz.002643,15.4600,15.6300,15.2400,15.2700,15.3500,1291109,19812046.0000,3,0.699539,1,-0.521200,3.322673,41.051393,4.793960,-25.165637,0,-0.5211726384364845
2013-09-26,sz.002643,15.2700,15.3500,14.8600,14.9400,15.2700,1330273,20147613.0000,3,0.720758,1,-2.161100,3.250867,40.164231,4.690358,-24.621782,0,-2.16110019646365
2013-09-27,sz.002643,14.9100,15.0400,14.7000,14.8100,14.9400,1287187,19065735.0000,3,0.697414,1,-0.870100,3.222579,39.814743,4.649545,-24.407536,0,-0.870147255689413
2013-09-30,sz.002643,14.8100,14.9300,14.5600,14.7400,14.8100,1485754,21931921.0000,3,0.805000,1,-0.472700,3.207348,39.626558,4.627568,-24.292173,0,-0.47265361242403436
2013-10-08,sz.002643,14.7900,15.1200,14.7000,15.0800,14.7400,1651940,24748064.0000,3,0.895042,1,2.306600,3.281330,40.540603,4.734310,-24.852508,0,2.3066485753052923
2013-10-09,sz.002643,15.0800,15.1700,14.9600,15.1000,15.0800,1410077,21248160.0000,3,0.763997,1,0.132600,3.285682,40.594370,4.740589,-24.885469,0,0.13262599469496816
2013-10-10,sz.002643,15.1100,15.1500,14.8000,14.8700,15.1000,1349120,20127114.0000,3,0.730970,1,-1.523200,3.235635,39.976046,4.668381,-24.506419,0,-1.5231788079470232
2013-10-11,sz.002643,14.8900,14.9500,14.7800,14.9000,14.8700,1357642,20212957.0000,3,0.735587,1,0.201700,3.242163,40.056697,4.677800,-24.555860,0,0.20174848688636615
2013-10-14,sz.002643,14.9600,15.3300,14.9200,15.3300,14.9000,3084291,46722429.0000,3,1.671107,1,2.885900,3.335729,41.212695,4.812797,-25.264519,0,2.88590604026846
2013-10-15,sz.002643,15.3600,15.3600,15.0700,15.1100,15.3300,1774570,26973759.0000,3,0.961484,1,-1.435100,3.287858,40.621254,4.743729,-24.901949,0,-1.4350945857795172
2013-10-16,sz.002643,15.0900,15.1200,14.6300,14.7000,15.1100,1770563,26196158.0000,3,0.959313,1,-2.713400,3.198644,39.519023,4.615011,-24.226251,0,-2.7134348113831863
2013-10-17,sz.002643,14.6900,14.8400,14.6000,14.6100,14.7000,1172180,17271901.0000,3,0.635102,1,-0.612200,3.179060,39.277070,4.586755,-24.077927,0,-0.6122448979591799
2013-10-18,sz.002643,14.7000,14.7000,14.2800,14.3800,14.6100,1873229,27154139.0000,3,1.014939,1,-1.574300,3.129014,38.658745,4.514548,-23.698877,0,-1.5742642026009501
2013-10-21,sz.002643,14.3800,15.1700,14.2200,15.1000,14.3800,3998941,59062620.0000,3,2.166676,1,5.007000,3.285682,40.594370,4.740589,-24.885469,0,5.006954102920713
2013-10-22,sz.002643,15.0000,15.6200,14.9900,15.4200,15.1000,6052139,92953062.0000,3,3.279124,1,2.119200,3.355312,41.454649,4.841052,-25.412843,0,2.119205298013238
2013-10-23,sz.002643,15.3000,15.4100,14.9000,15.0400,15.4200,3179531,48145827.0000,3,1.722709,1,-2.464300,3.272626,40.433068,4.721752,-24.786586,0,-2.4643320363164745
2013-10-24,sz.002643,15.0300,15.3100,14.9800,15.1300,15.0400,1794531,27180516.0000,3,0.972299,1,0.598400,3.221984,35.389729,4.363038,-39.020899,0,0.5984042553191626
2013-10-25,sz.002643,15.1300,15.3400,14.5600,14.6000,15.1300,2329991,34612853.0000,3,1.262418,1,-3.503000,3.109118,34.150036,4.210202,-37.654007,0,-3.502974223397226
2013-10-28,sz.002643,14.6100,14.8500,14.6000,14.6500,14.6000,1024740,15097042.0000,3,0.555217,1,0.342500,3.119766,34.266988,4.224620,-37.782959,0,0.34246575342467
2013-10-29,sz.002643,14.4000,14.7500,13.1900,13.2500,14.6500,3973287,54527569.0000,3,2.152776,1,-9.556300,2.821631,30.992327,3.820902,-34.172301,0,-9.55631399317406
2013-10-30,sz.002643,13.2100,13.4300,13.0200,13.2500,13.2500,2062178,27183880.0000,3,1.117314,1,0.000000,2.821631,30.992327,3.820902,-34.172301,0,0.0
2013-10-31,sz.002643,13.2500,13.3800,13.1100,13.1300,13.2500,1522787,20061451.0000,3,0.825065,1,-0.905700,2.796077,30.711642,3.786298,-33.862816,0,-0.9056603773584859
2013-11-01,sz.002643,13.1200,13.1800,12.5800,12.7000,13.1300,2615945,33372579.0000,3,1.417351,1,-3.274900,2.704507,29.705853,3.662299,-32.753828,0,-3.2749428789032864
2013-11-04,sz.002643,12.7000,12.7100,12.5500,12.6200,12.7000,1942055,24513294.0000,3,1.052229,1,-0.629900,2.687471,29.518729,3.639229,-32.547505,0,-0.6299212598425252
2013-11-05,sz.002643,12.6200,12.8500,12.4500,12.8200,12.6200,1717139,21748780.0000,3,0.930367,1,1.584800,2.730061,29.986538,3.696903,-33.063313,0,1.5847860538827252
2013-11-06,sz.002643,12.8200,13.0300,12.7300,12.8900,12.8200,2256651,29064587.0000,3,1.222681,1,0.546000,2.744968,30.150271,3.717089,-33.243846,0,0.546021840873645
2013-11-07,sz.002643,12.9000,12.9000,12.5100,12.5900,12.8900,1791196,22607741.0000,3,0.970492,1,-2.327400,2.681082,29.448558,3.630578,-32.470133,0,-2.3273855702094726
2013-11-08,sz.002643,12.4800,12.6800,12.2600,12.5500,12.5900,1720233,21411616.0000,3,0.932044,1,-0.317700,2.672564,29.354996,3.619043,-32.366972,0,-0.3177124702144485
2013-11-11,sz.002643,12.4500,12.4500,12.0900,12.2800,12.5500,1810638,22149045.0000,3,0.981026,1,-2.151400,2.615067,28.723455,3.541183,-31.670631,0,-2.1513944223107706
2013-11-12,sz.002643,12.3500,12.4500,12.1700,12.3300,12.2800,2287443,28138936.0000,3,1.239365,1,0.407200,2.625714,28.840407,3.555602,-31.799583,0,0.4071661237785129
2013-11-13,sz.002643,12.3000,12.3000,12.0500,12.0700,12.3300,1697908,20603669.0000,3,0.919948,1,-2.108700,2.570346,28.232255,3.480626,-31.129032,0,-2.108678021086774
2013-11-14,sz.002643,12.0500,12.2600,12.0100,12.2300,12.0700,1302436,15831620.0000,3,0.705676,1,1.325600,2.604419,28.606502,3.526765,-31.541678,0,1.3256006628003414
2013-11-15,sz.002643,12.2100,12.6200,12.2100,12.5300,12.2300,2537128,31658606.0000,3,1.374647,1,2.453000,2.668305,29.308215,3.613276,-32.315391,0,2.452984464431718
2013-11-18,sz.002643,12.5100,12.9800,12.5100,12.8600,12.5300,3095465,39694166.0000,3,1.677161,1,2.633700,2.738580,30.080100,3.708438,-33.166475,0,2.6336791699920203
2013-11-19,sz.002643,12.9200,12.9500,12.7500,12.7600,12.8600,1664393,21344128.0000,3,0.901789,1,-0.777600,2.717284,29.846195,3.679601,-32.908570,0,-0.7776049766718529
2013-11-20,sz.002643,12.7900,12.8000,12.6200,12.7400,12.7600,2153646,27330783.0000,3,1.166872,1,-0.156700,2.713025,29.799415,3.673833,-32.856990,0,-0.15673981191222097
2013-11-21,sz.002643,12.7400,12.7400,12.5000,12.6500,12.7400,1779451,22403990.0000,3,0.964129,1,-0.706400,2.693859,29.588901,3.647880,-32.624876,0,-0.7064364207221341
2013-11-22,sz.002643,12.6500,12.7500,12.5300,12.6900,12.6500,1787761,22657912.0000,3,0.968631,1,0.316200,2.702378,29.682462,3.659415,-32.728038,0,0.3162055335968361
2013-11-25,sz.002643,12.6800,13.1000,12.6500,13.1000,12.6900,4652065,60208481.0000,3,2.520546,1,3.230900,2.789688,30.641470,3.777647,-33.785445,0,3.2308904649330117
2013-11-26,sz.002643,13.0000,13.7700,13.0000,13.6500,13.1000,6170775,83326140.0000,3,3.343402,1,4.198500,2.906813,31.927944,3.936250,-35.203917,0,4.198473282442761
2013-11-27,sz.002643,13.6500,13.6700,13.4300,13.6000,13.6500,2474887,33549653.0000,3,1.340924,1,-0.366300,2.896165,31.810992,3.921832,-35.074965,0,-0.3663003663003761
2013-11-28,sz.002643,13.6000,13.7200,13.4900,13.6300,13.6000,2517202,34274359.0000,3,1.363851,1,0.220600,2.902554,31.881163,3.930483,-35.152337,0,0.22058823529411686
2013-11-29,sz.002643,13.6900,13.9800,13.5500,13.9000,13.6300,2856958,39540456.0000,3,1.547935,1,1.980900,2.960051,32.512705,4.008343,-35.848678,0,1.9809244314013208
2013-12-02,sz.002643,13.5100,13.6000,12.6800,12.8100,13.9000,3912925,51320248.0000,3,2.120071,1,-7.841700,2.727932,29.963148,3.694019,-33.037523,0,-7.841726618705036
2013-12-03,sz.002643,12.7900,13.3900,12.7000,13.3700,12.8100,2218131,29115162.0000,3,1.201811,1,4.371600,2.847186,31.273012,3.855507,-34.481786,0,4.371584699453535
2013-12-04,sz.002643,13.3700,13.8000,13.2300,13.5800,13.3700,3798126,51366705.0000,3,2.057872,1,1.570700,2.891906,31.764211,3.916064,-35.023385,0,1.5706806282722585
2013-12-05,sz.002643,13.7100,13.8000,13.4000,13.4500,13.5800,2590722,34955778.0000,3,1.403685,1,-0.957300,2.864222,31.460136,3.878576,-34.688109,0,-0.9572901325478722
2013-12-06,sz.002643,13.4700,13.6400,13.3200,13.4900,13.4500,1926792,25935174.0000,3,1.043960,1,0.297400,2.872740,31.553697,3.890111,-34.791271,0,0.29739776951673846
2013-12-09,sz.002643,13.5500,14.2400,13.5500,14.1800,13.4900,4407909,61510648.0000,3,2.388260,1,5.114900,3.019678,33.167637,4.089086,-36.570810,0,5.114899925871019
2013-12-10,sz.002643,14.1800,14.3500,13.9300,14.1500,14.1800,2942716,41463239.0000,3,1.594400,1,-0.211600,3.013289,33.097466,4.080435,-36.493438,0,-0.21156558533145242
2013-12-11,sz.002643,14.1400,14.3000,13.9100,13.9800,14.1500,2424326,34122183.0000,3,1.313530,1,-1.201400,2.977087,32.699829,4.031412,-36.055001,0,-1.201413427561837
2013-12-12,sz.002643,13.9900,14.2000,13.9400,13.9800,13.9800,1387860,19497581.0000,3,0.751960,1,0.000000,2.977087,32.699829,4.031412,-36.055001,0,0.0
2013-12-13,sz.002643,13.9500,14.2000,13.8400,14.1100,13.9800,1804764,25472285.0000,3,0.977843,1,0.929900,3.004771,33.003904,4.068900,-36.390277,0,0.9298998569384764
2013-12-16,sz.002643,14.1100,14.1900,13.5000,13.6000,14.1100,2582535,35476996.0000,3,1.399249,1,-3.614500,2.896165,31.810992,3.921832,-35.074965,0,-3.6144578313253017
2013-12-17,sz.002643,13.5900,13.6800,13.1400,13.1800,13.6000,1819080,24189162.0000,3,0.985600,1,-3.088200,2.806725,30.828594,3.800716,-33.991768,0,-3.088235294117647
2013-12-18,sz.002643,13.1900,13.4000,13.0800,13.1000,13.1800,1258710,16648065.0000,3,0.681985,1,-0.607000,2.789688,30.641470,3.777647,-33.785445,0,-0.6069802731411222
2013-12-19,sz.002643,13.1000,13.4300,13.1000,13.1200,13.1000,1115833,14805465.0000,3,0.604572,1,0.152700,2.793947,30.688251,3.783414,-33.837025,0,0.15267175572519776
2013-12-20,sz.002643,13.1600,13.2700,12.8200,12.9100,13.1200,1120647,14543714.0000,3,0.607180,1,-1.600600,2.749227,30.197052,3.722856,-33.295427,0,-1.6006097560975485
2013-12-23,sz.002643,12.9100,13.1200,12.6100,12.9100,12.9100,967814,12489846.0000,3,0.524374,1,0.000000,2.749227,30.197052,3.722856,-33.295427,0,0.0
2013-12-24,sz.002643,12.9100,13.0500,12.8500,12.9300,12.9100,1553881,20146709.0000,3,0.841912,1,0.154900,2.753486,30.243833,3.728624,-33.347008,0,0.15491866769945517
2013-12-25,sz.002643,12.9500,13.1600,12.8200,13.1400,12.9300,1287917,16801600.0000,3,0.697809,1,1.624100,2.798207,30.735032,3.789181,-33.888606,0,1.6241299303944468
2013-12-26,sz.002643,13.2300,13.2300,12.9000,12.9600,13.1400,1480106,19348538.0000,3,0.801940,1,-1.369900,2.759875,30.314004,3.737275,-33.424379,0,-1.3698630136986245
2013-12-27,sz.002643,13.0400,13.9600,12.9700,13.7000,12.9600,3777699,51327217.0000,3,2.046804,1,5.709900,2.917460,32.044896,3.950669,-35.332870,0,5.709876543209869
2013-12-30,sz.002643,13.6600,13.7800,13.3500,13.5200,13.7000,3287795,44350675.0000,3,1.781368,1,-1.313900,2.879129,31.623869,3.898762,-34.868642,0,-1.31386861313868
2013-12-31,sz.002643,13.4500,13.4700,13.2000,13.3300,13.5200,2195844,29223665.0000,3,1.188681,1,-1.405300,2.838668,31.179450,3.843972,-34.378624,0,-1.4053254437869755
2014-01-02,sz.002643,13.5500,13.7500,13.3800,13.6800,13.3300,2371015,32218737.0000,3,1.283507,1,2.625700,2.913201,31.998116,3.944901,-35.281289,0,2.6256564141035277
2014-01-03,sz.002643,13.6500,13.7100,13.4800,13.6900,13.6800,2111818,28689826.0000,3,1.143195,1,0.073100,2.915331,32.021506,3.947785,-35.307079,0,0.07309941520468044
2014-01-06,sz.002643,13.6700,13.6700,13.0400,13.1300,13.6900,1983431,26310391.0000,3,1.073695,1,-4.090600,2.796077,30.711642,3.786298,-33.862816,0,-4.090577063550027
2014-01-07,sz.002643,13.1300,13.2800,12.9800,13.1600,13.1300,1312839,17259131.0000,3,0.710682,1,0.228500,2.802466,30.781813,3.794949,-33.940187,0,0.22848438690021844
2014-01-08,sz.002643,13.2400,13.4400,13.0600,13.1500,13.1600,1861905,24634037.0000,3,1.007909,1,-0.076000,2.800336,30.758422,3.792065,-33.914397,0,-0.07598784194529085
2014-01-09,sz.002643,13.1000,13.1500,12.6400,12.6500,13.1500,2068429,26720829.0000,3,1.119707,1,-3.802300,2.693859,29.588901,3.647880,-32.624876,0,-3.802281368821292
2014-01-10,sz.002643,12.4800,12.7200,12.2000,12.2600,12.6500,1625185,20218735.0000,3,0.879765,1,-3.083000,2.610808,28.676674,3.535416,-31.619050,0,-3.0830039525691744
2014-01-13,sz.002643,12.3200,12.4800,12.1800,12.3300,12.2600,1311487,16137069.0000,3,0.709950,1,0.571000,2.625714,28.840407,3.555602,-31.799583,0,0.5709624796084833
2014-01-14,sz.002643,12.3300,12.5200,12.2100,12.5000,12.3300,1126713,13990877.0000,3,0.609926,1,1.378800,2.661916,29.238044,3.604625,-32.238020,0,1.3787510137875048
2014-01-15,sz.002643,12.5400,12.6800,12.4600,12.6700,12.5000,1197700,15047203.0000,3,0.648354,1,1.360000,2.698118,29.635682,3.653648,-32.676457,0,1.3600000000000056
2014-01-16,sz.002643,12.9300,13.3100,12.8400,12.8700,12.6700,2278076,29723699.0000,3,1.233196,1,1.578500,2.740709,30.103490,3.711322,-33.192265,0,1.5785319652722896
2014-01-17,sz.002643,12.7200,13.3500,12.7100,13.1400,12.8700,2665236,34939463.0000,3,1.442778,1,2.097900,2.798207,30.735032,3.789181,-33.888606,0,2.0979020979021046
2014-01-20,sz.002643,13.1000,13.1900,12.7100,12.8000,13.1400,1560113,20142491.0000,3,0.844539,1,-2.587500,2.725802,29.939757,3.691136,-33.011732,0,-2.5875190258751846
2014-01-21,sz.002643,12.8000,13.1000,12.8000,12.9300,12.8000,1650920,21387730.0000,3,0.893696,1,1.015600,2.753486,30.243833,3.728624,-33.347008,0,1.0156249999999867
2014-01-22,sz.002643,12.9000,13.2900,12.8900,13.2500,12.9300,3184500,41781203.0000,3,1.723872,1,2.474900,2.821631,30.992327,3.820902,-34.172301,0,2.4748646558391263
2014-01-23,sz.002643,13.1600,13.5200,13.1500,13.4300,13.2500,3624944,48579966.0000,3,1.962299,1,1.358500,2.859963,31.413355,3.872809,-34.636528,0,1.35849056603774
2014-01-24,sz.002643,13.3400,13.7000,13.3400,13.5100,13.4300,4186695,56752260.0000,3,2.266393,1,0.595700,2.876999,31.600478,3.895878,-34.842852,0,0.5956813104988745
2014-01-27,sz.002643,13.4800,13.9000,13.4000,13.6200,13.5100,4417110,60579606.0000,3,2.391124,1,0.814200,2.900424,31.857773,3.927599,-35.126546,0,0.8142116950407008
2014-01-28,sz.002643,13.6500,13.7600,13.3000,13.5300,13.6200,2309516,31126822.0000,3,1.250215,1,-0.660800,2.881258,31.647259,3.901646,-34.894433,0,-0.6607929515418443
2014-01-29,sz.002643,13.6000,13.7500,13.4200,13.6300,13.5300,2051255,27929963.0000,3,1.110410,1,0.739100,2.902554,31.881163,3.930483,-35.152337,0,0.739098300073926
2014-01-30,sz.002643,13.5100,13.6200,13.3000,13.3300,13.6300,3023875,40680840.0000,3,1.636921,1,-2.201000,2.838668,31.179450,3.843972,-34.378624,0,-2.2010271460014774
2014-02-07,sz.002643,13.3000,13.9000,13.1000,13.8500,13.3300,3809145,52062883.0000,3,2.062013,1,3.901000,2.949403,32.395753,3.993924,-35.719726,0,3.9009752438109446
2014-02-10,sz.002643,13.8300,14.3600,13.8000,14.2800,13.8500,5747605,81476176.0000,3,3.111364,1,3.104700,3.040973,33.401542,4.117923,-36.828714,0,3.1046931407942235
2014-02-11,sz.002643,14.1700,14.5300,14.0300,14.1500,14.2800,5291639,75446464.0000,3,2.864535,1,-0.910400,3.013289,33.097466,4.080435,-36.493438,0,-0.9103641456582601
2014-02-12,sz.002643,14.0800,14.7400,14.0800,14.6300,14.1500,6230539,89892516.0000,3,3.372792,1,3.392200,3.115507,34.220207,4.218853,-37.731378,0,3.3922261484099048
2014-02-13,sz.002643,14.6500,14.6900,14.1700,14.2300,14.6300,4199848,60680703.0000,3,2.273513,1,-2.734100,3.030326,33.284589,4.103505,-36.699762,0,-2.734107997265889
2014-02-14,sz.002643,14.3000,14.6300,14.0900,14.6300,14.2300,4345622,62381197.0000,3,2.352425,1,2.811000,3.115507,34.220207,4.218853,-37.731378,0,2.8109627547435068
2014-02-17,sz.002643,14.7100,14.8800,14.5500,14.6300,14.6300,5009307,73602705.0000,3,2.711699,1,0.000000,3.115507,34.220207,4.218853,-37.731378,0,0.0
2014-02-18,sz.002643,14.6200,14.7500,14.3000,14.4300,14.6300,4102678,59338207.0000,3,2.220912,1,-1.367100,3.072916,33.752398,4.161179,-37.215570,0,-1.36705399863295
2014-02-19,sz.002643,14.4500,14.5200,14.2100,14.3900,14.4300,3521837,50466074.0000,3,1.906484,1,-0.277200,3.064398,33.658836,4.149644,-37.112408,0,-0.2772002772002735
2014-02-20,sz.002643,14.3500,14.4800,13.9200,13.9300,14.3900,4008331,56765657.0000,3,2.169839,1,-3.196700,2.966440,32.582876,4.016994,-35.926049,0,-3.196664350243228
2014-02-21,sz.002643,13.9200,14.1300,13.7000,13.8900,13.9300,2475441,34490535.0000,3,1.340036,1,-0.287200,2.957922,32.489315,4.005459,-35.822887,0,-0.2871500358937462
2014-02-24,sz.002643,13.8600,14.2700,13.8300,14.2700,13.8900,3139204,44320229.0000,3,1.699352,1,2.735800,3.038844,33.378151,4.115040,-36.802923,0,2.7357811375089858
2014-02-25,sz.002643,14.5000,14.8500,13.5700,13.7800,14.2700,8102521,116877952.0000,3,4.386156,1,-3.433800,2.934497,32.232020,3.973738,-35.539193,0,-3.4337771548703544
2014-02-26,sz.002643,13.6100,13.8700,13.1100,13.4600,13.7800,4154613,55707320.0000,3,2.249026,1,-2.322200,2.866352,31.483526,3.881460,-34.713900,0,-2.3222060957909907
2014-02-27,sz.002643,13.5500,13.8400,13.1600,13.2800,13.4600,4632517,62678906.0000,3,2.507731,1,-1.337300,2.828020,31.062498,3.829553,-34.249672,0,-1.3372956909361133
2014-02-28,sz.002643,13.2000,13.3700,12.7800,13.2800,13.2800,3053977,40049731.0000,3,1.653216,1,0.000000,2.756760,29.534066,3.791761,-34.067939,0,0.0
2014-03-03,sz.002643,13.3500,13.7800,13.3400,13.7700,13.2800,2951867,39962571.0000,3,1.597941,1,3.689800,2.858478,30.623802,3.931668,-35.324964,0,3.689759036144591
2014-03-04,sz.002643,13.6500,13.6900,13.4200,13.5100,13.7700,2209887,29929972.0000,3,1.196283,1,-1.888200,2.804505,30.045575,3.857432,-34.657971,0,-1.8881626724764011
2014-03-05,sz.002643,13.5600,13.6400,13.2100,13.2700,13.5100,2622395,35220188.0000,3,1.419587,1,-1.776500,2.754684,29.511826,3.788906,-34.042286,0,-1.77646188008882
2014-03-06,sz.002643,13.2200,13.3400,12.8000,13.1200,13.2700,2914694,37958942.0000,3,1.577818,1,-1.130400,2.723546,29.178234,3.746077,-33.657482,0,-1.1303692539562982
2014-03-07,sz.002643,13.1300,13.2500,12.9500,13.0400,13.1200,1634699,21367485.0000,3,0.884915,1,-0.609800,2.706939,29.000318,3.723235,-33.452254,0,-0.6097560975609762
2014-03-10,sz.002643,13.0000,13.0000,12.6100,12.6800,13.0400,1777508,22696330.0000,3,0.962222,1,-2.760700,2.632208,28.199696,3.620447,-32.528725,0,-2.7607361963190136
2014-03-11,sz.002643,12.6900,13.0300,12.6900,12.9200,12.6800,1677879,21600179.0000,3,0.908290,1,1.892700,2.682029,28.733444,3.688972,-33.144411,0,1.8927444794952786
2014-03-12,sz.002643,12.8800,13.0900,12.7100,13.0300,12.9200,1542841,19894200.0000,3,0.835190,1,0.851400,2.704863,28.978078,3.720380,-33.426600,0,0.8513931888544768
2014-03-13,sz.002643,13.1200,13.1200,12.9200,13.0100,13.0300,1184000,15423976.0000,3,0.640937,1,-0.153500,2.700712,28.933599,3.714670,-33.375293,0,-0.15349194167305624
2014-03-14,sz.002643,13.0100,13.0500,12.8300,13.0200,13.0100,798900,10362362.0000,3,0.432470,1,0.076900,2.702787,28.955839,3.717525,-33.400947,0,0.0768639508070601
2014-03-17,sz.002643,13.0400,13.3400,13.0000,13.2700,13.0200,1852826,24438607.0000,3,1.002994,1,1.920100,2.754684,29.511826,3.788906,-34.042286,0,1.920122887864828
2014-03-18,sz.002643,13.2700,13.3400,13.1200,13.2300,13.2700,1921506,25453477.0000,3,1.040173,1,-0.301400,2.746381,29.422868,3.777485,-33.939672,0,-0.30143180105500766
2014-03-19,sz.002643,13.2000,13.2600,13.1200,13.2500,13.2300,1737285,22909105.0000,3,0.940448,1,0.151200,2.750533,29.467347,3.783195,-33.990979,0,0.15117157974300355
2014-03-20,sz.002643,13.2100,13.2500,12.7800,12.8200,13.2500,1732719,22648079.0000,3,0.937977,1,-3.245300,2.661270,28.511049,3.660420,-32.887875,0,-3.245283018867917
2014-03-21,sz.002643,12.6900,13.0500,12.2500,12.9700,12.8200,2265361,28675970.0000,3,1.226313,1,1.170100,2.692408,28.844641,3.703249,-33.272679,0,1.170046801872071
2014-03-24,sz.002643,12.9600,13.0400,12.7100,12.8900,12.9700,1464780,18887780.0000,3,0.792933,1,-0.616800,2.675801,28.666725,3.680407,-33.067450,0,-0.6168080185042446
2014-03-25,sz.002643,12.7900,13.0500,12.7900,12.9000,12.8900,1046706,13522665.0000,3,0.566616,1,0.077600,2.677877,28.688965,3.683262,-33.093104,0,0.07757951900697613
2014-03-26,sz.002643,12.9800,13.0400,12.8400,12.9400,12.9000,1016499,13140524.0000,3,0.550264,1,0.310100,2.686180,28.777923,3.694683,-33.195718,0,0.31007751937983663
2014-03-27,sz.002643,12.9400,12.9500,12.7100,12.8000,12.9400,1146070,14689334.0000,3,0.620405,1,-1.081900,2.657118,28.466570,3.654709,-32.836568,0,-1.081916537867067
2014-03-28,sz.002643,12.8000,12.8700,12.3500,12.4100,12.8000,1417571,17811228.0000,3,0.767377,1,-3.046900,2.576159,27.599229,3.543355,-31.836079,0,-3.0468750000000044
2014-03-31,sz.002643,12.4100,12.6100,12.2900,12.4600,12.4100,1064209,13233776.0000,3,0.576091,1,0.402900,2.586539,27.710426,3.557631,-31.964347,0,0.40290088638195165
2014-04-01,sz.002643,12.4500,12.6000,12.3700,12.5400,12.4600,1313863,16416085.0000,3,0.711236,1,0.642100,2.603146,27.888342,3.580473,-32.169575,0,0.6420545746388395
2014-04-02,sz.002643,12.5400,12.6000,12.2800,12.4100,12.5400,1571494,19601245.0000,3,0.850700,1,-1.036700,2.576159,27.599229,3.543355,-31.836079,0,-1.0366826156299802
2014-04-03,sz.002643,12.4900,12.6100,12.4200,12.5700,12.4100,1041422,13059855.0000,3,0.563755,1,1.289300,2.609373,27.955061,3.589039,-32.246536,0,1.2892828364222453
2014-04-04,sz.002643,12.5500,12.7700,12.5000,12.7400,12.5700,1298468,16485436.0000,3,0.702903,1,1.352400,2.644663,28.333133,3.637578,-32.682647,0,1.352426412092278
2014-04-08,sz.002643,12.7400,12.9600,12.6800,12.9000,12.7400,1326680,17039383.0000,3,0.718175,1,1.255900,2.677877,28.688965,3.683262,-33.093104,0,1.2558869701726927
2014-04-09,sz.002643,12.9000,12.9200,12.7000,12.9200,12.9000,1437779,18482435.0000,3,0.778316,1,0.155000,2.682029,28.733444,3.688972,-33.144411,0,0.15503875968991832
2014-04-10,sz.002643,12.8900,13.0100,12.8100,12.8300,12.9200,1789494,23055209.0000,3,0.968711,1,-0.696600,2.663346,28.533288,3.663275,-32.913529,0,-0.696594427244579
2014-04-11,sz.002643,12.7900,12.7900,12.4300,12.4900,12.8300,3049795,38212934.0000,3,1.650952,1,-2.650000,2.592766,27.777145,3.566197,-32.041307,0,-2.6500389711613392
2014-04-14,sz.002643,12.4900,12.5800,12.4100,12.5800,12.4900,1126141,14109223.0000,3,0.609616,1,0.720600,2.611449,27.977300,3.591894,-32.272190,0,0.7205764611689425
2014-04-15,sz.002643,12.5500,12.6400,12.4700,12.5200,12.5800,1240189,15544236.0000,3,0.671354,1,-0.476900,2.598994,27.843863,3.574763,-32.118268,0,-0.4769475357710662
2014-04-16,sz.002643,12.5200,12.5600,12.4500,12.4500,12.5200,1398908,17477737.0000,3,0.757274,1,-0.559100,2.584463,27.688187,3.554776,-31.938693,0,-0.5591054313099031
2014-04-17,sz.002643,11.9000,11.9000,11.4500,11.5800,12.4500,10589047,122853973.0000,3,5.732192,1,-6.988000,2.372989,28.943374,3.391866,-29.253947,0,-6.987951807228909
2014-04-18,sz.002643,11.4700,11.4700,11.2400,11.3900,11.5800,6882164,77975830.0000,3,3.725537,1,-1.640800,2.334054,28.468483,3.336213,-28.773960,0,-1.6407599309153698
2014-04-21,sz.002643,11.2900,11.4300,11.2500,11.3200,11.3900,3349079,38009858.0000,3,1.812964,1,-0.614600,2.319709,28.293523,3.315710,-28.597123,0,-0.6145741878841093
2014-04-22,sz.002643,11.3300,11.3400,10.8800,11.0900,11.3200,4436041,49089498.0000,3,2.401372,1,-2.031800,2.272577,27.718655,3.248341,-28.016086,0,-2.031802120141346
2014-04-23,sz.002643,11.0700,11.1900,11.0000,11.0600,11.0900,1829229,20257998.0000,3,0.990221,1,-0.270500,2.266430,27.643672,3.239554,-27.940298,0,-0.2705139765554532
2014-04-24,sz.002643,11.0600,11.0600,10.9000,10.9800,11.0600,1691031,18560661.0000,3,0.915410,1,-0.723300,2.250036,27.443718,3.216121,-27.738199,0,-0.7233273056057921
2014-04-25,sz.002643,11.0000,11.1000,10.6400,10.6500,10.9800,2248751,24399914.0000,3,1.217321,1,-3.005500,2.182412,26.618907,3.119462,-26.904537,0,-3.0054644808743203
2014-04-28,sz.002643,10.6300,10.6300,10.0400,10.0700,10.6500,2619508,26779571.0000,3,1.418024,1,-5.446000,2.063557,25.169238,2.949576,-25.439313,0,-5.446009389671358
2014-04-29,sz.002643,10.0700,10.2800,10.0500,10.2700,10.0700,1926094,19578537.0000,3,1.042657,1,1.986100,2.104542,25.669124,3.008157,-25.944563,0,1.9860973187686204
2014-04-30,sz.002643,10.2600,10.3600,10.1600,10.3400,10.2700,1268094,13061036.0000,3,0.686460,1,0.681600,2.118886,25.844084,3.028661,-26.121400,0,0.6815968841285436
2014-05-05,sz.002643,10.3300,10.4300,10.2600,10.4200,10.3400,1295773,13423367.0000,3,0.701444,1,0.773700,2.135280,26.044038,3.052093,-26.323500,0,0.7736943907156624
2014-05-06,sz.002643,10.4300,10.6700,10.4300,10.5800,10.4200,1922033,20338946.0000,3,1.040458,1,1.535500,2.168067,26.443947,3.098959,-26.727699,0,1.5355086372360827
2014-05-07,sz.002643,10.5000,10.6500,10.4200,10.4300,10.5800,1378848,14522042.0000,3,0.746415,1,-1.417800,2.137329,26.069032,3.055022,-26.348762,0,-1.417769376181477
2014-05-08,sz.002643,10.4000,10.6500,10.3500,10.4900,10.4300,1564328,16455054.0000,3,0.846821,1,0.575300,2.149624,26.218998,3.072597,-26.500337,0,0.5752636625119933
2014-05-09,sz.002643,10.4900,10.5600,10.3500,10.4100,10.4900,834091,8678057.0000,3,0.451520,1,-0.762600,2.133231,26.019044,3.049164,-26.298237,0,-0.7626310772164024
2014-05-12,sz.002643,10.4200,10.5500,10.2800,10.5500,10.2300,1642781,17161888.0000,3,0.889290,1,3.128100,2.161920,26.368964,3.090171,-26.651912,0,1.344860710854956
2014-05-13,sz.002643,10.5500,10.5600,10.3900,10.4800,10.5500,1053013,11006188.0000,3,0.570030,1,-0.663500,2.147575,26.194004,3.069668,-26.475075,0,-0.6635071090047462
2014-05-14,sz.002643,10.5000,10.5200,10.3500,10.4400,10.4800,913408,9539193.0000,3,0.494457,1,-0.381700,2.139378,26.094027,3.057952,-26.374025,0,-0.3816793893129833
2014-05-15,sz.002643,10.4800,10.4800,10.1800,10.1800,10.4400,1056056,10874213.0000,3,0.571677,1,-2.490400,2.086099,25.444175,2.981796,-25.717200,0,-2.490421455938696
2014-05-16,sz.002643,10.1800,10.2000,10.0700,10.1900,10.1800,676586,6855026.0000,3,0.366258,1,0.098200,2.088148,25.469170,2.984725,-25.742463,0,0.09823182711197198
2014-05-19,sz.002643,10.1900,10.2300,9.9900,10.0600,10.1900,1048367,10540562.0000,3,0.567515,1,-1.275800,2.061508,25.144244,2.946647,-25.414051,0,-1.2757605495583801
2014-05-20,sz.002643,10.1000,10.2800,10.0400,10.0800,10.0600,1233492,12538336.0000,3,0.667729,1,0.198800,2.065607,25.194233,2.952505,-25.464576,0,0.1988071570576455
2014-05-21,sz.002643,10.1000,10.3500,10.0200,10.3200,10.0800,1428255,14586209.0000,3,0.773160,1,2.381000,2.114788,25.794095,3.022803,-26.070875,0,2.3809523809523725
2014-05-22,sz.002643,10.3000,10.5500,10.2500,10.4000,10.3200,2227214,23219164.0000,3,1.205663,1,0.775200,2.131181,25.994050,3.046235,-26.272975,0,0.7751937984496138
2014-05-23,sz.002643,10.3900,10.5400,10.3500,10.5100,10.4000,1389294,14578207.0000,3,0.752070,1,1.057700,2.153723,26.268987,3.078455,-26.550862,0,1.057692307692304
2014-05-26,sz.002643,10.5100,10.5100,10.5100,10.5100,10.5100,0,0.0000,3,,0,0.000000,2.153723,26.268987,3.078455,-26.550862,0,0.0
2014-05-27,sz.002643,10.5100,10.5100,10.5100,10.5100,10.5100,0,0.0000,3,,0,0.000000,2.153723,26.268987,3.078455,-26.550862,0,0.0
2014-05-28,sz.002643,10.5100,10.5100,10.5100,10.5100,10.5100,0,0.0000,3,,0,0.000000,2.153723,26.268987,3.078455,-26.550862,0,0.0
2014-05-29,sz.002643,10.5100,10.5100,10.5100,10.5100,10.5100,0,0.0000,3,,0,0.000000,2.153723,26.268987,3.078455,-26.550862,0,0.0
2014-05-30,sz.002643,10.5100,10.5100,10.5100,10.5100,10.5100,0,0.0000,3,,0,0.000000,2.153723,26.268987,3.078455,-26.550862,0,0.0
2014-06-03,sz.002643,11.4900,11.4900,10.8800,10.9600,10.5100,6392611,70833019.0000,3,3.460526,1,4.281600,2.245937,27.393729,3.210263,-27.687674,0,4.281636536631783
2014-06-04,sz.002643,10.8900,11.4000,10.7800,11.1000,10.9600,5030963,56071847.0000,3,2.723422,1,1.277400,2.274626,27.743649,3.251270,-28.041348,0,1.2773722627737127
2014-06-05,sz.002643,10.9000,10.9300,10.6000,10.8600,11.1000,3471337,37374889.0000,3,1.879147,1,-2.162200,2.225445,27.143786,3.180973,-27.435049,0,-2.1621621621621623
2014-06-06,sz.002643,10.9000,10.9800,10.7400,10.8800,10.8600,2179576,23625733.0000,3,1.179875,1,0.184200,2.229544,27.193775,3.186831,-27.485574,0,0.18416206261511192
2014-06-09,sz.002643,10.8500,11.0700,10.7600,10.8700,10.8800,1797004,19688353.0000,3,0.972776,1,-0.091900,2.227494,27.168781,3.183902,-27.460311,0,-0.09191176470589868
2014-06-10,sz.002643,10.9000,11.0000,10.7900,10.9400,10.8700,1729894,18890978.0000,3,0.936447,1,0.644000,2.241839,27.343741,3.204405,-27.637149,0,0.6439742410303539
2014-06-11,sz.002643,10.8800,11.0000,10.8700,10.9200,10.9400,1384535,15131883.0000,3,0.749493,1,-0.182800,2.237741,27.293752,3.198547,-27.586624,0,-0.1828153564899404
2014-06-12,sz.002643,10.9000,10.9000,10.6200,10.7400,10.9200,1733105,18593824.0000,3,0.938186,1,-1.648400,2.200855,26.843855,3.145824,-27.131899,0,-1.6483516483516425
2014-06-13,sz.002643,10.7100,10.8300,10.6500,10.8000,10.7400,1599163,17216119.0000,3,0.865678,1,0.558700,2.213150,26.993821,3.163398,-27.283474,0,0.5586592178770999
2014-06-16,sz.002643,10.8000,10.8500,10.7400,10.8000,10.8000,1094586,11830706.0000,3,0.592535,1,0.000000,2.213150,26.993821,3.163398,-27.283474,0,0.0
2014-06-17,sz.002643,10.8200,10.8200,10.7100,10.7300,10.8000,807340,8678135.0000,3,0.437039,1,-0.648200,2.198805,26.818861,3.142895,-27.106637,0,-0.6481481481481532
2014-06-18,sz.002643,10.6800,10.7500,10.4500,10.4800,10.7300,2132663,22561784.0000,3,1.154479,1,-2.329900,2.147575,26.194004,3.069668,-26.475075,0,-2.329916123019571
2014-06-19,sz.002643,10.4800,10.5800,10.1400,10.2500,10.4800,1212497,12552517.0000,3,0.656364,1,-2.194700,2.100443,25.619135,3.002299,-25.894038,0,-2.194656488549618
2014-06-20,sz.002643,10.2500,10.4700,10.2200,10.4600,10.2500,965133,9962454.0000,3,0.522458,1,2.048800,2.143477,26.144015,3.063810,-26.424550,0,2.04878048780488
2014-06-23,sz.002643,10.4000,10.5200,10.3700,10.4300,10.4600,918893,9607161.0000,3,0.497426,1,-0.286800,2.137329,26.069032,3.055022,-26.348762,0,-0.2868068833652093
2014-06-24,sz.002643,10.4000,10.5700,10.3500,10.5200,10.4300,1433662,15014825.0000,3,0.776087,1,0.862900,2.155772,26.293981,3.081384,-26.576125,0,0.8628954937679678
2014-06-25,sz.002643,10.5000,10.5600,10.4300,10.5000,10.5200,957373,10038253.0000,3,0.518257,1,-0.190100,2.151674,26.243992,3.075526,-26.525600,0,-0.1901140684410607
2014-06-26,sz.002643,10.4800,10.7300,10.4700,10.6900,10.5000,1689606,17990407.0000,3,0.914638,1,1.809500,2.190609,26.718884,3.131178,-27.005587,0,1.8095238095237942
2014-06-27,sz.002643,10.6900,11.1100,10.6400,10.9900,10.6900,4130765,45240464.0000,3,2.236116,1,2.806400,2.252085,27.468712,3.219051,-27.763461,0,2.8063610851262855
2014-06-30,sz.002643,11.0400,11.3500,10.8500,11.2600,10.9900,3697655,41307980.0000,3,1.992963,1,2.456800,2.307414,28.143558,3.298135,-28.445548,0,2.456778889899902
2014-07-01,sz.002643,11.2100,11.3900,11.2100,11.3000,11.2600,2150714,24302400.0000,3,1.159193,1,0.355200,2.315611,28.243535,3.309852,-28.546598,0,0.355239786856143
2014-07-02,sz.002643,11.2400,11.3000,11.1100,11.2500,11.3000,1890101,21178961.0000,3,1.018727,1,-0.442500,2.305365,28.118563,3.295206,-28.420285,0,-0.4424778761062065
2014-07-03,sz.002643,11.2400,11.3800,11.1600,11.2700,11.2500,2158777,24342140.0000,3,1.163538,1,0.177800,2.309463,28.168552,3.301065,-28.470810,0,0.1777777777777656
2014-07-04,sz.002643,11.2700,11.2900,11.1400,11.2000,11.2700,1519106,17028750.0000,3,0.818768,1,-0.621100,2.295118,27.993592,3.280561,-28.293973,0,-0.6211180124223614
2014-07-07,sz.002643,11.2200,11.2600,11.0600,11.1100,11.2000,1587055,17641747.0000,3,0.855391,1,-0.803600,2.276676,27.768643,3.254199,-28.066611,0,-0.8035714285714257
2014-07-08,sz.002643,11.1100,11.4200,11.0800,11.4000,11.1100,3112302,35160172.0000,3,1.677470,1,2.610300,2.336103,28.493477,3.339143,-28.799223,0,2.6102610261026227
2014-07-09,sz.002643,11.4000,11.5300,11.1500,11.2200,11.4000,2301655,26115307.0000,3,1.240547,1,-1.578900,2.299217,28.043580,3.286419,-28.344498,0,-1.5789473684210464
2014-07-10,sz.002643,11.1600,11.4400,11.1600,11.2600,11.2200,1182608,13347170.0000,3,0.637402,1,0.356500,2.307414,28.143558,3.298135,-28.445548,0,0.35650623885916666
2014-07-11,sz.002643,11.3200,11.4400,11.1100,11.3200,11.2600,1495835,16996184.0000,3,0.806226,1,0.532900,2.319709,28.293523,3.315710,-28.597123,0,0.5328596802842034
2014-07-14,sz.002643,11.3200,11.6100,11.2500,11.6000,11.3200,2014380,23162597.0000,3,1.085711,1,2.473500,2.377087,28.993363,3.397724,-29.304472,0,2.473498233215543
2014-07-15,sz.002643,12.2000,12.6300,11.8100,12.1000,11.6000,7707555,92954589.0000,3,4.154221,1,4.310300,2.479548,30.243077,3.544178,-30.567596,0,4.31034482758621
2014-07-16,sz.002643,13.0100,13.3100,12.9000,13.3100,12.1000,22649952,299529792.0000,3,12.207879,1,10.000000,2.727502,33.267385,3.898595,-33.624355,0,10.000000000000009
2014-07-17,sz.002643,12.8000,12.8000,12.1700,12.4400,13.3100,13772171,171341113.0000,3,7.422930,1,-6.536400,2.549221,31.092882,3.643766,-31.426520,0,-6.536438767843733
2014-07-18,sz.002643,12.2300,13.2700,12.1900,12.6900,12.4400,12345680,158977678.0000,3,6.654079,1,2.009600,2.600451,31.717739,3.716993,-32.058082,0,2.0096463022508004
2014-07-21,sz.002643,12.4300,13.2600,12.4300,13.0500,12.6900,11609047,150111670.0000,3,6.257048,1,2.836900,2.674223,32.617533,3.822439,-32.967531,0,2.8368794326241176
2014-07-22,sz.002643,12.8700,13.1000,12.6200,12.8900,13.0500,7778880,99893323.0000,3,4.192664,1,-1.226100,2.641435,32.217625,3.775574,-32.563331,0,-1.226053639846747
2014-07-23,sz.002643,12.7500,13.3400,12.5500,12.7900,12.8900,7489908,97093079.0000,3,4.036913,1,-0.775800,2.620943,31.967682,3.746284,-32.310707,0,-0.7757951900698279
2014-07-24,sz.002643,12.7500,13.2300,12.6100,12.9800,12.7900,8082881,104923445.0000,3,4.356514,1,1.485500,2.659878,32.442573,3.801936,-32.790694,0,1.485535574667729
2014-07-25,sz.002643,12.9000,13.1700,12.6600,12.8000,12.9800,5507522,70689533.0000,3,2.968446,1,-1.386700,2.622993,31.992676,3.749213,-32.335969,0,-1.3867488443759624
2014-07-28,sz.002643,12.8000,13.0000,12.4100,12.8200,12.8000,6807433,86246057.0000,3,3.669073,1,0.156200,2.627091,32.042665,3.755071,-32.386494,0,0.15624999999999112
2014-07-29,sz.002643,12.7500,13.1800,12.6400,13.1100,12.8200,7566391,98278190.0000,3,4.078136,1,2.262100,2.686518,32.767499,3.840014,-33.119106,0,2.262090483619339
2014-07-30,sz.002643,13.0800,13.7700,12.9300,13.5000,13.1100,9561351,128273123.0000,3,5.153380,1,2.974800,2.766437,33.742276,3.954248,-34.104342,0,2.9748283752860427
2014-07-31,sz.002643,13.3800,13.5100,13.2100,13.3700,13.5000,4787243,63682617.0000,3,2.580230,1,-0.963000,2.739798,33.417350,3.916170,-33.775930,0,-0.9629629629629655
2014-08-01,sz.002643,13.3400,13.3400,12.8400,12.9000,13.3700,6180707,80804606.0000,3,3.331280,1,-3.515300,2.643485,32.242619,3.778503,-32.588594,0,-3.5153328347045543
2014-08-04,sz.002643,12.8900,12.9800,12.6300,12.9500,12.9000,4653397,59521406.0000,3,2.508090,1,0.387600,2.653731,32.367591,3.793149,-32.714906,0,0.3875968992248069
2014-08-05,sz.002643,12.9600,13.1000,12.7300,13.0500,12.9500,4231231,54496704.0000,3,2.280550,1,0.772200,2.674223,32.617533,3.822439,-32.967531,0,0.7722007722007929
2014-08-06,sz.002643,12.9300,13.0300,12.7000,12.9000,13.0500,3492978,44950372.0000,3,1.882647,1,-1.149400,2.643485,32.242619,3.778503,-32.588594,0,-1.1494252873563204
2014-08-07,sz.002643,12.9100,12.9800,12.7200,12.7200,12.9000,2949338,37854905.0000,3,1.589635,1,-1.395300,2.606599,31.792722,3.725780,-32.133869,0,-1.3953488372092981
2014-08-08,sz.002643,12.6800,12.9000,12.5700,12.8900,12.7200,2831527,36017694.0000,3,1.526137,1,1.336500,2.641435,32.217625,3.775574,-32.563331,0,1.3364779874213806
2014-08-11,sz.002643,12.9300,12.9400,12.8000,12.9000,12.8900,3298049,42469861.0000,3,1.777584,1,0.077600,2.643485,32.242619,3.778503,-32.588594,0,0.07757951900697613
2014-08-12,sz.002643,12.9300,12.9500,12.7300,12.9100,12.9000,3846293,49382613.0000,3,2.073076,1,0.077500,2.645534,32.267614,3.781432,-32.613856,0,0.07751937984497026
2014-08-13,sz.002643,13.0000,13.0000,12.7500,12.8500,12.9100,2548677,32737472.0000,3,1.373687,1,-0.464800,2.633239,32.117648,3.763858,-32.462282,0,-0.4647560030983766
2014-08-14,sz.002643,12.8700,13.1100,12.7500,12.9000,12.8500,5001373,64916430.0000,3,2.695642,1,0.389100,2.643485,32.242619,3.778503,-32.588594,0,0.3891050583657574
2014-08-15,sz.002643,12.9600,13.2900,12.8100,13.2900,12.9000,6153011,80950311.0000,3,3.316352,1,3.023300,2.723404,33.217396,3.892737,-33.573830,0,3.023255813953485
2014-08-18,sz.002643,13.2900,13.3800,13.1400,13.2900,13.2900,4351284,57641222.0000,3,2.345257,1,0.000000,2.723404,33.217396,3.892737,-33.573830,0,0.0
2014-08-19,sz.002643,13.2900,13.4500,13.1800,13.3000,13.2900,3939632,52387104.0000,3,2.123384,1,0.075200,2.725453,33.242390,3.895666,-33.599093,0,0.07524454477052522
2014-08-20,sz.002643,13.3000,13.9000,13.2000,13.6700,13.3000,8768164,119399253.0000,3,4.725868,1,2.782000,2.862570,38.402654,4.117063,-80.278017,0,2.781954887218041
2014-08-21,sz.002643,13.6200,13.8700,13.2100,13.3500,13.6700,5345490,72054850.0000,3,2.881114,1,-2.340900,2.795560,37.503690,4.020687,-78.398795,0,-2.3408924652523755
2014-08-22,sz.002643,13.2400,13.4400,13.1600,13.2800,13.3500,4187460,55522727.0000,3,2.256959,1,-0.524300,2.780902,37.307041,3.999605,-77.987716,0,-0.524344569288393
2014-08-25,sz.002643,13.3000,13.3400,13.0000,13.0500,13.2800,3278799,42940149.0000,3,1.767208,1,-1.731900,2.732739,36.660910,3.930334,-76.637025,0,-1.7319277108433617
2014-08-26,sz.002643,13.0200,13.1000,12.6800,12.6900,13.0500,2850465,36674242.0000,3,1.536345,1,-2.758600,2.657353,35.649575,3.821911,-74.522900,0,-2.758620689655178
2014-08-27,sz.002643,12.7000,12.8200,12.6500,12.7400,12.6900,1659291,21126440.0000,3,0.894325,1,0.394000,2.667823,35.790038,3.836970,-74.816528,0,0.3940110323089163
2014-08-28,sz.002643,12.7300,12.7300,12.2800,12.3400,12.7400,3192470,39765154.0000,3,1.720679,1,-3.139700,2.584061,34.666332,3.716500,-72.467501,0,-3.1397174254317095
2014-08-29,sz.002643,12.3400,12.5100,12.3100,12.5000,12.3400,1718267,21278405.0000,3,0.926112,1,1.296600,2.617566,35.115814,3.764688,-73.407112,0,1.296596434359798
2014-09-01,sz.002643,12.4900,12.7900,12.4200,12.7400,12.5000,1893201,23983947.0000,3,1.020398,1,1.920000,2.667823,35.790038,3.836970,-74.816528,0,1.9200000000000106
2014-09-02,sz.002643,12.7500,12.9500,12.7100,12.9200,12.7400,2698237,34661054.0000,3,1.454297,1,1.412900,2.705516,36.295706,3.891182,-75.873591,0,1.4128728414442682
2014-09-03,sz.002643,12.9300,13.2100,12.9200,13.1800,12.9200,3434506,44906348.0000,3,1.851131,1,2.012400,2.759961,37.026114,3.969487,-77.400459,0,2.0123839009287936
2014-09-04,sz.002643,13.1800,13.3500,13.0700,13.2300,13.1800,3906726,51538401.0000,3,2.105649,1,0.379400,2.770431,37.166578,3.984546,-77.694087,0,0.3793626707132125
2014-09-05,sz.002643,13.2800,13.2800,13.0200,13.1800,13.2300,2892386,38001967.0000,3,1.558939,1,-0.377900,2.759961,37.026114,3.969487,-77.400459,0,-0.3779289493575311
2014-09-09,sz.002643,13.1800,13.2700,13.1000,13.2000,13.1800,2935235,38675261.0000,3,1.582034,1,0.151700,2.764149,37.082300,3.975511,-77.517910,0,0.15174506828528056
2014-09-10,sz.002643,13.2500,13.4800,13.1200,13.4200,13.2000,4186736,55926501.0000,3,2.256569,1,1.666700,2.810218,37.700338,4.041769,-78.809875,0,1.6666666666666607
2014-09-11,sz.002643,13.3900,13.6200,13.0500,13.6200,13.4200,7338761,98457607.0000,3,3.955448,1,1.490300,2.852100,38.262191,4.102004,-79.984389,0,1.4903129657227954
2014-09-12,sz.002643,13.5900,13.7400,13.5200,13.6300,13.6200,4339553,59059874.0000,3,2.338934,1,0.073400,2.854194,38.290284,4.105016,-80.043115,0,0.07342143906021725
2014-09-15,sz.002643,13.6800,13.7400,13.5000,13.5800,13.6300,4646404,63087987.0000,3,2.504321,1,-0.366800,2.843723,38.149821,4.089957,-79.749486,0,-0.3668378576669129
2014-09-16,sz.002643,13.5700,13.6500,13.0300,13.1000,13.5800,6777365,90463471.0000,3,3.652867,1,-3.534600,2.743209,36.801373,3.945393,-76.930653,0,-3.534609720176729
2014-09-17,sz.002643,13.1000,13.1800,12.7900,13.0800,13.1000,3594473,46755469.0000,3,1.937350,1,-0.152700,2.739021,36.745188,3.939370,-76.813202,0,-0.15267175572518665
2014-09-18,sz.002643,13.0700,13.2900,12.9500,13.2700,13.0800,2676822,35334232.0000,3,1.442755,1,1.452600,2.778808,37.278948,3.996593,-77.928990,0,1.4525993883792054
2014-09-19,sz.002643,13.3700,14.1000,13.3200,14.0000,13.2700,13047886,180579141.0000,3,7.032554,1,5.501100,2.931673,39.329712,4.216451,-82.215965,0,5.50113036925397
2014-09-22,sz.002643,13.9300,14.1800,13.8000,14.1200,14.0000,9823790,137678820.0000,3,5.294830,1,0.857100,2.956802,39.666824,4.252592,-82.920673,0,0.8571428571428452
2014-09-23,sz.002643,14.1200,14.4500,13.9500,14.1900,14.1200,9028273,127981727.0000,3,4.866062,1,0.495700,2.971460,39.863472,4.273674,-83.331753,0,0.4957507082153034
2014-09-24,sz.002643,14.1000,14.2300,13.9200,14.2000,14.1900,6728426,94732619.0000,3,3.626490,1,0.070500,2.973555,39.891565,4.276686,-83.390479,0,0.07047216349542751
2014-09-25,sz.002643,14.2100,14.2800,13.8800,13.9300,14.2000,6128868,85978265.0000,3,3.303340,1,-1.901400,2.917015,39.133063,4.195368,-81.804885,0,-1.9014084507042228
2014-09-26,sz.002643,13.9600,14.0700,13.8400,13.9800,13.9300,2940817,41095281.0000,3,1.585043,1,0.358900,2.927485,39.273527,4.210427,-82.098514,0,0.3589375448671994
2014-09-29,sz.002643,14.0100,14.2700,14.0000,14.1700,13.9800,5640261,79751386.0000,3,3.039990,1,1.359100,2.967272,39.807287,4.267650,-83.214302,0,1.3590844062947083
2014-09-30,sz.002643,14.1800,14.1800,13.9700,14.1000,14.1700,4625027,64980354.0000,3,2.492799,1,-0.494000,2.952614,39.610638,4.246568,-82.803222,0,-0.49400141143260967
2014-10-08,sz.002643,14.0100,14.2500,13.9700,14.2500,14.1000,4428901,62487917.0000,3,2.387091,1,1.063800,2.984025,40.032028,4.291744,-83.684107,0,1.0638297872340496
2014-10-09,sz.002643,14.2100,14.5000,14.0300,14.1500,14.2500,6045556,86264174.0000,3,3.258436,1,-0.701800,2.963084,39.751102,4.261627,-83.096850,0,-0.7017543859649145
2014-10-10,sz.002643,14.0000,14.7900,13.7600,14.7500,14.1500,8977704,126976896.0000,3,4.838806,1,4.240300,3.088727,41.436661,4.442332,-86.620392,0,4.240282685512375
2014-10-13,sz.002643,14.5600,15.3500,14.3500,15.2500,14.7500,12181151,181170242.0000,3,6.565401,1,3.389800,3.193430,42.841293,4.592919,-89.556676,0,3.3898305084745672
2014-10-14,sz.002643,15.0500,15.2900,14.7100,14.8300,15.2500,7794290,116999019.0000,3,4.200969,1,-2.754100,3.105480,41.661402,4.466426,-87.090197,0,-2.7540983606557323
2014-10-15,sz.002643,14.8300,15.1500,14.2800,15.1000,14.8300,6459939,94707585.0000,3,3.481780,1,1.820600,3.162019,42.419904,4.547743,-88.675791,0,1.8206338503034436
2014-10-16,sz.002643,14.9000,15.1000,14.6100,14.6100,15.1000,5732650,85290952.0000,3,3.089786,1,-3.245000,3.059411,41.043364,4.400167,-85.798232,0,-3.2450331125827847
2014-10-17,sz.002643,14.6500,14.8000,14.1500,14.8000,14.6100,5920594,86278843.0000,3,3.191084,1,1.300500,3.099198,41.577124,4.457391,-86.914020,0,1.3004791238877544
2014-10-20,sz.002643,14.9700,15.1400,14.8000,15.0200,14.8000,10114619,152013318.0000,3,5.451581,1,1.486500,3.145267,42.195162,4.523649,-88.205985,0,1.4864864864864824
2014-10-21,sz.002643,14.9400,15.4800,14.9400,15.0500,15.0200,7173035,109190300.0000,3,3.866125,1,0.199700,3.151549,42.279440,4.532684,-88.382163,0,0.1997336884154599
2014-10-22,sz.002643,15.0500,15.3400,14.5300,14.7000,15.0500,6088899,91490473.0000,3,3.281797,1,-2.325600,3.078257,41.296197,4.427273,-86.326763,0,-2.3255813953488413
2014-10-23,sz.002643,14.7000,14.7800,14.1600,14.1900,14.7000,3655465,52764620.0000,3,1.970224,1,-3.469400,2.971460,39.863472,4.273674,-83.331753,0,-3.469387755102038
2014-10-24,sz.002643,14.1400,14.3000,13.8800,14.2300,14.1900,3012567,42438042.0000,3,1.623714,1,0.281900,2.921081,40.533452,4.065282,-129.581049,0,0.28188865398168783
2014-10-27,sz.002643,14.2300,14.4400,14.1400,14.3500,14.2300,1740754,24825166.0000,3,0.938232,1,0.843300,2.945715,40.875266,4.099564,-130.673792,0,0.8432888264230387
2014-10-28,sz.002643,14.3000,14.6800,14.3000,14.6400,14.3500,3010893,43894621.0000,3,1.622812,1,2.020900,3.005245,41.701316,4.182412,-133.314586,0,2.020905923344962
2014-10-29,sz.002643,14.6700,14.8600,14.4700,14.6600,14.6400,3894759,57094746.0000,3,2.099199,1,0.136600,3.009350,41.758285,4.188126,-133.496710,0,0.1366120218579292
2014-10-30,sz.002643,14.6600,14.9400,14.5300,14.7500,14.6600,3111440,45971976.0000,3,1.677005,1,0.613900,3.027825,42.014646,4.213837,-134.316267,0,0.6139154160982319
2014-10-31,sz.002643,14.7700,14.9500,14.4400,14.5100,14.7500,3961957,58147857.0000,3,2.135417,1,-1.627100,2.978559,41.331018,4.145273,-132.130782,0,-1.6271186440677932
2014-11-03,sz.002643,14.5100,14.8300,14.5000,14.6900,14.5100,3031369,44376665.0000,3,1.633848,1,1.240500,3.015508,41.843739,4.196696,-133.769896,0,1.2405237767057153
2014-11-04,sz.002643,14.7400,15.0900,14.5400,15.0300,14.6900,5086317,75972548.0000,3,2.741425,1,2.314500,3.085302,42.812212,4.293829,-136.865999,0,2.3144996596323963
2014-11-05,sz.002643,14.9300,15.2300,14.8300,14.9200,15.0300,3810571,57099216.0000,3,2.053823,1,-0.731900,3.062722,42.498883,4.262404,-135.864319,0,-0.7318695941450404
2014-11-06,sz.002643,14.9300,15.1800,14.6100,15.1500,14.9200,3999962,59812010.0000,3,2.155901,1,1.541600,3.109936,43.154026,4.328111,-137.958742,0,1.5415549597855183
2014-11-07,sz.002643,15.1500,15.6300,14.9600,15.0900,15.1500,6208457,95008858.0000,3,3.346236,1,-0.396000,3.097619,42.983119,4.310970,-137.412371,0,-0.3960396039603964
2014-11-10,sz.002643,15.1000,15.2200,14.7900,14.9400,15.0900,3269293,48726759.0000,3,1.762085,1,-0.994000,3.066828,42.555852,4.268117,-136.046443,0,-0.994035785288272
2014-11-11,sz.002643,14.9300,14.9400,14.2900,14.3200,14.9400,4879123,70851522.0000,3,2.629752,1,-4.149900,2.939556,40.789812,4.090993,-130.400606,0,-4.149933065595713
2014-11-12,sz.002643,14.3000,14.5800,14.0500,14.5100,14.3200,1490442,21542038.0000,3,0.803319,1,1.326800,2.978559,41.331018,4.145273,-132.130782,0,1.3268156424580901
2014-11-13,sz.002643,14.5100,14.5100,14.0800,14.1300,14.5100,2626392,37299100.0000,3,1.415574,1,-2.618900,2.900554,40.248607,4.036713,-128.670431,0,-2.618883528600957
2014-11-14,sz.002643,14.1300,14.4900,14.0500,14.1500,14.1300,1886415,26668784.0000,3,1.016741,1,0.141500,2.904659,40.305576,4.042427,-128.852554,0,0.14154281670204494
2014-11-17,sz.002643,14.4000,14.5000,14.2100,14.3600,14.1500,1453029,20864660.0000,3,0.783154,1,1.484100,2.947767,40.903750,4.102421,-130.764854,0,1.4840989399293125
2014-11-18,sz.002643,14.3500,14.4400,14.2800,14.4000,14.3600,1089218,15633818.0000,3,0.587067,1,0.278600,2.955978,41.017688,4.113848,-131.129101,0,0.278551532033422
2014-11-19,sz.002643,14.4100,14.5200,14.2500,14.4100,14.4000,1458163,20991297.0000,3,0.785921,1,0.069400,2.958031,41.046173,4.116705,-131.220163,0,0.0694444444444331
2014-11-20,sz.002643,14.4200,15.0700,14.2500,14.9700,14.4100,4065783,59907337.0000,3,2.191377,1,3.886200,3.072986,42.641305,4.276688,-136.319628,0,3.886190145732127
2014-11-21,sz.002643,14.9800,15.0800,14.8400,14.9400,14.9700,2250697,33621288.0000,3,1.213081,1,-0.200400,3.066828,42.555852,4.268117,-136.046443,0,-0.20040080160321772
2014-11-24,sz.002643,14.9400,15.0500,14.8000,14.9000,14.9400,2661525,39652386.0000,3,1.434510,1,-0.267700,3.058617,42.441914,4.256690,-135.682195,0,-0.2677376171351997
2014-11-25,sz.002643,14.8600,15.3800,14.8400,15.2600,14.9000,3829502,58246763.0000,3,2.064026,1,2.416100,3.132516,43.467356,4.359536,-138.960423,0,2.4161073825503365
2014-11-26,sz.002643,15.2000,15.5500,15.0600,15.1000,15.2600,3307758,50526708.0000,3,1.782817,1,-1.048500,3.099672,43.011604,4.313827,-137.503433,0,-1.0484927916120546
2014-11-27,sz.002643,15.1200,15.4500,14.5000,14.7500,15.1000,7132935,105663859.0000,3,3.844512,1,-2.317900,3.027825,42.014646,4.213837,-134.316267,0,-2.3178807947019875
2014-11-28,sz.002643,14.7500,15.1000,14.5200,14.8500,14.7500,4443225,65759397.0000,3,2.394811,1,0.678000,3.048353,42.299491,4.242406,-135.226886,0,0.6779661016949046
2014-12-01,sz.002643,14.8700,15.0700,14.6100,14.9400,14.8500,4057191,60195640.0000,3,2.186746,1,0.606100,3.066828,42.555852,4.268117,-136.046443,0,0.60606060606061
2014-12-02,sz.002643,14.9500,15.4100,14.9100,15.0300,14.9400,4898506,74258761.0000,3,2.640199,1,0.602400,3.085302,42.812212,4.293829,-136.865999,0,0.6024096385542244
2014-12-03,sz.002643,15.2000,15.8600,15.2000,15.7600,15.0300,9101615,141307568.0000,3,4.905592,1,4.857000,3.235154,44.891581,4.502378,-143.513516,0,4.856952761144373
2014-12-04,sz.002643,15.7000,16.1000,15.4500,15.8000,15.7600,7661917,120674107.0000,3,4.129623,1,0.253800,3.243365,45.005519,4.513805,-143.877764,0,0.2538071065989911
2014-12-05,sz.002643,15.8000,15.8700,14.7600,15.0200,15.8000,6602632,100644513.0000,3,3.558689,1,-4.936700,3.083250,42.783728,4.290972,-136.774938,0,-4.936708860759498
2014-12-08,sz.002643,14.8800,15.2500,14.6000,15.0200,15.0200,3556043,53352575.0000,3,1.916637,1,0.000000,3.083250,42.783728,4.290972,-136.774938,0,0.0
2014-12-09,sz.002643,14.9800,15.6000,14.7500,14.8000,15.0200,5437982,82455621.0000,3,2.930966,1,-1.464700,3.038089,42.157069,4.228122,-134.771576,0,-1.464713715046595
2014-12-10,sz.002643,14.7300,15.2800,14.7200,15.2600,14.8000,3491322,52323233.0000,3,1.881754,1,3.108100,3.132516,43.467356,4.359536,-138.960423,0,3.1081081081081097
2014-12-11,sz.002643,15.8200,16.7900,15.8200,16.7900,15.2600,4871942,81285242.0000,3,2.625881,1,10.026200,3.446589,47.825485,4.796633,-152.892890,0,10.026212319790307
2014-12-12,sz.002643,17.8000,17.8000,16.4000,16.8800,16.7900,16097974,275058752.0000,3,8.676492,1,0.536000,3.465064,48.081846,4.822344,-153.712446,0,0.5360333531864159
2014-12-15,sz.002643,16.6000,16.7600,16.3100,16.6400,16.8800,5998543,99233449.0000,3,3.233097,1,-1.421800,3.415797,47.398218,4.753780,-151.526961,0,-1.421800947867291
2014-12-16,sz.002643,16.7000,17.0400,16.5500,16.6100,16.6400,5299529,89025808.0000,3,2.856342,1,-0.180300,3.409639,47.312764,4.745209,-151.253776,0,-0.18028846153846922
2014-12-17,sz.002643,16.4400,16.4400,15.9300,16.1100,16.6100,5636576,90462699.0000,3,3.038004,1,-3.010200,3.307001,45.888539,4.602367,-146.700682,0,-3.0102347983142708
2014-12-18,sz.002643,16.2100,16.5100,15.9500,16.0700,16.1100,4407704,71413341.0000,3,2.375666,1,-0.248300,3.298790,45.774601,4.590940,-146.336435,0,-0.24829298572315306
2014-12-19,sz.002643,16.1300,16.2900,15.3600,15.6500,16.0700,4198838,65930750.0000,3,2.263091,1,-2.613600,3.212574,44.578252,4.470953,-142.511836,0,-2.6135656502800253
2014-12-22,sz.002643,15.7100,15.7100,14.4000,14.5500,15.6500,4594130,68372973.0000,3,1.719775,1,-7.028800,2.986770,41.444956,4.156701,-132.495029,0,-7.028753993610226
2014-12-23,sz.002643,14.5700,15.3600,14.5700,14.8000,14.5500,3539153,53254023.0000,3,1.324853,1,1.718200,3.038089,42.157069,4.228122,-134.771576,0,1.7182130584192379
2014-12-24,sz.002643,15.0000,15.2700,14.6000,15.1300,14.8000,2434078,36681639.0000,3,0.911177,1,2.229700,3.105830,43.097057,4.322397,-137.776618,0,2.2297297297297236
2014-12-25,sz.002643,14.8800,15.3000,14.8200,15.2700,15.1300,2054997,31143518.0000,3,0.769271,1,0.925300,3.134569,43.495840,4.362393,-139.051484,0,0.9253139458030413
2014-12-26,sz.002643,15.2800,15.3400,15.0300,15.2500,15.2700,2050257,31024339.0000,3,0.767497,1,-0.131000,3.130463,43.438871,4.356679,-138.869361,0,-0.1309757694826441
2014-12-29,sz.002643,15.1200,15.1500,14.8300,14.8400,15.2500,2612212,38983639.0000,3,0.977860,1,-2.688500,3.046300,42.271007,4.239549,-135.135824,0,-2.688524590163932
2014-12-30,sz.002643,14.8400,15.0600,14.0000,14.2200,14.8400,3067466,44306509.0000,3,1.148281,1,-4.177900,2.919029,40.504967,4.062425,-129.489988,0,-4.177897574123978
2014-12-31,sz.002643,14.2000,15.6400,14.2000,15.5400,14.2200,5704892,86225984.0000,3,2.132095,1,9.282700,3.189993,44.264922,4.439528,-141.510155,0,9.282700421940927
2015-01-05,sz.002643,15.5500,16.6000,15.1500,15.8200,15.5400,6936925,110826049.0000,3,2.592544,1,1.801800,3.247471,45.062488,4.519519,-144.059888,0,1.8018018018018056
2015-01-06,sz.002643,15.6900,15.6900,15.2500,15.4800,15.8200,4830889,74385203.0000,3,1.805453,1,-2.149200,3.177677,44.094015,4.422387,-140.963784,0,-2.149178255372941
2015-01-07,sz.002643,15.5100,15.6900,15.2700,15.3800,15.4800,3694876,56723044.0000,3,1.380890,1,-0.646000,3.157149,43.809170,4.393818,-140.053165,0,-0.6459948320413411
2015-01-08,sz.002643,15.4000,16.1500,15.3100,15.9700,15.3800,6959230,110384569.0000,3,2.600880,1,3.836200,3.278262,45.489756,4.562372,-145.425816,0,3.836150845253572
2015-01-09,sz.002643,16.0000,16.3000,15.6400,15.6400,15.9700,4127511,65955680.0000,3,1.542579,1,-2.066400,3.210521,44.549767,4.468096,-142.420774,0,-2.0663744520976857
2015-01-12,sz.002643,15.6400,15.8800,15.3300,15.4100,15.6400,2529756,39334530.0000,3,0.945448,1,-1.470600,3.163307,43.894623,4.402389,-140.326351,0,-1.4705882352941235
2015-01-13,sz.002643,15.4000,15.6600,15.4000,15.6200,15.4100,1634381,25396655.0000,3,0.610819,1,1.362800,3.206415,44.492798,4.462382,-142.238650,0,1.3627514600908386
2015-01-14,sz.002643,15.5200,16.1900,15.5200,16.0000,15.6200,3746397,59619862.0000,3,1.400145,1,2.432800,3.284420,45.575209,4.570942,-145.699001,0,2.432778489116516
2015-01-15,sz.002643,15.8400,16.2400,15.8400,16.1000,16.0000,2863499,46076141.0000,3,1.070178,1,0.625000,3.304948,45.860054,4.599511,-146.609620,0,0.6250000000000089
2015-01-16,sz.002643,16.2800,16.3100,15.9400,16.0900,16.1000,1999353,32113327.0000,3,0.747220,1,-0.062100,3.302895,45.831570,4.596654,-146.518558,0,-0.062111801242248355
2015-01-19,sz.002643,15.9000,15.9500,14.8100,15.1100,16.0900,3636791,56489652.0000,3,1.359182,1,-6.090700,3.101725,43.040088,4.316684,-137.594494,0,-6.090739589807336
2015-01-20,sz.002643,15.4000,16.3000,15.0800,15.9900,15.1100,3833627,60332255.0000,3,1.432745,1,5.824000,3.282368,45.546725,4.568085,-145.607940,0,5.823957643944411
2015-01-21,sz.002643,16.0100,16.7900,15.8800,16.5500,15.9900,6359700,104377208.0000,3,2.376817,1,3.502200,3.397322,47.141857,4.728068,-150.707405,0,3.5021888680425217
2015-01-22,sz.002643,16.4000,16.9900,16.3100,16.7200,16.5500,6404392,107244871.0000,3,2.393520,1,1.027200,3.432219,47.626094,4.776635,-152.255456,0,1.0271903323262777
2015-01-23,sz.002643,16.5600,16.8000,16.2100,16.3800,16.7200,4472728,73557860.0000,3,1.671597,1,-2.033500,3.362425,46.657620,4.679502,-149.159353,0,-2.0334928229665095
2015-01-26,sz.002643,16.5000,16.9800,16.3800,16.9700,16.3800,5204777,87443173.0000,3,1.945187,1,3.602000,3.483538,48.338206,4.848056,-154.532003,0,3.6019536019536114
2015-01-27,sz.002643,16.9600,17.4100,16.6700,17.0000,16.9700,5546182,94844031.0000,3,2.072780,1,0.176800,3.489697,48.423660,4.856626,-154.805189,0,0.1767825574543469
2015-01-28,sz.002643,16.9700,17.2300,16.5100,16.7000,17.0000,3936822,66470072.0000,3,1.471313,1,-1.764700,3.428114,47.569125,4.770921,-152.073333,0,-1.764705882352946
2015-01-29,sz.002643,16.5500,16.9200,16.4800,16.6200,16.7000,1917762,32032865.0000,3,0.716727,1,-0.479000,3.411692,47.341249,4.748066,-151.344838,0,-0.4790419161676551
2015-01-30,sz.002643,16.6600,16.7500,16.4000,16.5100,16.6200,2555222,42268247.0000,3,0.954966,1,-0.661900,3.389111,47.027919,4.716641,-150.343157,0,-0.6618531889289958
2015-02-02,sz.002643,16.1700,16.3700,15.9000,16.0000,16.5100,2476729,39901271.0000,3,0.925008,1,-3.089000,3.284420,45.575209,4.570942,-145.699001,0,-3.0890369473046686
2015-02-03,sz.002643,16.0500,16.2800,15.9000,16.2200,16.0000,1710273,27582861.0000,3,0.638752,1,1.375000,3.329581,46.201868,4.633793,-147.702363,0,1.374999999999993
2015-02-04,sz.002643,16.2200,16.4900,16.0900,16.1400,16.2200,2580256,42027785.0000,3,0.963674,1,-0.493200,3.313159,45.973992,4.610938,-146.973868,0,-0.4932182490752002
2015-02-05,sz.002643,16.2500,16.4000,15.6800,15.8500,16.1400,4551779,72246300.0000,3,1.699998,1,-1.796800,3.253629,45.147942,4.528090,-144.333073,0,-1.7967781908302394
2015-02-06,sz.002643,15.8400,16.3000,15.7000,16.1000,15.8500,3557481,56811032.0000,3,1.328647,1,1.577300,3.304948,45.860054,4.599511,-146.609620,0,1.5772870662460692
2015-02-09,sz.002643,16.3500,16.4600,15.4700,15.5500,16.1000,4928247,78695488.0000,3,1.840601,1,-3.416200,3.192046,44.293406,4.442385,-141.601217,0,-3.4161490683229823
2015-02-10,sz.002643,15.6000,16.4500,15.4500,16.4300,15.5500,4084664,65444519.0000,3,1.525540,1,5.659200,3.372689,46.800043,4.693786,-149.614662,0,5.65916398713826
2015-02-11,sz.002643,16.4300,16.8700,16.2900,16.8300,16.4300,3523511,58383816.0000,3,1.315960,1,2.434600,3.454800,47.939423,4.808060,-153.257137,0,2.4345709068776644
2015-02-12,sz.002643,16.7300,16.7700,16.4400,16.7400,16.8300,2782350,46263513.0000,3,1.039152,1,-0.534800,3.436325,47.799715,4.317206,-152.437580,0,-0.5347593582887722
2015-02-13,sz.002643,16.8800,17.1700,16.7800,16.9300,16.7400,5078818,86367540.0000,3,1.896836,1,1.135000,3.475327,48.342244,4.366207,-154.167756,0,1.1350059737156526
2015-02-16,sz.002643,17.0400,17.8700,17.0100,17.7800,16.9300,7406796,130317899.0000,3,2.766289,1,5.020700,3.649812,50.769351,4.585420,-161.908015,0,5.0206733608978205
2015-02-17,sz.002643,17.7800,17.9400,17.5000,17.8200,17.7800,2684569,47457280.0000,3,1.002632,1,0.225000,3.658023,50.883567,4.595736,-162.272263,0,0.22497187851517886
2015-02-25,sz.002643,17.8000,17.8000,17.3500,17.4500,17.8200,3332112,58307447.0000,3,1.244477,1,-2.076300,3.582071,49.827062,4.500314,-158.902973,0,-2.076318742985417
2015-02-26,sz.002643,17.3100,17.8000,17.3000,17.5700,17.4500,2131208,37449720.0000,3,0.795963,1,0.687700,3.606704,50.169713,4.531261,-159.995716,0,0.6876790830945723
2015-02-27,sz.002643,17.6000,18.9600,17.6000,18.6100,17.5700,5528534,102251516.0000,3,2.064796,1,5.919200,3.820191,53.139348,4.799475,-169.466151,0,5.919180421172454
2015-03-02,sz.002643,19.5000,20.4700,19.0000,20.0500,18.6100,9406710,187758294.0000,3,3.513216,1,7.737800,4.115789,57.251152,5.170847,-182.579061,0,7.737775389575496
2015-03-03,sz.002643,19.9300,20.0000,19.5000,19.6000,20.0500,5317470,104985472.0000,3,1.985968,1,-2.244400,4.023415,55.966213,5.054793,-178.481277,0,-2.244389027431415
2015-03-04,sz.002643,19.6000,19.9000,19.3700,19.4800,19.6000,3091052,60499182.0000,3,1.154446,1,-0.612200,3.998782,55.623563,5.023846,-177.388534,0,-0.612244897959191
2015-03-05,sz.002643,19.4500,19.6400,18.5000,19.0100,19.4800,4549464,87162403.0000,3,1.699133,1,-2.412700,3.902302,54.281516,4.902634,-173.108626,0,-2.4127310061601626
2015-03-06,sz.002643,19.1000,19.7800,19.0600,19.2800,19.0100,2539358,49298051.0000,3,0.948399,1,1.420300,3.957727,55.052479,4.972266,-175.567297,0,1.4203051025775792
2015-03-09,sz.002643,19.2800,20.5200,19.2800,20.4100,19.2800,4292789,86269797.0000,3,1.603270,1,5.861000,4.189689,58.279103,5.263691,-185.857289,0,5.860995850622408
2015-03-10,sz.002643,20.4000,20.5000,19.8800,20.2900,20.4100,3100524,62463249.0000,3,1.157983,1,-0.587900,4.165056,57.936452,5.232743,-184.764546,0,-0.5879470847623747
2015-03-11,sz.002643,20.2600,20.4800,19.6300,19.9800,20.2900,2800735,55832450.0000,3,1.046018,1,-1.527900,4.101420,57.051273,5.152795,-181.941628,0,-1.5278462296697826
2015-03-12,sz.002643,20.0700,20.2800,19.6000,20.1200,19.9800,2211949,43738007.0000,3,0.826118,1,0.700700,5.092592,70.838608,6.398048,-225.910677,0,0.700700700700696
2015-03-13,sz.002643,20.0500,20.1700,19.7100,20.0500,20.1200,1907588,37909647.0000,3,0.712446,1,-0.347900,5.074875,70.592151,6.375789,-225.124705,0,-0.34791252485089075
2015-03-16,sz.002643,20.0500,20.3900,19.8300,20.2800,20.0500,4272330,85622991.0000,3,1.595629,1,1.147100,5.133090,71.401936,6.448927,-227.707183,0,1.1471321695760706
2015-03-17,sz.002643,20.2800,22.2000,20.1200,21.0300,20.2800,6300249,134050818.0000,3,2.353016,1,3.698200,5.322923,74.042541,6.687423,-236.128307,0,3.698224852071008
2015-03-18,sz.002643,21.0400,21.4500,20.6000,21.0900,21.0300,3471414,73142430.0000,3,1.296503,1,0.285300,5.338110,74.253789,6.706503,-236.801997,0,0.28530670470754416
2015-03-19,sz.002643,21.1000,21.1900,20.6100,20.7500,21.0900,3648749,75934866.0000,3,1.362734,1,-1.612100,5.252052,73.056715,6.598385,-232.984421,0,-1.6121384542437167
2015-03-20,sz.002643,20.6500,20.9900,20.4000,20.9100,20.7500,3358399,69479405.0000,3,1.254294,1,0.771100,5.165713,73.620044,6.649264,-81.358965,0,0.7710843373494036
2015-03-23,sz.002643,20.9200,21.3700,20.7000,21.2300,20.9100,4239579,88954817.0000,3,1.583397,1,1.530400,5.244768,74.746702,6.751022,-82.604057,0,1.5303682448589262
2015-03-24,sz.002643,21.2200,21.5500,20.2000,20.6500,21.2300,5767299,120283858.0000,3,2.153970,1,-2.732000,5.101482,72.704634,6.566585,-80.347328,0,-2.7319830428638836
2015-03-25,sz.002643,20.6600,20.6600,20.1100,20.3800,20.6500,4272262,86815246.0000,3,1.595604,1,-1.307500,5.034779,71.754017,6.480727,-79.296782,0,-1.3075060532687588
2015-03-26,sz.002643,20.4100,21.1900,20.1100,20.6700,20.3800,5384328,111655712.0000,3,2.010938,1,1.423000,5.106422,72.775051,6.572945,-80.425146,0,1.422963689892054
2015-03-27,sz.002643,20.6700,21.1200,20.6000,20.8400,20.6700,3722712,77723817.0000,3,1.390358,1,0.822400,5.148420,73.373588,6.627004,-81.086601,0,0.8224479922593009
2015-03-30,sz.002643,20.8700,20.9900,20.2900,20.5700,20.8400,4268167,87653451.0000,3,1.594074,1,-1.295600,5.081718,72.422970,6.541146,-80.036055,0,-1.2955854126679434
2015-03-31,sz.002643,20.5800,20.9900,20.4900,20.6700,20.5700,4270181,88498875.0000,3,1.594826,1,0.486100,5.106422,72.775051,6.572945,-80.425146,0,0.4861448711716232
2015-04-01,sz.002643,20.8500,21.6700,20.8200,21.4200,20.6700,4789522,101939529.0000,3,1.788790,1,3.628400,5.291706,75.415655,6.811441,-83.343330,0,3.6284470246734424
2015-04-02,sz.002643,21.5000,21.8800,21.1600,21.5500,21.4200,5465069,117303860.0000,3,2.041093,1,0.606900,5.323822,75.873359,6.852780,-83.849149,0,0.60690943043884
2015-04-03,sz.002643,21.8000,23.1700,21.6100,22.9000,21.5500,8083866,181483316.0000,3,3.019161,1,6.264500,5.657333,80.626447,7.282073,-89.101879,0,6.264501160092806
2015-04-07,sz.002643,22.6000,23.3000,22.5200,23.1400,22.9000,6541322,151012029.0000,3,2.443052,1,1.048000,5.716624,81.471440,7.358391,-90.035698,0,1.0480349344978324
2015-04-08,sz.002643,23.7500,23.7500,21.5000,22.4000,23.1400,5991390,136291466.0000,3,2.237663,1,-3.197900,5.533810,78.866044,7.123076,-87.156424,0,-3.1979256698357883
2015-04-09,sz.002643,22.4100,23.2000,21.2000,23.1100,22.4000,6485790,145656359.0000,3,2.422312,1,3.169600,5.709212,81.365816,7.348852,-89.918971,0,3.1696428571428514
2015-04-10,sz.002643,23.1100,23.7400,22.8700,23.6500,23.1100,5114337,119098876.0000,3,1.910102,1,2.336600,5.842617,83.267051,7.520569,-92.020063,0,2.3366508005192577
2015-04-13,sz.002643,23.6500,26.0000,23.6500,25.0000,23.6500,6131221,152607735.0000,3,2.289887,1,5.708200,6.176128,88.020139,7.949861,-97.272794,0,5.708245243128962
2015-04-14,sz.002643,25.0000,25.7900,24.9900,25.1800,25.0000,4240834,107351941.0000,3,1.583866,1,0.720000,6.220596,88.653884,8.007100,-97.973158,0,0.7200000000000095
2015-04-15,sz.002643,25.2000,25.2000,24.0000,24.5300,25.1800,3958880,97532940.0000,3,1.478562,1,-2.581400,6.060017,86.365360,7.800404,-95.444066,0,-2.581413820492451
2015-04-16,sz.002643,24.3600,24.8800,23.4800,24.6600,24.5300,3956101,95717052.0000,3,1.477524,1,0.530000,6.092132,86.823065,7.841743,-95.949884,0,0.529963310232362
2015-04-17,sz.002643,25.5000,25.7000,24.3000,24.3800,24.6600,4590302,114761360.0000,3,1.714385,1,-1.135400,3.439146,80.316707,7.284042,8.767050,0,-1.1354420113544261
2015-04-20,sz.002643,24.2000,24.6100,22.6900,23.1600,24.3800,5311420,126489935.0000,3,1.983708,1,-5.004100,3.267047,76.297577,6.919541,8.328338,0,-5.004101722723542
2015-04-21,sz.002643,23.1800,24.0000,23.0000,23.8200,23.1600,2892225,68286595.0000,3,1.080188,1,2.849700,3.360150,78.471860,7.116730,8.565674,0,2.849740932642497
2015-04-22,sz.002643,24.0600,25.0000,23.9500,24.7800,23.8200,3519499,86579321.0000,3,1.314462,1,4.030200,3.495571,81.634454,7.403551,8.910890,0,4.030226700251882
2015-04-23,sz.002643,24.7700,25.1200,24.1800,24.4900,24.7800,2854622,70129505.0000,3,1.066144,1,-1.170300,3.454663,80.679087,7.316907,8.806606,0,-1.1702986279257588
2015-04-24,sz.002643,24.0000,24.5300,23.4100,24.5000,24.4900,4961441,118165837.0000,3,1.852998,1,0.040800,3.456073,80.712031,7.319895,8.810202,0,0.04083299305839283
2015-04-27,sz.002643,24.3300,26.9500,24.3300,26.9500,24.5000,8094066,206174706.0000,3,3.022970,1,10.000000,3.801681,88.783234,8.051884,9.691223,0,9.999999999999986
2015-04-28,sz.002643,26.9900,28.3000,25.5100,28.0100,26.9500,8026879,213433824.0000,3,2.997877,1,3.933200,3.951209,92.275265,8.368582,10.072399,0,3.9332096474953726
2015-04-29,sz.002643,27.8500,29.1400,26.7100,27.9300,28.0100,4566907,128806115.0000,3,1.705648,1,-0.285600,3.939923,92.011716,8.344680,10.043631,0,-0.285612281328107
2015-04-30,sz.002643,27.8800,29.4800,27.6000,28.8800,27.9300,5093632,144395442.0000,3,1.902369,1,3.401400,4.073934,95.141366,8.628513,10.385251,0,3.401360544217691
2015-05-04,sz.002643,28.8800,28.8800,28.8800,28.8800,28.8800,0,0.0000,3,,0,0.000000,4.073934,95.141366,8.628513,10.385251,0,0.0
2015-05-05,sz.002643,28.8800,28.8800,28.8800,28.8800,28.8800,0,0.0000,3,,0,0.000000,4.073934,95.141366,8.628513,10.385251,0,0.0
2015-05-06,sz.002643,28.8800,28.8800,28.8800,28.8800,28.8800,0,0.0000,3,,0,0.000000,4.073934,95.141366,8.628513,10.385251,0,0.0
2015-05-07,sz.002643,28.8800,28.8800,28.8800,28.8800,28.8800,0,0.0000,3,,0,0.000000,4.073934,95.141366,8.628513,10.385251,0,0.0
2015-05-08,sz.002643,28.8800,28.8800,28.8800,28.8800,28.8800,0,0.0000,3,,0,0.000000,4.073934,95.141366,8.628513,10.385251,0,0.0
2015-05-11,sz.002643,28.8800,28.8800,28.8800,28.8800,28.8800,0,0.0000,3,,0,0.000000,4.073934,95.141366,8.628513,10.385251,0,0.0
2015-05-12,sz.002643,28.8800,28.8800,28.8800,28.8800,28.8800,0,0.0000,3,,0,0.000000,4.073934,95.141366,8.628513,10.385251,0,0.0
2015-05-13,sz.002643,28.8800,28.8800,28.8800,28.8800,28.8800,0,0.0000,3,,0,0.000000,4.073934,95.141366,8.628513,10.385251,0,0.0
2015-05-14,sz.002643,28.8800,28.8800,28.8800,28.8800,28.8800,0,0.0000,3,,0,0.000000,4.073934,95.141366,8.628513,10.385251,0,0.0
2015-05-15,sz.002643,28.8800,28.8800,28.8800,28.8800,28.8800,0,0.0000,3,,0,0.000000,4.073934,95.141366,8.628513,10.385251,0,0.0
2015-05-18,sz.002643,28.7000,28.7000,28.7000,28.7000,28.7000,0,0.0000,3,,0,0.000000,4.048543,94.548379,8.574734,10.320523,0,-0.6232686980609414
2015-05-19,sz.002643,28.7000,28.7000,28.7000,28.7000,28.7000,0,0.0000,3,,0,0.000000,4.048543,94.548379,8.574734,10.320523,0,0.0
2015-05-20,sz.002643,28.7000,28.7000,28.7000,28.7000,28.7000,0,0.0000,3,,0,0.000000,4.048543,94.548379,8.574734,10.320523,0,0.0
2015-05-21,sz.002643,28.7000,28.7000,28.7000,28.7000,28.7000,0,0.0000,3,,0,0.000000,4.048543,94.548379,8.574734,10.320523,0,0.0
2015-05-22,sz.002643,28.7000,28.7000,28.7000,28.7000,28.7000,0,0.0000,3,,0,0.000000,4.048543,94.548379,8.574734,10.320523,0,0.0
2015-05-25,sz.002643,28.7000,28.7000,28.7000,28.7000,28.7000,0,0.0000,3,,0,0.000000,4.048543,94.548379,8.574734,10.320523,0,0.0
2015-05-26,sz.002643,28.7000,28.7000,28.7000,28.7000,28.7000,0,0.0000,3,,0,0.000000,4.048543,94.548379,8.574734,10.320523,0,0.0
2015-05-27,sz.002643,28.7000,28.7000,28.7000,28.7000,28.7000,0,0.0000,3,,0,0.000000,4.048543,94.548379,8.574734,10.320523,0,0.0
2015-05-28,sz.002643,28.7000,28.7000,28.7000,28.7000,28.7000,0,0.0000,3,,0,0.000000,4.048543,94.548379,8.574734,10.320523,0,0.0
2015-05-29,sz.002643,28.7000,28.7000,28.7000,28.7000,28.7000,0,0.0000,3,,0,0.000000,4.048543,94.548379,8.574734,10.320523,0,0.0
2015-06-01,sz.002643,28.7000,28.7000,28.7000,28.7000,28.7000,0,0.0000,3,,0,0.000000,4.048543,94.548379,8.574734,10.320523,0,0.0
2015-06-02,sz.002643,28.7000,28.7000,28.7000,28.7000,28.7000,0,0.0000,3,,0,0.000000,4.048543,94.548379,8.574734,10.320523,0,0.0
2015-06-03,sz.002643,28.7000,28.7000,28.7000,28.7000,28.7000,0,0.0000,3,,0,0.000000,4.048543,94.548379,8.574734,10.320523,0,0.0
2015-06-04,sz.002643,28.7000,28.7000,28.7000,28.7000,28.7000,0,0.0000,3,,0,0.000000,4.048543,94.548379,8.574734,10.320523,0,0.0
2015-06-05,sz.002643,28.7000,28.7000,28.7000,28.7000,28.7000,0,0.0000,3,,0,0.000000,4.048543,94.548379,8.574734,10.320523,0,0.0
2015-06-08,sz.002643,28.7000,28.7000,28.7000,28.7000,28.7000,0,0.0000,3,,0,0.000000,4.048543,94.548379,8.574734,10.320523,0,0.0
2015-06-09,sz.002643,28.7000,28.7000,28.7000,28.7000,28.7000,0,0.0000,3,,0,0.000000,4.048543,94.548379,8.574734,10.320523,0,0.0
2015-06-10,sz.002643,28.7000,28.7000,28.7000,28.7000,28.7000,0,0.0000,3,,0,0.000000,4.048543,94.548379,8.574734,10.320523,0,0.0
2015-06-11,sz.002643,28.7000,28.7000,28.7000,28.7000,28.7000,0,0.0000,3,,0,0.000000,4.048543,94.548379,8.574734,10.320523,0,0.0
2015-06-12,sz.002643,28.7000,28.7000,28.7000,28.7000,28.7000,0,0.0000,3,,0,0.000000,4.048543,94.548379,8.574734,10.320523,0,0.0
2015-06-15,sz.002643,28.7000,28.7000,28.7000,28.7000,28.7000,0,0.0000,3,,0,0.000000,4.048543,94.548379,8.574734,10.320523,0,0.0
2015-06-16,sz.002643,28.7000,28.7000,28.7000,28.7000,28.7000,0,0.0000,3,,0,0.000000,4.048543,94.548379,8.574734,10.320523,0,0.0
2015-06-17,sz.002643,28.7000,28.7000,28.7000,28.7000,28.7000,0,0.0000,3,,0,0.000000,4.048543,94.548379,8.574734,10.320523,0,0.0
2015-06-18,sz.002643,28.7000,28.7000,28.7000,28.7000,28.7000,0,0.0000,3,,0,0.000000,4.048543,94.548379,8.574734,10.320523,0,0.0
2015-06-19,sz.002643,28.7000,28.7000,28.7000,28.7000,28.7000,0,0.0000,3,,0,0.000000,4.048543,94.548379,8.574734,10.320523,0,0.0
2015-06-23,sz.002643,28.7000,28.7000,28.7000,28.7000,28.7000,0,0.0000,3,,0,0.000000,4.048543,94.548379,8.574734,10.320523,0,0.0
2015-06-24,sz.002643,28.7000,28.7000,28.7000,28.7000,28.7000,0,0.0000,3,,0,0.000000,4.048543,94.548379,8.574734,10.320523,0,0.0
2015-06-25,sz.002643,28.7000,28.7000,28.7000,28.7000,28.7000,0,0.0000,3,,0,0.000000,4.048543,94.548379,8.574734,10.320523,0,0.0
2015-06-26,sz.002643,28.7000,28.7000,28.7000,28.7000,28.7000,0,0.0000,3,,0,0.000000,4.048543,94.548379,8.574734,10.320523,0,0.0
2015-06-29,sz.002643,28.7000,28.7000,28.7000,28.7000,28.7000,0,0.0000,3,,0,0.000000,4.048543,94.548379,8.574734,10.320523,0,0.0
2015-06-30,sz.002643,28.7000,28.7000,28.7000,28.7000,28.7000,0,0.0000,3,,0,0.000000,4.048543,94.548379,8.574734,10.320523,0,0.0
2015-07-01,sz.002643,28.7000,28.7000,28.7000,28.7000,28.7000,0,0.0000,3,,0,0.000000,4.048543,94.548379,8.574734,10.320523,0,0.0
2015-07-02,sz.002643,28.7000,28.7000,28.7000,28.7000,28.7000,0,0.0000,3,,0,0.000000,4.048543,94.548379,8.574734,10.320523,0,0.0
2015-07-03,sz.002643,28.7000,28.7000,28.7000,28.7000,28.7000,0,0.0000,3,,0,0.000000,4.048543,94.548379,8.574734,10.320523,0,0.0
2015-07-06,sz.002643,28.7000,28.7000,28.7000,28.7000,28.7000,0,0.0000,3,,0,0.000000,4.048543,94.548379,8.574734,10.320523,0,0.0
2015-07-07,sz.002643,28.7000,28.7000,28.7000,28.7000,28.7000,0,0.0000,3,,0,0.000000,4.048543,94.548379,8.574734,10.320523,0,0.0
2015-07-08,sz.002643,28.7000,28.7000,28.7000,28.7000,28.7000,0,0.0000,3,,0,0.000000,4.048543,94.548379,8.574734,10.320523,0,0.0
2015-07-09,sz.002643,28.7000,28.7000,28.7000,28.7000,28.7000,0,0.0000,3,,0,0.000000,4.048543,94.548379,8.574734,10.320523,0,0.0
2015-07-10,sz.002643,28.7000,28.7000,28.7000,28.7000,28.7000,0,0.0000,3,,0,0.000000,4.048543,94.548379,8.574734,10.320523,0,0.0
2015-07-13,sz.002643,28.7000,28.7000,28.7000,28.7000,28.7000,0,0.0000,3,,0,0.000000,4.048543,94.548379,8.574734,10.320523,0,0.0
2015-07-14,sz.002643,28.7000,28.7000,28.7000,28.7000,28.7000,0,0.0000,3,,0,0.000000,4.048543,94.548379,8.574734,10.320523,0,0.0
2015-07-15,sz.002643,28.7000,28.7000,28.7000,28.7000,28.7000,0,0.0000,3,,0,0.000000,4.048543,94.548379,8.574734,10.320523,0,0.0
2015-07-16,sz.002643,28.7000,28.7000,28.7000,28.7000,28.7000,0,0.0000,3,,0,0.000000,4.048543,94.548379,8.574734,10.320523,0,0.0
2015-07-17,sz.002643,28.7000,28.7000,28.7000,28.7000,28.7000,0,0.0000,3,,0,0.000000,4.048543,94.548379,8.574734,10.320523,0,0.0
2015-07-20,sz.002643,28.7000,28.7000,28.7000,28.7000,28.7000,0,0.0000,3,,0,0.000000,4.048543,94.548379,8.574734,10.320523,0,0.0
2015-07-21,sz.002643,28.7000,28.7000,28.7000,28.7000,28.7000,0,0.0000,3,,0,0.000000,4.048543,94.548379,8.574734,10.320523,0,0.0
2015-07-22,sz.002643,28.7000,28.7000,28.7000,28.7000,28.7000,0,0.0000,3,,0,0.000000,4.048543,94.548379,8.574734,10.320523,0,0.0
2015-07-23,sz.002643,28.7000,28.7000,28.7000,28.7000,28.7000,0,0.0000,3,,0,0.000000,4.048543,94.548379,8.574734,10.320523,0,0.0
2015-07-24,sz.002643,28.7000,28.7000,28.7000,28.7000,28.7000,0,0.0000,3,,0,0.000000,4.048543,94.548379,8.574734,10.320523,0,0.0
2015-07-27,sz.002643,28.7000,28.7000,28.7000,28.7000,28.7000,0,0.0000,3,,0,0.000000,4.048543,94.548379,8.574734,10.320523,0,0.0
2015-07-28,sz.002643,28.7000,28.7000,28.7000,28.7000,28.7000,0,0.0000,3,,0,0.000000,4.048543,75.216012,7.797683,10.320523,0,0.0
2015-07-29,sz.002643,28.7000,28.7000,28.7000,28.7000,28.7000,0,0.0000,3,,0,0.000000,4.048543,75.216012,7.797683,10.320523,0,0.0
2015-07-30,sz.002643,28.7000,28.7000,28.7000,28.7000,28.7000,0,0.0000,3,,0,0.000000,4.048543,75.216012,7.797683,10.320523,0,0.0
2015-07-31,sz.002643,28.7000,28.7000,28.7000,28.7000,28.7000,0,0.0000,3,,0,0.000000,4.048543,75.216012,7.797683,10.320523,0,0.0
2015-08-03,sz.002643,28.7000,28.7000,28.7000,28.7000,28.7000,0,0.0000,3,,0,0.000000,4.048543,75.216012,7.797683,10.320523,0,0.0
2015-08-04,sz.002643,28.7000,28.7000,28.7000,28.7000,28.7000,0,0.0000,3,,0,0.000000,4.048543,75.216012,7.797683,10.320523,0,0.0
2015-08-05,sz.002643,28.7000,28.7000,28.7000,28.7000,28.7000,0,0.0000,3,,0,0.000000,4.048543,75.216012,7.797683,10.320523,0,0.0
2015-08-06,sz.002643,28.7000,28.7000,28.7000,28.7000,28.7000,0,0.0000,3,,0,0.000000,4.048543,75.216012,7.797683,10.320523,0,0.0
2015-08-07,sz.002643,28.7000,28.7000,28.7000,28.7000,28.7000,0,0.0000,3,,0,0.000000,4.048543,75.216012,7.797683,10.320523,0,0.0
2015-08-10,sz.002643,28.7000,28.7000,28.7000,28.7000,28.7000,0,0.0000,3,,0,0.000000,4.048543,75.216012,7.797683,10.320523,0,0.0
2015-08-11,sz.002643,28.7000,28.7000,28.7000,28.7000,28.7000,0,0.0000,3,,0,0.000000,4.048543,75.216012,7.797683,10.320523,0,0.0
2015-08-12,sz.002643,28.7000,28.7000,28.7000,28.7000,28.7000,0,0.0000,3,,0,0.000000,4.048543,75.216012,7.797683,10.320523,0,0.0
2015-08-13,sz.002643,28.7000,28.7000,28.7000,28.7000,28.7000,0,0.0000,3,,0,0.000000,4.048543,75.216012,7.797683,10.320523,0,0.0
2015-08-14,sz.002643,28.7000,28.7000,28.7000,28.7000,28.7000,0,0.0000,3,,0,0.000000,4.048543,75.216012,7.797683,10.320523,0,0.0
2015-08-17,sz.002643,28.7000,28.7000,28.7000,28.7000,28.7000,0,0.0000,3,,0,0.000000,4.048543,75.216012,7.797683,10.320523,0,0.0
2015-08-18,sz.002643,28.7000,28.7000,28.7000,28.7000,28.7000,0,0.0000,3,,0,0.000000,4.048543,75.216012,7.797683,10.320523,0,0.0
2015-08-19,sz.002643,28.7000,28.7000,28.7000,28.7000,28.7000,0,0.0000,3,,0,0.000000,4.048543,75.216012,7.797683,10.320523,0,0.0
2015-08-20,sz.002643,28.7000,28.7000,28.7000,28.7000,28.7000,0,0.0000,3,,0,0.000000,4.058840,75.216012,7.797683,24.833607,0,0.0
2015-08-21,sz.002643,28.7000,28.7000,28.7000,28.7000,28.7000,0,0.0000,3,,0,0.000000,4.058840,75.216012,7.797683,24.833607,0,0.0
2015-08-24,sz.002643,28.7000,28.7000,28.7000,28.7000,28.7000,0,0.0000,3,,0,0.000000,4.058840,75.216012,7.797683,24.833607,0,0.0
2015-08-25,sz.002643,28.7000,28.7000,28.7000,28.7000,28.7000,0,0.0000,3,,0,0.000000,4.058840,75.216012,7.797683,24.833607,0,0.0
2015-08-26,sz.002643,28.7000,28.7000,28.7000,28.7000,28.7000,0,0.0000,3,,0,0.000000,4.058840,75.216012,7.797683,24.833607,0,0.0
2015-08-27,sz.002643,28.7000,28.7000,28.7000,28.7000,28.7000,0,0.0000,3,,0,0.000000,4.058840,75.216012,7.797683,24.833607,0,0.0
2015-08-28,sz.002643,28.7000,28.7000,28.7000,28.7000,28.7000,0,0.0000,3,,0,0.000000,4.058840,75.216012,7.797683,24.833607,0,0.0
2015-08-31,sz.002643,28.7000,28.7000,28.7000,28.7000,28.7000,0,0.0000,3,,0,0.000000,4.058840,75.216012,7.797683,24.833607,0,0.0
2015-09-01,sz.002643,28.7000,28.7000,28.7000,28.7000,28.7000,0,0.0000,3,,0,0.000000,4.058840,75.216012,7.797683,24.833607,0,0.0
2015-09-02,sz.002643,28.7000,28.7000,28.7000,28.7000,28.7000,0,0.0000,3,,0,0.000000,4.058840,75.216012,7.797683,24.833607,0,0.0
2015-09-07,sz.002643,28.7000,28.7000,28.7000,28.7000,28.7000,0,0.0000,3,,0,0.000000,4.058840,75.216012,7.797683,24.833607,0,0.0
2015-09-08,sz.002643,28.7000,28.7000,28.7000,28.7000,28.7000,0,0.0000,3,,0,0.000000,4.058840,75.216012,7.797683,24.833607,0,0.0
2015-09-09,sz.002643,28.7000,28.7000,28.7000,28.7000,28.7000,0,0.0000,3,,0,0.000000,4.058840,75.216012,7.797683,24.833607,0,0.0
2015-09-10,sz.002643,28.7000,28.7000,28.7000,28.7000,28.7000,0,0.0000,3,,0,0.000000,4.058840,75.216012,7.797683,24.833607,0,0.0
2015-09-11,sz.002643,28.7000,28.7000,28.7000,28.7000,28.7000,0,0.0000,3,,0,0.000000,4.058840,75.216012,7.797683,24.833607,0,0.0
2015-09-14,sz.002643,28.7000,28.7000,28.7000,28.7000,28.7000,0,0.0000,3,,0,0.000000,4.058840,75.216012,7.797683,24.833607,0,0.0
2015-09-15,sz.002643,28.7000,28.7000,28.7000,28.7000,28.7000,0,0.0000,3,,0,0.000000,4.058840,75.216012,7.797683,24.833607,0,0.0
2015-09-16,sz.002643,28.7000,28.7000,28.7000,28.7000,28.7000,0,0.0000,3,,0,0.000000,4.058840,75.216012,7.797683,24.833607,0,0.0
2015-09-17,sz.002643,28.7000,28.7000,28.7000,28.7000,28.7000,0,0.0000,3,,0,0.000000,4.058840,75.216012,7.797683,24.833607,0,0.0
2015-09-18,sz.002643,28.7000,28.7000,28.7000,28.7000,28.7000,0,0.0000,3,,0,0.000000,4.058840,75.216012,7.797683,24.833607,0,0.0
2015-09-21,sz.002643,28.7000,28.7000,28.7000,28.7000,28.7000,0,0.0000,3,,0,0.000000,4.058840,75.216012,7.797683,24.833607,0,0.0
2015-09-22,sz.002643,28.7000,28.7000,28.7000,28.7000,28.7000,0,0.0000,3,,0,0.000000,4.058840,75.216012,7.797683,24.833607,0,0.0
2015-09-23,sz.002643,28.7000,28.7000,28.7000,28.7000,28.7000,0,0.0000,3,,0,0.000000,4.058840,75.216012,7.797683,24.833607,0,0.0
2015-09-24,sz.002643,28.7000,28.7000,28.7000,28.7000,28.7000,0,0.0000,3,,0,0.000000,4.058840,75.216012,7.797683,24.833607,0,0.0
2015-09-25,sz.002643,28.7000,28.7000,28.7000,28.7000,28.7000,0,0.0000,3,,0,0.000000,4.058840,75.216012,7.797683,24.833607,0,0.0
2015-09-28,sz.002643,28.7000,28.7000,28.7000,28.7000,28.7000,0,0.0000,3,,0,0.000000,4.058840,75.216012,7.797683,24.833607,0,0.0
2015-09-29,sz.002643,28.7000,28.7000,28.7000,28.7000,28.7000,0,0.0000,3,,0,0.000000,4.058840,75.216012,7.797683,24.833607,0,0.0
2015-09-30,sz.002643,28.7000,28.7000,28.7000,28.7000,28.7000,0,0.0000,3,,0,0.000000,4.058840,75.216012,7.797683,24.833607,0,0.0
2015-10-08,sz.002643,28.7000,28.7000,28.7000,28.7000,28.7000,0,0.0000,3,,0,0.000000,4.058840,75.216012,7.797683,24.833607,0,0.0
2015-10-09,sz.002643,28.7000,28.7000,28.7000,28.7000,28.7000,0,0.0000,3,,0,0.000000,4.058840,75.216012,7.797683,24.833607,0,0.0
2015-10-12,sz.002643,28.7000,28.7000,28.7000,28.7000,28.7000,0,0.0000,3,,0,0.000000,4.058840,75.216012,7.797683,24.833607,0,0.0
2015-10-13,sz.002643,28.7000,28.7000,28.7000,28.7000,28.7000,0,0.0000,3,,0,0.000000,4.058840,75.216012,7.797683,24.833607,0,0.0
2015-10-14,sz.002643,28.7000,28.7000,28.7000,28.7000,28.7000,0,0.0000,3,,0,0.000000,4.058840,75.216012,7.797683,24.833607,0,0.0
2015-10-15,sz.002643,28.7000,28.7000,28.7000,28.7000,28.7000,0,0.0000,3,,0,0.000000,4.058840,75.216012,7.797683,24.833607,0,0.0
2015-10-16,sz.002643,28.7000,28.7000,28.7000,28.7000,28.7000,0,0.0000,3,,0,0.000000,4.058840,75.216012,7.797683,24.833607,0,0.0
2015-10-19,sz.002643,28.7000,28.7000,28.7000,28.7000,28.7000,0,0.0000,3,,0,0.000000,4.058840,75.216012,7.797683,24.833607,0,0.0
2015-10-20,sz.002643,28.7000,28.7000,28.7000,28.7000,28.7000,0,0.0000,3,,0,0.000000,4.058840,75.216012,7.797683,24.833607,0,0.0
2015-10-21,sz.002643,25.8300,31.5700,25.8300,28.0000,28.7000,38999178,1087285504.0000,3,14.565406,1,-2.439000,3.959844,73.381475,7.607495,24.227909,0,-2.4390243902439046
2015-10-22,sz.002643,27.5000,30.8000,27.5000,30.8000,28.0000,29065206,862415584.0000,3,10.855268,1,10.000000,4.355829,80.719623,8.368245,26.650700,0,10.000000000000009
2015-10-23,sz.002643,32.6600,33.8800,31.6300,33.8800,30.8000,20533805,672823200.0000,3,7.668962,1,10.000000,4.791412,88.791585,9.205069,29.315770,0,10.000000000000009
2015-10-26,sz.002643,34.8000,36.1400,30.8100,31.5100,33.8800,25622250,849748592.0000,3,9.569393,1,-6.995300,4.319206,59.774866,7.724518,25.862556,0,-6.995277449822912
2015-10-27,sz.002643,33.0000,34.6600,31.9800,34.6600,31.5100,15814328,526744176.0000,3,5.906332,1,9.996800,4.750989,65.750455,8.496725,28.447991,0,9.996826404316073
2015-10-28,sz.002643,34.6600,36.1000,33.0300,33.3000,34.6600,17301125,597779184.0000,3,6.461621,1,-3.923800,4.564568,63.170518,8.163328,27.331740,0,-3.9238315060588613
2015-10-29,sz.002643,33.0000,34.3900,32.1400,32.9700,33.3000,9889387,329754064.0000,3,3.693486,1,-0.991000,4.519334,62.544504,8.082430,27.060884,0,-0.9909909909909809
2015-10-30,sz.002643,32.2000,33.9000,31.7000,32.3200,32.9700,11425477,372311680.0000,3,4.267185,1,-1.971500,4.430236,61.311446,7.923086,26.527382,0,-1.9714892326357258
2015-11-02,sz.002643,31.0000,32.3000,31.0000,31.4700,32.3200,6416661,202832993.0000,3,2.396493,1,-2.630000,4.313723,59.698985,7.714712,25.829725,0,-2.6299504950495045
2015-11-03,sz.002643,31.5100,32.7400,31.1300,31.5000,31.4700,6112851,194592286.0000,3,2.283026,1,0.095300,4.317835,59.755896,7.722067,25.854348,0,0.09532888465204614
2015-11-04,sz.002643,31.4000,34.6500,31.4000,34.0500,31.5000,9410967,315942320.0000,3,3.514806,1,8.095200,4.667374,64.593278,8.347186,27.947319,0,8.095238095238088
2015-11-05,sz.002643,33.4800,34.1600,32.4800,32.9000,34.0500,8836954,294385792.0000,3,3.300424,1,-3.377400,4.509739,62.411713,8.065270,27.003430,0,-3.3773861967694496
2015-11-06,sz.002643,32.6000,34.5900,32.6000,33.7000,32.9000,6196055,209791488.0000,3,2.314101,1,2.431600,4.619398,63.929323,8.261386,27.660049,0,2.4316109422492627
2015-11-09,sz.002643,34.0000,37.0700,32.6100,37.0700,33.7000,10850669,383766368.0000,3,4.052506,1,10.000000,5.081338,70.322256,9.087524,30.426054,0,9.999999999999986
2015-11-10,sz.002643,37.0700,38.6500,35.9000,38.1000,37.0700,11894285,443910832.0000,3,4.442275,1,2.778500,5.222524,72.276178,9.340024,31.271450,0,2.7785271108713205
2015-11-11,sz.002643,37.6000,38.0800,36.9800,37.7500,38.1000,4931350,184784382.0000,3,1.841760,1,-0.918600,5.174548,71.612224,9.254223,30.984179,0,-0.9186351706036766
2015-11-12,sz.002643,37.9600,39.3800,36.1500,37.1500,37.7500,6951184,258068506.0000,3,2.596127,1,-1.589400,5.092304,70.474017,9.107136,30.491715,0,-1.5894039735099397
2015-11-13,sz.002643,36.5000,36.6100,34.5000,36.0000,37.1500,5676328,201189064.0000,3,2.119994,1,-3.095600,4.934669,68.292452,8.825219,29.547827,0,-3.0955585464333746
2015-11-16,sz.002643,35.0000,36.1700,34.8000,35.9700,36.0000,2967530,105784156.0000,3,1.108313,1,-0.083300,4.930556,68.235542,8.817865,29.523203,0,-0.08333333333333526
2015-11-17,sz.002643,37.0000,37.1000,34.2000,34.6000,35.9700,4626081,164996882.0000,3,1.727748,1,-3.808700,4.742765,65.636635,8.482016,28.398744,0,-3.8087294968028873
2015-11-18,sz.002643,34.3500,35.5900,33.8800,34.5000,34.6000,3321718,114349527.0000,3,1.240595,1,-0.289000,4.729057,65.446933,8.457502,28.316667,0,-0.28901734104046506
2015-11-19,sz.002643,34.5000,36.4500,34.1200,35.9800,34.5000,4949639,176725044.0000,3,1.848590,1,4.289900,4.931927,68.254512,8.820316,29.531411,0,4.289855072463755
2015-11-20,sz.002643,35.9000,37.7700,35.5000,36.3600,35.9800,5035345,184883088.0000,3,1.880600,1,1.056100,4.984015,68.975377,8.913471,29.843305,0,1.0561423012784843
2015-11-23,sz.002643,36.5000,36.5200,34.2000,34.8900,36.3600,6247465,218476923.0000,3,2.333302,1,-4.042900,4.782516,66.186768,8.553108,28.636769,0,-4.042904290429039
2015-11-24,sz.002643,34.6200,35.3800,33.8800,35.1500,34.8900,3225630,112062184.0000,3,1.204708,1,0.745200,4.818156,66.679991,8.616846,28.850170,0,0.745199197477775
2015-11-25,sz.002643,35.2000,38.0100,35.0000,37.8000,35.1500,7590401,279111984.0000,3,2.834862,1,7.539100,5.181402,71.707075,9.266480,31.025218,0,7.5391180654338585
2015-11-26,sz.002643,38.5000,38.7000,36.6800,36.8900,37.8000,4672535,173897854.0000,3,1.745097,1,-2.407400,5.056665,69.980793,9.043398,30.278314,0,-2.4074074074074026
2015-11-27,sz.002643,37.0500,37.7800,34.4000,35.1200,36.8900,5054076,182604686.0000,3,1.887595,1,-4.798000,4.814043,66.623081,8.609492,28.825546,0,-4.798048251558695
2015-11-30,sz.002643,35.0000,35.9600,33.1000,35.3000,35.1200,3624441,125787675.0000,3,1.353656,1,0.512500,4.838717,66.964543,8.653618,28.973285,0,0.5125284738040969
2015-12-01,sz.002643,35.2000,37.3500,34.1000,36.9100,35.3000,4753618,172271891.0000,3,1.775380,1,4.560900,5.059406,70.018734,9.048301,30.294730,0,4.560906515580743
2015-12-02,sz.002643,36.9000,36.9900,34.0000,36.3500,36.9100,3513305,126956804.0000,3,1.312148,1,-1.517200,4.982645,68.956407,8.911020,29.835097,0,-1.5172040097534367
2015-12-03,sz.002643,36.4000,39.3500,36.2700,38.5500,36.3500,7934143,303640384.0000,3,2.963242,1,6.052300,5.284208,73.129834,9.450339,31.640798,0,6.052269601100391
2015-12-04,sz.002643,38.2800,38.8800,37.5500,38.0200,38.5500,4330186,164455531.0000,3,1.617237,1,-1.374800,5.211558,72.124417,9.320412,31.205788,0,-1.3748378728923316
2015-12-07,sz.002643,38.0000,40.9800,38.0000,40.4300,38.0200,7708002,305618768.0000,3,2.878783,1,6.338800,5.541907,76.696218,9.911211,33.183851,0,6.338769068911088
2015-12-08,sz.002643,40.0000,41.7900,39.4100,40.5000,40.4300,6679770,271320352.0000,3,2.494759,1,0.173100,5.551502,76.829009,9.928372,33.241305,0,0.17313875834776837
2015-12-09,sz.002643,40.1000,40.2000,38.5000,38.7200,40.5000,4224184,165038183.0000,3,1.577647,1,-4.395100,5.307510,73.452326,9.492014,31.780329,0,-4.395061728395067
2015-12-10,sz.002643,38.6000,39.6800,38.0400,39.5500,38.7200,3987730,154913021.0000,3,1.489337,1,2.143600,5.421282,75.026847,9.695484,32.461571,0,2.1435950413223104
2015-12-11,sz.002643,39.1000,39.5000,36.9100,37.6000,39.5500,5954683,225334871.0000,3,2.223954,1,-4.930500,5.153987,71.327672,9.217451,30.861063,0,-4.930467762326163
2015-12-14,sz.002643,36.9500,37.6600,36.1200,37.3900,37.6000,3824950,140403809.0000,3,1.428542,1,-0.558500,5.125202,70.929300,9.165971,30.688701,0,-0.5585106382978711
2015-12-15,sz.002643,37.5000,38.5000,37.1000,37.5600,37.3900,3035714,114438008.0000,3,1.133778,1,0.454700,5.148504,71.251792,9.207645,30.828232,0,0.4546670232682626
2015-12-16,sz.002643,37.9000,39.6900,37.3700,38.8100,37.5600,4706889,181282877.0000,3,1.757928,1,3.328000,5.319847,73.623057,9.514077,31.854199,0,3.3280085197018083
2015-12-17,sz.002643,39.9900,40.2700,38.9600,39.9600,38.8100,6574539,261019495.0000,3,2.455458,1,2.963100,5.477482,75.804622,9.795993,32.798087,0,2.963153826333409
2015-12-18,sz.002643,39.9700,40.8500,39.2800,39.2800,39.9600,3708795,148216308.0000,3,1.385160,1,-1.701700,5.384272,74.514653,9.629295,32.239962,0,-1.7017017017016967
2015-12-21,sz.002643,39.7000,39.7000,38.3100,39.5500,39.2800,2774190,108812895.0000,3,1.036104,1,0.687400,5.421282,75.026847,9.695484,32.461571,0,0.6873727087576276
2015-12-22,sz.002643,39.5500,41.7500,39.5000,39.9100,39.5500,4310156,175013989.0000,3,1.609756,1,0.910200,5.470628,75.709771,9.783736,32.757049,0,0.9102402022755918
2015-12-23,sz.002643,40.0400,40.7500,38.5000,38.6000,39.9100,3847449,150454577.0000,3,1.436945,1,-3.282400,5.291061,73.224685,9.462596,31.681836,0,-3.282385367075913
2015-12-24,sz.002643,38.7500,40.5000,38.4600,40.3000,38.6000,3821223,150746726.0000,3,1.427150,1,4.404100,5.524087,76.449606,9.879343,33.077150,0,4.404145077720201
2015-12-25,sz.002643,40.5000,44.2300,40.5000,42.5100,40.3000,9529499,405791568.0000,3,3.559075,1,5.483900,5.827021,80.642004,10.421113,34.891058,0,5.483870967741944
2015-12-28,sz.002643,42.6100,45.0200,42.6000,42.6400,42.5100,6650085,289876960.0000,3,2.483672,1,0.305800,5.844841,80.888615,10.452982,34.997759,0,0.3058103975535298
2015-12-29,sz.002643,42.2100,43.0000,41.2000,42.3800,42.6400,3642736,152305544.0000,3,1.360488,1,-0.609800,5.809202,80.395392,10.389244,34.784358,0,-0.6097560975609762
2015-12-30,sz.002643,42.3500,43.6000,41.3000,41.6500,42.3800,3260497,136750299.0000,3,1.217730,1,-1.722500,5.709137,79.010573,10.210288,34.185194,0,-1.7225106182161443
2015-12-31,sz.002643,41.4500,42.4700,40.2000,40.5300,41.6500,4108375,168792390.0000,3,1.531897,1,-2.689100,5.555614,76.885919,9.935726,33.265928,0,-2.6890756302520913
2016-01-04,sz.002643,41.9800,44.0000,38.0000,38.5800,40.5300,6277242,263284706.0000,3,2.340607,1,-4.811200,5.288320,73.186745,9.457693,31.665421,0,-4.811250925240573
2016-01-05,sz.002643,39.0000,41.0000,37.0000,40.7500,38.5800,6842770,272332944.0000,3,2.551476,1,5.624700,5.585771,77.303262,9.989658,33.446498,0,5.624675997926398
2016-01-06,sz.002643,41.7500,44.6000,40.9600,44.5500,40.7500,10045950,429968720.0000,3,3.745851,1,9.325200,6.106652,84.511909,10.921209,36.565435,0,9.32515337423312
2016-01-07,sz.002643,43.3300,43.9900,40.1100,40.4100,44.5500,2924945,123968674.0000,3,1.090630,1,-9.292900,5.539166,76.658277,9.906309,33.167435,0,-9.292929292929298
2016-01-08,sz.002643,42.0000,44.4500,40.0000,44.4500,40.4100,9715776,414644928.0000,3,3.622739,1,9.997500,6.092945,84.322208,10.896694,36.483358,0,9.997525365008686
2016-01-11,sz.002643,43.2000,45.4800,40.0100,40.0100,44.4500,13112782,550790576.0000,3,4.889387,1,-9.988800,5.484336,75.899472,9.808251,32.839126,0,-9.988751406074247
2016-01-12,sz.002643,38.0800,39.0000,36.0100,36.0500,40.0100,8245001,302968640.0000,3,3.074328,1,-9.897500,4.941522,68.387303,8.837476,29.588865,0,-9.897525618595349
2016-01-13,sz.002643,36.8900,37.1400,34.0000,36.3900,36.0500,5736057,205638800.0000,3,2.138814,1,0.943100,4.988128,69.032287,8.920826,29.867928,0,0.9431345353675624
2016-01-14,sz.002643,34.5200,36.9300,34.5000,36.7800,36.3900,3890923,141147374.0000,3,1.450815,1,1.071700,5.041586,69.772122,9.016432,30.188029,0,1.0717230008244094
2016-01-15,sz.002643,36.4000,36.4000,34.0300,34.5000,36.7800,4000421,140605222.0000,3,1.491644,1,-6.199000,4.729057,65.446933,8.457502,28.316667,0,-6.199021207177813
2016-01-18,sz.002643,31.7000,34.1500,31.7000,33.6000,34.5000,6803807,223624486.0000,3,2.536948,1,-2.608700,4.605691,63.739622,8.236871,27.577971,0,-2.608695652173909
2016-01-19,sz.002643,33.0000,36.0000,32.6100,35.5200,33.6000,4675547,161862075.0000,3,1.743380,1,5.714300,4.868873,67.381886,8.707550,29.153855,0,5.714285714285716
2016-01-20,sz.002643,35.0000,37.3600,34.5500,36.4500,35.5200,4481241,162921224.0000,3,1.670928,1,2.618200,4.996352,69.146108,8.935534,29.917174,0,2.6182432432432456
2016-01-21,sz.002643,35.6300,37.5500,34.9000,35.4000,36.4500,5021383,183117503.0000,3,1.872332,1,-2.880700,4.852424,67.154245,8.678132,29.055363,0,-2.880658436214001
2016-01-22,sz.002643,35.3200,36.8900,34.4100,36.7500,35.4000,2808868,100416645.0000,3,1.047348,1,3.813600,5.037474,69.715212,9.009078,30.163406,0,3.8135593220339103
2016-01-25,sz.002643,37.2500,37.8000,36.5100,36.7200,36.7500,2580360,96056095.0000,3,0.962143,1,-0.081600,5.033362,69.658301,9.001724,30.138783,0,-0.08163265306122547
2016-01-26,sz.002643,36.7800,37.4800,33.0600,33.1300,36.7200,4213926,149629009.0000,3,1.571254,1,-9.776700,4.541266,62.848026,8.121653,27.192208,0,-9.776688453159032
2016-01-27,sz.002643,33.5800,33.8800,30.3300,33.8800,33.1300,5269201,169575323.0000,3,1.964736,1,2.263800,4.644071,64.270785,8.305512,27.807788,0,2.263809236341685
2016-01-28,sz.002643,33.0300,34.3600,32.0000,32.2700,33.8800,2842104,94710187.0000,3,1.059740,1,-4.752100,4.423382,61.216595,7.910828,26.486343,0,-4.75206611570248
2016-01-29,sz.002643,32.3000,34.2000,31.3000,34.0000,32.2700,2870428,95156156.0000,3,1.070302,1,5.361000,4.660520,64.498427,8.334929,27.906281,0,5.361016423923148
2016-02-01,sz.002643,34.3000,36.4800,34.0500,35.8400,34.0000,5062918,179893139.0000,3,1.887819,1,5.411800,4.912737,67.988930,8.785996,29.416503,0,5.41176470588236
2016-02-02,sz.002643,35.7500,38.0800,35.5000,37.6800,35.8400,4335626,161195788.0000,3,1.616633,1,5.133900,5.164953,71.479433,9.237063,30.926725,0,5.133928571428559
2016-02-03,sz.002643,37.0100,37.9000,36.5300,37.6000,37.6800,3544715,132380027.0000,3,1.321724,1,-0.212300,5.153987,71.327672,9.217451,30.861063,0,-0.2123142250530785
2016-02-04,sz.002643,37.4000,37.9600,35.0000,37.1200,37.6000,5812743,216504858.0000,3,2.167408,1,-1.276600,4.868611,48.928229,7.734943,29.029604,0,-1.276595744680864
2016-02-05,sz.002643,36.6000,37.4800,35.9000,36.0000,37.1200,2011187,73615393.0000,3,0.749915,1,-3.017200,4.721713,47.451946,7.501561,28.153711,0,-3.0172413793103425
2016-02-15,sz.002643,34.9700,36.9900,34.9000,36.2200,36.0000,2253330,81427002.0000,3,0.840203,1,0.611100,4.750568,47.741930,7.547404,28.325761,0,0.6111111111111178
2016-02-16,sz.002643,36.9000,39.8000,36.9000,38.8000,36.2200,4543704,174394231.0000,3,1.694219,1,7.123100,5.088958,51.142653,8.085016,30.343444,0,7.123136388735496
2016-02-17,sz.002643,38.6500,40.5000,38.4100,39.7700,38.8000,5313208,210103531.0000,3,1.981145,1,2.500000,5.216182,52.421219,8.287141,31.102030,0,2.5000000000000133
2016-02-18,sz.002643,39.9000,40.0000,38.7600,38.7600,39.7700,3564619,140177691.0000,3,1.329146,1,-2.539600,5.083711,51.089928,8.076681,30.312162,0,-2.539602715614797
2016-02-19,sz.002643,38.0000,38.3000,37.2800,37.6100,38.7600,3434869,129296530.0000,3,1.280766,1,-2.967000,4.932879,49.574102,7.837047,29.412807,0,-2.96697626418988
2016-02-22,sz.002643,37.8500,38.2000,36.9800,37.5200,37.6100,5281406,197853467.0000,3,1.969287,1,-0.239300,4.921075,49.455472,7.818293,29.342423,0,-0.23929805902684897
2016-02-23,sz.002643,37.8800,38.3300,37.1100,37.6300,37.5200,3383280,127407516.0000,3,1.261530,1,0.293200,4.935502,49.600464,7.841215,29.428448,0,0.29317697228143924
2016-02-24,sz.002643,37.6600,38.3700,37.1100,37.7200,37.6300,4549347,171739527.0000,3,1.696323,1,0.239200,4.947306,49.719094,7.859969,29.498833,0,0.2391708743024079
2016-02-25,sz.002643,37.4900,37.5000,33.9500,34.0000,37.7200,4949824,173951757.0000,3,1.845650,1,-9.862100,4.459396,44.815727,7.084807,26.589616,0,-9.862142099681858
2016-02-26,sz.002643,33.9600,34.4900,33.1200,33.6000,34.0000,2028033,68608757.0000,3,0.756196,1,-1.176500,4.406932,44.288483,7.001457,26.276797,0,-1.17647058823529
2016-02-29,sz.002643,33.5200,33.9900,30.8300,31.2500,33.6000,2744915,86750620.0000,3,1.023501,1,-6.994000,4.098709,41.190925,6.511772,24.438985,0,-6.9940476190476275
2016-03-01,sz.002643,31.2400,33.1900,31.1800,33.0200,31.2500,3506363,112387559.0000,3,1.307424,1,5.664000,4.330860,43.523979,6.880598,25.823209,0,5.664000000000002
2016-03-02,sz.002643,33.0100,34.8000,32.4800,34.2900,33.0200,4084748,136910927.0000,3,1.523087,1,3.846200,4.497432,45.197978,7.145237,26.816410,0,3.8461538461538325
2016-03-03,sz.002643,34.4100,35.1000,33.3900,33.4800,34.2900,3871795,133566697.0000,3,1.443683,1,-2.362200,4.391193,44.130310,6.976452,26.182951,0,-2.3622047244094557
2016-03-04,sz.002643,33.4000,33.4800,30.8000,31.7100,33.4800,7028298,222834393.0000,3,2.620654,1,-5.286700,4.159042,41.797256,6.607625,24.798727,0,-5.286738351254472
2016-03-07,sz.002643,31.7100,32.5600,31.6300,32.3800,31.7100,3384009,108718698.0000,3,1.261802,1,2.112900,4.246919,42.680389,6.747237,25.322699,0,2.1128981393882196
2016-03-08,sz.002643,32.2000,32.2000,30.5000,32.0700,32.3800,2575467,81222798.0000,3,0.960319,1,-0.957400,4.206260,42.271775,6.682640,25.080264,0,-0.9573810994441101
2016-03-09,sz.002643,31.3900,32.3000,30.9400,31.9900,32.0700,2091937,66025505.0000,3,0.780024,1,-0.249500,4.195767,42.166326,6.665970,25.017700,0,-0.2494543186778997
2016-03-10,sz.002643,31.6000,32.0000,30.8100,30.9000,31.9900,2127217,66664081.0000,3,0.793179,1,-3.407300,4.052804,40.729587,6.438840,24.165269,0,-3.4073147858705854
2016-03-11,sz.002643,30.7000,31.2900,29.4300,30.9800,30.9000,2444199,74495074.0000,3,0.911373,1,0.258900,4.063297,40.835036,6.455510,24.227832,0,0.25889967637540146
2016-03-14,sz.002643,31.0000,32.3500,30.9900,31.8000,30.9800,9542484,303104544.0000,3,3.078826,1,2.646900,4.170847,41.915885,6.626379,24.869111,0,2.646868947708203
2016-03-15,sz.002643,31.6000,31.6000,28.9800,29.7600,31.8000,8432636,251983974.0000,3,2.720741,1,-6.415100,3.903283,39.226942,6.201290,23.273734,0,-6.41509433962264
2016-03-16,sz.002643,29.9500,30.0200,28.9700,29.4800,29.7600,2850954,83838081.0000,3,0.919844,1,-0.940900,3.866559,38.857871,6.142945,23.054761,0,-0.9408602150537626
2016-03-17,sz.002643,29.3600,30.3600,29.0200,29.9900,29.4800,4974610,148601748.0000,3,1.605029,1,1.730000,3.933450,39.530107,6.249217,23.453605,0,1.7299864314789692
2016-03-18,sz.002643,30.0000,31.2000,29.8700,30.6500,29.9900,8011319,245928051.0000,3,2.584805,1,2.200700,4.020014,40.400059,6.386746,23.969757,0,2.200733577859282
2016-03-21,sz.002643,31.8500,33.7200,31.6000,33.7200,30.6500,12236906,401860880.0000,3,3.948166,1,10.016300,4.422671,44.446656,7.026462,26.370643,0,10.01631321370311
2016-03-22,sz.002643,33.7200,34.6800,33.0900,33.1300,33.7200,13659884,463255424.0000,3,4.407281,1,-1.749700,4.345288,43.668971,6.903520,25.909234,0,-1.7497034400948852
2016-03-23,sz.002643,32.8300,34.3800,32.8200,33.9000,33.1300,5985525,201735006.0000,3,1.931195,1,2.324200,4.446280,44.683916,7.063970,26.511411,0,2.3241774826441075
2016-03-24,sz.002643,33.6000,34.7900,33.2100,34.6500,33.9000,6194484,210912190.0000,3,1.998614,1,2.212400,4.544649,45.672498,7.220252,27.097947,0,2.212389380530966
2016-03-25,sz.002643,34.5800,34.5800,32.4500,33.4000,34.6500,8647024,288376608.0000,3,2.789912,1,-3.607500,4.380701,44.024861,6.959781,26.120387,0,-3.6075036075036038
2016-03-28,sz.002643,33.5800,33.6000,31.6200,31.8000,33.4000,8265085,270134416.0000,3,2.666681,1,-4.790400,4.170847,41.915885,6.626379,24.869111,0,-4.79041916167664
2016-03-29,sz.002643,31.7100,31.7500,30.6500,31.1400,31.8000,4822329,149926883.0000,3,1.555896,1,-2.075500,4.084282,41.045933,6.488850,24.352960,0,-2.075471698113207
2016-03-30,sz.002643,31.5000,32.2400,31.0000,32.0000,31.1400,4817735,152416065.0000,3,1.554414,1,2.761700,4.197078,42.179507,6.668054,25.025521,0,2.7617212588310736
2016-03-31,sz.002643,32.2200,32.5400,31.5000,31.5300,32.0000,4974764,159303932.0000,3,1.605078,1,-1.468700,4.135434,41.559996,6.570117,24.657958,0,-1.4687499999999964
2016-04-01,sz.002643,31.5800,31.6300,30.5300,31.1800,31.5300,4427875,137402035.0000,3,1.428628,1,-1.110100,4.089528,41.098657,6.497185,24.384242,0,-1.110053916904541
2016-04-05,sz.002643,31.3700,33.3000,31.3000,33.0500,31.1800,7451136,242329430.0000,3,2.404065,1,5.997400,4.334795,43.563522,6.886850,25.846671,0,5.997434252726097
2016-04-06,sz.002643,32.6200,33.3400,32.6000,33.1900,33.0500,8710708,287555344.0000,3,2.810459,1,0.423600,4.353157,43.748058,6.916022,25.956157,0,0.4236006051437258
2016-04-07,sz.002643,33.1900,33.2500,32.5000,32.6400,33.1900,4509292,148296698.0000,3,1.454897,1,-1.657100,4.281020,43.023097,6.801415,25.526031,0,-1.6571256402530765
2016-04-08,sz.002643,32.5900,33.1000,31.6000,32.2000,32.6400,5604796,179805004.0000,3,1.808355,1,-1.348000,4.223310,42.443129,6.709729,25.181930,0,-1.3480392156862697
2016-04-11,sz.002643,32.6000,34.5400,32.3000,34.1700,32.2000,9855750,332339456.0000,3,3.179900,1,6.118000,4.481693,45.039805,7.120231,26.722564,0,6.118012422360253
2016-04-12,sz.002643,34.2000,36.7100,33.7000,36.0000,34.1700,16313407,569503696.0000,3,5.263425,1,5.355600,4.721713,47.451946,7.501561,28.153711,0,5.355575065847229
2016-04-13,sz.002643,36.5100,39.0800,35.8700,38.5500,36.0000,19376570,730775008.0000,3,6.251737,1,7.083300,5.056168,50.813125,8.032921,30.147932,0,7.08333333333333
2016-04-14,sz.002643,38.6600,39.6000,37.5400,38.6600,38.5500,10278284,397503024.0000,3,3.316228,1,0.285300,5.070595,50.958117,8.055843,30.233957,0,0.2853437094682221
2016-04-15,sz.002643,38.1800,40.9000,37.9000,39.2100,38.6600,12868641,512952208.0000,3,4.151991,1,1.422700,5.142733,51.683078,8.170450,30.664083,0,1.422659079151578
2016-04-18,sz.002643,39.2000,40.1200,38.3800,39.5000,39.2100,10643025,420535168.0000,3,3.433910,1,0.739600,5.180769,52.065329,8.230879,30.890877,0,0.7396072430502443
2016-04-19,sz.002643,40.0000,43.3000,40.0000,43.0000,39.5000,13415376,558537232.0000,3,4.328392,1,8.860800,5.639824,56.678713,8.960198,33.628044,0,8.860759493670889
2016-04-20,sz.002643,42.9900,44.5000,39.8000,41.7500,42.7000,13344209,557424080.0000,3,4.305431,1,-2.224800,5.475876,55.031076,8.699727,32.650484,0,-2.9069767441860517
2016-04-21,sz.002643,41.7600,42.5400,39.2500,39.2700,41.7500,9208256,377101008.0000,3,2.970990,1,-5.940100,5.150602,51.762164,8.182953,30.711006,0,-5.940119760479035
2016-04-22,sz.002643,38.8100,42.3500,38.8000,42.0900,39.2700,7454116,305311536.0000,3,2.405027,1,7.181100,5.520470,55.479233,8.770575,32.916380,0,7.18105423987776
2016-04-25,sz.002643,42.0000,42.9700,38.7200,41.4700,42.0900,7255592,296566704.0000,3,2.340974,1,-1.473000,5.439151,54.662005,8.641381,32.431511,0,-1.473033974815885
2016-04-26,sz.002643,41.2000,45.6200,40.1800,45.6200,41.4700,8210082,357541280.0000,3,2.648935,1,10.007200,5.983460,60.132160,9.506145,35.677008,0,10.007234145165178
2016-04-27,sz.002643,45.7200,46.0000,43.8400,44.6000,45.6200,9476586,423282128.0000,3,3.057565,1,-2.235900,5.849678,58.787688,9.293600,34.879320,0,-2.2358614642700503
2016-04-28,sz.002643,44.6000,47.2300,43.7000,45.7000,44.6000,10334786,470310000.0000,3,3.334458,1,2.466400,5.798402,47.954731,8.685433,-25.605709,0,2.4663677130044803
2016-04-29,sz.002643,45.1000,49.4800,45.1000,47.7100,45.7000,9935811,467920992.0000,3,3.205731,1,4.398200,6.053430,50.063899,9.067440,-26.731912,0,4.3982494529540395
2016-05-03,sz.002643,48.2000,50.1400,47.2000,49.4900,47.7100,9745682,474154080.0000,3,3.144387,1,3.730900,6.279276,51.931720,9.405735,-27.729246,0,3.7308740306015498
2016-05-04,sz.002643,48.7800,51.3900,48.6000,49.3400,49.4900,12098642,607001264.0000,3,3.903556,1,-0.303100,6.260244,51.774320,9.377227,-27.645201,0,-0.30309153364316277
2016-05-05,sz.002643,48.9400,48.9900,46.9000,47.5000,49.3400,11840606,563752384.0000,3,3.820302,1,-3.729200,6.026785,49.843538,9.027529,-26.614249,0,-3.7292257802999607
2016-05-06,sz.002643,47.5000,48.1000,46.0800,47.6500,47.5000,13569908,639334608.0000,3,4.378251,1,0.315800,6.045817,50.000939,9.056037,-26.698294,0,0.3157894736842026
2016-05-09,sz.002643,46.8000,47.9300,45.8000,47.3700,47.6500,10851062,509800208.0000,3,3.501031,1,-0.587600,6.010291,49.707124,9.002822,-26.541410,0,-0.5876180482686233
2016-05-10,sz.002643,47.3000,47.7400,43.3000,44.1700,47.3700,13494359,614630960.0000,3,4.353876,1,-6.755300,5.604276,46.349244,8.394652,-24.748450,0,-6.755330377876289
2016-05-11,sz.002643,44.6100,45.4800,44.0000,44.1600,44.1700,8573997,383823344.0000,3,2.766350,1,-0.022600,5.603007,46.338751,8.392751,-24.742847,0,-0.022639800769763685
2016-05-12,sz.002643,43.2000,48.0300,42.8000,47.7100,44.1600,12272935,566925184.0000,3,3.959790,1,8.038900,6.053430,50.063899,9.067440,-26.731912,0,8.038949275362327
2016-05-13,sz.002643,47.7000,50.1500,47.1800,48.1000,47.7100,11840757,576916592.0000,3,3.820351,1,0.817400,6.102913,50.473141,9.141561,-26.950429,0,0.8174386920980936
2016-05-16,sz.002643,47.1600,50.2300,46.5000,49.9500,48.1000,13033742,636737472.0000,3,4.205260,1,3.846200,6.337641,52.414416,9.493160,-27.986984,0,3.8461538461538547
2016-05-17,sz.002643,49.5000,50.0600,47.5000,47.7000,49.9500,11770471,573794544.0000,3,3.797673,1,-4.504500,6.052161,50.053406,9.065540,-26.726309,0,-4.504504504504503
2016-05-18,sz.002643,46.3000,47.1200,44.5000,45.8800,47.7000,8661174,398722656.0000,3,2.794477,1,-3.815500,5.821240,48.143611,8.719643,-25.706563,0,-3.815513626834377
2016-05-19,sz.002643,46.2900,50.4700,46.2900,50.4700,45.8800,15259349,750650320.0000,3,4.923339,1,10.004400,6.403618,52.960071,9.591987,-28.278340,0,10.004359197907586
2016-05-20,sz.002643,50.4000,51.5900,48.5000,48.7000,50.4700,22084922,1106682464.0000,3,7.125570,1,-3.507000,6.179041,51.102743,9.255593,-27.286609,0,-3.507033881513766
2016-05-23,sz.002643,48.3200,49.4400,47.9000,49.2000,48.7000,17779125,865272112.0000,3,5.736330,1,1.026700,6.242481,51.627412,9.350620,-27.566759,0,1.0266940451745477
2016-05-24,sz.002643,48.9100,49.8300,47.0500,48.0000,49.2000,10233382,496226384.0000,3,3.301741,1,-2.439000,6.090225,50.368207,9.122556,-26.894399,0,-2.4390243902439046
2016-05-25,sz.002643,48.3100,48.9500,46.8000,47.3400,48.0000,9156086,437962432.0000,3,2.954157,1,-1.375000,6.006485,49.675644,8.997121,-26.524601,0,-1.374999999999993
2016-05-26,sz.002643,46.7600,47.1000,44.7600,46.7500,47.3400,12731731,583406800.0000,3,4.107818,1,-1.246300,5.931626,49.056535,8.884989,-26.194024,0,-1.2463033375580967
2016-05-27,sz.002643,46.5100,49.4600,46.5000,47.6800,46.7500,13398670,646113776.0000,3,4.323002,1,1.989300,6.049624,50.032419,9.061739,-26.715103,0,1.989304812834214
2016-05-30,sz.002643,46.2900,47.0800,45.1100,45.3900,47.6800,8348959,384429904.0000,3,2.693743,1,-4.802900,5.759069,47.629436,8.626517,-25.432016,0,-4.802852348993292
2016-05-31,sz.002643,45.6800,48.1000,45.4100,47.6800,45.3900,9642271,453919360.0000,3,3.111022,1,5.045200,6.049624,50.032419,9.061739,-26.715103,0,5.045164133068947
2016-06-01,sz.002643,47.5000,50.1000,47.2800,48.3400,47.6800,14129019,692161888.0000,3,4.558645,1,1.384200,6.133364,50.724982,9.187174,-27.084901,0,1.3842281879194784
2016-06-02,sz.002643,48.2000,49.9800,47.9100,48.3600,48.3400,9464493,459765248.0000,3,3.053663,1,0.041400,6.135902,50.745969,9.190975,-27.096107,0,0.041373603640870726
2016-06-03,sz.002643,48.2200,49.0000,47.2800,47.5000,48.3600,10295333,493784048.0000,3,3.321729,1,-1.778300,6.026785,49.843538,9.027529,-26.614249,0,-1.7783291976840365
2016-06-06,sz.002643,47.4700,52.1000,47.4700,51.3000,47.5000,18806299,943977328.0000,3,6.067742,1,8.000000,6.508928,53.831021,9.749731,-28.743389,0,7.999999999999985
2016-06-07,sz.002643,50.6000,51.0600,49.2400,50.2500,51.3000,15131469,753928192.0000,3,4.882080,1,-2.046800,6.375705,52.729217,9.550176,-28.155074,0,-2.0467836257309857
2016-06-08,sz.002643,50.0100,50.0100,48.5200,49.2700,50.2500,9348589,462222752.0000,3,3.016267,1,-1.950200,6.251363,51.700866,9.363923,-27.605980,0,-1.9502487562188975
2016-06-13,sz.002643,48.5000,52.0000,48.3100,48.3100,49.2700,15148338,763408128.0000,3,4.887522,1,-1.948400,6.129558,50.693502,9.181472,-27.068092,0,-1.9484473310330874
2016-06-14,sz.002643,48.1500,48.7000,44.9600,46.4700,48.3100,14273071,665488832.0000,3,4.605123,1,-3.808700,5.896099,48.762721,8.831774,-26.037140,0,-3.808735251500728
2016-06-15,sz.002643,45.7000,50.0000,45.6000,49.0800,46.4700,11832325,574720384.0000,3,3.817630,1,5.616500,6.227255,51.501492,9.327813,-27.499523,0,5.616526791478371
2016-06-16,sz.002643,48.8800,52.9000,48.7100,51.0000,49.0800,16813699,864194032.0000,3,5.424841,1,3.912000,6.470864,53.516220,9.692715,-28.575299,0,3.9119804400977953
2016-06-17,sz.002643,50.8000,52.7500,49.9700,52.5000,51.0000,13975068,717704576.0000,3,4.508974,1,2.941200,6.661184,55.090227,9.977795,-29.415749,0,2.941176470588225
2016-06-20,sz.002643,52.9000,57.7500,51.7200,56.6800,52.5000,23031210,1285758720.0000,3,7.430885,1,7.961900,7.191541,59.476458,10.772218,-31.757803,0,7.96190476190477
2016-06-21,sz.002643,56.7900,58.3800,55.0400,55.8800,56.6800,14670230,832734096.0000,3,4.733264,1,-1.411400,7.090037,58.636988,10.620175,-31.309563,0,-1.4114326040931546
2016-06-22,sz.002643,55.8800,59.4500,55.1800,59.3800,55.8800,14549966,832369808.0000,3,4.694461,1,6.263400,7.534116,62.309670,11.285362,-33.270613,0,6.263421617752329
2016-06-23,sz.002643,58.6700,58.9800,56.3500,56.6800,59.3800,10850900,622421904.0000,3,3.500979,1,-4.547000,7.191541,59.476458,10.772218,-31.757803,0,-4.5469855170090945
2016-06-24,sz.002643,55.8000,57.3900,53.3200,56.3500,56.6800,10609458,592552992.0000,3,3.423079,1,-0.582200,7.149671,59.130176,10.709500,-31.572904,0,-0.5822159491884249
2016-06-27,sz.002643,56.3000,58.5100,55.6100,58.1000,56.3500,8634704,493667344.0000,3,2.785937,1,3.105600,7.371710,60.966517,11.042094,-32.553429,0,3.105590062111796
2016-06-28,sz.002643,57.7800,57.9300,55.6800,56.8800,58.1000,12227860,692121040.0000,3,3.945247,1,-2.099800,7.216917,59.686325,10.810229,-31.869863,0,-2.0998278829604144
2016-06-29,sz.002643,57.1100,57.5000,55.8900,56.3500,56.8800,8498721,479759808.0000,3,2.742062,1,-0.931800,7.149671,59.130176,10.709500,-31.572904,0,-0.931786216596342
2016-06-30,sz.002643,56.8000,56.9000,50.7200,50.8800,56.3500,27524295,1450872688.0000,3,8.878651,1,-9.707200,6.455639,53.390300,9.669909,-28.508063,0,-9.707187222715174
2016-07-01,sz.002643,50.8000,51.4500,49.6600,50.4800,50.8800,11959807,602250560.0000,3,3.857935,1,-0.786200,6.404887,52.970564,9.593888,-28.283943,0,-0.7861635220125951
2016-07-04,sz.002643,50.4000,51.4500,50.1000,50.8500,50.4800,9951564,507145008.0000,3,3.210126,1,0.733000,6.451832,53.358819,9.664208,-28.491254,0,0.7329635499207621
2016-07-05,sz.002643,51.0000,51.3700,49.4000,51.3700,50.8500,13373658,674116896.0000,3,4.314008,1,1.022600,6.517810,53.904475,9.763035,-28.782610,0,1.0226155358898703
2016-07-06,sz.002643,51.0300,51.6500,50.1800,50.7100,51.3700,9542145,486543376.0000,3,3.078058,1,-1.284800,6.434069,53.211912,9.637600,-28.412812,0,-1.2847965738758016
2016-07-07,sz.002643,50.8500,52.0000,49.6000,52.0000,50.7100,14277482,727204336.0000,3,4.605559,1,2.543900,6.597744,54.565558,9.882769,-29.135599,0,2.5438769473476563
2016-07-08,sz.002643,52.0800,52.1000,50.8100,50.8700,52.0000,8001291,411047616.0000,3,2.581017,1,-2.173100,6.454370,53.379806,9.668009,-28.502460,0,-2.173076923076933
2016-07-11,sz.002643,50.8000,51.2000,49.0000,49.2500,50.8700,11355120,565258256.0000,3,3.662878,1,-3.184600,6.248825,51.679879,9.360122,-27.594774,0,-3.184588165913105
2016-07-12,sz.002643,49.4200,49.7000,47.0000,49.4200,49.2500,11908035,576933040.0000,3,3.841235,1,0.345200,6.270394,51.858267,9.392431,-27.690025,0,0.3451776649746163
2016-07-13,sz.002643,49.4700,50.8800,48.9200,50.1500,49.4200,9466677,474101968.0000,3,3.053714,1,1.477100,6.363017,52.624283,9.531170,-28.099044,0,1.477134763253729
2016-07-14,sz.002643,50.2200,50.8600,49.6800,50.1400,50.1500,6207599,311802640.0000,3,2.002417,1,-0.019900,6.361748,52.613790,9.529270,-28.093441,0,-0.01994017946160831
2016-07-15,sz.002643,50.4800,50.5700,49.1600,49.4500,50.1400,5712061,283875152.0000,3,1.842568,1,-1.376100,6.274201,51.889747,9.398133,-27.706834,0,-1.3761467889908174
2016-07-18,sz.002643,49.0000,49.6500,47.6500,48.6200,49.4500,7302267,354386752.0000,3,2.355529,1,-1.678500,6.168891,51.018796,9.240389,-27.241785,0,-1.678463094034388
2016-07-19,sz.002643,48.5000,49.3000,48.3100,48.9900,48.6200,5035281,246052370.0000,3,1.624256,1,0.761000,6.215836,51.407051,9.310708,-27.449096,0,0.7610037021801741
2016-07-20,sz.002643,49.1900,50.2000,48.6400,49.7000,48.9900,7254092,358772112.0000,3,2.339989,1,1.449300,6.305921,52.152081,9.445646,-27.846909,0,1.449275362318847
2016-07-21,sz.002643,49.5900,49.8200,48.8500,48.9500,49.7000,5884146,289897072.0000,3,1.898079,1,-1.509100,6.210761,51.365078,9.303106,-27.426684,0,-1.5090543259557387
2016-07-22,sz.002643,48.9600,49.2900,47.5700,47.7500,48.9500,6582418,318789616.0000,3,2.123324,1,-2.451500,6.058505,50.105873,9.075042,-26.754324,0,-2.4514811031664974
2016-07-25,sz.002643,47.3200,48.0900,47.1200,47.3600,47.7500,5034478,239088693.0000,3,1.623997,1,-0.816800,6.009022,49.696631,9.000922,-26.535807,0,-0.8167539267015744
2016-07-26,sz.002643,47.1800,48.0000,47.1800,47.6700,47.3600,4932474,234487244.0000,3,1.591093,1,0.654600,6.048355,50.021926,9.059838,-26.709500,0,0.6545608108108114
2016-07-27,sz.002643,47.6000,47.6700,43.6200,44.0000,47.6700,12472597,567976592.0000,3,4.023349,1,-7.698800,5.582707,46.170857,8.362343,-24.653199,0,-7.698762324312991
2016-07-28,sz.002643,44.1000,45.2000,43.0300,44.8600,44.0000,8568025,379583760.0000,3,2.763831,1,1.954500,5.691823,47.073287,8.525789,-25.135057,0,1.9545454545454533
2016-07-29,sz.002643,44.6900,45.8000,44.5600,45.0000,44.8600,6158079,278367040.0000,3,1.986443,1,0.312100,5.709586,47.220194,8.552396,-25.213499,0,0.31208203299153414
2016-08-01,sz.002643,44.5000,47.1000,43.5000,46.5500,45.0000,10989735,506008448.0000,3,3.545014,1,3.444400,5.906250,48.846668,8.846979,-26.081964,0,3.4444444444444278
2016-08-02,sz.002643,46.3500,48.2000,46.3100,47.0300,46.5500,8952341,425857952.0000,3,2.887802,1,1.031100,5.967152,49.350350,8.938204,-26.350908,0,1.0311493018259954
2016-08-03,sz.002643,46.7200,48.0400,46.6000,47.0400,47.0300,6094320,288366160.0000,3,1.965876,1,0.021300,5.968421,49.360843,8.940105,-26.356511,0,0.021263023601947317
2016-08-04,sz.002643,47.0000,47.6500,46.2500,47.1100,47.0400,4614704,216748943.0000,3,1.488588,1,0.148800,5.977302,49.434297,8.953408,-26.395732,0,0.14880952380953438
2016-08-05,sz.002643,47.1500,47.1800,45.7500,45.9100,47.1100,4540415,210758464.0000,3,1.464625,1,-2.547200,6.232647,51.546079,9.335889,-27.523330,0,-2.5472298874973487
2016-08-08,sz.002643,45.7100,47.0600,45.1100,46.9900,45.9100,4345265,200401222.0000,3,1.401674,1,2.352400,6.379265,52.758664,9.555509,-28.170797,0,2.3524286647789383
2016-08-09,sz.002643,47.0100,47.5000,46.5600,47.1700,46.9900,4585027,215825458.0000,3,1.479015,1,0.383100,6.403702,52.960761,9.592112,-28.278708,0,0.38306022557990094
2016-08-10,sz.002643,47.3000,49.3100,47.1800,48.5200,47.1700,8904650,433175440.0000,3,2.872418,1,2.862000,6.586975,54.476492,9.866637,-29.088042,0,2.861988552045802
2016-08-11,sz.002643,48.4000,48.4000,46.6000,46.7900,48.5200,6842783,324086272.0000,3,2.207311,1,-3.565500,6.352114,52.534111,9.514839,-28.050896,0,-3.565539983511967
2016-08-12,sz.002643,46.8100,47.6000,46.7000,47.2100,46.7900,2984144,140769161.0000,3,0.962610,1,0.897600,6.409132,53.005672,9.600246,-28.302689,0,0.8976276982261222
2016-08-15,sz.002643,47.4000,48.6800,46.5000,48.1100,47.2100,6044430,288048640.0000,3,1.949782,1,1.906400,6.531314,54.016159,9.783263,-28.842244,0,1.9063757678458026
2016-08-16,sz.002643,48.1000,48.8500,47.9000,48.1600,48.1100,4118225,199114082.0000,3,1.328437,1,0.103900,6.538102,54.072297,9.793431,-28.872219,0,0.10392849719391695
2016-08-17,sz.002643,49.1500,49.5900,48.5100,48.8000,48.1600,6321472,310115712.0000,3,2.039149,1,1.328900,6.624987,54.790866,9.923576,-29.255903,0,1.3289036544850585
2016-08-18,sz.002643,48.8800,50.4100,48.6600,50.1600,48.8000,8715691,432945024.0000,3,2.811464,1,2.786900,6.809618,56.317824,10.200135,-30.071232,0,2.786885245901649
2016-08-19,sz.002643,47.9200,48.3100,45.6500,46.1900,50.1600,18806587,878142080.0000,3,6.066536,1,-7.914700,6.244752,45.024068,8.820731,-66.479496,0,-7.9146730462519965
2016-08-22,sz.002643,45.5300,45.8000,44.3000,44.4000,46.1900,10190408,457250224.0000,3,3.287171,1,-3.875300,6.002750,43.279252,8.478901,-63.903218,0,-3.8752976834812713
2016-08-23,sz.002643,44.4200,44.6800,43.6800,44.2100,44.4000,6062807,268344079.0000,3,1.955710,1,-0.427900,5.977062,43.094048,8.442617,-63.629758,0,-0.427927927927918
2016-08-24,sz.002643,44.3700,44.9200,44.2700,44.6000,44.2100,3879099,172962418.0000,3,1.251301,1,0.882200,6.029789,43.474203,8.517094,-64.191070,0,0.8821533589685515
2016-08-25,sz.002643,44.2900,44.3000,43.3600,43.9500,44.6000,4374909,191645683.0000,3,1.411236,1,-1.457400,5.941911,42.840611,8.392966,-63.255550,0,-1.457399103139012
2016-08-26,sz.002643,44.1400,44.4800,43.5900,43.6500,43.9500,4967724,218816570.0000,3,1.602464,1,-0.682600,5.901352,42.548183,8.335676,-62.823771,0,-0.6825938566553003
2016-08-29,sz.002643,43.3000,44.1600,43.1300,43.7500,43.6500,4136876,181547847.0000,3,1.334453,1,0.229100,5.914871,42.645659,8.354773,-62.967697,0,0.22909507445589838
2016-08-30,sz.002643,44.1800,46.4600,44.1700,44.6900,43.7500,9500929,430680736.0000,3,3.064763,1,2.148600,6.041957,43.561932,8.534281,-64.320603,0,2.148571428571433
2016-08-31,sz.002643,44.3000,44.3200,43.5000,44.1400,44.6900,6242588,273776272.0000,3,2.013703,1,-1.230700,5.967598,43.025815,8.429250,-63.529009,0,-1.2307003803982974
2016-09-01,sz.002643,44.1500,44.6800,43.6600,44.1700,44.1400,4356509,192958528.0000,3,1.405301,1,0.068000,5.971654,43.055057,8.434979,-63.572187,0,0.06796556411419186
2016-09-02,sz.002643,43.8900,44.1100,43.0100,43.5700,44.1700,5403329,235268375.0000,3,1.742979,1,-1.358400,5.890536,42.470203,8.320399,-62.708630,0,-1.3583880461851994
2016-09-05,sz.002643,43.6800,44.2000,43.6500,43.6800,43.5700,3231827,141938690.0000,3,1.042507,1,0.252469,5.905408,42.577426,8.341405,-62.866949,0,0.2524672940096284
2016-09-06,sz.002643,43.7500,44.1900,43.0300,44.1000,43.6800,4302641,187652911.0000,3,1.387925,1,0.961534,5.962190,42.986824,8.421611,-63.471439,0,0.9615384615384581
2016-09-07,sz.002643,44.2800,44.4000,43.3400,43.4000,44.1000,5617116,246748585.0000,3,1.811941,1,-1.587295,5.867553,42.304494,8.287935,-62.463956,0,-1.5873015873015928
2016-09-08,sz.002643,43.4900,43.5900,43.1000,43.2600,43.4000,3361289,145445630.0000,3,1.084268,1,-0.322588,5.848625,42.168028,8.261200,-62.262459,0,-0.3225806451612967
2016-09-09,sz.002643,43.2700,43.4900,42.8800,43.0000,43.2600,4906932,211601105.0000,3,1.582854,1,-0.601013,5.813474,41.914591,8.211548,-61.888251,0,-0.6010171058714708
2016-09-12,sz.002643,42.0100,42.0600,39.7000,40.1800,43.0000,8412556,342691808.0000,3,2.713681,1,-6.558139,5.432218,39.165773,7.673024,-57.829533,0,-6.558139534883722
2016-09-13,sz.002643,40.4800,40.9700,40.4700,40.5900,40.1800,4080458,166100279.0000,3,1.316254,1,1.020408,5.487649,39.565424,7.751320,-58.419631,0,1.0204081632653184
2016-09-14,sz.002643,40.1400,40.5700,40.1400,40.4500,40.5900,2628723,106171110.0000,3,0.847960,1,-0.344911,5.468721,39.428958,7.724584,-58.218134,0,-0.3449125400344921
2016-09-19,sz.002643,40.4800,40.9600,40.3800,40.6300,40.4500,2361109,95842429.0000,3,0.761635,1,0.444995,5.493057,39.604414,7.758958,-58.477201,0,0.4449938195302927
2016-09-20,sz.002643,40.9800,40.9800,40.3300,40.4100,40.6300,1544337,62518550.0000,3,0.498165,1,-0.541475,5.463313,39.389968,7.716946,-58.160563,0,-0.5414718188530787
2016-09-21,sz.002643,40.4000,40.7000,40.3800,40.4500,40.4100,2336619,94723364.0000,3,0.753735,1,0.098988,5.468721,39.428958,7.724584,-58.218134,0,0.09898539965356168
2016-09-22,sz.002643,40.6600,41.4500,40.5200,41.3000,40.4500,4858294,199289350.0000,3,1.567164,1,2.101356,5.583639,40.257502,7.886906,-59.441506,0,2.1013597033374465
2016-09-23,sz.002643,41.3900,41.5200,40.4600,40.5100,41.3000,4667124,191252843.0000,3,1.505498,1,-1.912835,5.476833,39.487443,7.736042,-58.304490,0,-1.9128329297820823
2016-09-26,sz.002643,40.0500,40.6000,39.1200,39.1500,40.5100,4164176,166111422.0000,3,1.343259,1,-3.357188,5.292965,38.161773,7.476328,-56.347094,0,-3.3571957541347786
2016-09-27,sz.002643,39.1600,39.4200,37.9300,38.5000,39.1500,5718701,220558482.0000,3,1.844710,1,-1.660285,5.205087,37.528180,7.352200,-55.411574,0,-1.6602809706257937
2016-09-28,sz.002643,38.6900,38.9400,38.4000,38.5000,38.5000,3153351,121994305.0000,3,1.017192,1,0.000000,5.205087,37.528180,7.352200,-55.411574,0,0.0
2016-09-29,sz.002643,38.7000,39.6000,38.6100,38.9700,38.5000,3779530,147865964.0000,3,1.219182,1,1.220782,5.268630,37.986316,7.441954,-56.088027,0,1.2207792207792112
2016-09-30,sz.002643,39.0000,39.4800,38.9000,39.2800,38.9700,2099248,82327524.0000,3,0.677165,1,0.795477,5.310541,38.288491,7.501154,-56.534198,0,0.7954837054144237
2016-10-10,sz.002643,39.4200,41.3800,39.4000,40.9100,39.2800,5102186,206501400.0000,3,1.645838,1,4.149697,5.530912,39.877347,7.812429,-58.880194,0,4.1496945010183195
2016-10-11,sz.002643,41.1000,41.8500,40.5300,41.3500,40.9100,6068666,250646846.0000,3,1.957600,1,1.075528,5.590399,40.306240,7.896454,-59.513469,0,1.0755316548521243
2016-10-12,sz.002643,41.0600,41.8000,40.9500,41.2700,41.3500,3341158,138156664.0000,3,1.077774,1,-0.193466,5.579583,40.228259,7.881177,-59.398329,0,-0.19347037484884755
2016-10-13,sz.002643,41.1600,41.5700,40.9200,40.9400,41.2700,2836007,116713774.0000,3,0.914825,1,-0.799617,5.534968,39.906589,7.818158,-58.923372,0,-0.7996123091834395
2016-10-14,sz.002643,41.0000,41.5100,40.4800,41.2800,40.9400,3245333,132878190.0000,3,1.046863,1,0.830484,5.580935,40.238007,7.883086,-59.412721,0,0.8304836345872202
2016-10-17,sz.002643,41.3300,41.3500,40.5500,40.5500,41.2800,3274874,134264264.0000,3,1.056393,1,-1.768410,5.482241,39.526434,7.743681,-58.362060,0,-1.768410852713187
2016-10-18,sz.002643,40.1900,41.0500,39.9700,41.0500,40.5500,4913954,199190208.0000,3,1.585119,1,1.233046,5.549839,40.013813,7.839164,-59.081691,0,1.2330456226880449
2016-10-19,sz.002643,41.3100,41.9300,41.0800,41.5000,41.0500,5773153,240102101.0000,3,1.862275,1,1.096226,5.610678,40.452454,7.925099,-59.729359,0,1.0962241169305775
2016-10-20,sz.002643,41.4100,43.9000,41.3000,42.8400,41.5000,8164455,349045584.0000,3,2.633649,1,3.228916,5.791842,41.758629,8.180994,-61.657969,0,3.2289156626506
2016-10-21,sz.002643,43.0000,43.3900,41.4900,41.8500,42.8400,6789720,286501296.0000,3,2.190194,1,-2.310928,5.657997,40.793619,7.991937,-60.233100,0,-2.310924369747902
2016-10-24,sz.002643,41.8300,42.2200,41.4100,41.9700,41.8500,3190855,133438677.0000,3,1.029290,1,0.286745,5.674221,40.910590,8.014853,-60.405812,0,0.28673835125447855
2016-10-25,sz.002643,42.0100,42.1600,41.7000,41.8500,41.9700,2481996,103969633.0000,3,0.800630,1,-0.285925,5.657997,40.793619,7.991937,-60.233100,0,-0.2859185132237263
2016-10-26,sz.002643,41.4700,41.4800,38.5300,39.0000,41.8500,16540169,653152144.0000,3,5.335446,1,-6.810032,3.770842,39.114368,7.336626,40.391523,0,-6.810035842293905
2016-10-27,sz.002643,39.0100,39.1800,38.6800,39.1400,39.0000,4833330,187806331.0000,3,1.559112,1,0.358973,3.784378,39.254779,7.362962,40.536518,0,0.35897435897436214
2016-10-28,sz.002643,39.3000,39.3200,38.7500,38.7500,39.1400,3279358,127800135.0000,3,1.057839,1,-0.996422,3.746669,38.863635,7.289596,40.132603,0,-0.9964230965763932
2016-10-31,sz.002643,38.7200,39.1700,38.3100,39.0000,38.7500,3106987,120831658.0000,3,1.002236,1,0.645161,3.770842,39.114368,7.336626,40.391523,0,0.6451612903225712
2016-11-01,sz.002643,38.8700,39.3500,38.8000,39.2800,39.0000,3597813,140545403.0000,3,1.160565,1,0.717946,3.797914,39.395189,7.389299,40.681513,0,0.7179487179487243
2016-11-02,sz.002643,39.2800,40.1900,39.0200,39.5100,39.2800,6306098,250131225.0000,3,2.034190,1,0.585539,3.820153,39.625864,7.432566,40.919720,0,0.5855397148676111
2016-11-03,sz.002643,39.2800,40.0800,39.1300,39.5100,39.5100,5281174,209578138.0000,3,1.703575,1,0.000000,3.820153,39.625864,7.432566,40.919720,0,0.0
2016-11-04,sz.002643,39.5100,40.1100,39.4000,39.8100,39.5100,5098669,203206240.0000,3,1.644703,1,0.759309,3.849159,39.926743,7.489002,41.230424,0,0.7593014426727551
2016-11-07,sz.002643,39.8200,40.0700,39.3300,39.4500,39.8100,2793321,110468963.0000,3,0.901056,1,-0.904297,3.814351,39.565688,7.421279,40.857579,0,-0.9042954031650341
2016-11-08,sz.002643,39.6500,39.8500,39.2400,39.5500,39.4500,3028941,119643437.0000,3,0.977061,1,0.253482,3.824020,39.665981,7.440091,40.961147,0,0.25348542458807355
2016-11-09,sz.002643,39.6500,39.6500,38.2000,38.9100,39.5500,4491215,175033175.0000,3,1.448754,1,-1.618203,3.762140,39.024104,7.319695,40.298312,0,-1.6182048040455088
2016-11-10,sz.002643,39.3500,39.6400,39.1200,39.5000,38.9100,3983741,157074987.0000,3,1.285055,1,1.516320,3.819186,39.615834,7.430685,40.909363,0,1.5163197121562666
2016-11-11,sz.002643,39.5000,39.6900,38.7100,39.0400,39.5000,5537276,216053648.0000,3,1.786187,1,-1.164555,3.774709,39.154485,7.344151,40.432950,0,-1.1645569620253204
2016-11-14,sz.002643,39.0100,39.3500,38.7200,38.9000,39.0400,3899037,152126116.0000,3,1.257732,1,-0.358605,3.761173,39.014075,7.317814,40.287955,0,-0.3586065573770503
2016-11-15,sz.002643,39.0000,40.9900,38.9300,40.9100,38.9000,12866685,520194000.0000,3,4.150472,1,5.167090,3.955516,41.029969,7.695932,42.369672,0,5.167095115681231
2016-11-16,sz.002643,40.8000,42.2300,40.4300,41.0500,40.9100,14386644,596971200.0000,3,4.640772,1,0.342213,3.969052,41.170380,7.722269,42.514667,0,0.3422146174529406
2016-11-17,sz.002643,40.6800,41.4100,40.1100,40.7500,41.0500,6315677,256185415.0000,3,2.037280,1,-0.730814,3.940046,40.869500,7.665833,42.203963,0,-0.730816077953711
2016-11-18,sz.002643,40.8100,41.8500,40.7800,41.4000,40.7500,5857109,242142615.0000,3,1.889357,1,1.595096,4.002893,41.521406,7.788110,42.877155,0,1.595092024539868
2016-11-21,sz.002643,41.4400,42.4100,41.4400,42.2000,41.4000,7693166,323532960.0000,3,2.481623,1,1.932365,4.080244,42.323752,7.938605,43.705699,0,1.9323671497584627
2016-11-22,sz.002643,42.3900,42.4400,41.4800,41.7400,42.2000,5949960,248536632.0000,3,1.919309,1,-1.090045,4.035767,41.862403,7.852071,43.229286,0,-1.0900473933649346
2016-11-23,sz.002643,41.8300,41.9000,40.7500,40.8700,41.7400,4839366,199521119.0000,3,1.561059,1,-2.084338,3.951649,40.989852,7.688408,42.328245,0,-2.084331576425502
2016-11-24,sz.002643,40.9100,41.1500,40.8000,41.0500,40.8700,3237331,132585871.0000,3,1.044282,1,0.440422,3.969052,41.170380,7.722269,42.514667,0,0.440420846586731
2016-11-25,sz.002643,41.2500,41.2500,39.5100,40.3800,41.0500,4898612,196856463.0000,3,1.580170,1,-1.632152,3.904271,40.498415,7.596230,41.820761,0,-1.6321559074299552
2016-11-28,sz.002643,40.3800,40.9200,40.1800,40.4500,40.3800,3361754,136448643.0000,3,1.084418,1,0.173352,3.911039,40.568620,7.609398,41.893259,0,0.17335314512134659
2016-11-29,sz.002643,40.5000,40.5900,39.5300,39.5300,40.4500,3813732,152375213.0000,3,1.230215,1,-2.274418,3.822086,39.645922,7.436329,40.940433,0,-2.274412855377017
2016-11-30,sz.002643,39.4500,39.9500,39.3300,39.5500,39.5300,2728019,108009674.0000,3,0.879991,1,0.050596,3.824020,39.665981,7.440091,40.961147,0,0.05059448520110532
2016-12-01,sz.002643,39.5000,39.5600,39.1400,39.3600,39.5500,2403713,94439572.0000,3,0.775378,1,-0.480401,3.805649,39.475424,7.404349,40.764368,0,-0.480404551201008
2016-12-02,sz.002643,39.3700,39.4700,38.3200,38.4000,39.3600,3819640,148257690.0000,3,1.232121,1,-2.439022,3.712829,38.512608,7.223755,39.770115,0,-2.4390243902439046
2016-12-05,sz.002643,38.0100,38.8500,37.8000,38.7600,38.4000,2567880,99077232.0000,3,0.828334,1,0.937492,3.747636,38.873664,7.291477,40.142960,0,0.9374999999999911
2016-12-06,sz.002643,39.2000,39.4700,38.7300,38.8000,38.7600,1994408,77794527.0000,3,0.643346,1,0.103202,3.751504,38.913781,7.299002,40.184387,0,0.10319917440659854
2016-12-07,sz.002643,38.6000,39.6800,38.5300,39.5100,38.8000,2961636,116405194.0000,3,0.955350,1,1.829895,3.820153,39.625864,7.432566,40.919720,0,1.8298969072164883
2016-12-08,sz.002643,39.6000,39.6200,38.7200,38.7800,39.5100,2136155,83603980.0000,3,0.689070,1,-1.847632,3.749570,38.893723,7.295240,40.163673,0,-1.8476335105036656
2016-12-09,sz.002643,38.7000,38.8600,38.2000,38.3200,38.7800,2621216,100754286.0000,3,0.845539,1,-1.186176,3.705094,38.432374,7.208705,39.687260,0,-1.186178442496133
2016-12-12,sz.002643,38.2600,38.3200,35.8200,35.9700,38.3200,5093593,187893866.0000,3,1.643066,1,-6.132564,3.477876,36.075482,6.766626,37.253412,0,-6.132567849686854
2016-12-13,sz.002643,35.9000,36.4100,35.3100,36.0400,35.9700,2096643,75406393.0000,3,0.676325,1,0.194606,3.484644,36.145688,6.779795,37.325910,0,0.19460661662495937
2016-12-14,sz.002643,35.9300,36.5800,35.8200,36.0200,36.0400,1549391,55954249.0000,3,0.499795,1,-0.055495,3.482711,36.125629,6.776032,37.305196,0,-0.055493895671465676
2016-12-15,sz.002643,35.8700,37.1200,35.8500,36.4900,36.0200,3074675,112245751.0000,3,0.991813,1,1.304834,3.528154,36.597007,6.864448,37.791966,0,1.3048306496390882
2016-12-16,sz.002643,36.4900,37.5500,36.3600,36.8300,36.4900,2599202,96268789.0000,3,0.838438,1,0.931763,3.561028,36.938004,6.928408,38.144097,0,0.931762126610014
2016-12-19,sz.002643,36.8300,37.3700,36.1200,36.9600,36.8300,3139387,114870539.0000,3,1.012688,1,0.352966,3.573597,37.068386,6.952864,38.278735,0,0.35297311973934153
2016-12-20,sz.002643,36.5100,37.8000,36.4200,36.8500,36.9600,3441496,127251247.0000,3,1.110141,1,-0.297621,3.562962,36.958063,6.932171,38.164811,0,-0.29761904761904656
2016-12-21,sz.002643,36.8500,37.2000,36.5800,36.8300,36.8500,2231288,82099919.0000,3,0.719758,1,-0.054265,3.561028,36.938004,6.928408,38.144097,0,-0.05427408412483903
2016-12-22,sz.002643,36.9300,36.9900,36.5400,36.6500,36.8300,1394711,51163532.0000,3,0.449899,1,-0.488733,3.543624,36.757477,6.894547,37.957675,0,-0.48873201194677973
2016-12-23,sz.002643,36.6800,36.8000,36.0600,36.1800,36.6500,1971663,71718418.0000,3,0.636009,1,-1.282404,3.498181,36.286098,6.806131,37.470905,0,-1.282401091405183
2016-12-26,sz.002643,35.9900,36.6800,35.7500,36.6400,36.1800,2177020,78906135.0000,3,0.702252,1,1.271418,3.542657,36.747447,6.892666,37.947318,0,1.2714206744057543
2016-12-27,sz.002643,36.5000,36.8500,36.4000,36.6600,36.6400,1970256,72235904.0000,3,0.635555,1,0.054586,3.544591,36.767506,6.896428,37.968031,0,0.05458515283842669
2016-12-28,sz.002643,36.6600,36.9200,36.4000,36.4500,36.6600,1626722,59666497.0000,3,0.524740,1,-0.572829,3.524286,36.556890,6.856923,37.750539,0,-0.572831423895237
2016-12-29,sz.002643,36.2500,36.8200,36.2500,36.6000,36.4500,1891781,69191780.0000,3,0.610241,1,0.411516,3.538790,36.707330,6.885141,37.905891,0,0.411522633744843
2016-12-30,sz.002643,36.5200,36.6800,36.0600,36.3000,36.6000,2300775,83431347.0000,3,0.742173,1,-0.819670,3.509783,36.406450,6.828706,37.595187,0,-0.819672131147553
2017-01-03,sz.002643,36.3900,37.3000,36.3700,37.0100,36.3000,2594201,96018807.0000,3,0.836835,1,1.955920,3.578432,37.118532,6.962270,38.330519,0,1.9559228650137817
2017-01-04,sz.002643,37.0900,38.1900,36.7100,38.0000,37.0100,4731739,178150372.0000,3,1.526359,1,2.674957,3.674153,38.111435,7.148507,39.355843,0,2.674952715482304
2017-01-05,sz.002643,37.8900,38.2100,37.6000,37.6700,38.0000,2703586,102200378.0000,3,0.872120,1,-0.868426,3.642246,37.780468,7.086428,39.014068,0,-0.8684210526315739
2017-01-06,sz.002643,37.6000,37.6000,36.8000,36.8200,37.6700,3473230,128739136.0000,3,1.120391,1,-2.256433,3.560061,36.927975,6.926527,38.133740,0,-2.2564374834085466
2017-01-09,sz.002643,36.7100,37.0900,36.1300,36.5200,36.8200,2493778,91267113.0000,3,0.804440,1,-0.814773,3.531055,36.627095,6.870092,37.823036,0,-0.8147745790331284
2017-01-10,sz.002643,36.5200,36.8600,36.3600,36.5900,36.5200,1747653,64119062.0000,3,0.563756,1,0.191675,3.537823,36.697301,6.883260,37.895534,0,0.191675794085433
2017-01-11,sz.002643,36.5500,36.5500,35.7000,35.7100,36.5900,2910356,104751860.0000,3,0.938820,1,-2.405032,3.452737,35.814720,6.717716,36.984135,0,-2.40502869636513
2017-01-12,sz.002643,35.7100,35.8800,35.0200,35.0200,35.7100,2873626,101781841.0000,3,0.926971,1,-1.932228,3.386022,35.122697,6.587914,36.269516,0,-1.9322318678241301
2017-01-13,sz.002643,35.1000,35.2700,34.1300,34.2800,35.0200,3532010,122543571.0000,3,1.139352,1,-2.113083,3.314473,34.380527,6.448706,35.503113,0,-2.1130782410051507
2017-01-16,sz.002643,34.2900,34.2900,31.9100,32.7900,34.2800,3940022,130656147.0000,3,1.270968,1,-4.346552,3.170408,32.886157,6.168409,33.959950,0,-4.346557759626613
2017-01-17,sz.002643,32.6900,33.5800,32.5000,33.4500,32.7900,2078368,68691178.0000,3,0.670438,1,2.012808,3.234222,33.548093,6.292568,34.643498,0,2.0128087831656094
2017-01-18,sz.002643,33.2200,33.7500,32.9500,33.0900,33.4500,1540476,51456317.0000,3,0.496925,1,-1.076235,3.199414,33.187037,6.224845,34.270654,0,-1.076233183856501
2017-01-19,sz.002643,32.9100,33.0700,32.4300,32.6900,33.0900,1451777,47496141.0000,3,0.468313,1,-1.208829,3.160739,32.785864,6.149597,33.856382,0,-1.2088244182532626
2017-01-20,sz.002643,32.2000,33.3700,32.1300,33.2500,32.6900,2706196,89160152.0000,3,0.872962,1,1.713066,3.214884,33.347506,6.254944,34.436362,0,1.7130620985010836
2017-01-23,sz.002643,33.2600,34.2800,32.9800,34.1800,33.2500,2932026,99025416.0000,3,0.945810,1,2.796993,3.304804,34.280233,6.429894,35.399545,0,2.796992481202998
2017-01-24,sz.002643,34.1100,34.3000,33.4000,33.4800,34.1800,1928087,65017937.0000,3,0.621960,1,-2.047984,3.237122,33.578181,6.298211,34.674569,0,-2.047981275599775
2017-01-25,sz.002643,33.3600,34.2700,33.3200,34.1100,33.4800,2324881,78904840.0000,3,0.749958,1,1.881724,3.298036,34.210028,6.416726,35.327047,0,1.8817204301075252
2017-01-26,sz.002643,34.1500,34.5500,33.9900,34.3000,34.1100,1540946,52856817.0000,3,0.497077,1,0.557017,3.316407,34.400585,6.452468,35.523826,0,0.5570214013485675
2017-02-03,sz.002643,34.2900,34.7700,33.9500,34.2900,34.3000,1468648,50410216.0000,3,0.473755,1,-0.029150,3.315440,34.390556,6.450587,35.513470,0,-0.02915451895043608
2017-02-06,sz.002643,34.2500,34.5600,33.9100,34.5000,34.2900,2150985,73653340.0000,3,0.693862,1,0.612421,3.335744,34.601172,6.490092,35.730963,0,0.6124234470691103
2017-02-07,sz.002643,34.4000,34.4800,33.8500,33.9100,34.5000,2076464,70792274.0000,3,0.669824,1,-1.710145,3.278698,34.009441,6.379102,35.119911,0,-1.710144927536239
2017-02-08,sz.002643,33.7900,33.9200,33.1600,33.8100,33.9100,2941560,98523884.0000,3,0.948885,1,-0.294894,3.269030,33.909148,6.360290,35.016343,0,-0.29489826010025144
2017-02-09,sz.002643,33.7100,34.3800,33.7100,34.2800,33.8100,3068397,104628904.0000,3,0.989800,1,1.390113,3.314473,34.380527,6.448706,35.503113,0,1.3901212658976592
2017-02-10,sz.002643,34.1800,34.3400,33.7300,33.8000,34.2800,2278158,77411086.0000,3,0.734886,1,-1.400232,3.268063,33.899119,6.358409,35.005986,0,-1.4002333722287208
2017-02-13,sz.002643,33.8100,34.6000,33.8000,34.5500,33.8000,3169900,109103782.0000,3,1.022543,1,2.218935,3.340579,34.651318,6.499498,35.782747,0,2.2189349112426093
2017-02-14,sz.002643,34.5200,36.1900,34.4200,35.6500,34.5500,6184550,219371004.0000,3,1.995006,1,3.183798,3.446936,35.754544,6.706428,36.921995,0,3.183791606367592
2017-02-15,sz.002643,35.7900,36.4800,35.0000,35.2000,35.6500,6126942,219360864.0000,3,1.976423,1,-1.262274,3.403426,35.303224,6.621775,36.455939,0,-1.2622720897615625
2017-02-16,sz.002643,35.0100,36.3200,34.9100,36.1700,35.2000,5939959,213521033.0000,3,1.916106,1,2.755674,3.497214,36.276069,6.804250,37.460548,0,2.755681818181821
2017-02-17,sz.002643,35.9800,36.1600,35.4200,35.8300,36.1700,3427567,122462377.0000,3,1.105661,1,-0.939995,3.464340,35.935072,6.740290,37.108417,0,-0.9400055294442988
2017-02-20,sz.002643,36.8000,38.3500,36.3300,36.8800,35.8300,12165410,451549072.0000,3,3.924305,1,2.930503,3.565862,36.988151,6.937814,38.195881,0,2.9305051632710244
2017-02-21,sz.002643,36.9000,37.7400,36.0200,37.4100,36.8800,7439900,275609856.0000,3,2.399955,1,1.437090,3.617107,37.519705,7.037517,38.744792,0,1.4370932754880439
2017-02-22,sz.002643,37.4500,38.3700,37.0200,38.2800,37.4100,7024877,265835211.0000,3,2.266077,1,2.325579,3.701226,38.392257,7.201180,39.645833,0,2.3255813953488413
2017-02-23,sz.002643,38.0100,38.5500,38.0000,38.4100,38.2800,5463083,208974425.0000,3,1.762276,1,0.339606,3.713795,38.522638,7.225636,39.780472,0,0.3396029258098121
2017-02-24,sz.002643,38.4400,38.4900,37.8400,38.3800,38.4100,4044127,154330039.0000,3,1.304550,1,-0.078101,3.710895,38.492550,7.219992,39.749401,0,-0.07810466024471552
2017-02-27,sz.002643,38.5000,38.5400,37.2000,37.4000,38.3800,4853250,183480534.0000,3,1.565556,1,-2.553412,3.616140,37.509676,7.035636,38.734435,0,-2.5534132360604533
2017-02-28,sz.002643,37.4000,37.7600,36.8100,37.3300,37.4000,5221273,194469995.0000,3,1.684273,1,-0.187165,3.526369,42.601796,7.348296,-77.378381,0,-0.18716577540106583
2017-03-01,sz.002643,37.3700,37.5000,36.8500,36.9700,37.3300,4732664,175311878.0000,3,1.526658,1,-0.964373,3.492362,42.190957,7.277431,-76.632165,0,-0.9643718189124018
2017-03-02,sz.002643,37.0600,37.2500,36.8600,36.9300,36.9700,3428025,126878445.0000,3,1.105809,1,-0.108198,3.488583,42.145308,7.269558,-76.549253,0,-0.10819583446036729
2017-03-03,sz.002643,36.8000,38.6500,36.6700,38.3000,36.9300,9207005,350122608.0000,3,2.969986,1,3.709718,3.618000,43.708781,7.539238,-79.389016,0,3.709721093961549
2017-03-06,sz.002643,38.3900,39.4000,38.2100,38.8100,38.3000,8245021,320953520.0000,3,2.659670,1,1.331598,3.666177,44.290804,7.639630,-80.446155,0,1.331592689295058
2017-03-07,sz.002643,38.7500,39.5800,38.5500,39.0700,38.8100,6804850,266416649.0000,3,2.195101,1,0.669926,3.690738,44.587522,7.690810,-80.985088,0,0.6699304303014575
2017-03-08,sz.002643,38.8000,39.0400,38.4300,38.6000,39.0700,3844828,148628333.0000,3,1.240261,1,-1.202972,3.646340,44.051147,7.598292,-80.010862,0,-1.2029690299462437
2017-03-09,sz.002643,38.5600,38.9600,37.9000,37.9500,38.6000,4071843,156197073.0000,3,1.313491,1,-1.683932,3.584938,43.309354,7.470341,-78.663529,0,-1.6839378238341918
2017-03-10,sz.002643,37.9200,38.8300,37.7300,38.4000,37.9500,4140437,158997221.0000,3,1.335618,1,1.185773,3.627447,43.822903,7.558923,-79.596298,0,1.1857707509881354
2017-03-13,sz.002643,38.5100,39.5500,38.1100,39.2600,38.4000,6364886,248801049.0000,3,2.053178,1,2.239575,3.708686,44.804354,7.728211,-81.378924,0,2.2395833333333393
2017-03-14,sz.002643,39.2600,39.3700,38.6200,38.8600,39.2600,4157185,161845712.0000,3,1.341020,1,-1.018843,3.670900,44.347865,7.649472,-80.549796,0,-1.0188487009679004
2017-03-15,sz.002643,38.7000,39.2300,38.6100,38.7300,38.8600,3543049,137851062.0000,3,1.142913,1,-0.334537,3.658620,44.199506,7.623882,-80.280329,0,-0.33453422542460975
2017-03-16,sz.002643,39.0000,39.3200,38.7000,39.1000,38.7300,6236028,243335827.0000,3,2.011611,1,0.955329,3.693572,44.621758,7.696715,-81.047273,0,0.9553317841466624
2017-03-17,sz.002643,38.7000,38.8400,37.0100,37.0800,39.1000,12480506,473849824.0000,3,4.025949,1,-5.166232,3.502753,42.316491,7.299085,-76.860176,0,-5.166240409207168
2017-03-20,sz.002643,36.9000,37.4800,36.9000,37.2500,37.0800,3599651,134013769.0000,3,1.161172,1,0.458463,3.518812,42.510499,7.332549,-77.212555,0,0.4584681769147725
2017-03-21,sz.002643,37.2000,37.5800,36.8000,37.2200,37.2500,3260669,121501100.0000,3,1.051823,1,-0.080534,3.515978,42.476262,7.326643,-77.150370,0,-0.08053691275168307
2017-03-22,sz.002643,36.9400,37.4800,36.8700,37.0100,37.2200,4284776,159085256.0000,3,1.382179,1,-0.564221,3.496141,42.236605,7.285305,-76.715078,0,-0.5642127888232151
2017-03-23,sz.002643,37.2000,37.5400,36.8100,37.2000,37.0100,3668420,136414062.0000,3,1.183355,1,0.513381,3.514089,42.453437,7.322706,-77.108914,0,0.5133747635774233
2017-03-24,sz.002643,37.2800,37.3300,36.9000,37.2500,37.2000,2535796,94055154.0000,3,0.817994,1,0.134407,3.518812,42.510499,7.332549,-77.212555,0,0.1344086021505264
2017-03-27,sz.002643,37.2300,37.9800,37.2000,37.4300,37.2500,4243477,159500953.0000,3,1.368856,1,0.483222,3.535816,42.715918,7.367981,-77.585663,0,0.4832214765100762
2017-03-28,sz.002643,37.4900,37.6600,37.1000,37.1400,37.4300,2480200,92679675.0000,3,0.800060,1,-0.774782,3.508421,42.384964,7.310895,-76.984545,0,-0.7747795885653219
2017-03-29,sz.002643,37.1200,37.2600,35.6100,35.6100,37.1400,6054318,219678949.0000,3,1.952996,1,-4.119545,3.363890,40.638895,7.009720,-73.813130,0,-4.119547657512124
2017-03-30,sz.002643,35.7000,35.7000,34.3000,34.3600,35.6100,4299330,149677066.0000,3,1.386873,1,-3.510250,3.245809,39.212369,6.763661,-71.222104,0,-3.5102499297950063
2017-03-31,sz.002643,34.5000,34.6800,34.3400,34.5500,34.3600,2841897,98008375.0000,3,0.916736,1,0.552965,3.263757,39.429201,6.801062,-71.615940,0,0.5529685681024299
2017-04-05,sz.002643,34.5400,35.7200,34.3600,35.4400,34.5500,3036604,106834759.0000,3,0.979545,1,2.575975,3.347831,40.444888,6.976256,-73.460750,0,2.5759768451519616
2017-04-06,sz.002643,35.4500,35.8800,35.1700,35.7300,35.4400,2253794,80183075.0000,3,0.727027,1,0.818287,3.375226,40.775842,7.033341,-74.061868,0,0.8182844243792342
2017-04-07,sz.002643,35.6000,35.7200,35.2100,35.3000,35.7300,1815024,64337639.0000,3,0.585489,1,-1.203471,3.334606,40.285117,6.948697,-73.170556,0,-1.2034704729918855
2017-04-10,sz.002643,35.1000,35.1900,34.2000,34.4300,35.3000,3306819,114097366.0000,3,1.066710,1,-2.464586,3.252422,39.292254,6.777440,-71.367202,0,-2.464589235127468
2017-04-11,sz.002643,34.4300,35.2900,34.3100,34.9800,34.4300,2295817,79880619.0000,3,0.740582,1,1.597442,3.304377,39.919926,6.885706,-72.507253,0,1.5974440894568565
2017-04-12,sz.002643,35.0000,36.5500,35.0000,36.1800,34.9800,5507303,199148238.0000,3,1.776540,1,3.430534,3.417735,41.289392,7.121922,-74.994637,0,3.4305317324185403
2017-04-13,sz.002643,36.1300,36.3000,35.6800,36.0500,36.1800,2351120,84645548.0000,3,0.758422,1,-0.359318,3.405454,41.141033,7.096332,-74.725171,0,-0.35931453841901995
2017-04-14,sz.002643,35.9200,36.0400,35.4600,35.7500,36.0500,1576946,56326638.0000,3,0.508690,1,-0.832175,3.377115,40.798666,7.037278,-74.103325,0,-0.832177531206646
2017-04-17,sz.002643,35.4500,35.6800,35.0300,35.2800,35.7500,1650643,58307225.0000,3,0.532463,1,-1.314689,3.332717,40.262292,6.944760,-73.129099,0,-1.3146853146853155
2017-04-18,sz.002643,35.3100,35.4500,34.0500,34.1700,35.2800,3025480,104633177.0000,3,0.975956,1,-3.146260,3.227861,38.995537,6.726260,-70.828269,0,-3.1462585034013557
2017-04-19,sz.002643,34.0900,35.0800,33.0100,34.6300,34.1700,2966749,101917198.0000,3,0.957011,1,1.346219,3.271315,39.520498,6.816810,-71.781766,0,1.346210125841374
2017-04-20,sz.002643,34.5100,34.5800,33.8900,34.1400,34.6300,1912443,65387695.0000,3,0.616914,1,-1.414963,3.225027,38.961300,6.720355,-70.766084,0,-1.414958128790067
2017-04-21,sz.002643,34.2500,34.2800,33.5600,33.5600,34.1400,1863686,62970054.0000,3,0.601186,1,-1.698881,3.170237,38.299391,6.606183,-69.563848,0,-1.698886936145283
2017-04-24,sz.002643,33.5100,34.2400,33.1500,34.0700,33.5600,4452980,150941447.0000,3,1.436438,1,1.519661,3.218414,38.881414,6.706575,-70.620987,0,1.5196662693682805
2017-04-25,sz.002643,33.9000,34.2400,33.6000,33.7200,34.0700,1880216,63884752.0000,3,0.606518,1,-1.027292,3.185352,38.481987,6.637679,-69.895500,0,-1.0272967420017598
2017-04-26,sz.002643,33.6500,34.5700,33.6100,34.1500,33.7200,2735285,93629307.0000,3,0.882345,1,1.275208,3.225971,38.972712,6.722323,-70.786812,0,1.2752075919335804
2017-04-27,sz.002643,34.6900,36.4200,34.5500,36.1000,34.1500,8243831,292882272.0000,3,2.659286,1,5.710093,3.440523,39.965745,6.446150,131.766589,0,5.710102489019042
2017-04-28,sz.002643,35.9400,37.1700,35.9400,36.7300,36.1000,6213044,227906997.0000,3,2.004197,1,1.745155,3.500566,40.663208,6.558646,134.066117,0,1.7451523545706227
2017-05-02,sz.002643,36.4000,37.0900,36.2400,36.5000,36.7300,3478824,127120765.0000,3,1.122195,1,-0.626190,3.478645,40.408579,6.517576,133.226607,0,-0.6261911244214491
2017-05-03,sz.002643,36.5400,36.9000,36.3300,36.7700,36.5000,2933634,107469326.0000,3,0.946329,1,0.739727,3.504378,40.707492,6.565788,134.212118,0,0.7397260273972694
2017-05-04,sz.002643,36.6000,36.6900,35.8000,35.9400,36.7700,3481891,125911832.0000,3,1.123185,1,-2.257280,3.425274,39.788612,6.417580,131.182582,0,-2.2572749524068625
2017-05-05,sz.002643,35.9800,37.1300,35.6800,37.0000,35.9400,6723386,246028784.0000,3,2.168823,1,2.949364,3.526298,40.962121,6.606858,135.051629,0,2.949360044518645
2017-05-08,sz.002643,37.4500,38.6000,36.9900,37.0000,37.0000,12420120,471584736.0000,3,4.006469,1,0.000000,3.526298,40.962121,6.606858,135.051629,0,0.0
2017-05-09,sz.002643,36.5000,38.4500,36.4200,38.2800,37.0000,7669443,289468928.0000,3,2.474001,1,3.459456,3.648289,42.379189,6.835419,139.723685,0,3.4594594594594685
2017-05-10,sz.002643,38.4100,39.2000,37.6900,37.7700,38.2800,9653279,372852160.0000,3,3.113945,1,-1.332284,3.599683,41.814576,6.744352,137.862163,0,-1.3322884012539116
2017-05-11,sz.002643,37.6900,38.6600,37.1700,38.0300,37.7700,7399784,280948528.0000,3,2.387015,1,0.688373,3.624463,42.102418,6.790778,138.811174,0,0.688377018797981
2017-05-12,sz.002643,38.0700,38.5600,37.6100,37.7700,38.0300,6491564,247299684.0000,3,2.094042,1,-0.683666,3.599683,41.814576,6.744352,137.862163,0,-0.683670786221402
2017-05-15,sz.002643,14.9700,15.2400,14.2800,14.3000,14.9700,18189014,268505968.0000,3,2.342380,1,-4.475618,3.407166,39.578266,6.383653,130.489074,0,-62.13926396611067
2017-05-16,sz.002643,14.2900,15.7300,14.2000,15.7300,14.3000,27223666,416374608.0000,3,3.505861,1,9.999995,3.747883,43.536092,7.022018,143.537981,0,9.999999999999986
2017-05-17,sz.002643,16.3500,16.6900,15.7000,16.0400,15.7300,56877579,924839296.0000,3,7.324690,1,1.970765,3.821745,44.394083,7.160405,146.366765,0,1.9707565162110585
2017-05-18,sz.002643,15.7200,16.5100,15.7200,16.3400,16.0400,31596428,512513216.0000,3,4.068985,1,1.870319,3.893224,45.224396,7.294328,149.104298,0,1.8703241895261957
2017-05-19,sz.002643,16.2200,16.5900,15.9300,16.0600,16.3400,28291975,459253744.0000,3,3.643438,1,-1.713591,3.826510,44.449437,7.169334,146.549267,0,-1.7135862913096767
2017-05-22,sz.002643,16.1300,16.1300,15.1700,15.3500,16.0600,25095627,391379680.0000,3,3.231813,1,-4.420916,3.657343,42.484362,6.852383,140.070439,0,-4.420921544209211
2017-05-23,sz.002643,15.4000,15.7400,14.9100,15.0000,15.3500,18469905,281843696.0000,3,2.378553,1,-2.280133,3.573951,41.515663,6.696140,136.876651,0,-2.28013029315961
2017-05-24,sz.002643,14.8000,15.8900,14.8000,15.5500,15.0000,26597166,411588304.0000,3,3.425181,1,3.666668,3.704996,43.037904,6.941665,141.895461,0,3.6666666666666625
2017-05-25,sz.002643,15.5100,15.7200,14.9900,15.5500,15.5500,24698243,378984368.0000,3,3.180638,1,0.000000,3.704996,43.037904,6.941665,141.895461,0,0.0
2017-05-26,sz.002643,15.5800,15.7200,15.1200,15.1300,15.5500,17067939,263265017.0000,3,2.198008,1,-2.700965,3.604925,41.875466,6.754173,138.062915,0,-2.700964630225078
2017-05-31,sz.002643,15.4100,15.4800,14.8500,14.9300,15.1300,18091694,274687216.0000,3,2.329847,1,-1.321876,3.557272,41.321923,6.664891,136.237893,0,-1.3218770654329193
2017-06-01,sz.002643,14.8000,15.2500,13.4800,13.8000,14.9300,22700544,327717328.0000,3,2.923374,1,-7.568655,3.288035,38.194410,6.160448,125.926519,0,-7.568653717347617
2017-06-02,sz.002643,13.5500,14.1300,13.2500,13.9300,13.8000,16642211,227504794.0000,3,2.143182,1,0.942030,3.319009,38.554213,6.218482,127.112783,0,0.9420289855072372
2017-06-05,sz.002643,13.8500,14.2700,13.6900,13.9100,13.9300,11372185,159190287.0000,3,1.464509,1,-0.143578,3.314244,38.498858,6.209553,126.930281,0,-0.1435750179468731
2017-06-06,sz.002643,13.9000,14.0500,13.7000,13.9600,13.9100,8042050,111817308.0000,3,1.035654,1,0.359455,3.326157,38.637244,6.231874,127.386536,0,0.35945363048166534
2017-06-07,sz.002643,13.9100,14.8700,13.8100,14.6100,13.9600,19445114,282416160.0000,3,2.504140,1,4.656157,3.481028,40.436256,6.522040,133.317858,0,4.656160458452718
2017-06-08,sz.002643,14.5000,14.9600,14.4700,14.7600,14.6100,16093255,237255860.0000,3,2.072488,1,1.026698,3.516768,40.851413,6.589001,134.686624,0,1.0266940451745477
2017-06-09,sz.002643,14.7700,14.7700,14.3900,14.5500,14.7600,8627390,125194079.0000,3,1.111035,1,-1.422764,3.466732,40.270193,6.495255,132.770351,0,-1.4227642276422703
2017-06-12,sz.002643,14.4000,14.7400,14.0000,14.1200,14.5500,11431936,163330809.0000,3,1.472204,1,-2.955328,3.364279,39.080078,6.303299,128.846554,0,-2.9553264604811114
2017-06-13,sz.002643,14.1000,14.6800,14.0000,14.5900,14.1200,15020889,215595256.0000,3,1.934389,1,3.328614,3.476263,40.380902,6.513112,133.135356,0,3.3286118980170087
2017-06-14,sz.002643,14.5200,14.6500,14.3400,14.3800,14.5900,7813044,112874334.0000,3,1.006163,1,-1.439342,3.426228,39.799683,6.419366,131.219082,0,-1.439342015078815
2017-06-15,sz.002643,14.3200,14.7300,14.3000,14.4900,14.3800,10168402,148191746.0000,3,1.309486,1,0.764949,3.452436,40.104131,6.468471,132.222845,0,0.7649513212795611
2017-06-16,sz.002643,14.4900,14.5400,14.1300,14.2000,14.4900,8495489,121464731.0000,3,1.094048,1,-2.001380,3.383340,39.301495,6.339012,129.576563,0,-2.00138026224983
2017-06-19,sz.002643,14.3000,14.4600,14.2100,14.4100,14.2000,6719727,96520584.0000,3,0.865366,1,1.478874,3.433375,39.882714,6.432758,131.492836,0,1.4788732394366289
2017-06-20,sz.002643,14.4900,14.9200,14.3700,14.8900,14.4100,14527677,213368297.0000,3,1.870873,1,3.331023,3.547742,41.211215,6.647035,135.872889,0,3.3310201249132643
2017-06-21,sz.002643,14.8000,14.9400,14.5600,14.8200,14.8900,11341002,167401115.0000,3,1.460493,1,-0.470118,3.531063,41.017475,6.615786,135.234131,0,-0.4701141705842904
2017-06-22,sz.002643,14.7500,14.8400,14.3000,14.3400,14.8200,9374343,137101184.0000,3,1.207227,1,-3.238863,3.416697,39.688974,6.401509,130.854078,0,-3.238866396761142
2017-06-23,sz.002643,14.2200,14.5300,13.8700,14.5000,14.3400,12410790,175735608.0000,3,1.598260,1,1.115759,3.454819,40.131808,6.472935,132.314096,0,1.115760111576014
2017-06-26,sz.002643,14.4500,14.7300,14.3600,14.6400,14.5000,9258019,135031949.0000,3,1.192247,1,0.965520,3.488176,40.519287,6.535432,133.591611,0,0.9655172413793212
2017-06-27,sz.002643,14.6600,14.7600,14.5300,14.6200,14.6400,5778000,84566452.0000,3,0.744090,1,-0.136615,3.483411,40.463933,6.526504,133.409109,0,-0.1366120218579292
2017-06-28,sz.002643,14.5400,14.7500,14.5300,14.6900,14.6200,5953563,87138170.0000,3,0.766699,1,0.478794,3.500089,40.657673,6.557753,134.047867,0,0.4787961696306464
2017-06-29,sz.002643,14.7000,15.0600,14.6700,14.9500,14.6900,9782984,145694152.0000,3,1.259852,1,1.769913,3.562038,41.377278,6.673819,136.420395,0,1.7699115044247815
2017-06-30,sz.002643,14.8800,14.9000,14.6900,14.7600,14.9500,6527203,96591659.0000,3,0.840573,1,-1.270900,3.516768,40.851413,6.589001,134.686624,0,-1.2709030100334417
2017-07-03,sz.002643,14.6800,14.7600,14.4000,14.6000,14.7600,10145971,147813356.0000,3,1.306597,1,-1.084010,3.478645,40.408579,6.517576,133.226607,0,-1.084010840108407
2017-07-04,sz.002643,14.6800,14.9600,14.4600,14.9500,14.6000,12572793,185452013.0000,3,1.619123,1,2.397256,3.562038,41.377278,6.673819,136.420395,0,2.397260273972601
2017-07-05,sz.002643,15.0800,15.2400,14.8000,14.8900,14.9500,17221175,257929100.0000,3,2.217741,1,-0.401334,3.547742,41.211215,6.647035,135.872889,0,-0.4013377926421313
2017-07-06,sz.002643,14.8000,15.6200,14.7400,15.3900,14.8900,24961305,380575888.0000,3,3.214515,1,3.357958,3.666874,42.595070,6.870239,140.435444,0,3.3579583613163155
2017-07-07,sz.002643,15.2800,15.4900,15.2000,15.3200,15.3900,12967397,198808420.0000,3,1.669940,1,-0.454845,3.650195,42.401331,6.838991,139.796686,0,-0.4548408057180042
2017-07-10,sz.002643,15.2800,15.4400,15.0700,15.1100,15.3200,10161955,154779470.0000,3,1.308656,1,-1.370757,3.600160,41.820111,6.745245,137.880413,0,-1.3707571801566676
2017-07-11,sz.002643,15.0500,15.2200,14.7200,14.7900,15.1100,9469489,141338627.0000,3,1.219480,1,-2.117801,3.523916,40.934444,6.602394,134.960378,0,-2.1178027796161514
2017-07-12,sz.002643,14.8000,14.8200,14.0900,14.3800,14.7900,13697899,196452857.0000,3,1.764014,1,-2.772142,3.426228,39.799683,6.419366,131.219082,0,-2.772143340094646
2017-07-13,sz.002643,14.2600,14.3500,13.9000,13.9500,14.3800,15296123,214986224.0000,3,1.969833,1,-2.990266,3.323774,38.609567,6.227410,127.295285,0,-2.9902642559110015
2017-07-14,sz.002643,13.9000,14.0800,13.5700,13.7200,13.9500,10895824,150349105.0000,3,1.403163,1,-1.648742,3.268974,37.972993,6.124736,125.196510,0,-1.6487455197132572
2017-07-17,sz.002643,13.7700,13.7700,12.6800,12.7900,13.7200,16918999,220971390.0000,3,2.178827,1,-6.778428,3.047389,35.399022,5.709575,116.710157,0,-6.778425655976683
2017-07-18,sz.002643,12.8200,12.9900,12.2700,12.8300,12.7900,12594919,159462804.0000,3,1.621973,1,0.312744,3.056919,35.509731,5.727431,117.075162,0,0.31274433150900727
2017-07-19,sz.002643,12.8400,12.9500,12.5100,12.9200,12.8300,12171362,155012373.0000,3,1.567427,1,0.701482,3.078363,35.758825,5.767608,117.896422,0,0.7014809041309356
2017-07-20,sz.002643,12.9100,13.2700,12.8300,12.9200,12.9200,9514095,124266705.0000,3,1.225224,1,0.000000,3.078363,35.758825,5.767608,117.896422,0,0.0
2017-07-21,sz.002643,12.8600,13.1700,12.8600,12.9400,12.9200,5767180,74963949.0000,3,0.742697,1,0.154795,3.083128,35.814179,5.776536,118.078924,0,0.1547987616099089
2017-07-24,sz.002643,12.8600,13.5400,12.7600,13.4300,12.9400,14076260,186770453.0000,3,1.812740,1,3.786714,3.199877,37.170357,5.995277,122.550228,0,3.7867078825347678
2017-07-25,sz.002643,13.3700,13.4100,13.0900,13.2500,13.4300,7994625,105888599.0000,3,1.029547,1,-1.340285,3.156990,36.672169,5.914923,120.907708,0,-1.3402829486224843
2017-07-26,sz.002643,13.1900,13.3600,12.9800,13.1600,13.2500,7411536,97084575.0000,3,0.954457,1,-0.679246,3.135546,36.423075,5.874747,120.086448,0,-0.67924528301887
2017-07-27,sz.002643,13.1200,13.6500,12.9800,13.4200,13.1600,11281843,150483065.0000,3,1.452875,1,1.975686,3.197495,37.142680,5.990813,122.458977,0,1.9756838905774954
2017-07-28,sz.002643,13.3300,13.4300,13.1600,13.2500,13.4200,8033114,106489193.0000,3,1.034504,1,-1.266767,3.156990,36.672169,5.914923,120.907708,0,-1.266766020864385
2017-07-31,sz.002643,13.3200,13.5400,13.1900,13.3200,13.2500,9002009,120279320.0000,3,1.159278,1,0.528300,3.173668,36.865909,5.946172,121.546466,0,0.5283018867924483
2017-08-01,sz.002643,13.4800,13.7800,13.4300,13.5500,13.3200,11737020,159375542.0000,3,1.511492,1,1.726731,3.228469,37.502482,6.048846,123.645241,0,1.726726726726735
2017-08-02,sz.002643,13.5000,13.5300,13.3000,13.3000,13.5500,8536888,114166018.0000,3,1.099380,1,-1.845018,3.168903,36.810555,5.937244,121.363964,0,-1.845018450184499
2017-08-03,sz.002643,13.3300,13.3900,13.0700,13.1100,13.3000,7580259,100131432.0000,3,0.976185,1,-1.428575,3.123633,36.284690,5.852426,119.630193,0,-1.4285714285714346
2017-08-04,sz.002643,13.1000,13.1300,12.8200,12.8200,13.1100,7336455,94935042.0000,3,0.944788,1,-2.212052,3.054537,35.482054,5.722967,116.983911,0,-2.2120518688024338
2017-08-07,sz.002643,12.8300,13.0200,12.7800,12.8600,12.8200,5416527,69712164.0000,3,0.697540,1,0.312012,3.064067,35.592762,5.740824,117.348915,0,0.31201248049921304
2017-08-08,sz.002643,12.8600,12.9600,12.7100,12.9300,12.8600,5808932,74616681.0000,3,0.748074,1,0.544328,3.080746,35.786502,5.772072,117.987673,0,0.5443234836703059
2017-08-09,sz.002643,12.8600,12.9100,12.6800,12.7100,12.9300,6358111,81196029.0000,3,0.818797,1,-1.701471,3.028328,35.177605,5.673862,115.980149,0,-1.7014694508893924
2017-08-10,sz.002643,12.7300,13.1500,12.7100,12.9200,12.7100,12147099,157190989.0000,3,1.564302,1,1.652243,3.078363,35.758825,5.767608,117.896422,0,1.6522423288748866
2017-08-11,sz.002643,12.8000,12.9200,12.7000,12.7500,12.9200,5868500,75050782.0000,3,0.755745,1,-1.315790,3.037858,35.288314,5.691719,116.345153,0,-1.3157894736842146
2017-08-14,sz.002643,12.7500,13.2600,12.7500,13.2100,12.7500,11259858,147638482.0000,3,1.450044,1,3.607843,3.147459,36.561461,5.897067,120.542704,0,3.607843137254907
2017-08-15,sz.002643,13.1500,13.3900,12.9600,13.1700,13.2100,14077708,184813569.0000,3,1.812926,1,-0.302801,3.137929,36.450752,5.879211,120.177699,0,-0.3028009084027339
2017-08-16,sz.002643,13.1600,13.3400,13.0100,13.3300,13.1700,10954333,144976777.0000,3,1.410698,1,1.214881,3.176051,36.893586,5.950636,121.637717,0,1.214882308276377
2017-08-17,sz.002643,13.3300,13.8200,13.2700,13.7200,13.3300,22069680,301444928.0000,3,2.842131,1,2.925734,3.183156,35.941607,5.615332,49.510894,0,2.925731432858214
2017-08-18,sz.002643,13.6900,13.8700,13.4500,13.4700,13.7200,12260062,167176951.0000,3,1.497011,1,-1.822157,3.125154,35.286694,5.513012,48.608727,0,-1.8221574344023272
2017-08-21,sz.002643,13.5100,13.7500,13.4200,13.5500,13.4700,9449962,128162392.0000,3,1.153884,1,0.593912,3.143715,35.496267,5.545754,48.897420,0,0.5939123979213035
2017-08-22,sz.002643,13.6000,13.6900,13.3700,13.5300,13.5500,8684200,117499096.0000,3,1.060381,1,-0.147605,3.139075,35.443874,5.537569,48.825247,0,-0.14760147601476925
2017-08-23,sz.002643,13.5100,13.5500,13.2000,13.3000,13.5300,8602533,114901602.0000,3,1.050409,1,-1.699923,3.085713,34.841354,5.443434,47.995254,0,-1.6999260901699786
2017-08-24,sz.002643,13.2500,13.4500,13.2100,13.2700,13.3000,6623651,88253626.0000,3,0.808779,1,-0.225562,3.078752,34.762764,5.431156,47.886994,0,-0.22556390977443996
2017-08-25,sz.002643,13.2800,13.4800,13.2300,13.4600,13.2700,6356478,85164836.0000,3,0.776156,1,1.431798,3.122834,35.260498,5.508919,48.572640,0,1.4318010550113058
2017-08-28,sz.002643,13.4600,13.7500,13.4500,13.6200,13.4600,9236797,125846391.0000,3,1.127856,1,1.188706,3.159955,35.679642,5.574404,49.150027,0,1.1887072808320909
2017-08-29,sz.002643,13.7300,13.7400,13.4500,13.4900,13.6200,6677335,90335389.0000,3,0.815334,1,-0.954480,3.129794,35.339087,5.521198,48.680900,0,-0.9544787077826689
2017-08-30,sz.002643,13.4900,14.0300,13.3900,13.8700,13.4900,16600377,229299431.0000,3,2.026983,1,2.816902,3.217957,36.334555,5.676724,50.052193,0,2.8169014084507005
2017-08-31,sz.002643,13.8400,14.1100,13.7500,13.9900,13.8700,12257582,171067360.0000,3,1.496708,1,0.865176,3.245798,36.648913,5.725838,50.485233,0,0.8651766402307137
2017-09-01,sz.002643,14.0800,14.1900,13.9200,14.0400,13.9900,9379859,131725043.0000,3,1.145325,1,0.357399,3.257399,36.779895,5.746302,50.665667,0,0.3573981415296634
2017-09-04,sz.002643,14.0500,14.5200,13.9900,14.3600,14.0400,16623595,238158156.0000,3,2.029818,1,2.279200,3.331642,37.618184,5.877272,51.820440,0,2.279202279202286
2017-09-05,sz.002643,14.5500,14.7400,14.3200,14.3400,14.3600,17444864,253393322.0000,3,2.130099,1,-0.139272,3.327001,37.565791,5.869086,51.748266,0,-0.139275766016711
2017-09-06,sz.002643,14.2100,14.5300,14.1800,14.4100,14.3400,10071691,144631684.0000,3,1.229800,1,0.488143,3.343242,37.749166,5.897736,52.000873,0,0.4881450488145145
2017-09-07,sz.002643,14.3600,14.4200,14.0800,14.1100,14.4100,10181698,145219629.0000,3,1.243233,1,-2.081889,3.273639,36.963271,5.774952,50.918273,0,-2.0818875780707846
2017-09-08,sz.002643,14.1200,14.3600,14.0700,14.2200,14.1100,9003944,127998288.0000,3,1.099424,1,0.779593,3.299160,37.251432,5.819973,51.315226,0,0.7795889440113557
2017-09-11,sz.002643,14.2000,14.6800,14.1400,14.6500,14.2200,13604376,197392879.0000,3,1.661158,1,3.023905,3.398924,38.377882,5.995963,52.866953,0,3.0239099859352914
2017-09-12,sz.002643,14.6200,14.7100,14.3400,14.3600,14.6500,12793585,185394541.2000,3,1.562156,1,-1.979522,3.331642,37.618184,5.877272,51.820440,0,-1.979522184300353
2017-09-13,sz.002643,14.3700,14.4800,13.6000,13.7300,14.3600,24553706,339852121.6000,3,2.998122,1,-4.387187,3.185476,35.967804,5.619425,49.546980,0,-4.387186629526452
2017-09-14,sz.002643,13.6000,13.8300,13.3600,13.4600,13.7300,15331074,208344683.4000,3,1.871996,1,-1.966493,3.122834,35.260498,5.508919,48.572640,0,-1.966496722505462
2017-09-15,sz.002643,13.4600,13.5500,13.3100,13.4700,13.4600,7075241,95007633.8300,3,0.863920,1,0.074296,3.125154,35.286694,5.513012,48.608727,0,0.07429420505200568
2017-09-18,sz.002643,13.1500,13.3200,12.9100,13.2800,13.4700,13167078,173142913.9400,3,1.607762,1,-1.410546,3.081072,34.788961,5.435249,47.923081,0,-1.4105419450631151
2017-09-19,sz.002643,13.2700,13.2700,13.0300,13.0500,13.2800,7621243,100073524.8600,3,0.930589,1,-1.731924,3.027710,34.186441,5.341114,47.093088,0,-1.7319277108433617
2017-09-20,sz.002643,12.9900,13.2600,12.9100,13.1700,13.0500,8481029,111179119.9200,3,1.035573,1,0.919539,3.055551,34.500799,5.390228,47.526127,0,0.9195402298850519
2017-09-21,sz.002643,13.1500,13.2600,13.0900,13.1000,13.1700,5593950,73614522.5000,3,0.683047,1,-0.531509,3.039311,34.317424,5.361578,47.273521,0,-0.5315110098709219
2017-09-22,sz.002643,13.0800,13.0800,12.8100,12.9100,13.1000,7587883,97925014.4800,3,0.926516,1,-1.450386,2.995229,33.819690,5.283815,46.587874,0,-1.450381679389312
2017-09-25,sz.002643,12.8900,12.8900,12.6700,12.6900,12.9100,7183962,91677134.8400,3,0.877195,1,-1.704107,2.944187,33.243367,5.193773,45.793968,0,-1.7041053446940402
2017-09-26,sz.002643,12.7100,12.7600,12.5200,12.6000,12.6900,6410759,80777980.0600,3,0.782784,1,-0.709214,2.923307,33.007598,5.156938,45.469188,0,-0.7092198581560294
2017-09-27,sz.002643,12.6100,12.8000,12.6100,12.7700,12.6000,5998965,76299937.7300,3,0.732502,1,1.349207,2.962748,33.452939,5.226515,46.082661,0,1.3492063492063444
2017-09-28,sz.002643,12.7300,12.9900,12.6500,12.8800,12.7700,5702117,73305713.1100,3,0.696255,1,0.861391,2.988269,33.741101,5.271536,46.479614,0,0.8613938919342257
2017-09-29,sz.002643,12.8000,12.9200,12.7200,12.7900,12.8800,6910685,88286396.4900,3,0.843827,1,-0.698759,2.967388,33.505332,5.234701,46.154834,0,-0.6987577639751663
2017-10-09,sz.002643,12.9900,13.2900,12.8100,13.1900,12.7900,12016700,157597390.7200,3,1.467295,1,3.127440,3.060192,34.553192,5.398413,47.598301,0,3.1274433150899172
2017-10-10,sz.002643,13.1200,13.4600,13.1000,13.4100,13.1900,10338686,137569277.8500,3,1.262402,1,1.667932,3.111234,35.129515,5.488455,48.392207,0,1.667930250189542
2017-10-11,sz.002643,13.4300,13.6200,13.3600,13.4500,13.4100,11052933,148935705.4600,3,1.349615,1,0.298285,3.120514,35.234301,5.504826,48.536554,0,0.298284862043241
2017-10-12,sz.002643,13.4500,13.4800,13.0900,13.1200,13.4500,7687652,101809477.8400,3,0.938698,1,-2.453531,3.043951,34.369817,5.369764,47.345694,0,-2.4535315985130146
2017-10-13,sz.002643,13.1500,13.9800,13.1200,13.8300,13.1200,19849204,271659839.5300,3,2.423680,1,5.411586,3.208677,36.229769,5.660353,49.907847,0,5.411585365853666
2017-10-16,sz.002643,13.9000,14.2800,13.6500,13.8400,13.8300,19037448,265676563.1200,3,2.324561,1,0.072308,3.210997,36.255965,5.664446,49.943933,0,0.0723065798987621
2017-10-17,sz.002643,13.7700,13.8500,13.5800,13.6300,13.8400,7462857,102034892.7100,3,0.911250,1,-1.517341,3.162275,35.705839,5.578497,49.186114,0,-1.5173410404624166
2017-10-18,sz.002643,13.6600,14.1000,13.4700,13.5900,13.6300,10044829,138292045.1000,3,1.226520,1,-0.293470,3.152995,35.601053,5.562126,49.041767,0,-0.29347028613353476
2017-10-19,sz.002643,13.5100,13.8700,13.4100,13.6500,13.5900,9796118,133652747.0700,3,1.196152,1,0.441497,3.166916,35.758232,5.586683,49.258287,0,0.44150110375276164
2017-10-20,sz.002643,13.5300,13.6300,13.3200,13.4800,13.6500,7994078,107533902.8400,3,0.976114,1,-1.245422,3.127474,35.312891,5.517105,48.644814,0,-1.245421245421241
2017-10-23,sz.002643,13.4800,13.6500,13.2800,13.6500,13.4800,6661262,89422043.5900,3,0.813371,1,1.261128,3.166916,35.758232,5.586683,49.258287,0,1.261127596439171
2017-10-24,sz.002643,13.6200,13.7100,13.3200,13.4800,13.6500,5193576,70218957.5600,3,0.634160,1,-1.245422,3.127474,35.312891,5.517105,48.644814,0,-1.245421245421241
2017-10-25,sz.002643,13.5000,13.9200,13.4300,13.9000,13.4800,11363285,156512844.0900,3,1.387510,1,3.115728,3.224918,36.413144,5.689003,50.160453,0,3.115727002967361
2017-10-26,sz.002643,13.6500,14.1000,13.5000,14.0500,13.9000,16803982,232128436.5500,3,2.051845,1,1.079141,3.203542,34.495635,5.505933,-32.337646,0,1.0791366906474753
2017-10-27,sz.002643,13.9300,14.2400,13.9100,14.0500,14.0500,11604627,163516090.2200,3,1.416979,1,0.000000,3.203542,34.495635,5.505933,-32.337646,0,0.0
2017-10-30,sz.002643,14.2500,14.4500,13.7800,14.0300,14.0500,15747475,222470068.2400,3,1.922840,1,-0.142352,3.198982,34.446531,5.498096,-32.291614,0,-0.142348754448407
2017-10-31,sz.002643,14.2300,14.2300,13.6100,14.0500,14.0300,10961980,151780554.0500,3,1.338509,1,0.142555,3.203542,34.495635,5.505933,-32.337646,0,0.14255167498218313
2017-11-01,sz.002643,14.0500,14.0900,13.7500,13.7600,14.0500,8324150,115592193.6400,3,1.016418,1,-2.064057,3.137419,33.783625,5.392288,-31.670179,0,-2.0640569395017905
2017-11-02,sz.002643,13.7600,13.7600,13.1700,13.2400,13.7600,10670660,143349155.0900,3,1.302937,1,-3.779073,3.018854,32.506919,5.188510,-30.473341,0,-3.779069767441856
2017-11-03,sz.002643,13.2400,13.3700,12.7000,12.8800,13.2400,10709372,139006027.0300,3,1.307664,1,-2.719031,2.936770,31.623045,5.047432,-29.644760,0,-2.7190332326283984
2017-11-06,sz.002643,12.8500,13.2500,12.8000,13.1900,12.8800,6678312,87392021.1800,3,0.815453,1,2.406828,3.007454,32.384158,5.168915,-30.358260,0,2.4068322981366297
2017-11-07,sz.002643,13.2100,13.3500,13.0500,13.2400,13.1900,5817511,77062410.0400,3,0.710345,1,0.379076,3.018854,32.506919,5.188510,-30.473341,0,0.37907505686125553
2017-11-08,sz.002643,13.2800,13.4500,13.1700,13.1800,13.2400,8474350,112900403.6000,3,1.034758,1,-0.453168,3.005174,32.359606,5.164997,-30.335244,0,-0.45317220543806824
2017-11-09,sz.002643,13.2100,13.3700,12.9600,13.1300,13.1800,7029393,92570061.1800,3,0.858322,1,-0.379364,2.993773,32.236846,5.145403,-30.220163,0,-0.3793626707131903
2017-11-10,sz.002643,13.1600,13.2600,12.8300,13.0400,13.1300,12168575,158268525.0300,3,1.485840,1,-0.685454,2.973252,32.015878,5.110133,-30.013018,0,-0.6854531607006997
2017-11-13,sz.002643,13.0000,13.0900,12.8400,12.9000,13.0400,11528813,148786818.6900,3,1.407722,1,-1.073622,2.941331,31.672149,5.055270,-29.690793,0,-1.0736196319018343
2017-11-14,sz.002643,12.9600,13.0000,12.6500,12.6700,12.9000,10988838,140262192.5200,3,1.341788,1,-1.782942,2.888888,31.107452,4.965137,-29.161422,0,-1.7829457364341161
2017-11-15,sz.002643,12.6700,12.8200,12.6500,12.6900,12.6700,6293680,80133083.0000,3,0.768488,1,0.157849,2.893449,31.156556,4.972975,-29.207454,0,0.15785319652723562
2017-11-16,sz.002643,12.7000,12.8100,12.5000,12.6200,12.6900,6070951,76883054.7000,3,0.741291,1,-0.551613,2.877488,30.984691,4.945543,-29.046341,0,-0.5516154452324673
2017-11-17,sz.002643,12.6200,12.7300,12.1600,12.2100,12.6200,8439215,105285781.8500,3,1.030467,1,-3.248810,2.784004,29.978057,4.784872,-28.102680,0,-3.2488114104595733
2017-11-20,sz.002643,12.1500,12.1800,11.7200,12.1400,12.2100,7230604,86244404.9600,3,0.882890,1,-0.573298,2.768043,29.806193,4.757440,-27.941568,0,-0.5733005733005725
2017-11-21,sz.002643,12.0900,12.2100,11.7000,11.8600,12.1400,10727759,127444534.1000,3,1.309909,1,-2.306431,2.704200,29.118735,4.647713,-27.297116,0,-2.3064250411861664
2017-11-22,sz.002643,11.8200,11.8400,11.5400,11.6000,11.8600,8819763,102945680.2000,3,1.076934,1,-2.192237,2.644918,28.480382,4.545824,-26.698697,0,-2.1922428330522714
2017-11-23,sz.002643,11.5000,11.5500,11.2200,11.2300,11.6000,8568962,97449607.9000,3,1.046310,1,-3.189662,2.560554,27.571956,4.400828,-25.847101,0,-3.1896551724137856
2017-11-24,sz.002643,11.1800,11.3500,11.0200,11.1100,11.2300,7318317,81623214.8200,3,0.893601,1,-1.068565,2.533193,27.277331,4.353802,-25.570907,0,-1.068566340160293
2017-11-27,sz.002643,11.2000,11.3400,11.0800,11.1400,11.1100,6562679,73510087.8600,3,0.801334,1,0.270033,2.540033,27.350987,4.365559,-25.639956,0,0.27002700270029045
2017-11-28,sz.002643,11.1300,11.3200,11.0500,11.2700,11.1400,4722284,52982317.1300,3,0.576613,1,1.166967,2.569674,27.670164,4.416503,-25.939165,0,1.1669658886894085
2017-11-29,sz.002643,11.2000,11.2600,11.0500,11.1700,11.2700,5259046,58533716.2400,3,0.642154,1,-0.887315,2.546873,27.424644,4.377315,-25.709004,0,-0.8873114463176512
2017-11-30,sz.002643,11.1900,11.4300,11.1300,11.2700,11.1700,6163066,69683214.2400,3,0.752539,1,0.895259,2.569674,27.670164,4.416503,-25.939165,0,0.8952551477170889
2017-12-01,sz.002643,11.3000,11.6900,11.1700,11.5900,11.2700,9857664,113034857.7800,3,1.203667,1,2.839394,2.642637,28.455830,4.541905,-26.675681,0,2.839396628216506
2017-12-04,sz.002643,11.5900,12.3200,11.5000,11.9500,11.5900,17482442,208767186.9600,3,2.134688,1,3.106123,2.724721,29.339704,4.682983,-27.504261,0,3.106125970664353
2017-12-05,sz.002643,11.9500,12.0900,11.6300,11.7300,11.9500,7677800,90753562.3300,3,0.937495,1,-1.841006,2.674559,28.799559,4.596769,-26.997907,0,-1.8410041841004143
2017-12-06,sz.002643,11.7100,11.9600,11.6100,11.9500,11.7300,5012901,59077121.7600,3,0.612099,1,1.875535,2.724721,29.339704,4.682983,-27.504261,0,1.8755328218243772
2017-12-07,sz.002643,11.8600,12.0300,11.6900,11.8300,11.9500,3795041,45069410.0300,3,0.463392,1,-1.004183,2.697360,29.045079,4.635957,-27.228068,0,-1.0041841004184038
2017-12-08,sz.002643,11.7800,12.2200,11.7600,12.1200,11.8300,7717771,93270027.2500,3,0.942376,1,2.451395,2.763483,29.757089,4.749602,-27.895535,0,2.4513947590870666
2017-12-11,sz.002643,12.1200,12.2100,11.9600,12.0300,12.1200,6357568,76420931.4600,3,0.776289,1,-0.742576,2.742962,29.536120,4.714333,-27.688390,0,-0.7425742574257432
2017-12-12,sz.002643,12.0400,12.1000,11.5900,11.6000,12.0300,6362700,75350812.5800,3,0.776915,1,-3.574392,2.644918,28.480382,4.545824,-26.698697,0,-3.5743973399833706
2017-12-13,sz.002643,11.5800,11.5800,11.3600,11.4600,11.6000,5505160,62968251.9800,3,0.672206,1,-1.206899,2.612996,28.136653,4.490961,-26.376472,0,-1.2068965517241237
2017-12-14,sz.002643,11.4200,11.6100,11.3600,11.5300,11.4600,3814395,43839346.5800,3,0.465755,1,0.610818,2.628957,28.308518,4.518392,-26.537584,0,0.6108202443280808
2017-12-15,sz.002643,11.5000,11.6500,11.4100,11.5300,11.5300,4630952,53451008.2900,3,0.565461,1,0.000000,2.628957,28.308518,4.518392,-26.537584,0,0.0
2017-12-18,sz.002643,11.5600,11.7200,11.3100,11.4100,11.5300,5227052,60236764.6400,3,0.638247,1,-1.040762,2.601596,28.013893,4.471367,-26.261391,0,-1.0407632263659927
2017-12-19,sz.002643,11.5000,11.7200,11.4100,11.6800,11.4100,5579441,64846845.8500,3,0.681276,1,2.366349,2.663158,28.676798,4.577175,-26.882826,0,2.36634531113058
2017-12-20,sz.002643,11.6600,11.7500,11.3000,11.3600,11.6800,7215010,82796400.3000,3,0.880986,1,-2.739732,2.590195,27.891133,4.451773,-26.146310,0,-2.73972602739726
2017-12-21,sz.002643,11.3100,11.4700,11.1900,11.4200,11.3600,5528891,62696488.7000,3,0.675103,1,0.528173,2.603876,28.038445,4.475285,-26.284407,0,0.5281690140845008
2017-12-22,sz.002643,11.4200,11.4500,11.2400,11.3000,11.4200,3964314,45025592.5800,3,0.484061,1,-1.050787,2.576514,27.743820,4.428260,-26.008214,0,-1.0507880910682998
2017-12-25,sz.002643,11.2100,11.3700,11.0900,11.1300,11.3000,4474250,50067604.6000,3,0.546327,1,-1.504425,2.537753,27.326435,4.361640,-25.616940,0,-1.5044247787610598
2017-12-26,sz.002643,11.2200,11.2200,11.0500,11.1000,11.1300,5047912,56085589.1200,3,0.616374,1,-0.269539,2.530912,27.252779,4.349883,-25.547891,0,-0.26954177897574594
2017-12-27,sz.002643,11.1200,11.1600,10.8200,10.8800,11.1000,7500621,82492996.8000,3,0.915861,1,-1.981984,2.480750,26.712634,4.263669,-25.041537,0,-1.9819819819819728
2017-12-28,sz.002643,10.7300,11.0100,10.7200,10.7500,10.8800,5342350,57917600.0900,3,0.652326,1,-1.194854,2.451109,26.393457,4.212725,-24.742327,0,-1.194852941176483
2017-12-29,sz.002643,10.7900,10.8500,10.4700,10.6900,10.7500,6562494,69766275.1000,3,0.801311,1,-0.558143,2.437428,26.246145,4.189212,-24.604230,0,-0.5581395348837281
2018-01-02,sz.002643,10.7100,11.4500,10.7000,11.3200,10.6900,12500793,139856424.4000,3,1.526405,1,5.893360,2.581075,27.792924,4.436097,-26.054246,0,5.893358278765204
2018-01-03,sz.002643,11.3200,11.3700,11.1900,11.3100,11.3200,6206945,70075159.6500,3,0.757897,1,-0.088333,2.578795,27.768372,4.432178,-26.031230,0,-0.08833922261484162
2018-01-04,sz.002643,11.3000,11.3400,11.1000,11.3100,11.3100,8896373,99624729.1000,3,1.086289,1,0.000000,2.578795,27.768372,4.432178,-26.031230,0,0.0
2018-01-05,sz.002643,11.2300,11.2900,11.0600,11.0700,11.3100,7511477,83693655.9300,3,0.917186,1,-2.122022,2.524072,27.179123,4.338127,-25.478843,0,-2.1220159151193685
2018-01-08,sz.002643,11.0700,11.1000,10.8000,10.9000,11.0700,7792001,84765520.9000,3,0.951440,1,-1.535683,2.485310,26.761738,4.271507,-25.087569,0,-1.5356820234869062
2018-01-09,sz.002643,10.8200,11.2200,10.5900,11.2000,10.9000,15292245,165244431.6500,3,1.867254,1,2.752295,2.553713,27.498300,4.389072,-25.778052,0,2.752293577981635
2018-01-10,sz.002643,11.1500,11.7100,11.0600,11.5000,11.2000,23245145,266312240.9900,3,2.838341,1,2.678573,2.622117,28.234861,4.506636,-26.468536,0,2.6785714285714413
2018-01-11,sz.002643,11.4100,11.5700,11.3100,11.4600,11.5000,7743350,88424945.5000,3,0.945499,1,-0.347826,2.612996,28.136653,4.490961,-26.376472,0,-0.3478260869565153
2018-01-12,sz.002643,11.4000,11.4400,11.2100,11.3000,11.4600,6527550,73975523.5000,3,0.797044,1,-1.396159,2.576514,27.743820,4.428260,-26.008214,0,-1.3961605584642212
2018-01-15,sz.002643,11.2700,11.2700,10.9000,10.9400,11.3000,9319576,103022162.7400,3,1.137964,1,-3.185846,2.494431,26.859946,4.287182,-25.179633,0,-3.1858407079646156
2018-01-16,sz.002643,10.9400,11.0700,10.6200,10.7500,10.9400,10148093,109871948.8800,3,1.239129,1,-1.736742,2.451109,26.393457,4.212725,-24.742327,0,-1.7367458866544783
2018-01-17,sz.002643,10.7100,11.0300,10.5100,10.9300,10.7500,9080704,98044175.9900,3,1.108796,1,1.674422,2.492151,26.835394,4.283264,-25.156617,0,1.6744186046511622
2018-01-18,sz.002643,10.8400,11.0500,10.8000,10.8800,10.9300,7819553,85195180.7200,3,0.954804,1,-0.457458,2.480750,26.712634,4.263669,-25.041537,0,-0.45745654162853144
2018-01-19,sz.002643,10.8100,10.9400,10.7300,10.8100,10.8800,8141028,88213764.1800,3,0.994057,1,-0.643379,2.464790,26.540770,4.236238,-24.880424,0,-0.6433823529411797
2018-01-22,sz.002643,10.7400,11.0700,10.6300,11.0000,10.8100,6228415,67876481.7700,3,0.760519,1,1.757628,2.508111,27.007259,4.310695,-25.317730,0,1.757631822386685
2018-01-23,sz.002643,10.9500,11.2900,10.9400,11.0700,11.0000,10626051,118566350.5000,3,1.297490,1,0.636361,2.524072,27.179123,4.338127,-25.478843,0,0.6363636363636349
2018-01-24,sz.002643,11.0200,11.4300,11.0200,11.2700,11.0700,10434250,117540984.1800,3,1.274071,1,1.806692,2.569674,27.670164,4.416503,-25.939165,0,1.8066847335139968
2018-01-25,sz.002643,11.2800,11.5000,11.1200,11.1200,11.2700,8284401,93701286.6200,3,1.011564,1,-1.330972,2.535473,27.301883,4.357721,-25.593924,0,-1.3309671694764935
2018-01-26,sz.002643,11.0800,11.3500,11.0700,11.1400,11.1200,5076336,56953879.3500,3,0.619844,1,0.179860,2.540033,27.350987,4.365559,-25.639956,0,0.17985611510793476
2018-01-29,sz.002643,11.1300,11.2100,10.7800,10.9600,11.1400,6803667,74561378.8600,3,0.830759,1,-1.615802,2.498991,26.909050,4.295020,-25.225666,0,-1.6157989228007152
2018-01-30,sz.002643,11.0000,11.2000,10.8600,11.0300,10.9600,5492039,60595094.1500,3,0.670604,1,0.638683,2.514952,27.080915,4.322452,-25.386778,0,0.6386861313868453
2018-01-31,sz.002643,10.9900,11.2200,10.6100,10.6900,11.0300,7575215,81795166.1700,3,0.924969,1,-3.082504,2.437428,26.246145,4.189212,-24.604230,0,-3.0825022665457835
2018-02-01,sz.002643,10.7000,10.7900,9.6200,9.9900,10.6900,21603941,216744186.9000,3,2.637942,1,-6.548174,2.277821,24.527501,3.914895,-22.993102,0,-6.548175865294659
2018-02-02,sz.002643,9.9000,9.9300,9.6300,9.6900,9.9900,8150180,79708206.5500,3,0.995175,1,-3.003005,2.209418,23.790940,3.797331,-22.302619,0,-3.003003003003013
2018-02-05,sz.002643,9.5200,9.8300,9.3900,9.7800,9.6900,5070999,49093802.2700,3,0.619193,1,0.928794,2.229939,24.011908,3.832600,-22.509764,0,0.9287925696594312
2018-02-06,sz.002643,9.5600,9.7000,8.9200,8.9200,9.7800,7705432,71978639.6900,3,0.940869,1,-8.793453,2.033850,21.900432,3.495582,-20.530378,0,-8.793456032719826
2018-02-07,sz.002643,9.1700,9.4300,8.2500,9.2000,8.9200,13429007,124682622.9200,3,1.639744,1,3.139010,2.097693,22.587889,3.605309,-21.174829,0,3.139013452914785
2018-02-08,sz.002643,9.2200,9.5800,9.2100,9.5100,9.2000,7541671,71288738.3900,3,0.920873,1,3.369570,2.168376,23.349003,3.726792,-21.888328,0,3.3695652173913127
2018-02-09,sz.002643,9.3000,9.5900,9.0700,9.4400,9.5100,7601916,71625371.8900,3,0.928229,1,-0.736074,2.152416,23.177138,3.699360,-21.727216,0,-0.7360672975814997
2018-02-12,sz.002643,9.5000,10.0000,9.4400,9.9000,9.4400,7323667,71767357.3500,3,0.894254,1,4.872882,2.257300,24.306533,3.879626,-22.785957,0,4.872881355932224
2018-02-13,sz.002643,9.9100,10.3600,9.9100,10.0300,9.9000,8937780,91065722.4000,3,1.091345,1,1.313133,2.286942,24.625710,3.930570,-23.085167,0,1.3131313131313105
2018-02-14,sz.002643,10.1000,10.1000,9.9500,10.0800,10.0300,1996055,20042171.6000,3,0.243728,1,0.498506,2.298342,24.748470,3.950164,-23.200247,0,0.49850448654038537
2018-02-22,sz.002643,10.1300,10.2000,10.0300,10.0800,10.0800,3978037,40180497.1000,3,0.485737,1,0.000000,2.298342,24.748470,3.950164,-23.200247,0,0.0
2018-02-23,sz.002643,10.0600,10.1500,9.7700,9.8300,10.0800,5587850,55283836.4300,3,0.682303,1,-2.480159,2.241340,24.134668,3.852194,-22.624844,0,-2.4801587301587324
2018-02-26,sz.002643,9.8700,10.5600,9.8000,10.4000,9.8300,9507602,97219692.6400,3,1.160923,1,5.798573,2.371305,25.534136,4.075566,-23.936763,0,5.79857578840286
2018-02-27,sz.002643,10.4000,10.4900,10.2800,10.3800,10.4000,4313944,44776708.3400,3,0.526753,1,-0.192303,2.366745,25.485031,4.067729,-23.890731,0,-0.19230769230769162
2018-02-28,sz.002643,10.1900,10.4000,10.1100,10.2000,10.3800,4852900,49691729.5000,3,0.592562,1,-1.734107,2.325703,24.065273,3.813049,-23.476441,0,-1.7341040462427904
2018-03-01,sz.002643,10.1800,10.5000,10.1400,10.4600,10.2000,6110708,63326099.3800,3,0.746146,1,2.549022,2.384986,24.678701,3.910244,-24.074860,0,2.5490196078431504
2018-03-02,sz.002643,10.4000,10.6800,10.2800,10.6500,10.4600,7175184,75670319.9800,3,0.876123,1,1.816440,2.428308,25.126976,3.981271,-24.512166,0,1.8164435946462776
2018-03-05,sz.002643,10.6000,10.6800,10.4300,10.5800,10.6500,4458892,47035802.3500,3,0.544451,1,-0.657274,2.412347,24.961822,3.955103,-24.351053,0,-0.6572769953051671
2018-03-06,sz.002643,10.6100,10.6300,10.3500,10.5000,10.5800,5304800,55682264.5000,3,0.647741,1,-0.756143,2.394106,24.773075,3.925197,-24.166924,0,-0.7561436672967825
2018-03-07,sz.002643,10.5100,10.5500,10.1100,10.1600,10.5000,5801906,59678517.8100,3,0.708440,1,-3.238097,2.316583,23.970899,3.798096,-23.384376,0,-3.23809523809524
2018-03-08,sz.002643,10.1500,10.3800,10.1300,10.3000,10.1600,4675638,47901749.9400,3,0.570917,1,1.377956,2.348504,24.301207,3.850432,-23.706602,0,1.3779527559055094
2018-03-09,sz.002643,10.5700,11.3300,10.5700,11.0700,10.3000,17982543,200043097.9400,3,2.195752,1,7.475723,2.524072,26.117899,4.138279,-25.478843,0,7.475728155339811
2018-03-12,sz.002643,10.9800,11.4100,10.9000,11.2900,11.0700,15714473,175450092.4100,3,1.918810,1,1.987356,2.574234,26.636954,4.220522,-25.985198,0,1.9873532068653832
2018-03-13,sz.002643,11.1700,11.6400,11.1100,11.3300,11.2900,13874541,158551662.9900,3,1.691856,1,0.354295,2.583355,26.731327,4.235475,-26.077262,0,0.3542958370239324
2018-03-14,sz.002643,11.3200,11.4700,11.1200,11.2300,11.3300,7070800,79936223.7400,3,0.806911,1,-0.882616,2.560554,26.495393,4.198092,-25.847101,0,-0.8826125330979706
2018-03-15,sz.002643,11.1200,11.2400,10.8000,11.0500,11.2300,8625963,95195749.2400,3,0.984384,1,-1.602844,2.519512,26.070712,4.130803,-25.432811,0,-1.6028495102404228
2018-03-16,sz.002643,11.1100,11.4400,11.0100,11.1800,11.0500,8858600,99266888.1100,3,1.010932,1,1.176472,2.549153,26.377426,4.179400,-25.732020,0,1.17647058823529
2018-03-19,sz.002643,11.1900,11.2500,10.9700,10.9900,11.1800,8391857,92620777.0400,3,0.957668,1,-1.699468,2.505831,25.929152,4.108373,-25.294714,0,-1.6994633273702986
2018-03-20,sz.002643,10.8500,11.2500,10.8500,11.1700,10.9900,5824382,64681687.5800,3,0.664671,1,1.637855,2.546873,26.353833,4.175662,-25.709004,0,1.6378525932666088
2018-03-21,sz.002643,11.1500,11.2400,10.9200,10.9400,11.1700,4183655,46327980.6000,3,0.477433,1,-2.059091,2.494431,25.811185,4.089682,-25.179633,0,-2.0590868397493356
2018-03-22,sz.002643,10.9500,11.0500,10.7700,10.8100,10.9400,3293018,35738672.4600,3,0.375795,1,-1.188292,2.464790,25.504470,4.041084,-24.880424,0,-1.1882998171846348
2018-03-23,sz.002643,10.5000,10.7400,9.8900,10.0200,10.8100,7844024,80887230.8400,3,0.895150,1,-7.308047,2.284662,23.640591,3.745760,-23.062151,0,-7.308048103607778
2018-03-26,sz.002643,10.0100,10.2700,9.6000,10.2400,10.0200,4975849,49715833.7000,3,0.567837,1,2.195602,2.334824,24.159646,3.828002,-23.568505,0,2.1956087824351433
2018-03-27,sz.002643,10.3400,10.9800,10.3400,10.8200,10.2400,8485312,91148368.6900,3,0.968333,1,5.664062,2.467070,25.528064,4.044822,-24.903440,0,5.6640625
2018-03-28,sz.002643,10.8000,10.8000,10.4600,10.5700,10.8200,6170229,65195666.4600,3,0.704139,1,-2.310536,2.410067,24.938229,3.951365,-24.328037,0,-2.310536044362288
2018-03-29,sz.002643,10.5700,10.8700,10.5400,10.5900,10.5700,3775784,40380821.2600,3,0.430888,1,0.189219,2.370041,24.988995,3.919457,72.049920,0,0.18921475875117721
2018-03-30,sz.002643,10.6400,11.2800,10.6000,11.1600,10.5900,17048726,188373482.9900,3,1.945579,1,5.382433,2.497607,26.334011,4.130420,75.927961,0,5.3824362606232246
2018-04-02,sz.002643,11.1200,11.5200,11.1200,11.4700,11.1600,11687701,133132582.1800,3,1.333785,1,2.777781,2.566985,27.065512,4.245154,78.037071,0,2.77777777777779
2018-04-03,sz.002643,11.2600,11.8600,11.2000,11.6300,11.4700,13002334,150910806.5300,3,1.483810,1,1.394942,2.602793,27.443060,4.304371,79.125643,0,1.3949433304272008
2018-04-04,sz.002643,11.7800,11.7800,11.0200,11.0700,11.6300,20694122,232863466.6700,3,2.361586,1,-4.815137,2.477465,26.121640,4.097110,75.315638,0,-4.81513327601032
2018-04-09,sz.002643,11.0100,11.1500,10.4300,10.4700,11.0700,14623750,155288670.5300,3,1.668843,1,-5.420049,2.343185,24.705833,3.875044,71.233490,0,-5.420054200542001
2018-04-10,sz.002643,10.4500,10.4500,9.9000,10.1500,10.4700,19198800,194059455.5000,3,2.190942,1,-3.056358,2.271569,23.950736,3.756609,69.056344,0,-3.0563514804202496
2018-04-11,sz.002643,10.1500,10.2400,10.0000,10.0400,10.1500,11184489,112823737.6000,3,1.276359,1,-1.083740,2.246951,23.691172,3.715897,68.307950,0,-1.0837438423645485
2018-04-12,sz.002643,10.0600,10.0800,9.9000,9.9500,10.0400,8460276,84153602.9400,3,0.965476,1,-0.896416,2.226809,23.478800,3.682587,67.695628,0,-0.8964143426294813
2018-04-13,sz.002643,9.9500,10.1100,9.9200,9.9600,9.9500,6058100,60498773.5000,3,0.691343,1,0.100505,2.229047,23.502397,3.686289,67.763664,0,0.10050251256283893
2018-04-16,sz.002643,9.9700,10.0500,9.6200,9.7300,9.9600,7516106,73870734.4800,3,0.857728,1,-2.309242,2.177573,22.959671,3.601163,66.198840,0,-2.309236947791171
2018-04-17,sz.002643,9.7700,9.7700,9.2000,9.2300,9.7300,9592906,90967941.6200,3,1.094730,1,-5.138746,2.065673,21.779832,3.416109,62.797050,0,-5.138746145940387
2018-04-18,sz.002643,9.4100,9.8800,9.1800,9.7800,9.2300,11592510,109698619.9800,3,1.322922,1,5.958832,2.188763,23.077655,3.619669,66.539019,0,5.958829902491858
2018-04-19,sz.002643,9.7100,9.9500,9.6100,9.7900,9.7800,8109398,79489089.8700,3,0.925434,1,0.102252,2.191001,23.101252,3.623370,66.607055,0,0.10224948875254825
2018-04-20,sz.002643,9.7900,9.8600,9.3300,9.4000,9.7900,6484700,61936907.3400,3,0.740026,1,-3.983660,2.103719,22.180977,3.479027,63.953659,0,-3.98365679264554
2018-04-23,sz.002643,9.4200,9.5700,9.3100,9.4100,9.4000,3579550,33751412.0000,3,0.408494,1,0.106385,2.105957,22.204574,3.482728,64.021694,0,0.10638297872340718
2018-04-24,sz.002643,9.4100,9.6000,9.4000,9.5600,9.4100,4872278,46454570.8300,3,0.556018,1,1.594055,2.139527,22.558526,3.538245,65.042231,0,1.5940488841657885
2018-04-25,sz.002643,9.5100,9.5500,9.4200,9.4300,9.5600,4090011,38732319.5600,3,0.466747,1,-1.359834,2.110433,22.251768,3.490131,64.157766,0,-1.3598326359832713
2018-04-26,sz.002643,8.9500,8.9500,8.4900,8.5100,9.4300,17877537,154551151.3900,3,2.040161,1,-9.756098,1.894795,22.110299,3.092368,36.631663,0,-9.756097560975608
2018-04-27,sz.002643,8.5300,8.6600,8.4900,8.5400,8.5100,4706878,40293368.4500,3,0.537143,1,0.352523,1.901475,22.188244,3.103269,36.760799,0,0.3525264394829586
2018-05-02,sz.002643,8.5400,8.6700,8.3200,8.4400,8.5400,6524304,55209177.9900,3,0.744545,1,-1.170965,1.879210,21.928428,3.066931,36.330345,0,-1.1709601873536313
2018-05-03,sz.002643,8.4500,8.5700,8.3000,8.5400,8.4400,6058780,51042609.3400,3,0.691420,1,1.184839,1.901475,22.188244,3.103269,36.760799,0,1.1848341232227444
2018-05-04,sz.002643,8.4800,8.8000,8.4400,8.6800,8.5400,6412166,55636222.3900,3,0.731748,1,1.639348,1.932647,22.551985,3.154143,37.363435,0,1.6393442622950838
2018-05-07,sz.002643,8.6800,8.8700,8.6800,8.8100,8.6800,4587227,40471502.5200,3,0.523488,1,1.497697,1.961592,22.889746,3.201382,37.923026,0,1.497695852534564
2018-05-08,sz.002643,8.8400,8.9900,8.8200,8.8900,8.8100,4206293,37471012.2100,3,0.480017,1,0.908058,1.979404,23.097598,3.230453,38.267390,0,0.9080590238365494
2018-05-09,sz.002643,8.8900,8.9400,8.7600,8.8300,8.8900,3227100,28486847.2300,3,0.368272,1,-0.674920,1.966045,22.941709,3.208650,38.009117,0,-0.6749156355455588
2018-05-10,sz.002643,8.7800,8.8800,8.6700,8.7900,8.8300,3989535,34977970.4000,3,0.455281,1,-0.453001,1.957139,22.837782,3.194114,37.836935,0,-0.45300113250283935
2018-05-11,sz.002643,8.8000,8.8000,8.3100,8.4100,8.7900,11180275,94797938.3400,3,1.275879,1,-4.323096,1.872530,21.850484,3.056030,36.201209,0,-4.323094425483498
2018-05-14,sz.002643,8.4100,8.7300,8.3900,8.6800,8.4100,10086750,86533103.0000,3,1.151087,1,3.210469,1.932647,22.551985,3.154143,37.363435,0,3.210463733650415
2018-05-15,sz.002643,8.7200,8.7700,8.5500,8.6300,8.6800,3928035,33906949.6500,3,0.448262,1,-0.576039,1.921514,22.422078,3.135974,37.148208,0,-0.5760368663594306
2018-05-16,sz.002643,8.5900,8.6500,8.4400,8.4600,8.6300,5646311,47973027.7400,3,0.644350,1,-1.969873,1.883663,21.980391,3.074199,36.416436,0,-1.969872537659323
2018-05-17,sz.002643,8.4600,8.5800,8.3500,8.3900,8.4600,5461046,46008262.2200,3,0.623208,1,-0.827420,1.868077,21.798520,3.048762,36.115118,0,-0.8274231678487065
2018-05-18,sz.002643,8.4800,8.5600,8.4100,8.5200,8.3900,4608850,39149961.0400,3,0.525956,1,1.549465,1.897022,22.136281,3.096002,36.674709,0,1.5494636471990342
2018-05-21,sz.002643,8.5800,8.8400,8.5500,8.8000,8.5200,8752848,76124989.9800,3,0.998864,1,3.286382,1.959365,22.863764,3.197748,37.879981,0,3.2863849765258246
2018-05-22,sz.002643,8.7000,8.8300,8.6900,8.7700,8.8000,4878203,42656914.2500,3,0.556694,1,-0.340906,1.952686,22.785819,3.186847,37.750844,0,-0.3409090909091028
2018-05-23,sz.002643,8.7800,9.2700,8.7000,8.7200,8.7700,15469457,137964092.3300,3,1.765354,1,-0.570128,1.941553,22.655912,3.168678,37.535617,0,-0.5701254275940593
2018-05-24,sz.002643,8.6900,8.9500,8.6500,8.7300,8.7200,7608036,66773416.8600,3,0.868219,1,0.114671,1.943780,22.681893,3.172312,37.578663,0,0.11467889908256534
2018-05-25,sz.002643,8.7700,8.7700,8.4800,8.4800,8.7300,5969160,51211338.1000,3,0.681193,1,-2.863688,1.888116,22.032354,3.081467,36.502527,0,-2.863688430698741
2018-05-28,sz.002643,8.5000,8.5500,8.3500,8.4300,8.4800,4925274,41580252.3200,3,0.562066,1,-0.589614,1.876983,21.902447,3.063297,36.287300,0,-0.5896226415094463
2018-05-29,sz.002643,8.4300,8.5300,8.4000,8.4200,8.4300,4329800,36600620.8300,3,0.494111,1,-0.118627,1.874756,21.876465,3.059664,36.244254,0,-0.11862396204033177
2018-05-30,sz.002643,8.4200,8.6700,8.1300,8.4800,8.4200,11265600,95886693.1000,3,1.285616,1,0.712583,1.888116,22.032354,3.081467,36.502527,0,0.7125890736342066
2018-05-31,sz.002643,8.4800,8.6300,8.3500,8.6100,8.4800,7648880,65198154.0000,3,0.872880,1,1.533020,1.917061,22.370115,3.128706,37.062117,0,1.5330188679245182
2018-06-01,sz.002643,8.5800,8.5800,8.4000,8.4300,8.6100,4958000,42082702.9500,3,0.565801,1,-2.090585,1.876983,21.902447,3.063297,36.287300,0,-2.0905923344947674
2018-06-04,sz.002643,8.5100,8.5600,8.4100,8.4400,8.4300,3536250,29898165.0000,3,0.403552,1,0.118615,1.879210,21.928428,3.066931,36.330345,0,0.11862396204032066
2018-06-05,sz.002643,8.3400,8.5600,8.3100,8.5400,8.2900,4972835,42111900.8500,3,0.567493,1,3.015682,1.901475,22.188244,3.103269,36.760799,0,1.1848341232227444
2018-06-06,sz.002643,8.5300,8.7400,8.4900,8.7200,8.5400,7200704,62189428.4800,3,0.821735,1,2.107732,1.941553,22.655912,3.168678,37.535617,0,2.1077283372365585
2018-06-07,sz.002643,8.6900,8.7200,8.5300,8.5300,8.7200,4393200,37785040.0000,3,0.501346,1,-2.178905,1.899248,22.162262,3.099636,36.717754,0,-2.1788990825688193
2018-06-08,sz.002643,8.5200,8.6300,8.4500,8.5400,8.5300,3672064,31362427.7200,3,0.419051,1,0.117236,1.901475,22.188244,3.103269,36.760799,0,0.11723329425556983
2018-06-11,sz.002643,8.6600,8.6600,8.3500,8.3800,8.5400,3211150,27161240.0000,3,0.366452,1,-1.873535,1.865850,21.772539,3.045128,36.072072,0,-1.8735362997657878
2018-06-12,sz.002643,8.3800,8.5600,8.3600,8.5400,8.3800,3624675,30710511.3700,3,0.413643,1,1.909306,1.901475,22.188244,3.103269,36.760799,0,1.909307875894961
2018-06-13,sz.002643,8.5700,8.6000,8.3800,8.3800,8.5400,2437672,20601061.6200,3,0.278184,1,-1.873535,1.865850,21.772539,3.045128,36.072072,0,-1.8735362997657878
2018-06-14,sz.002643,8.3800,8.4600,8.3500,8.4000,8.3800,2677032,22517758.8900,3,0.305499,1,0.238658,1.870303,21.824502,3.052396,36.158163,0,0.23866348448686736
2018-06-15,sz.002643,8.4400,8.4400,8.2400,8.3500,8.4000,3795849,31577641.8600,3,0.433177,1,-0.595229,1.859171,21.694594,3.034227,35.942936,0,-0.5952380952381042
2018-06-19,sz.002643,8.1500,8.2600,7.5800,7.7100,8.3500,6170800,48630479.3400,3,0.704204,1,-7.664675,1.716671,20.031775,2.801664,33.188029,0,-7.664670658682626
2018-06-20,sz.002643,7.6600,7.8000,6.9400,7.2300,7.7100,12736637,92806209.7000,3,1.453489,1,-6.225681,1.609797,18.784661,2.627241,31.121848,0,-6.225680933852129
2018-06-21,sz.002643,7.1500,7.2900,6.6600,6.7600,7.2300,12052604,83953325.1500,3,1.375428,1,-6.500689,1.505149,17.563528,2.456452,29.098712,0,-6.5006915629322375
2018-06-22,sz.002643,6.7700,6.9700,6.7000,6.9600,6.7600,6251448,42890554.9600,3,0.713407,1,2.958577,1.549680,18.083159,2.529128,29.959621,0,2.9585798816567976
2018-06-25,sz.002643,7.0200,7.1700,7.0000,7.0200,6.9600,4898657,34771596.5000,3,0.559028,1,0.862068,1.563039,18.239048,2.550931,30.217894,0,0.8620689655172376
2018-06-26,sz.002643,7.0000,7.4100,6.8600,7.3900,7.0200,8400836,60945645.9800,3,0.958693,1,5.270654,1.645422,19.200365,2.685382,31.810575,0,5.270655270655267
2018-06-27,sz.002643,7.4000,7.5000,7.2800,7.3400,7.3900,4971400,36736041.0000,3,0.567330,1,-0.676586,1.634289,19.070458,2.667213,31.595348,0,-0.6765899864682012
2018-06-28,sz.002643,7.2500,7.4700,7.2500,7.3200,7.3400,3412850,25210960.5300,3,0.389470,1,-0.272479,1.629836,19.018495,2.659945,31.509257,0,-0.27247956403269047
2018-06-29,sz.002643,7.2900,7.5000,7.2900,7.4700,7.3200,3422050,25419257.5000,3,0.390520,1,2.049175,1.663234,19.408218,2.714452,32.154938,0,2.049180327868849
2018-07-02,sz.002643,7.4700,7.5200,7.1800,7.2900,7.4700,3059050,22642680.5000,3,0.349095,1,-2.409636,1.623156,18.940550,2.649044,31.380120,0,-2.409638554216864
2018-07-03,sz.002643,7.2900,7.7300,7.2800,7.6300,7.2900,5856150,44041294.5000,3,0.668296,1,4.663925,1.698859,19.823923,2.772593,32.843665,0,4.663923182441709
2018-07-04,sz.002643,7.6600,7.6600,7.4400,7.4900,7.6300,3446541,25896342.6800,3,0.393315,1,-1.834867,1.667687,19.460181,2.721720,32.241029,0,-1.834862385321101
2018-07-05,sz.002643,7.4900,7.5000,7.2500,7.3900,7.4900,4224482,31186765.7900,3,0.482092,1,-1.335112,1.645422,19.200365,2.685382,31.810575,0,-1.3351134846461998
2018-07-06,sz.002643,7.3800,7.4400,7.0500,7.2700,7.3900,7934083,57504483.3100,3,0.905427,1,-1.623814,1.618703,18.888587,2.641776,31.294029,0,-1.6238159675236785
2018-07-09,sz.002643,7.2600,7.3800,7.2200,7.3300,7.2700,3518750,25673470.8500,3,0.401555,1,0.825309,1.632062,19.044476,2.663579,31.552302,0,0.8253094910591452
2018-07-10,sz.002643,7.3300,7.3900,7.2700,7.3500,7.3300,2513250,18395242.0000,3,0.286809,1,0.272851,1.636515,19.096439,2.670847,31.638393,0,0.27285129604364133
2018-07-11,sz.002643,7.2500,7.2700,6.9300,7.0700,7.3500,4063200,28792037.0000,3,0.463687,1,-3.809520,1.574172,18.368956,2.569100,30.433121,0,-3.809523809523796
2018-07-12,sz.002643,7.0700,7.5800,7.0700,7.4800,7.0700,7796645,57536710.1400,3,0.889743,1,5.799149,1.665461,19.434199,2.718086,32.197984,0,5.799151343705811
2018-07-13,sz.002643,7.4800,7.9000,7.4800,7.7700,7.4800,10570160,81694307.0400,3,1.206253,1,3.877005,1.730031,20.187664,2.823466,33.446301,0,3.877005347593565
2018-07-16,sz.002643,7.7700,8.0700,7.7100,7.9800,7.7700,6132141,48682868.0300,3,0.699792,1,2.702703,1.776788,20.733277,2.899776,34.350255,0,2.7027027027027195
2018-07-17,sz.002643,7.9300,8.0500,7.8400,8.0500,7.9800,7083045,56040485.7000,3,0.808308,1,0.877195,1.792374,20.915148,2.925213,34.651573,0,0.8771929824561431
2018-07-18,sz.002643,8.0000,8.7800,8.0000,8.4700,8.0500,14855373,125346872.3400,3,1.695276,1,5.217392,1.885889,22.006373,3.077833,36.459481,0,5.217391304347818
2018-07-19,sz.002643,8.3800,8.3800,8.0100,8.1300,8.4700,9846785,80474132.0800,3,1.123702,1,-4.014169,1.810186,21.123000,2.954283,34.995937,0,-4.014167650531286
2018-07-20,sz.002643,8.0000,8.2600,7.8400,8.1200,8.1300,6033250,48518383.5900,3,0.688507,1,-0.123004,1.807960,21.097019,2.950650,34.952891,0,-0.12300123001232066
2018-07-23,sz.002643,8.1000,8.3400,7.9200,8.1100,8.1200,5046520,41300995.7500,3,0.575902,1,-0.123156,1.805733,21.071037,2.947016,34.909846,0,-0.12315270935960854
2018-07-24,sz.002643,8.1000,8.2800,8.0600,8.1100,8.1100,5452588,44402403.3200,3,0.622242,1,0.000000,1.805733,21.071037,2.947016,34.909846,0,0.0
2018-07-25,sz.002643,8.1100,8.2300,8.0400,8.1000,8.1100,3740453,30342810.0700,3,0.426856,1,-0.123296,1.803507,21.045055,2.943382,34.866800,0,-0.12330456226880004
2018-07-26,sz.002643,8.1000,8.1400,8.0500,8.0700,8.1000,2355500,19048617.5000,3,0.268807,1,-0.370379,1.796827,20.967111,2.932481,34.737664,0,-0.37037037037036535
2018-07-27,sz.002643,8.0700,8.1200,7.9600,7.9600,8.0700,2167600,17433704.5000,3,0.247364,1,-1.363069,1.772335,20.681314,2.892509,34.264164,0,-1.3630731102850069
2018-07-30,sz.002643,7.9600,8.0700,7.8400,7.8500,7.9600,1812550,14340130.5000,3,0.206846,1,-1.381911,1.747843,20.395517,2.852537,33.790665,0,-1.3819095477387022
2018-07-31,sz.002643,7.8300,7.9400,7.8200,7.8900,7.8500,1594650,12578151.0000,3,0.181979,1,0.509554,1.756749,20.499443,2.867072,33.962846,0,0.5095541401273884
2018-08-01,sz.002643,7.8900,7.9800,7.6200,7.6400,7.8900,2878100,22356652.5000,3,0.328445,1,-3.168568,1.701085,19.849904,2.776227,32.886710,0,-3.168567807351075
2018-08-02,sz.002643,7.7200,7.9400,7.3700,7.8000,7.6400,7596503,58072857.1100,3,0.866903,1,2.094245,1.736710,20.265609,2.834368,33.575437,0,2.0942408376963373
2018-08-03,sz.002643,7.7800,7.8000,7.5000,7.5000,7.8000,3693827,28111761.8200,3,0.421535,1,-3.846156,1.669914,19.486162,2.725354,32.284074,0,-3.8461538461538436
2018-08-06,sz.002643,7.4200,7.5700,7.0600,7.1600,7.5000,3955096,28672552.8300,3,0.451350,1,-4.533335,1.594211,18.602790,2.601804,30.820530,0,-4.533333333333333
2018-08-07,sz.002643,7.1600,7.3700,7.1600,7.2400,7.1600,6977276,50509482.3800,3,0.796238,1,1.117317,1.612023,18.810642,2.630875,31.164893,0,1.1173184357541999
2018-08-08,sz.002643,7.2400,7.2700,7.0400,7.2000,7.2400,5306112,37992665.4000,3,0.605527,1,-0.552486,1.603117,18.706716,2.616339,30.992711,0,-0.5524861878453025
2018-08-09,sz.002643,7.2000,7.7000,7.1100,7.6600,7.2000,7784442,57994442.2200,3,0.888350,1,6.388889,1.705538,19.901867,2.783495,32.972801,0,6.388888888888888
2018-08-10,sz.002643,7.7200,8.3600,7.6100,8.1600,7.6600,13509800,108660347.1100,3,1.541721,1,6.527415,1.816866,21.200945,2.965185,35.125073,0,6.5274151436031325
2018-08-13,sz.002643,8.0900,8.4100,7.9700,8.4000,8.1600,10531643,86455594.6400,3,1.201857,1,2.941174,1.870303,21.824502,3.052396,36.158163,0,2.941176470588247
2018-08-14,sz.002643,8.4000,8.4600,8.2000,8.3900,8.4000,6723946,56205129.9200,3,0.767328,1,-0.119039,1.868077,21.798520,3.048762,36.115118,0,-0.11904761904761862
2018-08-15,sz.002643,8.3800,8.4400,8.1100,8.2600,8.3900,5261150,43518666.0000,3,0.600396,1,-1.549465,1.839132,21.460760,3.001523,35.555527,0,-1.5494636471990564
2018-08-16,sz.002643,8.2900,8.6500,8.1100,8.1600,8.2600,7093104,59319833.6400,3,0.795076,1,-1.210658,1.816866,21.200945,2.965185,35.125073,0,-1.2106537530266248
2018-08-17,sz.002643,8.2700,8.3500,8.1200,8.2000,8.1600,5257205,43307611.9500,3,0.589287,1,0.490196,1.802318,20.455219,3.015602,61.592069,0,0.4901960784313708
2018-08-20,sz.002643,8.1800,8.3200,7.8800,8.0100,8.2000,7896387,62939853.2000,3,0.885117,1,-2.317068,1.760557,19.981256,2.945728,60.164935,0,-2.3170731707316983
2018-08-21,sz.002643,8.0300,8.3500,8.0000,8.3500,8.0100,6102427,49774491.4000,3,0.684030,1,4.244696,1.835287,20.829400,3.070765,62.718753,0,4.24469413233457
2018-08-22,sz.002643,8.3100,8.3100,7.9500,8.1200,8.3500,8584039,69241711.2500,3,0.962197,1,-2.754497,1.784734,20.255656,2.986181,60.991170,0,-2.754491017964078
2018-08-23,sz.002643,8.1200,8.2000,8.0100,8.1500,8.1200,4943350,40095023.5000,3,0.554107,1,0.369455,1.791328,20.330492,2.997214,61.216507,0,0.3694581280788256
2018-08-24,sz.002643,8.1500,8.3500,8.0200,8.0600,8.1500,4074400,32961368.5000,3,0.456705,1,-1.104285,1.771547,20.105983,2.964116,60.540497,0,-1.104294478527601
2018-08-27,sz.002643,8.0900,8.4600,8.0600,8.3700,8.0600,6194700,51456686.5000,3,0.694373,1,3.846147,1.839683,20.879290,3.078120,62.868977,0,3.8461538461538325
2018-08-28,sz.002643,8.4000,8.5800,8.3300,8.3800,8.3700,4799800,40449508.7400,3,0.538016,1,0.119477,1.841881,20.904236,3.081798,62.944090,0,0.11947431302272715
2018-08-29,sz.002643,8.3700,8.6300,8.2600,8.5500,8.3800,7784813,66137447.7600,3,0.872611,1,2.028641,1.879246,21.328307,3.144316,64.220998,0,2.028639618138417
2018-08-30,sz.002643,8.5000,8.6200,8.3300,8.3600,8.5500,5104086,43180302.3000,3,0.572124,1,-2.222229,1.837485,20.854345,3.074443,62.793865,0,-2.2222222222222365
2018-08-31,sz.002643,8.3000,8.4000,8.0700,8.1500,8.3600,4726659,38611677.6300,3,0.529818,1,-2.511962,1.791328,20.330492,2.997214,61.216507,0,-2.511961722488032
2018-09-03,sz.002643,8.1600,8.5000,8.0900,8.4900,8.1500,7390359,61751894.4400,3,0.828396,1,4.171781,1.866058,21.178635,3.122251,63.770325,0,4.171779141104293
2018-09-04,sz.002643,8.4900,8.7400,8.4100,8.6700,8.4900,8372012,72390366.3200,3,0.938431,1,2.120145,1.905621,21.627652,3.188447,65.122346,0,2.1201413427561766
2018-09-05,sz.002643,8.7000,8.7400,8.4900,8.6200,8.6700,5844449,50437433.7800,3,0.655113,1,-0.576704,1.894632,21.502925,3.170059,64.746784,0,-0.5767012687427964
2018-09-06,sz.002643,8.5500,8.9000,8.5000,8.7400,8.6200,10381259,91000470.8100,3,1.163650,1,1.392110,1.921007,21.802270,3.214190,65.648132,0,1.3921113689095321
2018-09-07,sz.002643,8.7400,9.2400,8.7400,9.2200,8.7400,18461705,167847445.2800,3,2.069398,1,5.491997,2.026509,22.999648,3.390713,69.253521,0,5.491990846681927
2018-09-10,sz.002643,9.2200,9.7000,9.1300,9.5200,9.2200,23383247,220954456.8500,3,2.621061,1,3.253798,2.092447,23.748010,3.501040,71.506889,0,3.253796095444672
2018-09-11,sz.002643,9.5000,9.5900,9.2500,9.4100,9.5200,8959384,83873193.5500,3,1.004270,1,-1.155469,2.068270,23.473611,3.460587,70.680654,0,-1.1554621848739455
2018-09-12,sz.002643,9.4100,9.8600,9.3500,9.6800,9.4100,13748008,133186496.4700,3,1.541034,1,2.869293,2.127614,24.147136,3.559881,72.708686,0,2.8692879914983926
2018-09-13,sz.002643,9.3600,9.7600,9.3600,9.6800,9.6800,10761479,102551783.8200,3,1.206269,1,0.000000,2.127614,24.147136,3.559881,72.708686,0,0.0
2018-09-14,sz.002643,9.5100,9.6000,9.2900,9.3500,9.6800,6685304,63035474.0000,3,0.749365,1,-3.409090,2.055082,23.323939,3.438521,70.229981,0,-3.409090909090906
2018-09-17,sz.002643,9.4400,9.4700,9.2300,9.2400,9.3500,5576964,52049622.2700,3,0.625130,1,-1.176477,2.030904,23.049539,3.398068,69.403746,0,-1.17647058823529
2018-09-18,sz.002643,9.1700,9.4100,9.0900,9.3600,9.2400,7114180,65721617.2700,3,0.797438,1,1.298700,2.057280,23.348884,3.442199,70.305093,0,1.298701298701288
2018-09-19,sz.002643,9.3000,9.5400,9.2800,9.3400,9.3600,5874882,55108656.5600,3,0.658524,1,-0.213670,2.052884,23.298993,3.434844,70.154868,0,-0.21367521367521292
2018-09-20,sz.002643,9.3300,9.4300,9.0800,9.3700,9.3400,6191686,57403811.7200,3,0.694035,1,0.321196,2.059478,23.373829,3.445877,70.380205,0,0.3211991434689532
2018-09-21,sz.002643,9.3700,9.4200,9.1800,9.3000,9.3700,3972341,36870481.0400,3,0.445265,1,-0.747062,2.044092,23.199212,3.420134,69.854419,0,-0.7470651013873897
2018-09-25,sz.002643,9.2000,9.5500,9.1500,9.2800,9.3000,4211536,39296837.5200,3,0.472077,1,-0.215059,2.039696,23.149321,3.412779,69.704195,0,-0.21505376344087557
2018-09-26,sz.002643,9.3500,9.9600,9.2800,9.9100,9.2800,16050797,156445874.3900,3,1.799156,1,6.788795,2.178167,24.720880,3.644465,74.436268,0,6.788793103448287
2018-09-27,sz.002643,9.8800,9.8900,9.7100,9.7300,9.9100,8222533,80524896.4600,3,0.921675,1,-1.816350,2.138604,24.271863,3.578269,73.084247,0,-1.816347124117046
2018-09-28,sz.002643,9.7600,9.9400,9.6500,9.8600,9.7300,7643227,74755213.9500,3,0.856740,1,1.336075,2.167177,24.596153,3.626077,74.060707,0,1.336073997944487
2018-10-08,sz.002643,9.6900,9.9500,9.5500,9.6300,9.8600,6284934,61299030.4100,3,0.704487,1,-2.332653,2.116624,24.022409,3.541493,72.333124,0,-2.33265720081135
2018-10-09,sz.002643,9.6700,9.9400,8.6700,8.8500,9.6300,14327728,133936165.2800,3,1.606015,1,-8.099686,1.945184,22.076669,3.254643,66.474367,0,-8.099688473520262
2018-10-10,sz.002643,9.1600,9.5000,9.0100,9.3300,8.8500,15198121,141377170.1900,3,1.703579,1,5.423724,2.050686,23.274048,3.431166,70.079756,0,5.423728813559325
2018-10-11,sz.002643,9.0100,9.2800,8.7600,8.8300,9.3300,13632777,122787729.3800,3,1.528117,1,-5.359057,1.940789,22.026778,3.247288,66.324142,0,-5.359056806002139
2018-10-12,sz.002643,8.8200,9.1700,8.5000,9.0600,8.8300,8364279,74252810.5000,3,0.937564,1,2.604762,1.991341,22.600522,3.331872,68.051725,0,2.604756511891293
2018-10-15,sz.002643,9.0800,9.2500,8.7800,8.8100,9.0600,6656806,59750062.0000,3,0.746171,1,-2.759382,1.936393,21.976888,3.239933,66.173918,0,-2.759381898454749
2018-10-16,sz.002643,8.6800,8.8900,7.9300,8.0900,8.8100,9549554,79598889.4400,3,1.070423,1,-8.172534,1.778140,20.180820,2.975149,60.765833,0,-8.172531214528956
2018-10-17,sz.002643,8.2500,8.5800,8.1000,8.3200,8.0900,11573874,96404750.9700,3,1.297332,1,2.843010,1.828693,20.754563,3.059732,62.493416,0,2.8430160692212603
2018-10-18,sz.002643,8.2200,8.3800,8.1100,8.2200,8.3200,4750490,39196069.1000,3,0.532489,1,-1.201916,1.806714,20.505110,3.022957,61.742293,0,-1.2019230769230727
2018-10-19,sz.002643,8.1700,8.5900,7.6100,8.3000,8.2200,14862295,119831356.8200,3,1.665936,1,0.973235,1.824297,20.704673,3.052377,62.343191,0,0.9732360097323589
2018-10-22,sz.002643,8.4200,8.9300,8.4200,8.8000,8.3000,10420537,91127301.4200,3,1.168053,1,6.024096,1.934195,21.951942,3.236255,66.098805,0,6.024096385542177
2018-10-23,sz.002643,8.9100,8.9100,8.6000,8.6500,8.8000,7046237,61358416.3600,3,0.789823,1,-1.704552,1.901225,21.577761,3.181092,64.972121,0,-1.7045454545454586
2018-10-24,sz.002643,8.6000,8.7600,8.3800,8.6000,8.6500,4398650,37828641.7600,3,0.493051,1,-0.578026,1.890236,21.453034,3.162704,64.596560,0,-0.5780346820809301
2018-10-25,sz.002643,8.2800,8.6000,8.2000,8.5600,8.6000,4151488,34889620.2600,3,0.465346,1,-0.465116,1.881444,21.353253,3.147994,64.296111,0,-0.46511627906975495
2018-10-26,sz.002643,8.6200,8.6900,8.4200,8.4200,8.5600,2825797,24050834.0400,3,0.316748,1,-1.635518,1.850673,21.004017,3.096508,63.244539,0,-1.6355140186915973
2018-10-29,sz.002643,8.2900,8.5500,8.2900,8.4300,8.4200,2945230,24832740.2600,3,0.330135,1,0.118768,1.852871,21.028963,3.100186,63.319651,0,0.11876484560569
2018-10-30,sz.002643,8.4100,8.6600,8.0200,8.4600,8.4300,4476699,37571060.4800,3,0.501799,1,0.355869,1.794142,19.754608,3.065444,29.054094,0,0.3558718861210064
2018-10-31,sz.002643,8.5100,8.6900,8.4200,8.5800,8.4600,3743533,32131167.3600,3,0.419618,1,1.418438,1.819591,20.034815,3.108926,29.466209,0,1.4184397163120366
2018-11-01,sz.002643,8.6600,9.0500,8.6500,8.8600,8.5800,6607890,58811302.4900,3,0.740688,1,3.263400,1.878972,20.688632,3.210383,30.427810,0,3.263403263403264
2018-11-02,sz.002643,9.3000,9.3500,8.9800,9.1300,8.8600,6420872,58590784.1200,3,0.719725,1,3.047409,1.936232,21.319098,3.308216,31.355068,0,3.047404063205428
2018-11-05,sz.002643,9.1800,9.2700,9.0100,9.1700,9.1300,4792780,43712314.2000,3,0.537229,1,0.438116,1.944715,21.412500,3.322710,31.492440,0,0.4381161007666945
2018-11-06,sz.002643,9.0500,9.4300,9.0100,9.4300,9.1700,4564466,42188320.3600,3,0.511637,1,2.835335,1.999854,22.019616,3.416920,32.385355,0,2.8353326063249806
2018-11-07,sz.002643,9.4600,9.6600,9.3200,9.4200,9.4300,7347926,69971049.3800,3,0.823639,1,-0.106047,1.997733,21.996265,3.413296,32.351012,0,-0.10604453870625141
2018-11-08,sz.002643,9.4900,9.6000,9.2400,9.3000,9.4200,4119756,38493419.1700,3,0.461789,1,-1.273884,1.972284,21.716058,3.369815,31.938898,0,-1.27388535031846
2018-11-09,sz.002643,9.2600,9.3900,9.1400,9.2100,9.3000,2528765,23385802.5600,3,0.283453,1,-0.967743,1.953197,21.505903,3.337204,31.629811,0,-0.9677419354838679
2018-11-12,sz.002643,9.2600,9.5200,9.1500,9.4700,9.2100,5213200,48998304.0000,3,0.584355,1,2.823021,2.008337,22.113018,3.431413,32.522727,0,2.8230184581976125
2018-11-13,sz.002643,9.3600,9.6000,9.3600,9.4700,9.4700,5590333,53197964.7600,3,0.626628,1,0.000000,2.008337,22.113018,3.431413,32.522727,0,0.0
2018-11-14,sz.002643,9.5500,9.8600,9.4800,9.6000,9.4700,7125284,69160493.7500,3,0.798683,1,1.372757,2.035906,22.416576,3.478518,32.969185,0,1.372756071805692
2018-11-15,sz.002643,9.6100,9.6700,9.4000,9.5000,9.6000,6127364,58204299.7000,3,0.686825,1,-1.041671,2.014699,22.183070,3.442284,32.625756,0,-1.041666666666663
2018-11-16,sz.002643,9.5000,9.7800,9.3800,9.7400,9.5000,6629783,63802887.4800,3,0.743142,1,2.526314,2.065596,22.743484,3.529247,33.449985,0,2.5263157894736876
2018-11-19,sz.002643,9.7300,9.7600,9.5700,9.7200,9.7400,4021600,38860717.0000,3,0.450787,1,-0.205334,2.061355,22.696783,3.522000,33.381299,0,-0.2053388090349051
2018-11-20,sz.002643,9.6800,9.6800,9.2000,9.4500,9.7200,7672903,72321511.3000,3,0.860066,1,-2.777782,2.004095,22.066317,3.424167,32.454041,0,-2.77777777777779
2018-11-21,sz.002643,9.3500,9.5800,9.1600,9.4000,9.4500,5412720,51054877.5400,3,0.606719,1,-0.529103,1.993491,21.949564,3.406049,32.282327,0,-0.5291005291005124
2018-11-22,sz.002643,9.4000,9.4500,9.2400,9.3200,9.4000,2759850,25779515.0700,3,0.309355,1,-0.851063,1.976526,21.762759,3.377062,32.007583,0,-0.8510638297872353
2018-11-23,sz.002643,9.3000,9.3800,9.0500,9.2500,9.3200,3546094,32689903.7900,3,0.397487,1,-0.751070,1.961680,21.599305,3.351697,31.767183,0,-0.7510729613733891
2018-11-26,sz.002643,9.1800,9.2500,9.0100,9.0800,9.2500,3215361,29315795.1000,3,0.360414,1,-1.837839,1.925628,21.202345,3.290099,31.183354,0,-1.8378378378378413
2018-11-27,sz.002643,9.0800,9.4000,9.0800,9.3500,9.0800,3925307,36334907.8400,3,0.439993,1,2.973573,1.982888,21.832811,3.387932,32.110612,0,2.9735682819383102
2018-11-28,sz.002643,9.3500,9.5300,9.2700,9.4000,9.3500,2443300,22970054.4800,3,0.273873,1,0.534751,1.993491,21.949564,3.406049,32.282327,0,0.5347593582887722
2018-11-29,sz.002643,9.5000,9.5300,9.2000,9.2400,9.4000,1910700,17837268.9400,3,0.214173,1,-1.702126,1.959560,21.575954,3.348074,31.732840,0,-1.7021276595744705
2018-11-30,sz.002643,9.0800,9.2900,9.0800,9.2300,9.2400,2479212,22759350.2500,3,0.277898,1,-0.108228,1.957439,21.552604,3.344450,31.698497,0,-0.10822510822510178
2018-12-03,sz.002643,9.3800,9.7200,9.3800,9.7100,9.2300,6208991,59665245.6500,3,0.695975,1,5.200439,2.059234,22.673433,3.518376,33.346956,0,5.200433369447466
2018-12-04,sz.002643,9.6400,9.7400,9.5600,9.6500,9.7100,3186748,30710813.9300,3,0.357207,1,-0.617924,2.046510,22.533329,3.496636,33.140899,0,-0.6179196704428458
2018-12-05,sz.002643,9.5500,9.6400,9.4900,9.6300,9.6500,3616807,34667864.4500,3,0.405413,1,-0.207249,2.042268,22.486628,3.489389,33.072213,0,-0.2072538860103612
2018-12-06,sz.002643,9.6300,9.6900,9.4600,9.5800,9.6300,3003574,28810158.9900,3,0.336675,1,-0.519213,2.031665,22.369875,3.471271,32.900499,0,-0.5192107995846351
2018-12-07,sz.002643,9.6000,10.0700,9.6000,9.9500,9.5800,10391453,102952935.2800,3,1.164793,1,3.862212,2.110132,23.233847,3.605339,34.171186,0,3.862212943632559
2018-12-10,sz.002643,9.9500,9.9500,9.7300,9.8700,9.9500,4558675,44882311.9500,3,0.510988,1,-0.804019,2.093166,23.047042,3.576352,33.896443,0,-0.8040201005025116
2018-12-11,sz.002643,9.8700,10.2200,9.8000,10.2200,9.8700,8227596,82777161.3300,3,0.922243,1,3.546103,2.167392,23.864313,3.703173,35.098444,0,3.546099290780158
2018-12-12,sz.002643,10.2100,10.3100,10.0000,10.1900,10.2200,4489679,45588010.4200,3,0.503254,1,-0.293549,2.161030,23.794261,3.692302,34.995416,0,-0.29354207436400603
2018-12-13,sz.002643,10.1800,10.3200,10.1100,10.2300,10.1900,4638068,47531080.5300,3,0.519888,1,0.392541,2.169512,23.887664,3.706796,35.132787,0,0.39254170755642637
2018-12-14,sz.002643,10.2300,10.2700,10.0000,10.0100,10.2300,4774387,48289857.7500,3,0.535168,1,-2.150531,2.122856,23.373951,3.627080,34.377244,0,-2.1505376344086113
2018-12-17,sz.002643,9.9700,10.0900,9.7000,9.9000,10.0100,5458897,53861040.8200,3,0.611895,1,-1.098907,2.099528,23.117094,3.587222,33.999472,0,-1.098901098901095
2018-12-18,sz.002643,9.9000,10.0300,9.6400,9.7800,9.9000,5608877,54909185.6100,3,0.628707,1,-1.212120,2.074079,22.836887,3.543741,33.587357,0,-1.21212121212122
2018-12-19,sz.002643,9.9000,9.9000,9.6100,9.6800,9.7800,3834957,37273068.3300,3,0.429866,1,-1.022489,2.052872,22.603381,3.507506,33.243928,0,-1.0224948875255602
2018-12-20,sz.002643,9.6600,9.7700,9.5800,9.7000,9.6800,3763805,36482841.2000,3,0.421890,1,0.206606,2.057114,22.650082,3.514753,33.312614,0,0.20661157024792765
2018-12-21,sz.002643,9.7000,9.7400,9.4500,9.5500,9.7000,4198045,40180990.1000,3,0.470565,1,-1.546388,2.025302,22.299823,3.460401,32.797470,0,-1.546391752577303
2018-12-24,sz.002643,9.6400,9.7800,9.4000,9.7000,9.5500,4945340,47626021.9000,3,0.554330,1,1.570677,2.057114,22.650082,3.514753,33.312614,0,1.5706806282722363
2018-12-25,sz.002643,9.6100,9.8500,9.4500,9.8400,9.7000,5038241,48603993.8200,3,0.564744,1,1.443303,2.086804,22.976990,3.565481,33.793414,0,1.4432989690721598
2018-12-26,sz.002643,9.8000,9.9400,9.7400,9.7900,9.8400,4281138,42095372.7200,3,0.479879,1,-0.508132,2.076200,22.860237,3.547364,33.621700,0,-0.5081300813008172
2018-12-27,sz.002643,9.9900,10.0200,9.7100,9.9200,9.7900,7461759,73728238.0300,3,0.836399,1,1.327887,2.103770,23.163795,3.594469,34.068157,0,1.3278855975485282
2018-12-28,sz.002643,9.9100,10.1900,9.8300,10.1200,9.9200,6511752,65300666.5800,3,0.729911,1,2.016127,2.146184,23.630807,3.666938,34.755015,0,2.0161290322580516
2019-01-02,sz.002643,10.0500,10.1100,9.8000,9.8100,10.1200,4017081,39903604.9000,3,0.450280,1,-3.063236,2.080442,22.906939,3.554611,33.690386,0,-3.06324110671935
2019-01-03,sz.002643,9.6900,9.8500,9.2400,9.3800,9.8100,6919500,66309501.0000,3,0.775616,1,-4.383286,1.989250,21.902863,3.398802,32.213641,0,-4.383282364933738
2019-01-04,sz.002643,9.3000,9.7100,9.2200,9.6800,9.3800,5343580,50857709.3000,3,0.598969,1,3.198296,2.052872,22.603381,3.507506,33.243928,0,3.198294243070343
2019-01-07,sz.002643,9.7200,10.0300,9.7000,9.9500,9.6800,4814103,47779809.6200,3,0.539620,1,2.789251,2.110132,23.233847,3.605339,34.171186,0,2.789256198347112
2019-01-08,sz.002643,9.9100,10.3500,9.9100,10.3100,9.9500,8622274,88429513.7500,3,0.966483,1,3.618097,2.186478,24.074469,3.735784,35.407531,0,3.6180904522613133
2019-01-09,sz.002643,10.3400,10.5500,10.3000,10.3500,10.3100,7315110,76317628.0000,3,0.819961,1,0.387972,2.194961,24.167871,3.750278,35.544902,0,0.38797284190106307
2019-01-10,sz.002643,10.4500,10.6000,10.1600,10.2800,10.3500,5846955,61063666.3000,3,0.655393,1,-0.676335,2.180116,24.004417,3.724913,35.304502,0,-0.6763285024154575
2019-01-11,sz.002643,10.4600,10.7000,10.2600,10.3300,10.2800,4427410,46201536.9700,3,0.496275,1,0.486383,2.190720,24.121170,3.743031,35.476216,0,0.4863813229571967
2019-01-14,sz.002643,10.2500,10.5100,10.1100,10.2900,10.3300,5353168,55393978.6800,3,0.600044,1,-0.387221,2.182237,24.027768,3.728537,35.338845,0,-0.3872216844143406
2019-01-15,sz.002643,10.3200,10.3800,10.2200,10.2900,10.2900,3167269,32635139.8700,3,0.355024,1,0.000000,2.182237,24.027768,3.728537,35.338845,0,0.0
2019-01-16,sz.002643,10.3100,10.4500,10.2100,10.3800,10.2900,4297144,44383123.0300,3,0.481673,1,0.874637,2.201324,24.237923,3.761148,35.647931,0,0.8746355685131268
2019-01-17,sz.002643,10.3300,10.3300,9.9800,10.0000,10.3800,4815366,48749133.6800,3,0.539761,1,-3.660887,2.120736,23.350600,3.623457,34.342901,0,-3.6608863198458685
2019-01-18,sz.002643,10.1000,10.3400,9.9300,10.0600,10.0000,5633689,57124322.9700,3,0.631488,1,0.600004,2.133460,23.490704,3.645197,34.548958,0,0.6000000000000005
2019-01-21,sz.002643,10.1800,10.2600,9.8400,9.9900,10.0600,5713900,57256823.0000,3,0.640479,1,-0.695832,2.118615,23.327249,3.619833,34.308558,0,-0.6958250497017926
2019-01-22,sz.002643,9.9300,10.0800,9.8200,9.9100,9.9900,4692400,46616147.0000,3,0.525978,1,-0.800800,2.101649,23.140445,3.590846,34.033815,0,-0.800800800800805
2019-01-23,sz.002643,9.8200,10.0200,9.7500,9.9600,9.9100,3377233,33413360.3600,3,0.378559,1,0.504543,2.112253,23.257198,3.608963,34.205529,0,0.5045408678103103
2019-01-24,sz.002643,9.9700,10.0700,9.8200,9.9600,9.9600,3063649,30516112.4600,3,0.343409,1,0.000000,2.112253,23.257198,3.608963,34.205529,0,0.0
2019-01-25,sz.002643,10.0100,10.1400,9.8600,10.0100,9.9600,4658229,46481669.6600,3,0.522147,1,0.502010,2.122856,23.373951,3.627080,34.377244,0,0.5020080321284981
2019-01-28,sz.002643,10.0800,10.1900,9.9400,9.9600,10.0100,5082129,51097807.9200,3,0.569663,1,-0.499502,2.112253,23.257198,3.608963,34.205529,0,-0.4995004995004937
2019-01-29,sz.002643,9.9500,10.2800,9.7900,10.2800,9.9600,6174329,62055860.7200,3,0.692089,1,3.212848,2.180116,24.004417,3.724913,35.304502,0,3.2128514056224855
2019-01-30,sz.002643,10.1300,10.3200,10.0900,10.2000,10.2800,4293150,43929271.4800,3,0.481225,1,-0.778209,2.163150,23.817612,3.695926,35.029759,0,-0.7782101167315147
2019-01-31,sz.002643,10.1500,10.2800,10.1200,10.2800,10.2000,3143584,32036781.8200,3,0.352369,1,0.784313,2.180116,24.004417,3.724913,35.304502,0,0.7843137254901933
2019-02-01,sz.002643,10.2900,10.4300,10.2200,10.2900,10.2800,4395952,45363191.5800,3,0.492748,1,0.097278,2.182237,24.027768,3.728537,35.338845,0,0.09727626459143934
2019-02-11,sz.002643,10.3400,10.5200,10.2500,10.4900,10.2900,5558122,57637438.7800,3,0.623018,1,1.943633,2.224652,24.494780,3.801006,36.025703,0,1.9436345966958424
2019-02-12,sz.002643,10.4900,11.2300,10.3700,11.1300,10.4900,15078324,164509933.1900,3,1.690151,1,6.101052,2.360379,25.989218,4.032907,38.223648,0,6.101048617731175
2019-02-13,sz.002643,11.4000,11.9800,11.2600,11.7800,11.1300,34732812,404964191.1700,3,3.893250,1,5.840068,2.498227,27.507007,4.268432,40.455937,0,5.8400718778077065
2019-02-14,sz.002643,12.0500,12.0600,11.2500,11.5300,11.7800,24216486,279592564.0800,3,2.714460,1,-2.122241,2.445208,26.923242,4.177846,39.597364,0,-2.1222410865874397
2019-02-15,sz.002643,11.5300,11.6800,11.2500,11.4700,11.5300,13696343,157788828.1700,3,1.535242,1,-0.520377,2.432484,26.783138,4.156105,39.391307,0,-0.5203816131829853
2019-02-18,sz.002643,11.5500,12.1200,11.3200,11.9600,11.4700,21995261,257504095.3400,3,2.465480,1,4.272012,2.536400,24.470087,4.131510,41.074109,0,4.2720139494333065
2019-02-19,sz.002643,11.8900,11.8900,11.3700,11.6200,11.9600,20664764,240364579.6900,3,2.316342,1,-2.842811,2.464295,23.774449,4.014059,39.906451,0,-2.842809364548504
2019-02-20,sz.002643,11.6200,11.6500,11.2000,11.4800,11.6200,14860774,169442555.2100,3,1.665765,1,-1.204822,2.434604,23.488010,3.965697,39.425650,0,-1.2048192771084265
2019-02-21,sz.002643,11.3900,11.7400,11.2500,11.2800,11.4800,15610259,178953721.9400,3,1.749776,1,-1.742159,2.392190,23.078811,3.896608,38.738792,0,-1.7421602787456525
2019-02-22,sz.002643,11.1800,11.4000,11.1000,11.3400,11.2800,10385533,117086711.1900,3,1.164129,1,0.531919,2.404914,23.201571,3.917335,38.944849,0,0.5319148936170359
2019-02-25,sz.002643,11.5500,12.1500,11.4000,11.8600,11.3400,27762745,325337821.6500,3,3.111965,1,4.585534,2.515192,24.265487,4.096966,40.730680,0,4.585537918871241
2019-02-26,sz.002643,11.8200,11.8200,11.2600,11.3200,11.8600,29097103,333267871.0900,3,3.261535,1,-4.553120,2.400673,23.160651,3.910426,38.876163,0,-4.553119730185495
2019-02-27,sz.002643,11.2900,11.2900,11.0200,11.0800,11.3200,17227804,191579881.2000,3,1.931089,1,-2.120139,2.349775,22.669612,3.827519,38.051934,0,-2.1201413427561877
2019-02-28,sz.002643,11.1700,11.2600,11.0000,11.1400,11.0800,14852227,165057812.5100,3,1.664807,1,0.541520,2.362499,22.792372,3.848246,38.257991,0,0.5415162454873723
2019-03-01,sz.002643,11.0800,11.2500,10.9700,11.1800,11.1400,10022898,111421880.7400,3,1.123481,1,0.359066,2.370982,22.874212,3.862064,38.395363,0,0.35906642728904536
2019-03-04,sz.002643,11.2600,11.5900,11.1800,11.2200,11.1800,18534247,210170431.4400,3,2.077530,1,0.357781,2.379465,22.956051,3.875881,38.532734,0,0.3577817531305927
2019-03-05,sz.002643,11.2200,11.6800,11.1800,11.6700,11.2200,21551241,248391307.0500,3,2.415709,1,4.010694,2.474898,23.876749,4.031331,40.078165,0,4.010695187165769
2019-03-06,sz.002643,11.6800,11.9600,11.5000,11.7300,11.6700,18522859,216765930.2600,3,2.076253,1,0.514134,2.487623,23.999508,4.052058,40.284222,0,0.5141388174807249
2019-03-07,sz.002643,11.6800,11.8100,11.4100,11.5400,11.7300,17412893,201496495.9100,3,1.951836,1,-1.619775,2.447329,23.610769,3.986423,39.631707,0,-1.6197783461210702
2019-03-08,sz.002643,11.3300,11.3300,10.9900,11.0500,11.5400,18402515,205124528.0000,3,2.062764,1,-4.246099,2.343413,22.608232,3.817156,37.948905,0,-4.246100519930662
2019-03-11,sz.002643,11.0800,11.5200,11.0500,11.5200,11.0500,14707806,166102026.7600,3,1.648619,1,4.253396,2.443087,23.569850,3.979515,39.563022,0,4.253393665158356
2019-03-12,sz.002643,11.8000,12.0900,11.6400,11.9700,11.5200,31383324,372658267.5700,3,3.517801,1,3.906248,2.538520,24.490547,4.134964,41.108452,0,3.90625
2019-03-13,sz.002643,11.7300,11.7900,11.2100,11.3100,11.9700,22662278,259941238.1100,3,2.540247,1,-5.513783,2.398552,23.140191,3.906971,38.841821,0,-5.513784461152882
2019-03-14,sz.002643,11.2500,11.4500,11.1000,11.3600,11.3100,11026740,124505119.1400,3,1.236003,1,0.442080,2.409156,23.242491,3.924244,39.013535,0,0.4420866489831976
2019-03-15,sz.002643,11.4300,11.5000,11.2300,11.3200,11.3600,8101171,92091106.9500,3,0.908072,1,-0.352112,2.400673,23.160651,3.910426,38.876163,0,-0.35211267605632646
2019-03-18,sz.002643,11.3200,11.5900,11.2700,11.5200,11.3200,10218389,116762003.4400,3,1.145394,1,1.766791,2.443087,23.569850,3.979515,39.563022,0,1.7667844522968101
2019-03-19,sz.002643,11.5600,11.8500,11.5500,11.7400,11.5200,14137952,165569626.7400,3,1.584743,1,1.909716,2.489744,24.019968,4.055512,40.318565,0,1.909722222222232
2019-03-20,sz.002643,11.8000,11.8000,11.4300,11.5800,11.7400,10372508,119776822.3100,3,1.162669,1,-1.362861,2.455812,23.692609,4.000241,39.769079,0,-1.3628620102214661
2019-03-21,sz.002643,11.5700,12.1600,11.5100,12.0500,11.5800,23038129,274391864.1100,3,2.582376,1,4.058724,2.555486,24.654226,4.162600,41.383195,0,4.058721934369602
2019-03-22,sz.002643,12.0600,12.1300,11.7700,12.0000,12.0500,15219490,181073959.7300,3,1.705974,1,-0.414939,2.544883,24.551927,4.145328,41.211481,0,-0.4149377593361092
2019-03-25,sz.002643,11.7500,12.4200,11.6600,12.0600,12.0000,16568665,201573142.3100,3,1.857205,1,0.500004,2.557607,24.674686,4.166054,41.417538,0,0.5000000000000115
2019-03-26,sz.002643,12.1800,12.4800,11.8600,11.8800,12.0600,16241898,197700892.8200,3,1.820577,1,-1.492540,2.519434,24.306407,4.103874,40.799366,0,-1.492537313432829
2019-03-27,sz.002643,11.9100,12.3900,11.7500,12.3500,11.8800,14855036,179149125.6100,3,1.665122,1,3.956231,2.619108,25.268024,4.266233,42.413482,0,3.9562289562289354
2019-03-28,sz.002643,12.5000,12.9400,12.2800,12.6100,12.3500,22510526,284466317.1900,3,2.565646,1,2.105257,2.585062,25.792503,4.356243,597.477492,0,2.1052631578947434
2019-03-29,sz.002643,12.6100,12.8200,12.4200,12.6900,12.6100,14107568,178284612.9300,3,1.607916,1,0.634417,2.601462,25.956135,4.383879,601.267991,0,0.6344171292624878
2019-04-01,sz.002643,12.7000,13.0500,12.6900,12.9700,12.6900,16720674,214713038.9200,3,1.905745,1,2.206467,2.658863,26.528848,4.480608,614.534740,0,2.206461780929869
2019-04-02,sz.002643,12.9200,12.9800,12.6600,12.7000,12.9700,13048682,166726605.0700,3,1.487229,1,-2.081731,2.603512,25.976589,4.387334,601.741804,0,-2.0817270624518214
2019-04-03,sz.002643,12.6600,12.6800,12.4500,12.6300,12.7000,8812883,110689991.3100,3,1.004452,1,-0.551179,2.589162,25.833411,4.363152,598.425117,0,-0.5511811023621971
2019-04-04,sz.002643,12.6800,12.7600,12.5000,12.6500,12.6300,9076359,114553092.9100,3,1.034482,1,0.158349,2.593262,25.874319,4.370061,599.372742,0,0.15835312747425334
2019-04-08,sz.002643,12.8000,12.9900,12.5200,12.9800,12.6500,19535942,248271232.6800,3,2.226617,1,2.608695,2.660913,26.549302,4.484063,615.008552,0,2.60869565217392
2019-04-09,sz.002643,12.8400,12.8400,12.3900,12.5400,12.9800,13052775,163685354.5000,3,1.487695,1,-3.389827,2.570712,25.649325,4.332060,594.160805,0,-3.3898305084745894
2019-04-10,sz.002643,12.4700,12.4700,12.1900,12.3400,12.5400,10863008,133518243.5900,3,1.238116,1,-1.594895,2.529712,25.240245,4.262969,584.684556,0,-1.5948963317384268
2019-04-11,sz.002643,12.3400,12.3700,12.0100,12.0100,12.3400,10145750,123437060.0000,3,1.156366,1,-2.674229,2.462062,24.565263,4.148967,569.048745,0,-2.674230145867096
2019-04-12,sz.002643,12.0100,12.1100,11.6300,11.6800,12.0100,10088962,119015297.8700,3,1.149893,1,-2.747710,2.394411,23.890281,4.034965,553.412935,0,-2.747710241465451
2019-04-15,sz.002643,11.8600,11.9000,11.5300,11.6200,11.6800,7970767,93513427.6300,3,0.908471,1,-0.513702,2.382111,23.767557,4.014238,550.570060,0,-0.5136986301369939
2019-04-16,sz.002643,11.6000,11.8300,11.4000,11.8200,11.6200,6967142,80965946.5400,3,0.794083,1,1.721169,2.423112,24.176637,4.083330,560.046309,0,1.7211703958692093
2019-04-17,sz.002643,11.7500,12.2100,11.6900,11.9800,11.8200,8963572,107522255.7300,3,1.021627,1,1.353637,2.455912,24.503901,4.138603,567.627308,0,1.3536379018612488
2019-04-18,sz.002643,11.9800,12.1200,11.6600,11.6900,11.9800,6870607,81267102.8400,3,0.783080,1,-2.420701,2.396461,23.910735,4.038420,553.886747,0,-2.42070116861437
2019-04-19,sz.002643,11.6900,11.8000,11.5400,11.6600,11.6900,6821500,79201829.4600,3,0.777483,1,-0.256627,2.390311,23.849373,4.028056,552.465310,0,-0.2566295979469557
2019-04-22,sz.002643,11.7100,11.7600,11.4300,11.6600,11.6600,7983117,92416043.3400,3,0.909879,1,0.000000,2.390311,23.849373,4.028056,552.465310,0,0.0
2019-04-23,sz.002643,11.5800,11.6200,11.4000,11.5300,11.6600,5507181,63419323.2700,3,0.627683,1,-1.114924,2.363661,23.583471,3.983147,546.305748,0,-1.1149228130360234
2019-04-24,sz.002643,11.6000,11.8500,11.4200,11.7900,11.5300,8085258,94095981.6800,3,0.921520,1,2.254989,2.416962,24.115275,4.072966,558.624871,0,2.254986990459673
2019-04-25,sz.002643,11.7400,11.8000,11.0600,11.1000,11.7900,10100482,115307973.3200,3,1.151206,1,-5.852414,2.275511,22.703948,3.834599,525.931813,0,-5.852417302798973
2019-04-26,sz.002643,11.0600,11.4300,11.0200,11.1700,11.1000,5933650,66595600.7000,3,0.676290,1,0.630628,2.248840,21.080545,3.852802,-363.726530,0,0.6306306306306242
2019-04-29,sz.002643,11.2800,11.2800,10.7500,10.8600,11.1700,9435522,103813353.3000,3,1.075417,1,-2.775295,2.186428,20.495498,3.745875,-353.632061,0,-2.7752909579230156
2019-04-30,sz.002643,10.8300,11.0700,10.8300,10.9500,10.8600,4978677,54598898.2200,3,0.567447,1,0.828731,2.204548,20.665351,3.776919,-356.562713,0,0.8287292817679592
2019-05-06,sz.002643,10.5000,10.6600,9.8900,10.0000,10.9500,9945347,102530442.1900,3,1.133525,1,-8.675797,2.013286,18.872466,3.449241,-325.628048,0,-8.675799086757985
2019-05-07,sz.002643,10.1400,10.3700,10.0600,10.2400,10.0000,6722093,68835841.5900,3,0.766153,1,2.399998,2.061605,19.325405,3.532022,-333.443122,0,2.400000000000002
2019-05-08,sz.002643,10.0400,10.4600,9.9000,10.3300,10.2400,5585245,57663798.1500,3,0.636580,1,0.878908,2.079724,19.495258,3.563066,-336.373774,0,0.87890625
2019-05-09,sz.002643,10.2800,10.4000,10.1600,10.2400,10.3300,3929445,40501837.6500,3,0.447860,1,-0.871250,2.061605,19.325405,3.532022,-333.443122,0,-0.871248789932233
2019-05-10,sz.002643,10.3000,10.6700,10.0200,10.5300,10.2400,7426066,77498417.3900,3,0.846389,1,2.832031,2.119990,19.872707,3.632050,-342.886335,0,2.83203125
2019-05-13,sz.002643,10.4100,10.6500,10.2900,10.4100,10.5300,5429196,56899964.4400,3,0.618795,1,-1.139600,2.095830,19.646237,3.590660,-338.978798,0,-1.1396011396011319
2019-05-14,sz.002643,10.3000,10.6300,10.2600,10.4600,10.4100,5460800,57358073.0000,3,0.622397,1,0.480309,2.105897,19.740600,3.607906,-340.606939,0,0.48030739673392553
2019-05-15,sz.002643,10.5600,10.6400,10.4500,10.5500,10.4600,4095850,43165959.5000,3,0.466826,1,0.860422,2.124016,19.910452,3.638949,-343.537591,0,0.8604206500955947
2019-05-16,sz.002643,10.5700,10.5800,10.3700,10.4900,10.5500,4520969,47384993.3800,3,0.515279,1,-0.568724,2.111937,19.797217,3.618254,-341.583823,0,-0.5687203791469253
2019-05-17,sz.002643,10.5400,10.5400,9.9200,10.0000,10.4900,7897675,80247600.5000,3,0.900141,1,-4.671113,2.013286,18.872466,3.449241,-325.628048,0,-4.671115347950428
2019-05-20,sz.002643,10.0200,10.1400,9.8100,10.0600,10.0000,6431912,64103441.4100,3,0.733080,1,0.600004,2.025365,18.985701,3.469936,-327.581817,0,0.6000000000000005
2019-05-21,sz.002643,10.0500,10.2700,10.0000,10.1300,10.0600,4374187,44446270.5100,3,0.498550,1,0.695822,2.039458,19.117808,3.494081,-329.861213,0,0.6958250497017815
2019-05-22,sz.002643,10.1700,10.2700,10.0800,10.1300,10.1300,3439837,35029622.1400,3,0.392057,1,0.000000,2.039458,19.117808,3.494081,-329.861213,0,0.0
2019-05-23,sz.002643,10.1900,10.1900,9.8100,9.8700,10.1300,4520050,44936875.0000,3,0.515174,1,-2.566636,1.987113,18.627124,3.404401,-321.394884,0,-2.566633761105641
2019-05-24,sz.002643,9.7600,10.0500,9.7100,9.8000,9.8700,2602745,25582761.7600,3,0.296649,1,-0.709217,1.973020,18.495017,3.380256,-319.115488,0,-0.7092198581560183
2019-05-27,sz.002643,9.8100,10.1300,9.7300,10.1000,9.8000,4663164,46637623.5300,3,0.531486,1,3.061226,2.033419,19.061191,3.483733,-328.884329,0,3.0612244897959107
2019-05-28,sz.002643,10.1100,10.2500,10.0400,10.1500,10.1000,4336073,44114391.5000,3,0.494206,1,0.495042,2.043485,19.155553,3.500979,-330.512469,0,0.4950495049504955
2019-05-29,sz.002643,10.1500,10.2200,10.0500,10.0900,10.1500,2637143,26709885.8200,3,0.300569,1,-0.591128,2.031405,19.042318,3.480284,-328.558701,0,-0.5911330049261143
2019-05-30,sz.002643,10.1400,10.1900,10.0400,10.1300,10.0900,3792646,38343175.5100,3,0.432268,1,0.396432,2.039458,19.117808,3.494081,-329.861213,0,0.3964321110009994
2019-05-31,sz.002643,10.1500,10.4700,10.0800,10.3400,10.1300,6696307,68887518.2000,3,0.763214,1,2.073051,2.081737,19.514130,3.566515,-336.699402,0,2.073050345508376
2019-06-03,sz.002643,10.3300,10.4800,10.2000,10.2300,10.3400,4197820,43424808.8900,3,0.478448,1,-1.063836,2.059591,19.306533,3.528573,-333.117494,0,-1.0638297872340385
2019-06-04,sz.002643,10.2300,10.2800,9.9700,10.1200,10.2300,3941169,39703795.6800,3,0.449196,1,-1.075265,2.037445,19.098936,3.490632,-329.535585,0,-1.0752688172043112
2019-06-05,sz.002643,10.2000,10.2500,10.0000,10.0100,10.1200,2751300,27663618.0000,3,0.313580,1,-1.086953,2.015299,18.891339,3.452690,-325.953677,0,-1.0869565217391242
2019-06-06,sz.002643,9.9900,10.0100,9.7500,9.7800,10.0100,2674893,26425815.7700,3,0.304872,1,-2.297707,1.968993,18.457272,3.373357,-318.464231,0,-2.2977022977022976
2019-06-10,sz.002643,9.8800,9.9800,9.7300,9.8000,9.7800,4446431,43614894.9400,3,0.506784,1,0.204504,1.973020,18.495017,3.380256,-319.115488,0,0.2044989775051187
2019-06-11,sz.002643,9.8000,10.1100,9.8000,10.0900,9.8000,4848438,48288306.1300,3,0.552603,1,2.959183,2.031405,19.042318,3.480284,-328.558701,0,2.95918367346939
2019-06-12,sz.002643,10.0900,10.1500,9.9100,9.9500,10.0900,3796860,38007817.1500,3,0.432749,1,-1.387516,2.003219,18.778104,3.431995,-323.999908,0,-1.3875123885034757
2019-06-13,sz.002643,9.9800,9.9900,9.7800,9.8700,9.9500,4113312,40593592.1600,3,0.468816,1,-0.804019,1.987113,18.627124,3.404401,-321.394884,0,-0.8040201005025116
2019-06-14,sz.002643,9.8600,9.9200,9.3600,9.3800,9.8700,7359057,70647162.7500,3,0.838751,1,-4.964537,1.888462,17.702373,3.235388,-305.439109,0,-4.964539007092183
2019-06-17,sz.002643,9.3600,9.6800,9.3300,9.6600,9.3800,6378018,61267842.3700,3,0.726937,1,2.985072,1.944834,18.230802,3.331967,-314.556695,0,2.985074626865658
2019-06-18,sz.002643,9.7100,9.9000,9.6100,9.7700,9.6600,6480464,63131529.7700,3,0.738613,1,1.138723,1.966980,18.438400,3.369908,-318.138603,0,1.1387163561076497
2019-06-19,sz.002643,9.9900,10.2800,9.9900,10.1400,9.7700,8212900,83522913.2900,3,0.936068,1,3.787102,2.041472,19.136681,3.497530,-330.186841,0,3.7871033776867957
2019-06-20,sz.002643,10.0100,10.1500,9.9100,9.9700,9.9600,6752302,67699372.1500,3,0.769596,1,0.100404,2.007246,18.815849,3.438893,-324.651164,0,-1.6765285996055201
2019-06-21,sz.002643,10.0500,10.1600,9.9900,10.0500,9.9700,5399350,54366289.0000,3,0.615393,1,0.802406,2.023352,18.966829,3.466487,-327.256189,0,0.8024072216650024
2019-06-24,sz.002643,10.0500,10.1200,9.9600,10.0200,10.0500,2902519,29067434.6000,3,0.330816,1,-0.298505,2.017312,18.910211,3.456139,-326.279305,0,-0.29850746268658135
2019-06-25,sz.002643,9.9400,10.0200,9.8600,9.9500,10.0200,3239331,32164571.0200,3,0.369204,1,-0.698609,2.003219,18.778104,3.431995,-323.999908,0,-0.698602794411185
2019-06-26,sz.002643,9.9500,10.3000,9.8200,10.0100,9.9500,4871121,48833226.6500,3,0.555188,1,0.603019,2.015299,18.891339,3.452690,-325.953677,0,0.6030150753769004
2019-06-27,sz.002643,10.0500,10.0500,9.9000,10.0000,10.0100,6523870,65080251.5400,3,0.743561,1,-0.099902,2.013286,18.872466,3.449241,-325.628048,0,-0.09990009990009652
2019-06-28,sz.002643,10.0100,10.1100,9.9100,10.1000,10.0000,4632085,46329424.1300,3,0.527944,1,1.000004,2.033419,19.061191,3.483733,-328.884329,0,1.0000000000000009
2019-07-01,sz.002643,10.2600,10.8400,10.0800,10.7100,10.1000,17578372,183726587.8100,3,2.003502,1,6.039600,2.156229,20.212411,3.694137,-348.747640,0,6.039603960396045
2019-07-02,sz.002643,10.5900,10.6200,10.4300,10.5700,10.7100,9446600,99352562.7300,3,1.076680,1,-1.307193,2.128043,19.948197,3.645847,-344.188847,0,-1.3071895424836666
2019-07-03,sz.002643,10.7000,10.8500,10.3600,10.4600,10.5700,5863427,61424227.1000,3,0.668286,1,-1.040678,2.105897,19.740600,3.607906,-340.606939,0,-1.0406811731314969
2019-07-04,sz.002643,10.4500,10.5000,10.2300,10.3700,10.4600,4774529,49395678.6300,3,0.544179,1,-0.860422,2.087777,19.570747,3.576863,-337.676286,0,-0.8604206500956169
2019-07-05,sz.002643,10.4200,10.4200,10.2300,10.3000,10.3700,2694000,27782173.0000,3,0.307050,1,-0.675021,2.073684,19.438640,3.552718,-335.396890,0,-0.675024108003841
2019-07-08,sz.002643,10.3600,10.3600,9.9200,10.1900,10.3000,4950388,50025349.3200,3,0.564222,1,-1.067967,2.051538,19.231043,3.514776,-331.814981,0,-1.0679611650485588
2019-07-09,sz.002643,10.1000,10.2100,9.9600,10.1100,10.1900,2663429,26925878.0900,3,0.303565,1,-0.785083,2.035432,19.080063,3.487182,-329.209957,0,-0.7850834151128527
2019-07-10,sz.002643,10.0400,10.1900,10.0100,10.0600,10.1100,2266414,22881751.4600,3,0.258315,1,-0.494552,2.025365,18.985701,3.469936,-327.581817,0,-0.4945598417408381
2019-07-11,sz.002643,10.1300,10.2300,9.9900,10.0600,10.0600,4049699,40815355.4100,3,0.461566,1,0.000000,2.025365,18.985701,3.469936,-327.581817,0,0.0
2019-07-12,sz.002643,10.1200,10.4200,10.0300,10.3600,10.0600,6890824,70914841.2500,3,0.785384,1,2.982100,2.085764,19.551875,3.573413,-337.350658,0,2.9821073558647937
2019-07-15,sz.002643,10.3900,10.6400,10.2800,10.6000,10.3600,8183249,86009059.2100,3,0.932689,1,2.316609,2.134083,20.004814,3.656195,-345.165731,0,2.316602316602312
2019-07-16,sz.002643,10.6000,10.8000,10.5300,10.7000,10.6000,7363786,78579605.3500,3,0.839290,1,0.943391,2.154216,20.193539,3.690688,-348.422012,0,0.943396226415083
2019-07-17,sz.002643,10.6500,11.2200,10.5900,10.8800,10.7000,14896605,163585243.4400,3,1.697846,1,1.682246,2.190455,20.533243,3.752774,-354.283317,0,1.6822429906542258
2019-07-18,sz.002643,10.8100,10.9900,10.6900,10.8500,10.8800,7421712,80154659.0000,3,0.845893,1,-0.275733,2.184415,20.476626,3.742426,-353.306433,0,-0.27573529411766273
2019-07-19,sz.002643,10.7700,10.8800,10.5800,10.6600,10.8500,5481022,58759960.6400,3,0.624702,1,-1.751157,2.146163,20.118049,3.676891,-347.119500,0,-1.751152073732709
2019-07-22,sz.002643,10.8000,10.8900,10.4800,10.6400,10.6600,4657695,49899581.1200,3,0.530863,1,-0.187613,2.142136,20.080304,3.669992,-346.468244,0,-0.18761726078798668
2019-07-23,sz.002643,10.7000,10.9900,10.6200,10.9900,10.6400,6457685,70335101.1600,3,0.736017,1,3.289468,2.212601,20.740840,3.790716,-357.865225,0,3.289473684210531
2019-07-24,sz.002643,10.9600,11.1700,10.9000,10.9800,10.9900,6867422,75911963.4900,3,0.782717,1,-0.090994,2.210588,20.721968,3.787266,-357.539597,0,-0.09099181073702889
2019-07-25,sz.002643,11.0100,11.1200,10.8500,11.0100,10.9800,5675614,62296480.1700,3,0.646880,1,0.273230,2.216628,20.778585,3.797614,-358.516481,0,0.2732240437158362
2019-07-26,sz.002643,10.9200,11.0900,10.7100,11.0300,11.0100,8580462,93310345.3400,3,0.978000,1,0.181600,2.220654,20.816330,3.804513,-359.167737,0,0.18165304268846771
2019-07-29,sz.002643,10.9300,10.9800,10.7600,10.8200,11.0300,5674916,61475788.2500,3,0.646801,1,-1.903899,2.178375,20.420008,3.732078,-352.329548,0,-1.9038984587488539
2019-07-30,sz.002643,10.7800,10.8500,10.6200,10.6700,10.8200,7317832,78348830.1200,3,0.834100,1,-1.386300,2.148176,20.136921,3.680340,-347.445128,0,-1.3863216266173817
2019-07-31,sz.002643,10.6900,10.7500,10.6200,10.6800,10.6700,3557926,37998086.7000,3,0.405500,1,0.093700,2.150189,20.155794,3.683789,-347.770756,0,0.09372071227740086
2019-08-01,sz.002643,10.6200,10.6500,10.5000,10.5800,10.6800,5068115,53602303.2800,3,0.577600,1,-0.936300,2.130056,19.967069,3.649297,-344.514475,0,-0.9363295880149725
2019-08-02,sz.002643,10.4100,10.4500,10.1700,10.2700,10.5800,6220005,63990356.6100,3,0.708900,1,-2.930100,2.067644,19.382023,3.542370,-334.420006,0,-2.930056710775053
2019-08-05,sz.002643,10.2500,10.4400,10.0800,10.0900,10.2700,4840951,49722041.9500,3,0.551700,1,-1.752700,2.031405,19.042318,3.480284,-328.558701,0,-1.7526777020447915
2019-08-06,sz.002643,10.0000,10.2500,9.8300,10.1600,10.0900,5637458,56368902.3100,3,0.642500,1,0.693800,2.045498,19.174426,3.504429,-330.838097,0,0.6937561942517378
2019-08-07,sz.002643,10.1100,10.2700,9.9700,10.0500,10.1600,4491493,45278105.0900,3,0.511900,1,-1.082700,2.023352,18.966829,3.466487,-327.256189,0,-1.0826771653543288
2019-08-08,sz.002643,10.1800,10.3400,10.0600,10.2800,10.0500,4301030,44012269.4600,3,0.490200,1,2.288600,2.069658,19.400895,3.545819,-334.745634,0,2.288557213930331
2019-08-09,sz.002643,10.3500,10.3800,9.9400,10.0600,10.2800,4165860,42023259.2200,3,0.474800,1,-2.140100,2.025365,18.985701,3.469936,-327.581817,0,-2.1400778210116655
2019-08-12,sz.002643,10.0000,10.2800,10.0000,10.2500,10.0600,3138931,32000876.4600,3,0.357800,1,1.888700,2.063618,19.344278,3.535472,-333.768750,0,1.888667992047699
2019-08-13,sz.002643,10.1700,10.3600,10.1300,10.2700,10.2500,3342071,34355797.9200,3,0.380900,1,0.195100,2.067644,19.382023,3.542370,-334.420006,0,0.19512195121951237
2019-08-14,sz.002643,10.3800,10.7900,10.3800,10.7100,10.2700,9024278,96184969.5800,3,1.011500,1,4.284300,2.156229,20.212411,3.694137,-348.747640,0,4.284323271665058
2019-08-15,sz.002643,10.4500,10.8600,10.4500,10.8400,10.7100,5286368,56674530.8200,3,0.592600,1,1.213800,2.182402,20.457753,3.738977,-352.980805,0,1.21381886087768
2019-08-16,sz.002643,10.7500,11.0800,10.6300,10.7000,10.8400,10511265,113864142.8100,3,1.178200,1,-1.291500,2.149360,20.168263,3.675286,-179.263381,0,-1.291512915129156
2019-08-19,sz.002643,10.8300,11.6800,10.8300,11.4700,10.7000,17166660,194190899.1400,3,1.888200,1,7.196300,2.304033,21.619623,3.939769,-192.163643,0,7.19626168224301
2019-08-20,sz.002643,11.6300,11.8300,11.4000,11.6900,11.4700,17300226,201824586.4000,3,1.902900,1,1.918000,2.348226,22.034298,4.015336,-195.849432,0,1.9180470793373816
2019-08-21,sz.002643,11.6800,11.9400,11.5700,11.8300,11.6900,13939993,164368034.8800,3,1.533300,1,1.197600,2.376348,22.298182,4.063424,-198.194934,0,1.1976047904191711
2019-08-22,sz.002643,11.8000,11.9600,11.7900,11.8900,11.8300,10376350,123425956.0000,3,1.141300,1,0.507200,2.388401,22.411275,4.084033,-199.200149,0,0.5071851225697532
2019-08-23,sz.002643,11.9100,12.1400,11.7800,11.9000,11.8900,11071950,132238515.4400,3,1.217900,1,0.084100,2.390409,22.430124,4.087468,-199.367685,0,0.0841042893187538
2019-08-26,sz.002643,11.7800,11.9300,11.6500,11.7900,11.9000,11911874,140248101.7200,3,1.310200,1,-0.924400,2.368313,22.222786,4.049685,-197.524791,0,-0.9243697478991675
2019-08-27,sz.002643,12.0000,12.1500,11.7700,11.8700,11.7900,12893200,154461371.5800,3,1.418200,1,0.678500,2.384383,22.373577,4.077163,-198.865078,0,0.6785411365564098
2019-08-28,sz.002643,11.8000,12.0500,11.7300,11.8300,11.8700,8726164,103842529.4000,3,0.959800,1,-0.337000,2.376348,22.298182,4.063424,-198.194934,0,-0.33698399326030914
2019-08-29,sz.002643,11.9300,11.9300,11.6600,11.7400,11.8300,7233139,85025306.8500,3,0.795600,1,-0.760800,2.358269,22.128542,4.032510,-196.687111,0,-0.7607776838546076
2019-08-30,sz.002643,11.8400,11.8500,11.4000,11.5500,11.7400,12339039,143022193.4100,3,1.357200,1,-1.618400,2.320103,21.770414,3.967248,-193.503930,0,-1.6183986371379855
2019-09-02,sz.002643,11.5900,11.8800,11.4700,11.7900,11.5500,10680196,124808751.2700,3,1.174800,1,2.077900,2.368313,22.222786,4.049685,-197.524791,0,2.0779220779220564
2019-09-03,sz.002643,11.8700,12.1800,11.6500,12.0700,11.7900,12400200,148615993.4900,3,1.364000,1,2.374900,2.424558,22.750554,4.145860,-202.215795,0,2.374893977947412
2019-09-04,sz.002643,12.0100,12.2500,11.8300,12.0200,12.0700,7904307,94936613.3700,3,0.869400,1,-0.414200,2.414514,22.656310,4.128686,-201.378116,0,-0.41425020712511085
2019-09-05,sz.002643,12.0000,13.1500,12.0000,13.1300,12.0200,27373815,348844957.4000,3,3.011000,1,9.234600,2.637485,24.748532,4.509954,-219.974597,0,9.234608985024973
2019-09-06,sz.002643,13.0200,13.3800,12.9700,13.2400,13.1300,16393827,215637947.2000,3,1.803200,1,0.837800,2.659581,24.955869,4.547737,-221.817492,0,0.8377760853008231
2019-09-09,sz.002643,13.2800,13.3000,12.8900,13.2000,13.2400,15863161,207762568.8100,3,1.744900,1,-0.302100,2.651546,24.880473,4.533998,-221.147348,0,-0.30211480362538623
2019-09-10,sz.002643,13.3000,13.7400,13.2000,13.5600,13.2000,22833163,308076277.1500,3,2.511500,1,2.727300,2.723861,25.559032,4.657652,-227.178640,0,2.7272727272727337
2019-09-11,sz.002643,13.6000,13.7100,13.0400,13.1000,13.5600,13774152,183801459.3000,3,1.515100,1,-3.392300,2.631459,24.691985,4.499649,-219.471990,0,-3.392330383480835
2019-09-12,sz.002643,13.1800,13.4000,13.0600,13.2500,13.1000,9423003,124720596.0700,3,1.036500,1,1.145000,2.661590,24.974718,4.551172,-221.985028,0,1.1450381679389388
2019-09-16,sz.002643,13.2400,13.3600,12.9700,13.1500,13.2500,9690926,126998606.0900,3,1.066000,1,-0.754700,2.641503,24.786229,4.516824,-220.309669,0,-0.7547169811320753
2019-09-17,sz.002643,13.1200,13.2800,12.7300,12.8000,13.1500,11406835,147455622.8300,3,1.254700,1,-2.661600,2.571197,24.126520,4.396604,-214.445914,0,-2.6615969581749055
2019-09-18,sz.002643,13.0400,13.0400,12.6900,12.8000,12.8000,6519598,83469909.7900,3,0.717100,1,0.000000,2.571197,24.126520,4.396604,-214.445914,0,0.0
2019-09-19,sz.002643,12.7500,13.7200,12.6900,13.6800,12.8000,15283711,203103398.0400,3,1.681100,1,6.875000,2.747966,25.785218,4.698871,-229.189070,0,6.874999999999987
2019-09-20,sz.002643,13.6400,13.6800,13.3100,13.6400,13.6800,9630555,130132542.1800,3,1.059300,1,-0.292400,2.739931,25.709823,4.685131,-228.518927,0,-0.29239766081871066
2019-09-23,sz.002643,13.4600,13.4800,12.9000,13.1000,13.6400,13355794,175449625.1300,3,1.469100,1,-3.958900,2.631459,24.691985,4.499649,-219.471990,0,-3.9589442815249343
2019-09-24,sz.002643,13.0000,13.2200,12.9500,13.0700,13.1000,7806370,102311674.3400,3,0.858700,1,-0.229000,2.625433,24.635438,4.489345,-218.969382,0,-0.22900763358778553
2019-09-25,sz.002643,13.1100,13.2900,12.7800,12.9100,13.0700,9180914,119469903.8500,3,1.009900,1,-1.224200,2.593293,24.333857,4.434387,-216.288808,0,-1.224177505738333
2019-09-26,sz.002643,13.0600,13.2500,12.5300,12.6000,12.9100,12987648,166086102.7500,3,1.428600,1,-2.401200,2.531022,23.749543,4.327907,-211.095196,0,-2.4012393493415995
2019-09-27,sz.002643,12.6600,13.2600,12.6100,13.0800,12.6000,11470973,149418555.8500,3,1.261700,1,3.809500,2.627441,24.654287,4.492780,-219.136918,0,3.809523809523818
2019-09-30,sz.002643,13.0800,13.1100,12.4800,12.5100,13.0800,8728313,110588269.5600,3,0.960100,1,-4.357800,2.512943,23.579903,4.296993,-209.587373,0,-4.357798165137616
2019-10-08,sz.002643,12.5800,12.6500,12.2100,12.2600,12.5100,5373259,66769424.2400,3,0.591000,1,-1.998400,2.462724,23.108682,4.211122,-205.398977,0,-1.9984012789768135
2019-10-09,sz.002643,12.2800,12.5000,12.2400,12.3900,12.2600,4717545,58397618.1000,3,0.518900,1,1.060400,2.488838,23.353717,4.255775,-207.576943,0,1.060358890701485
2019-10-10,sz.002643,12.5000,12.5800,12.3800,12.5100,12.3900,3524110,43989503.4500,3,0.387600,1,0.968500,2.512943,23.579903,4.296993,-209.587373,0,0.9685230024212954
2019-10-11,sz.002643,12.5500,12.5900,12.3800,12.4100,12.5100,4411432,55031684.2000,3,0.485200,1,-0.799400,2.492855,23.391415,4.262645,-207.912015,0,-0.7993605115907298
2019-10-14,sz.002643,12.7500,13.0800,12.6000,12.8000,12.4100,9528337,122331259.2800,3,1.048100,1,3.142600,2.571197,24.126520,4.396604,-214.445914,0,3.142626913779223
2019-10-15,sz.002643,12.7200,12.8000,12.3200,12.4500,12.8000,7861608,97768097.4400,3,0.864700,1,-2.734400,2.500890,23.466810,4.276384,-208.582158,0,-2.734375000000011
2019-10-16,sz.002643,12.3600,12.7800,12.3600,12.6700,12.4500,5127504,64826689.8400,3,0.564000,1,1.767100,2.545083,23.881485,4.351951,-212.267947,0,1.7670682730923648
2019-10-17,sz.002643,12.7800,12.8000,12.6500,12.7000,12.6700,3267434,41559575.6100,3,0.359400,1,0.236800,2.551109,23.938031,4.362256,-212.770555,0,0.23677979479084232
2019-10-18,sz.002643,12.7800,12.7800,12.3500,12.4100,12.7000,3979000,49779004.9900,3,0.437700,1,-2.283500,2.492855,23.391415,4.262645,-207.912015,0,-2.2834645669291276
2019-10-21,sz.002643,12.4000,12.6100,12.2400,12.4100,12.4100,4016425,49852737.7500,3,0.441800,1,0.000000,2.492855,23.391415,4.262645,-207.912015,0,0.0
2019-10-22,sz.002643,12.5500,12.7800,12.4500,12.7000,12.4100,5297450,67117655.0000,3,0.582700,1,2.336800,2.551109,23.938031,4.362256,-212.770555,0,2.3368251410152974
2019-10-23,sz.002643,12.7700,12.7800,12.3600,12.4300,12.7000,4062705,50877436.8500,3,0.446900,1,-2.126000,2.496873,23.429112,4.269515,-208.247086,0,-2.1259842519685046
2019-10-24,sz.002643,12.3500,12.5300,12.2700,12.3300,12.4300,3218302,39737891.9300,3,0.354000,1,-0.804500,2.476785,23.240624,4.235166,-206.571728,0,-0.8045052292839916
2019-10-25,sz.002643,12.5000,12.5000,12.1500,12.3800,12.3300,4286965,52846073.1800,3,0.471500,1,0.405500,2.486829,23.334868,4.252340,-207.409407,0,0.40551500405514584
2019-10-28,sz.002643,12.3500,12.7800,12.3100,12.6900,12.3800,9224414,115951381.5500,3,1.014600,1,2.504000,2.457562,22.862653,4.234181,-228.870832,0,2.504038772213235
2019-10-29,sz.002643,12.6100,13.1600,12.5400,12.9500,12.6900,11362784,147351982.9000,3,1.249800,1,2.048900,2.507914,23.331076,4.320934,-233.560069,0,2.048857368006307
2019-10-30,sz.002643,12.9500,13.2200,12.6800,12.9300,12.9500,10024592,129689649.7500,3,1.102700,1,-0.154400,2.504041,23.295043,4.314261,-233.199358,0,-0.1544401544401497
2019-10-31,sz.002643,12.8800,12.9700,12.6400,12.6600,12.9300,5921059,75630939.0700,3,0.651300,1,-2.088200,2.451752,22.808604,4.224172,-228.329766,0,-2.088167053364265
2019-11-01,sz.002643,12.6800,12.7000,12.3200,12.3800,12.6600,10218702,126708165.4000,3,1.124000,1,-2.211700,2.397527,22.304148,4.130746,-223.279819,0,-2.211690363349128
2019-11-04,sz.002643,12.4600,12.8300,12.3700,12.7900,12.3800,8358428,105895710.0400,3,0.919400,1,3.311800,2.476928,23.042815,4.267548,-230.674385,0,3.3117932148626794
2019-11-05,sz.002643,12.8200,12.9100,12.5800,12.8600,12.7900,7046220,90177591.9500,3,0.775000,1,0.547300,2.490484,23.168929,4.290904,-231.936872,0,0.5473025801407294
2019-11-06,sz.002643,12.7700,13.0500,12.6600,12.7200,12.8600,5784457,74424244.7900,3,0.636300,1,-1.088600,2.463372,22.916701,4.244191,-229.411898,0,-1.0886469673405785
2019-11-07,sz.002643,12.7000,13.1400,12.5200,13.0700,12.7200,9465849,122763124.1200,3,1.041200,1,2.751600,2.531153,23.547271,4.360973,-235.724332,0,2.751572327044016
2019-11-08,sz.002643,13.1600,13.2200,12.8400,12.9800,13.0700,8234400,107019940.8700,3,0.905700,1,-0.688600,2.513724,23.385125,4.330944,-234.101135,0,-0.688599846977811
2019-11-11,sz.002643,12.8300,12.9600,12.6200,12.6700,12.9800,5574987,71195770.6400,3,0.613200,1,-2.388300,2.453689,22.826620,4.227508,-228.510122,0,-2.3882896764252703
2019-11-12,sz.002643,12.7200,12.7600,12.3800,12.5000,12.6700,5291884,66228968.5000,3,0.582100,1,-1.341800,2.420766,22.520343,4.170786,-225.444082,0,-1.3417521704814472
2019-11-13,sz.002643,12.4200,12.5500,12.2900,12.4700,12.5000,4234256,52565323.6200,3,0.465700,1,-0.240000,2.414956,22.466295,4.160776,-224.903016,0,-0.23999999999999577
2019-11-14,sz.002643,12.4900,12.4900,12.3200,12.4200,12.4700,4325524,53585826.8300,3,0.475800,1,-0.401000,2.405273,22.376213,4.144093,-224.001240,0,-0.4009623095429071
2019-11-15,sz.002643,12.4200,12.5700,12.2600,12.3000,12.4200,4811935,59544411.3900,3,0.529300,1,-0.966200,2.382034,22.160018,4.104053,-221.836977,0,-0.9661835748792202
2019-11-18,sz.002643,12.3000,12.4200,11.9400,12.3300,12.3000,8528133,103770660.0200,3,0.938100,1,0.243900,2.387844,22.214067,4.114063,-222.378042,0,0.24390243902439046
2019-11-19,sz.002643,12.2900,12.6300,12.2600,12.5500,12.3300,7052268,88222858.9600,3,0.775700,1,1.784300,2.430449,22.610425,4.187469,-226.345858,0,1.7842660178426728
2019-11-20,sz.002643,12.4600,12.8200,12.4400,12.6500,12.5500,7170659,91003506.8800,3,0.788700,1,0.796800,2.449815,22.790587,4.220835,-228.149411,0,0.7968127490039834
2019-11-21,sz.002643,12.6700,12.8400,12.6100,12.7500,12.6500,4494112,57201592.5500,3,0.494300,1,0.790500,2.469181,22.970750,4.254201,-229.952964,0,0.7905138339920903
2019-11-22,sz.002643,12.7800,12.8800,12.3600,12.8400,12.7500,9005852,114192970.0600,3,0.990600,1,0.705900,2.486611,23.132897,4.284231,-231.576161,0,0.7058823529411784
2019-11-25,sz.002643,12.7000,12.7900,12.1000,12.4800,12.8400,10833796,134158700.0900,3,1.191700,1,-2.803700,2.416893,22.484311,4.164112,-225.083371,0,-2.8037383177570097
2019-11-26,sz.002643,12.3200,12.9700,12.3200,12.8500,12.4800,9054657,115609613.2400,3,0.996000,1,2.964800,2.488548,23.150913,4.287568,-231.756516,0,2.9647435897435903
2019-11-27,sz.002643,12.8000,12.9000,12.6000,12.7400,12.8500,7049773,89977861.6000,3,0.775400,1,-0.856000,2.467245,22.952734,4.250865,-229.772608,0,-0.8560311284046662
2019-11-28,sz.002643,12.7500,12.8300,12.5500,12.7100,12.7400,4600777,58514410.7800,3,0.506100,1,-0.235500,2.461435,22.898685,4.240855,-229.231543,0,-0.23547880690737433
2019-11-29,sz.002643,12.7500,13.1900,12.6900,12.8500,12.7100,11222974,145357299.9800,3,1.234500,1,1.101500,2.488548,23.150913,4.287568,-231.756516,0,1.1014948859165985
2019-12-02,sz.002643,12.7800,12.9800,12.6000,12.8000,12.8500,7155535,91719219.2200,3,0.787100,1,-0.389100,2.478865,23.060832,4.270884,-230.854740,0,-0.38910505836574627
2019-12-03,sz.002643,12.6300,12.6600,12.3400,12.6000,12.8000,8442501,105650882.5300,3,0.928600,1,-1.562500,2.440132,22.700506,4.204152,-227.247635,0,-1.562500000000011
2019-12-04,sz.002643,12.5300,12.7400,12.3900,12.4500,12.6000,6419297,80390725.2400,3,0.706100,1,-1.190500,2.411083,22.430262,4.154102,-224.542306,0,-1.1904761904761973
2019-12-05,sz.002643,12.4500,12.6300,12.3500,12.5200,12.4500,7729678,96529171.8900,3,0.850200,1,0.562300,2.424639,22.556376,4.177459,-225.804793,0,0.5622489959839383
2019-12-06,sz.002643,12.6200,13.1800,12.4700,13.1500,12.5200,17268995,223014417.5000,3,1.899500,1,5.031900,2.546646,23.691401,4.387666,-237.167174,0,5.03194888178915
2019-12-09,sz.002643,13.3000,13.7100,13.1100,13.5900,13.1500,19780534,266347844.3900,3,2.175800,1,3.346000,2.631857,24.484117,4.534478,-245.102806,0,3.3460076045627396
2019-12-10,sz.002643,13.5100,13.9700,13.4700,13.9200,13.5900,18630101,256456161.7200,3,2.049200,1,2.428300,2.695765,25.078654,4.644587,-251.054530,0,2.428256070640167
2019-12-11,sz.002643,14.0800,14.1500,13.7700,13.8800,13.9200,11847443,164815575.1500,3,1.303200,1,-0.287400,2.688019,25.006589,4.631240,-250.333109,0,-0.2873563218390718
2019-12-12,sz.002643,13.8800,14.1000,13.7400,13.9000,13.8800,10568062,147506268.5000,3,1.162400,1,0.144100,2.691892,25.042622,4.637914,-250.693819,0,0.14409221902016434
2019-12-13,sz.002643,13.9600,14.1900,13.7700,13.9600,13.9000,10571630,147700086.8000,3,1.162800,1,0.431700,2.703512,25.150719,4.657933,-251.775951,0,0.4316546762589857
2019-12-16,sz.002643,14.0000,14.7500,13.9500,14.5200,13.9600,21403267,307705305.0700,3,2.354200,1,4.011500,2.811962,26.159631,4.844784,-261.875846,0,4.011461318051568
2019-12-17,sz.002643,14.5900,14.7700,14.3000,14.4600,14.5200,13370762,193454891.6700,3,1.470700,1,-0.413200,2.800342,26.051533,4.824765,-260.793714,0,-0.4132231404958553
2019-12-18,sz.002643,14.4200,14.5800,14.1700,14.2300,14.4600,13855993,199067956.8400,3,1.524100,1,-1.590600,2.755800,25.637159,4.748022,-256.645543,0,-1.5905947441217205
2019-12-19,sz.002643,14.3200,14.5500,14.1400,14.1800,14.2300,9046250,129274191.4000,3,0.995000,1,-0.351400,2.746117,25.547077,4.731339,-255.743767,0,-0.35137034434293835
2019-12-20,sz.002643,14.1900,14.6500,14.1900,14.2000,14.1800,10570150,151916986.8000,3,1.162700,1,0.141000,2.749990,25.583110,4.738012,-256.104477,0,0.14104372355430161
2019-12-23,sz.002643,14.3000,14.7400,13.9800,14.3000,14.2000,13993615,202313493.7200,3,1.539200,1,0.704200,2.769356,25.763273,4.771379,-257.908030,0,0.7042253521126751
2019-12-24,sz.002643,14.3300,15.2800,14.3300,15.2100,14.3000,16272100,241429152.3200,3,1.789800,1,6.363600,2.945588,27.402754,5.075012,-274.320359,0,6.363636363636371
2019-12-25,sz.002643,15.0800,15.4000,14.7400,14.8800,15.2100,18679503,279705885.0700,3,2.054600,1,-2.169600,2.881680,26.808217,4.964903,-268.368635,0,-2.1696252465483234
2019-12-26,sz.002643,14.8800,15.1700,14.7800,14.8200,14.8800,11572779,173083340.9000,3,1.272900,1,-0.403200,2.870060,26.700119,4.944883,-267.286504,0,-0.40322580645161255
2019-12-27,sz.002643,14.9600,15.2000,14.8200,14.9100,14.8200,12166947,182702020.7100,3,1.338300,1,0.607300,2.887490,26.862266,4.974913,-268.909701,0,0.6072874493927127
2019-12-30,sz.002643,14.8100,15.5700,14.7200,15.2000,14.9100,16087066,245139199.4800,3,1.769500,1,1.945000,2.943652,27.384737,5.071675,-274.140004,0,1.9450033534540445
2019-12-31,sz.002643,15.1600,15.5000,15.0300,15.1900,15.2000,13191631,200924328.8000,3,1.451000,1,-0.065800,2.941715,27.366721,5.068339,-273.959648,0,-0.06578947368420796
2020-01-02,sz.002643,15.3000,15.3300,14.7500,15.0300,15.1900,23696672,355632108.1800,3,2.606500,1,-1.053300,2.910729,27.078461,5.014953,-271.073964,0,-1.0533245556286985
2020-01-03,sz.002643,14.9400,15.0700,14.7800,14.9500,15.0300,14284579,213016882.1700,3,1.571200,1,-0.532300,2.895236,26.934331,4.988259,-269.631122,0,-0.5322687957418526
2020-01-06,sz.002643,14.8700,15.4700,14.7300,14.9800,14.9500,15425689,234029863.5900,3,1.696700,1,0.200700,2.901046,26.988379,4.998269,-270.172188,0,0.20066889632108786
2020-01-07,sz.002643,14.9700,15.8000,14.9200,15.5600,14.9800,18194053,282527442.6600,3,2.001300,1,3.871800,3.013370,28.033323,5.191794,-280.632793,0,3.8718291054739673
2020-01-08,sz.002643,15.4300,16.4100,15.2600,15.9700,15.5600,25917080,412137913.4000,3,2.850700,1,2.635000,3.092771,28.771991,5.328596,-288.027359,0,2.634961439588679
2020-01-09,sz.002643,16.0000,16.3200,15.6700,15.9200,15.9700,14038398,223734361.2400,3,1.544200,1,-0.313100,3.083088,28.681909,5.311912,-287.125583,0,-0.3130870381966244
2020-01-10,sz.002643,15.9200,15.9200,15.5000,15.6700,15.9200,12134377,190078610.4700,3,1.334700,1,-1.570400,3.034672,28.231502,5.228497,-282.616701,0,-1.5703517587939753
2020-01-13,sz.002643,15.7700,16.5700,15.7300,16.4600,15.6700,15871532,257763083.0600,3,1.745800,1,5.041500,3.187665,29.654788,5.492090,-296.864767,0,5.041480536056153
2020-01-14,sz.002643,16.5500,16.5500,16.0600,16.2700,16.4600,13515104,219624017.5000,3,1.486600,1,-1.154300,3.150869,29.312479,5.428694,-293.438017,0,-1.1543134872418093
2020-01-15,sz.002643,16.2500,16.3200,15.9700,16.1900,16.2700,7905032,127220566.8500,3,0.869500,1,-0.491700,3.135376,29.168349,5.402001,-291.995175,0,-0.49170251997540104
2020-01-16,sz.002643,16.2400,16.7300,16.1300,16.5100,16.1900,12042003,198511269.3700,3,1.324600,1,1.976500,3.197348,29.744869,5.508774,-297.766544,0,1.9765287214329907
2020-01-17,sz.002643,16.5200,16.6600,16.2000,16.3700,16.5100,7104837,116490071.8600,3,0.781500,1,-0.848000,3.170235,29.492642,5.462061,-295.241570,0,-0.8479709267110835
2020-01-20,sz.002643,16.1300,16.6000,16.1300,16.4500,16.3700,7067067,115904998.9300,3,0.777300,1,0.488700,3.185728,29.636772,5.488754,-296.684412,0,0.4886988393402403
2020-01-21,sz.002643,16.2800,16.4700,16.0600,16.1500,16.4500,10043671,162834684.0700,3,1.104800,1,-1.823700,3.127630,29.096284,5.388655,-291.273754,0,-1.823708206686936
2020-01-22,sz.002643,15.9600,16.5500,15.7700,16.3700,16.1500,8325469,135232549.8700,3,0.915800,1,1.362200,3.170235,29.492642,5.462061,-295.241570,0,1.3622291021671895
2020-01-23,sz.002643,16.3300,16.4400,15.2000,15.5400,16.3700,14589390,230572112.2500,3,1.604800,1,-5.070300,3.009496,27.997291,5.185121,-280.272083,0,-5.070250458155168
2020-02-03,sz.002643,13.9900,14.3100,13.9900,13.9900,15.5400,8314250,116406638.3300,3,0.914500,1,-9.974300,2.709321,25.204768,4.667943,-252.317017,0,-9.974259974259969
2020-02-04,sz.002643,13.9200,15.0500,13.9100,14.8300,13.9900,16034290,235532435.4500,3,1.763700,1,6.004300,2.871997,26.718135,4.948220,-267.466859,0,6.004288777698363
2020-02-05,sz.002643,14.9100,15.2900,14.4000,14.8300,14.8300,18707643,276940425.1400,3,2.057700,1,0.000000,2.871997,26.718135,4.948220,-267.466859,0,0.0
2020-02-06,sz.002643,14.8000,15.2900,14.4400,15.0500,14.8300,14065935,209867763.1900,3,1.547200,1,1.483500,2.914602,27.114493,5.021626,-271.434675,0,1.4834794335805812
2020-02-07,sz.002643,14.8800,15.3900,14.6300,15.1500,15.0500,10928701,163875419.1000,3,1.202100,1,0.664400,2.933969,27.294656,5.054992,-273.238227,0,0.6644518272425293
2020-02-10,sz.002643,15.1000,15.5200,14.9500,15.2100,15.1500,10238967,155981633.7900,3,1.126200,1,0.396000,2.945588,27.402754,5.075012,-274.320359,0,0.3960396039603964
2020-02-11,sz.002643,15.3100,15.3400,14.8000,15.2000,15.2100,10122386,152661293.4100,3,1.113400,1,-0.065700,2.943652,27.384737,5.071675,-274.140004,0,-0.06574621959238858
2020-02-12,sz.002643,15.2000,15.9700,15.1800,15.8000,15.2000,13227875,207430066.6500,3,1.455000,1,3.947400,3.059848,28.465714,5.271873,-284.961320,0,3.9473684210526327
2020-02-13,sz.002643,15.8000,15.8000,15.1000,15.1000,15.8000,16811151,257775596.3500,3,1.849100,1,-4.430400,2.924286,27.204575,5.038309,-272.336451,0,-4.430379746835444
2020-02-14,sz.002643,15.0500,15.6200,15.0500,15.2800,15.1000,10162029,155635039.2800,3,1.117800,1,1.192000,2.959145,27.528868,5.098368,-275.582846,0,1.192052980132452
2020-02-17,sz.002643,15.4500,16.1700,15.3300,16.0700,15.2800,14339420,227703628.1900,3,1.577300,1,5.170200,3.112137,28.952153,5.361962,-289.830912,0,5.170157068062831
2020-02-18,sz.002643,16.0700,16.5400,15.8100,16.4600,16.0700,14013952,226876498.6600,3,1.541500,1,2.426900,3.187665,29.654788,5.492090,-296.864767,0,2.426882389545737
2020-02-19,sz.002643,16.6400,18.1100,16.4900,17.8900,16.4600,30352809,535078877.0500,3,3.338700,1,8.687700,3.187665,29.654788,5.492090,-296.864767,0,8.687727825030379
2020-02-20,sz.002643,17.8800,19.2500,17.7600,18.7200,17.8900,30697234,565734809.9000,3,3.376500,1,4.639500,3.625339,33.726466,6.246168,-337.625057,0,4.639463387367226
2020-02-21,sz.002643,18.9600,20.4000,18.8200,20.0400,18.7200,31842997,626896570.3100,3,3.502600,1,7.051300,3.880972,36.104614,6.686603,-361.431952,0,7.051282051282048
2020-02-24,sz.002643,20.5000,20.5000,19.2700,19.6800,20.0400,30726303,603955632.0000,3,3.379700,1,-1.796400,3.811254,35.456029,6.566485,-354.939163,0,-1.7964071856287345
2020-02-25,sz.002643,19.2000,19.7900,18.1400,19.1200,19.6800,28144337,534113271.3400,3,3.095700,1,-2.845500,3.702804,34.447117,6.379634,-344.839268,0,-2.8455284552845517
2020-02-26,sz.002643,19.0500,19.0500,17.7600,18.0000,19.1200,19089865,351323841.1300,3,2.099800,1,-5.857700,3.485903,32.429294,6.005931,-324.639478,0,-5.857740585774063
2020-02-27,sz.002643,18.2000,18.4500,17.6800,17.9300,18.0000,17460380,316250298.3700,3,1.920600,1,-0.388900,3.472347,32.303180,5.982575,-323.376991,0,-0.38888888888889417
2020-02-28,sz.002643,17.2300,18.1900,17.1000,17.3600,17.9300,20021996,352882510.4800,3,2.202300,1,-3.179000,3.361960,31.199386,5.498938,-313.096741,0,-3.1790295593976614
2020-03-02,sz.002643,17.8700,18.8000,17.6000,18.5500,17.3600,23821962,434908939.5700,3,2.620300,1,6.854800,3.592417,33.338054,5.875881,-334.559018,0,6.854838709677424
2020-03-03,sz.002643,18.9500,19.4700,18.3500,18.6000,18.5500,21391673,405683099.1000,3,2.353000,1,0.269500,3.602100,33.427914,5.891719,-335.460794,0,0.26954177897573484
2020-03-04,sz.002643,18.6000,18.7200,17.7500,18.1500,18.6000,13803136,251104400.9800,3,1.518300,1,-2.419400,3.514952,32.619174,5.749178,-327.344807,0,-2.4193548387096975
2020-03-05,sz.002643,18.4800,18.5000,17.7200,18.0800,18.1500,9521917,171477769.7900,3,1.047400,1,-0.385700,3.501396,32.493370,5.727005,-326.082320,0,-0.38567493112947604
2020-03-06,sz.002643,17.7000,18.2500,17.6100,17.8800,18.0800,7399796,133007126.9900,3,0.813900,1,-1.106200,3.462664,32.133930,5.663653,-322.475215,0,-1.106194690265483
2020-03-09,sz.002643,17.4200,17.7800,16.9500,16.9500,17.8800,12724318,219362464.3900,3,1.399600,1,-5.201300,3.282559,30.462534,5.369067,-305.702175,0,-5.201342281879196
2020-03-10,sz.002643,16.6500,17.7000,16.5500,17.6500,16.9500,12749589,220080587.1100,3,1.402400,1,4.129800,3.418122,31.720574,5.590798,-318.327044,0,4.129793510324475
2020-03-11,sz.002643,17.8000,17.8200,17.0800,17.1000,17.6500,7172954,124446861.8300,3,0.789000,1,-3.116100,3.311608,30.732114,5.416581,-308.407504,0,-3.116147308781858
2020-03-12,sz.002643,16.9000,16.9400,16.2400,16.4500,17.1000,14573475,240513520.4700,3,1.603000,1,-3.801200,3.185728,29.563934,5.210687,-296.684412,0,-3.801169590643283
2020-03-13,sz.002643,15.4500,16.4400,15.4500,16.0400,16.4500,10949649,174106815.6900,3,1.204400,1,-2.492400,3.106327,28.827082,5.080816,-289.289846,0,-2.492401215805473
2020-03-16,sz.002643,16.2100,16.2800,14.4700,14.6300,16.0400,26190943,393999202.1000,3,2.880900,1,-8.790500,2.833265,26.293031,4.634186,-263.859754,0,-8.790523690773055
2020-03-17,sz.002643,14.6200,14.8800,14.0000,14.4500,14.6300,13506494,194207409.9800,3,1.485600,1,-1.230400,2.798406,25.969535,4.577169,-260.613359,0,-1.2303485987696594
2020-03-18,sz.002643,14.6500,15.1500,14.4900,14.5700,14.4500,13321324,198274201.8500,3,1.465300,1,0.830400,2.821645,26.185199,4.615180,-262.777622,0,0.8304498269896321
2020-03-19,sz.002643,14.5500,14.8700,14.0900,14.6400,14.5700,10013486,145289602.4400,3,1.101400,1,0.480400,2.835201,26.311003,4.637353,-264.040109,0,0.48043925875085325
2020-03-20,sz.002643,14.7700,15.1000,14.3300,14.5900,14.6400,10934542,160478130.2400,3,1.202700,1,-0.341500,2.825518,26.221143,4.621515,-263.138333,0,-0.3415300546448119
2020-03-23,sz.002643,14.0000,14.2200,13.1300,13.1500,14.5900,17833642,241378272.4300,3,1.961600,1,-9.869800,2.546646,23.633175,4.165382,-237.167174,0,-9.869773817683337
2020-03-24,sz.002643,13.5400,13.5500,12.4700,13.0000,13.1500,21170183,272975136.3000,3,2.328600,1,-1.140700,2.517597,23.363596,4.117868,-234.461845,0,-1.1406844106463865
2020-03-25,sz.002643,13.4200,13.9500,13.3600,13.8000,13.0000,19418320,266244493.5600,3,2.135900,1,6.153800,2.672526,24.801355,4.371276,-248.890267,0,6.153846153846154
2020-03-26,sz.002643,13.7200,13.8000,13.2400,13.2600,13.8000,12084100,162192837.1600,3,1.329200,1,-3.913000,2.567949,23.830867,4.200226,-239.151082,0,-3.9130434782608803
2020-03-27,sz.002643,13.6200,13.8100,13.1700,13.1700,13.2600,9859642,132563661.6700,3,1.084500,1,-0.678700,2.550519,23.669119,4.171717,-237.527885,0,-0.6787330316742057
2020-03-30,sz.002643,13.0000,13.1000,12.4000,12.8300,13.1700,9402527,119426842.8800,3,1.034200,1,-2.581600,2.484674,23.058072,4.064019,-231.395806,0,-2.581624905087321
2020-03-31,sz.002643,13.1000,13.2600,12.5200,12.6700,12.8300,13289916,170104438.4800,3,1.461800,1,-1.247100,2.453689,22.770520,4.013338,-228.510122,0,-1.247077162899457
2020-04-01,sz.002643,12.6300,13.1800,12.4500,12.8900,12.6700,12693673,164101537.2400,3,1.396200,1,1.736400,2.496294,23.165904,4.083025,-232.477937,0,1.7363851617995252
2020-04-02,sz.002643,12.8300,13.4200,12.7500,13.4200,12.8900,10291611,135174740.2500,3,1.132000,1,4.111700,2.598935,24.118419,4.250907,-242.036766,0,4.111714507370046
2020-04-03,sz.002643,13.3000,13.4900,13.1600,13.2600,13.4200,6901547,91800328.7500,3,0.759100,1,-1.192200,2.567949,23.830867,4.200226,-239.151082,0,-1.1922503725782407
2020-04-07,sz.002643,13.6200,13.7700,13.3600,13.5300,13.2600,9760972,132097448.6700,3,1.073700,1,2.036200,2.620237,24.316111,4.285751,-244.020674,0,2.036199095022617
2020-04-08,sz.002643,13.4600,13.8800,13.3300,13.7200,13.5300,7589178,103488800.4800,3,0.834800,1,1.404300,2.657033,24.657579,4.345935,-247.447424,0,1.4042867701404393
2020-04-09,sz.002643,13.7200,13.8100,13.3700,13.5300,13.7200,9447056,127560676.5000,3,1.039100,1,-1.384800,2.620237,24.316111,4.285751,-244.020674,0,-1.384839650145786
2020-04-10,sz.002643,13.4900,13.5400,12.9600,13.2100,13.5300,11240600,147661619.3000,3,1.236400,1,-2.365100,2.558266,23.741007,4.184388,-238.249306,0,-2.365114560236503
2020-04-13,sz.002643,13.1600,13.3500,12.7500,13.2800,13.2100,7984140,103783357.1400,3,0.878200,1,0.529900,2.571822,23.866811,4.206561,-239.511793,0,0.5299015897047621
2020-04-14,sz.002643,13.2900,13.5700,13.1700,13.5100,13.2800,9013613,120588861.2400,3,0.991500,1,1.731900,2.616364,24.280167,4.279415,-243.659964,0,1.731927710843384
2020-04-15,sz.002643,13.7400,14.1800,13.5500,13.5800,13.5100,14659050,202812041.7200,3,1.612400,1,0.518100,2.629920,24.405971,4.301589,-244.922451,0,0.5181347150259086
2020-04-16,sz.002643,13.5100,13.6800,13.2500,13.4300,13.5800,8612667,115985737.5300,3,0.947300,1,-1.104600,2.600871,24.136391,4.254075,-242.217122,0,-1.1045655375552355
2020-04-17,sz.002643,13.5000,14.5200,13.5000,14.1500,13.4300,18676339,264215904.0900,3,2.054300,1,5.361100,2.740307,25.430375,4.482141,-255.202701,0,5.3611317944899595
2020-04-20,sz.002643,14.5200,14.9600,14.2100,14.6900,14.1500,19486607,283647838.1800,3,2.178800,1,3.816300,2.700304,25.219841,4.642319,344.488410,0,3.816254416961118
2020-04-21,sz.002643,14.6200,15.0500,14.4300,14.8200,14.6900,15805994,233823038.5200,3,1.767200,1,0.885000,2.724201,25.443026,4.683402,347.536980,0,0.8849557522123908
2020-04-22,sz.002643,14.7000,14.9500,14.4200,14.6900,14.8200,11902351,174827324.3500,3,1.330800,1,-0.877200,2.700304,25.219841,4.642319,344.488410,0,-0.8771929824561431
2020-04-23,sz.002643,14.6900,14.9000,14.4200,14.4800,14.6900,8160423,119028789.7300,3,0.912400,1,-1.429500,2.661702,24.859313,4.575955,339.563797,0,-1.4295439074200056
2020-04-24,sz.002643,14.3200,14.5500,14.1800,14.2000,14.4800,6594790,94473003.9000,3,0.737400,1,-1.933700,2.610233,24.378608,4.487470,332.997646,0,-1.9337016574585753
2020-04-27,sz.002643,14.2900,14.4400,13.8600,14.0800,14.2000,7999242,112715432.4000,3,0.894400,1,-0.845100,2.588174,24.172591,4.449548,330.183582,0,-0.8450704225352101
2020-04-28,sz.002643,14.1100,14.6400,13.5500,14.4400,14.0800,11413053,162528060.9300,3,1.276100,1,2.556800,2.654349,24.790640,4.563314,338.625776,0,2.556818181818188
2020-04-29,sz.002643,14.3600,14.8500,14.2900,14.6500,14.4400,13779249,201090648.2200,3,1.540600,1,1.454300,2.692951,25.151169,4.629678,343.550389,0,1.454293628808867
2020-04-30,sz.002643,14.7600,15.5800,14.5800,15.2200,14.6500,16702732,253753754.1400,3,1.867500,1,3.890800,2.797728,26.129747,4.809809,356.917196,0,3.890784982935158
2020-05-06,sz.002643,15.5000,15.5500,14.9600,15.4800,15.2200,14205657,217161428.1300,3,1.588300,1,1.708300,2.845521,26.576116,4.891974,363.014336,0,1.708278580814726
2020-05-07,sz.002643,15.4400,15.9600,15.3000,15.5200,15.4800,12303152,191853148.8800,3,1.375600,1,0.258400,2.852874,26.644788,4.904615,363.952357,0,0.2583979328165231
2020-05-08,sz.002643,15.5800,15.8000,15.4200,15.5900,15.5200,10487918,163726061.6500,3,1.172600,1,0.451000,2.865741,26.764964,4.926736,365.593895,0,0.45103092783504994
2020-05-11,sz.002643,15.7900,15.7900,15.3500,15.5700,15.5900,10372020,161459563.8100,3,1.159700,1,-0.128300,2.862065,26.730628,4.920416,365.124884,0,-0.12828736369466798
2020-05-12,sz.002643,15.5000,15.6600,15.2500,15.4800,15.5700,8823781,136193566.4600,3,0.986600,1,-0.578000,2.845521,26.576116,4.891974,363.014336,0,-0.578034682080919
2020-05-13,sz.002643,15.4800,15.8300,15.3800,15.7200,15.4800,9273456,144958193.3600,3,1.036900,1,1.550400,2.889638,26.988149,4.967819,368.642465,0,1.5503875968992276
2020-05-14,sz.002643,15.5600,15.6300,14.9600,15.0100,15.7200,16410769,249317412.8600,3,1.834900,1,-4.516500,2.759126,25.769218,4.743445,351.992582,0,-4.516539440203571
2020-05-15,sz.002643,15.1300,15.1700,14.9000,15.0000,15.0100,10145414,152681422.0000,3,1.134300,1,-0.066600,2.757288,25.752050,4.740285,351.758077,0,-0.06662225183211579
2020-05-18,sz.002643,15.0000,15.1900,14.6000,14.8700,15.0000,10325376,154141406.7300,3,1.154500,1,-0.866700,2.733392,25.528866,4.699203,348.709507,0,-0.8666666666666711
2020-05-19,sz.002643,15.0000,15.6400,15.0000,15.5700,14.8700,16401410,253420430.2400,3,1.833800,1,4.707500,2.862065,26.730628,4.920416,365.124884,0,4.707464694014796
2020-05-20,sz.002643,15.4800,15.7000,14.8400,15.0000,15.5700,17112664,259867622.3100,3,1.913300,1,-3.660900,2.757288,25.752050,4.740285,351.758077,0,-3.6608863198458574
2020-05-21,sz.002643,14.7000,14.7100,13.6400,13.6600,15.0000,31256987,438874339.4800,3,3.494800,1,-8.933300,2.510970,23.451534,4.316820,320.334356,0,-8.933333333333337
2020-05-22,sz.002643,13.7000,13.9700,13.2800,13.6400,13.6600,18192874,248673537.9700,3,2.034100,1,-0.146400,2.507294,23.417198,4.310499,319.865345,0,-0.14641288433381305
2020-05-25,sz.002643,13.6300,13.6900,13.2700,13.5300,13.6400,10102153,136035988.7200,3,1.129500,1,-0.806500,2.487074,23.228349,4.275737,317.285786,0,-0.8064516129032362
2020-05-26,sz.002643,13.5300,13.9100,13.5200,13.8300,13.5300,8920581,122543537.4800,3,0.997400,1,2.217300,2.542220,23.743390,4.370543,324.320947,0,2.2172949002217335
2020-05-27,sz.002643,13.9200,14.3900,13.6700,14.2500,13.8300,16424516,231771218.6200,3,1.836400,1,3.036900,2.619424,24.464448,4.503271,334.170173,0,3.0368763557483636
2020-05-28,sz.002643,14.2800,14.2800,13.6000,13.9000,14.2500,13440890,186594079.7200,3,1.502800,1,-2.456100,2.555087,23.863567,4.392664,325.962485,0,-2.4561403508771895
2020-05-29,sz.002643,13.8500,15.2900,13.7600,15.2900,13.9000,34434218,509645918.1400,3,3.850000,1,10.000000,2.810596,26.249923,4.831931,358.558733,0,9.999999999999986
2020-06-01,sz.002643,15.5800,16.4700,15.4400,16.2400,15.2900,41713646,665176662.9000,3,4.663900,1,6.213200,2.985224,27.880886,5.132149,380.836745,0,6.21321124918246
2020-06-02,sz.002643,16.0400,16.5700,15.9300,16.5600,16.2400,28090300,455940110.6100,3,3.140700,1,1.970400,3.044046,28.430264,5.233275,388.340917,0,1.9704433497536922
2020-06-03,sz.002643,16.6100,16.8900,16.2000,16.5000,16.5600,25392073,419817151.2900,3,2.839000,1,-0.362300,3.033017,28.327255,5.214314,386.933885,0,-0.36231884057970065
2020-06-04,sz.002643,16.5000,16.7500,16.2300,16.5000,16.5000,26246660,433347279.5700,3,2.934600,1,0.000000,3.033017,28.327255,5.214314,386.933885,0,0.0
2020-06-05,sz.002643,16.5900,17.3600,15.8000,16.3000,16.5000,28863439,473387966.5700,3,3.227200,1,-1.212100,2.996253,27.983895,5.151110,382.243777,0,-1.2121212121212088
2020-06-08,sz.002643,16.3400,16.5800,16.1000,16.2500,16.3000,19398525,316707544.1400,3,2.168900,1,-0.306700,2.987062,27.898055,5.135309,381.071250,0,-0.30674846625767804
2020-06-09,sz.002643,16.2900,16.6500,16.1300,16.3200,16.2500,14369704,234867039.2700,3,1.606700,1,0.430800,2.999929,28.018231,5.157430,382.712788,0,0.43076923076923457
2020-06-10,sz.002643,16.3300,16.3700,15.9200,16.2100,16.3200,16726672,269124664.2100,3,1.870200,1,-0.674000,2.979709,27.829382,5.122668,380.133229,0,-0.6740196078431349
2020-06-11,sz.002643,16.2000,16.3300,15.6300,15.7500,16.2100,17652605,281391206.5800,3,1.973700,1,-2.837700,2.895152,27.039653,4.977299,369.345981,0,-2.8377544725478154
2020-06-12,sz.002643,15.3500,15.6600,15.2800,15.3900,15.7500,16652681,257911556.9100,3,1.861900,1,-2.285700,2.828977,26.421604,4.863533,360.903787,0,-2.28571428571428
2020-06-15,sz.002643,15.4400,15.8100,15.3300,15.3300,15.3900,16925878,262246400.4300,3,1.892500,1,-0.389900,2.817948,26.318595,4.844571,359.496755,0,-0.3898635477582846
2020-06-16,sz.002643,15.5700,15.9500,15.3800,15.8200,15.3300,20716924,326146907.1800,3,2.316300,1,3.196300,2.908020,27.159829,4.999421,370.987519,0,3.1963470319634757
2020-06-17,sz.002643,15.8800,16.5500,15.6600,16.3800,15.8200,24027967,389180155.5800,3,2.686500,1,3.539800,3.010958,28.121239,5.176391,384.119820,0,3.539823008849541
2020-06-18,sz.002643,16.1800,17.0300,16.0900,16.7400,16.1800,26810209,446415275.6500,3,2.997600,1,3.461100,3.077133,28.739288,5.290158,392.562014,0,2.19780219780219
2020-06-19,sz.002643,16.7000,16.8700,16.5700,16.6700,16.7400,16306952,272484035.8300,3,1.823300,1,-0.418200,3.064266,28.619112,5.268037,390.920476,0,-0.418160095579434
2020-06-22,sz.002643,16.6800,16.7500,16.4100,16.5000,16.6700,18154507,300464832.9100,3,2.029800,1,-1.019800,3.033017,28.327255,5.214314,386.933885,0,-1.0197960407918538
2020-06-23,sz.002643,16.5900,16.9100,16.3600,16.7600,16.5000,15121343,252461188.9200,3,1.690700,1,1.575800,3.080810,28.773624,5.296479,393.031025,0,1.575757575757586
2020-06-24,sz.002643,16.3000,16.8200,16.2000,16.5900,16.7600,16128652,267074965.2900,3,1.803300,1,-1.014300,3.049561,28.481768,5.242755,389.044433,0,-1.0143198090692196
2020-06-29,sz.002643,16.6000,17.3200,16.5000,17.0500,16.5900,20360502,346295906.6000,3,2.276500,1,2.772700,3.134117,29.271497,5.388124,399.831681,0,2.772754671488853
2020-06-30,sz.002643,17.2500,17.3000,16.9100,17.1700,17.0500,15727355,269110933.8300,3,1.758500,1,0.703800,3.156176,29.477514,5.426046,402.645746,0,0.7038123167155463
2020-07-01,sz.002643,17.1200,17.5100,16.6100,16.8000,17.1700,18019613,305978862.8000,3,2.014700,1,-2.154900,3.088163,28.842296,5.309119,393.969046,0,-2.154921374490393
2020-07-02,sz.002643,16.8600,17.4900,16.6600,17.3000,16.8000,19964841,343521565.7600,3,2.232200,1,2.976200,3.180072,29.700698,5.467129,405.694316,0,2.9761904761904656
2020-07-03,sz.002643,17.4500,17.4500,16.8800,17.0700,17.3000,18329207,312657478.6600,3,2.049400,1,-1.329500,3.137794,29.305833,5.394444,400.300692,0,-1.3294797687861348
2020-07-06,sz.002643,17.2300,17.8000,16.9400,17.6800,17.0700,23841673,415954070.4000,3,2.665700,1,3.573500,3.249923,30.353083,5.587216,414.605520,0,3.5735207967193983
2020-07-07,sz.002643,17.6700,18.3500,17.5500,17.8300,17.6800,25237978,452538478.7200,3,2.821800,1,0.848400,3.277496,30.610604,5.634619,418.123101,0,0.8484162895927572
2020-07-08,sz.002643,17.8500,18.1200,17.6300,17.9700,17.8300,15978280,285638766.3300,3,1.786500,1,0.785200,3.303231,30.850956,5.678862,421.406176,0,0.7851934941110583
2020-07-09,sz.002643,17.8500,18.7700,17.7600,18.5300,17.9700,21984566,402432115.1100,3,2.458100,1,3.116300,3.406170,31.812366,5.855832,434.538478,0,3.116304952698945
2020-07-10,sz.002643,18.3900,19.4400,18.2000,19.2500,18.5300,28372619,537125342.1300,3,3.172300,1,3.885600,3.538520,33.048465,6.083366,451.422866,0,3.8855909336211525
2020-07-13,sz.002643,19.3000,19.8500,18.8200,19.5400,19.2500,28350359,546890351.9700,3,3.169800,1,1.506500,3.591827,33.546338,6.175011,458.223522,0,1.5064935064935003
2020-07-14,sz.002643,19.3000,19.8700,18.1500,18.7000,19.5400,30827297,584072427.9400,3,3.446800,1,-4.298900,3.437419,32.104223,5.909555,438.525069,0,-4.298874104401229
2020-07-15,sz.002643,18.7100,19.0900,18.1000,18.7000,18.7000,20628114,384551676.9600,3,2.306400,1,0.000000,3.437419,32.104223,5.909555,438.525069,0,0.0
2020-07-16,sz.002643,18.6000,18.8800,17.9600,18.0100,18.7000,19948538,367441405.9000,3,2.230400,1,-3.689800,3.310584,30.919628,5.691502,422.344198,0,-3.6898395721924993
2020-07-17,sz.002643,18.1000,18.1800,17.0000,17.3700,18.0100,21628704,378606722.8800,3,2.418300,1,-3.553600,3.192940,29.820874,5.489250,407.335853,0,-3.5535813436979535
2020-07-20,sz.002643,17.5000,18.1100,17.0200,17.9500,17.3700,15843530,280315605.5700,3,1.771400,1,3.339100,3.299555,30.816620,5.672541,420.937166,0,3.3390903857225096
2020-07-21,sz.002643,17.9400,18.6600,17.8800,18.2100,17.9500,15015728,276142997.9200,3,1.678900,1,1.448500,3.347348,31.262989,5.754706,427.034306,0,1.4484679665738298
